file_path,betweenness,pagerank,degree,repo_name
.circleci\fetch_doc_logs.py,0.0,0.0006,0,matplotlib/matplotlib
ci\check_version_number.py,0.0,0.0006,1,matplotlib/matplotlib
ci\check_wheel_licenses.py,0.0,0.0006,0,matplotlib/matplotlib
ci\export_sdist_name.py,0.0,0.0006,0,matplotlib/matplotlib
doc\conf.py,0.0,0.0006,3,matplotlib/matplotlib
lib\pylab.py,0.0,0.0006,1,matplotlib/matplotlib
src\agg_workaround.h,0.0,0.0006,0,matplotlib/matplotlib
src\array.h,0.0,0.0006,0,matplotlib/matplotlib
src\checkdep_freetype2.c,0.0,0.0006,0,matplotlib/matplotlib
src\ft2font.cpp,0.0,0.001657,5,matplotlib/matplotlib
src\ft2font.h,0.0,0.0006,0,matplotlib/matplotlib
src\ft2font_wrapper.cpp,0.0,0.0006,0,matplotlib/matplotlib
src\mplutils.h,0.0,0.0006,0,matplotlib/matplotlib
src\path_converters.h,0.0,0.0006,0,matplotlib/matplotlib
src\py_adaptors.h,0.0,0.0006,0,matplotlib/matplotlib
src\py_converters.cpp,0.0,0.0006,0,matplotlib/matplotlib
src\py_converters.h,0.0,0.0006,0,matplotlib/matplotlib
src\_backend_agg.cpp,0.0,0.0006,0,matplotlib/matplotlib
src\_backend_agg.h,0.0,0.0006,0,matplotlib/matplotlib
src\_backend_agg_basic_types.h,0.0,0.0006,0,matplotlib/matplotlib
src\_backend_agg_wrapper.cpp,0.0,0.0006,0,matplotlib/matplotlib
src\_c_internal_utils.cpp,0.0,0.0006,0,matplotlib/matplotlib
src\_image_resample.h,0.0,0.0006,0,matplotlib/matplotlib
src\_image_wrapper.cpp,0.0,0.0006,0,matplotlib/matplotlib
src\_path.h,0.0,0.0006,0,matplotlib/matplotlib
src\_path_wrapper.cpp,0.0,0.0006,0,matplotlib/matplotlib
src\_qhull_wrapper.cpp,0.0,0.0006,0,matplotlib/matplotlib
src\_tkagg.cpp,0.0,0.000836,1,matplotlib/matplotlib
src\_tkmini.h,0.0,0.0006,0,matplotlib/matplotlib
tools\autoclose_prs.py,0.0,0.0006,1,matplotlib/matplotlib
tools\boilerplate.py,0.0,0.0006,3,matplotlib/matplotlib
tools\cache_zenodo_svg.py,0.0,0.0006,0,matplotlib/matplotlib
tools\check_typehints.py,0.0,0.0006,0,matplotlib/matplotlib
tools\generate_matplotlibrc.py,0.0,0.0006,0,matplotlib/matplotlib
tools\gh_api.py,0.0,0.00111,1,matplotlib/matplotlib
tools\github_stats.py,0.0,0.0006,1,matplotlib/matplotlib
tools\make_icons.py,0.0,0.0006,0,matplotlib/matplotlib
tools\memleak.py,0.0,0.0006,3,matplotlib/matplotlib
tools\run_clang_tidy.py,0.0,0.0006,0,matplotlib/matplotlib
tools\run_examples.py,0.0,0.0006,0,matplotlib/matplotlib
tools\stubtest.py,0.0,0.0006,0,matplotlib/matplotlib
tools\subset.py,0.0,0.0006,0,matplotlib/matplotlib
tools\triage_tests.py,0.0,0.0006,1,matplotlib/matplotlib
tools\visualize_tests.py,0.0,0.0006,1,matplotlib/matplotlib
src\tri\_tri.cpp,0.0,0.0006,0,matplotlib/matplotlib
src\tri\_tri.h,0.0,0.0006,0,matplotlib/matplotlib
src\tri\_tri_wrapper.cpp,0.0,0.0006,0,matplotlib/matplotlib
lib\matplotlib\animation.py,1.9e-05,0.000855,5,matplotlib/matplotlib
lib\matplotlib\artist.py,0.002322,0.011084,33,matplotlib/matplotlib
lib\matplotlib\axis.py,0.001432,0.002656,15,matplotlib/matplotlib
lib\matplotlib\backend_bases.py,0.012705,0.012883,40,matplotlib/matplotlib
lib\matplotlib\backend_managers.py,0.0,0.001513,2,matplotlib/matplotlib
lib\matplotlib\backend_tools.py,0.0,0.000892,4,matplotlib/matplotlib
lib\matplotlib\bezier.py,0.0,0.006261,4,matplotlib/matplotlib
lib\matplotlib\category.py,0.0,0.000708,3,matplotlib/matplotlib
lib\matplotlib\cbook.py,0.000618,0.01012,19,matplotlib/matplotlib
lib\matplotlib\cm.py,0.004469,0.017835,10,matplotlib/matplotlib
lib\matplotlib\collections.py,0.01077,0.045804,43,matplotlib/matplotlib
lib\matplotlib\colorbar.py,0.00065,0.001994,9,matplotlib/matplotlib
lib\matplotlib\colorizer.py,0.0,0.004585,6,matplotlib/matplotlib
lib\matplotlib\colors.py,0.001776,0.027811,25,matplotlib/matplotlib
lib\matplotlib\container.py,1e-06,0.00218,6,matplotlib/matplotlib
lib\matplotlib\contour.py,0.000967,0.002147,16,matplotlib/matplotlib
lib\matplotlib\dates.py,1.1e-05,0.002101,11,matplotlib/matplotlib
lib\matplotlib\dviread.py,0.0,0.000745,3,matplotlib/matplotlib
lib\matplotlib\figure.py,0.009407,0.004237,29,matplotlib/matplotlib
lib\matplotlib\font_manager.py,0.002561,0.002952,20,matplotlib/matplotlib
lib\matplotlib\gridspec.py,8.8e-05,0.003347,11,matplotlib/matplotlib
lib\matplotlib\hatch.py,0.0,0.005116,3,matplotlib/matplotlib
lib\matplotlib\image.py,0.000636,0.002488,14,matplotlib/matplotlib
lib\matplotlib\inset.py,0.0,0.000708,3,matplotlib/matplotlib
lib\matplotlib\layout_engine.py,0.002985,0.001702,5,matplotlib/matplotlib
lib\matplotlib\legend.py,0.000775,0.002102,16,matplotlib/matplotlib
lib\matplotlib\legend_handler.py,5e-06,0.000728,5,matplotlib/matplotlib
lib\matplotlib\lines.py,0.001623,0.00433,24,matplotlib/matplotlib
lib\matplotlib\markers.py,0.001041,0.002007,10,matplotlib/matplotlib
lib\matplotlib\mathtext.py,0.002938,0.000845,6,matplotlib/matplotlib
lib\matplotlib\mlab.py,0.0,0.002101,4,matplotlib/matplotlib
lib\matplotlib\offsetbox.py,0.000211,0.001391,13,matplotlib/matplotlib
lib\matplotlib\patches.py,0.002701,0.009435,44,matplotlib/matplotlib
lib\matplotlib\path.py,0.001922,0.026553,40,matplotlib/matplotlib
lib\matplotlib\patheffects.py,0.002383,0.015782,8,matplotlib/matplotlib
lib\matplotlib\pylab.py,0.000338,0.00111,6,matplotlib/matplotlib
lib\matplotlib\pyplot.py,0.045027,0.041078,116,matplotlib/matplotlib
lib\matplotlib\quiver.py,1.7e-05,0.001912,8,matplotlib/matplotlib
lib\matplotlib\rcsetup.py,0.008695,0.017481,12,matplotlib/matplotlib
lib\matplotlib\sankey.py,0.0,0.0006,5,matplotlib/matplotlib
lib\matplotlib\scale.py,2.6e-05,0.002225,6,matplotlib/matplotlib
lib\matplotlib\spines.py,5.4e-05,0.001213,10,matplotlib/matplotlib
lib\matplotlib\stackplot.py,0.0,0.000708,2,matplotlib/matplotlib
lib\matplotlib\streamplot.py,0.0,0.000708,5,matplotlib/matplotlib
lib\matplotlib\table.py,3e-06,0.000816,8,matplotlib/matplotlib
lib\matplotlib\texmanager.py,0.0,0.001669,4,matplotlib/matplotlib
lib\matplotlib\text.py,0.00726,0.003974,25,matplotlib/matplotlib
lib\matplotlib\textpath.py,0.003793,0.000938,9,matplotlib/matplotlib
lib\matplotlib\ticker.py,0.000347,0.004673,14,matplotlib/matplotlib
lib\matplotlib\transforms.py,0.001153,0.020769,54,matplotlib/matplotlib
lib\matplotlib\typing.py,0.003525,0.004974,14,matplotlib/matplotlib
lib\matplotlib\units.py,0.00036,0.002034,7,matplotlib/matplotlib
lib\matplotlib\widgets.py,1.5e-05,0.001804,5,matplotlib/matplotlib
lib\matplotlib\_afm.py,2.7e-05,0.000724,5,matplotlib/matplotlib
lib\matplotlib\_animation_data.py,0.0,0.000782,1,matplotlib/matplotlib
lib\matplotlib\_blocking_input.py,0.0,0.0006,0,matplotlib/matplotlib
lib\matplotlib\_cm.py,0.0,0.002767,1,matplotlib/matplotlib
lib\matplotlib\_cm_bivar.py,2e-06,0.002767,2,matplotlib/matplotlib
lib\matplotlib\_cm_listed.py,2e-06,0.002767,2,matplotlib/matplotlib
lib\matplotlib\_cm_multivar.py,2e-06,0.002767,3,matplotlib/matplotlib
lib\matplotlib\_color_data.py,0.0,0.008483,1,matplotlib/matplotlib
lib\matplotlib\_constrained_layout.py,0.000999,0.001083,4,matplotlib/matplotlib
lib\matplotlib\_docstring.py,0.0,0.0006,1,matplotlib/matplotlib
lib\matplotlib\_enums.py,0.015905,0.018949,9,matplotlib/matplotlib
lib\matplotlib\_fontconfig_pattern.py,0.0,0.003086,2,matplotlib/matplotlib
lib\matplotlib\_internal_utils.py,0.0,0.0006,1,matplotlib/matplotlib
lib\matplotlib\_layoutgrid.py,9.7e-05,0.001034,5,matplotlib/matplotlib
lib\matplotlib\_mathtext.py,0.001973,0.00078,7,matplotlib/matplotlib
lib\matplotlib\_mathtext_data.py,1.2e-05,0.000972,5,matplotlib/matplotlib
lib\matplotlib\_pylab_helpers.py,2.7e-05,0.003572,14,matplotlib/matplotlib
lib\matplotlib\_style_helpers.py,0.0,0.0006,4,matplotlib/matplotlib
lib\matplotlib\_text_helpers.py,0.0,0.0006,2,matplotlib/matplotlib
lib\matplotlib\_tight_bbox.py,2e-06,0.000835,2,matplotlib/matplotlib
lib\matplotlib\_tight_layout.py,0.000194,0.001083,4,matplotlib/matplotlib
lib\matplotlib\_type1font.py,0.0,0.0006,2,matplotlib/matplotlib
lib\matplotlib\__init__.py,0.023009,0.130814,142,matplotlib/matplotlib
lib\mpl_toolkits\axes_grid1\anchored_artists.py,2e-06,0.000685,5,matplotlib/matplotlib
lib\mpl_toolkits\axes_grid1\axes_divider.py,0.000454,0.001801,7,matplotlib/matplotlib
lib\mpl_toolkits\axes_grid1\axes_grid.py,5.8e-05,0.000855,5,matplotlib/matplotlib
lib\mpl_toolkits\axes_grid1\axes_rgb.py,0.0,0.0006,2,matplotlib/matplotlib
lib\mpl_toolkits\axes_grid1\axes_size.py,0.0,0.0006,2,matplotlib/matplotlib
lib\mpl_toolkits\axes_grid1\inset_locator.py,0.0,0.0006,6,matplotlib/matplotlib
lib\mpl_toolkits\axes_grid1\mpl_axes.py,0.00065,0.001272,6,matplotlib/matplotlib
lib\mpl_toolkits\axes_grid1\parasite_axes.py,0.000985,0.001382,10,matplotlib/matplotlib
lib\mpl_toolkits\axes_grid1\__init__.py,9.3e-05,0.000898,5,matplotlib/matplotlib
lib\mpl_toolkits\axisartist\angle_helper.py,0.0,0.0006,2,matplotlib/matplotlib
lib\mpl_toolkits\axisartist\axes_divider.py,0.0,0.0006,1,matplotlib/matplotlib
lib\mpl_toolkits\axisartist\axislines.py,0.000386,0.001057,10,matplotlib/matplotlib
lib\mpl_toolkits\axisartist\axisline_style.py,5e-06,0.000815,6,matplotlib/matplotlib
lib\mpl_toolkits\axisartist\axis_artist.py,0.00043,0.001015,14,matplotlib/matplotlib
lib\mpl_toolkits\axisartist\floating_axes.py,1.9e-05,0.000702,8,matplotlib/matplotlib
lib\mpl_toolkits\axisartist\grid_finder.py,0.000152,0.00104,5,matplotlib/matplotlib
lib\mpl_toolkits\axisartist\grid_helper_curvelinear.py,1.5e-05,0.000702,7,matplotlib/matplotlib
lib\mpl_toolkits\axisartist\parasite_axes.py,0.0,0.0006,2,matplotlib/matplotlib
lib\mpl_toolkits\axisartist\__init__.py,0.0,0.0006,5,matplotlib/matplotlib
lib\mpl_toolkits\mplot3d\art3d.py,0.0,0.0006,3,matplotlib/matplotlib
lib\mpl_toolkits\mplot3d\axes3d.py,0.000795,0.001843,13,matplotlib/matplotlib
lib\mpl_toolkits\mplot3d\axis3d.py,0.0,0.0006,1,matplotlib/matplotlib
lib\mpl_toolkits\mplot3d\proj3d.py,0.0,0.0006,1,matplotlib/matplotlib
lib\mpl_toolkits\mplot3d\__init__.py,0.001455,0.001462,3,matplotlib/matplotlib
lib\matplotlib\axes\_axes.py,0.015215,0.003673,30,matplotlib/matplotlib
lib\matplotlib\axes\_base.py,0.002022,0.002163,21,matplotlib/matplotlib
lib\matplotlib\axes\_secondary_axes.py,1.3e-05,0.000708,6,matplotlib/matplotlib
lib\matplotlib\axes\__init__.py,0.015875,0.003615,12,matplotlib/matplotlib
lib\matplotlib\backends\backend_agg.py,0.001223,0.001708,15,matplotlib/matplotlib
lib\matplotlib\backends\backend_cairo.py,0.001152,0.001935,11,matplotlib/matplotlib
lib\matplotlib\backends\backend_gtk3.py,0.000496,0.001365,5,matplotlib/matplotlib
lib\matplotlib\backends\backend_gtk3agg.py,0.0,0.0006,1,matplotlib/matplotlib
lib\matplotlib\backends\backend_gtk3cairo.py,0.0,0.0006,2,matplotlib/matplotlib
lib\matplotlib\backends\backend_gtk4.py,0.000496,0.001365,5,matplotlib/matplotlib
lib\matplotlib\backends\backend_gtk4agg.py,0.0,0.0006,1,matplotlib/matplotlib
lib\matplotlib\backends\backend_gtk4cairo.py,0.0,0.0006,2,matplotlib/matplotlib
lib\matplotlib\backends\backend_macosx.py,0.0,0.0006,4,matplotlib/matplotlib
lib\matplotlib\backends\backend_mixed.py,9.2e-05,0.000828,7,matplotlib/matplotlib
lib\matplotlib\backends\backend_nbagg.py,0.0,0.0006,4,matplotlib/matplotlib
lib\matplotlib\backends\backend_pdf.py,1.7e-05,0.000657,12,matplotlib/matplotlib
lib\matplotlib\backends\backend_pgf.py,0.0,0.0006,9,matplotlib/matplotlib
lib\matplotlib\backends\backend_ps.py,0.0,0.0006,9,matplotlib/matplotlib
lib\matplotlib\backends\backend_qt.py,0.000811,0.001661,8,matplotlib/matplotlib
lib\matplotlib\backends\backend_qt5.py,0.0,0.0006,1,matplotlib/matplotlib
lib\matplotlib\backends\backend_qt5agg.py,0.0,0.0006,1,matplotlib/matplotlib
lib\matplotlib\backends\backend_qt5cairo.py,0.0,0.0006,1,matplotlib/matplotlib
lib\matplotlib\backends\backend_qtagg.py,0.000361,0.00111,5,matplotlib/matplotlib
lib\matplotlib\backends\backend_qtcairo.py,0.000358,0.00111,4,matplotlib/matplotlib
lib\matplotlib\backends\backend_svg.py,0.0,0.0006,8,matplotlib/matplotlib
lib\matplotlib\backends\backend_template.py,0.0,0.0006,4,matplotlib/matplotlib
lib\matplotlib\backends\backend_tkagg.py,0.0,0.0006,2,matplotlib/matplotlib
lib\matplotlib\backends\backend_tkcairo.py,0.0,0.0006,2,matplotlib/matplotlib
lib\matplotlib\backends\backend_webagg.py,0.0,0.0006,4,matplotlib/matplotlib
lib\matplotlib\backends\backend_webagg_core.py,0.000285,0.000855,6,matplotlib/matplotlib
lib\matplotlib\backends\backend_wx.py,0.000268,0.00111,7,matplotlib/matplotlib
lib\matplotlib\backends\backend_wxagg.py,0.0,0.0006,2,matplotlib/matplotlib
lib\matplotlib\backends\backend_wxcairo.py,0.0,0.0006,2,matplotlib/matplotlib
lib\matplotlib\backends\qt_compat.py,0.000426,0.002386,7,matplotlib/matplotlib
lib\matplotlib\backends\registry.py,0.00033,0.005219,3,matplotlib/matplotlib
lib\matplotlib\backends\_backend_gtk.py,3.4e-05,0.001374,6,matplotlib/matplotlib
lib\matplotlib\backends\_backend_pdf_ps.py,0.0,0.0006,7,matplotlib/matplotlib
lib\matplotlib\backends\_backend_tk.py,0.000259,0.00111,6,matplotlib/matplotlib
lib\matplotlib\backends\__init__.py,0.000454,0.004359,7,matplotlib/matplotlib
lib\matplotlib\projections\geo.py,0.000237,0.001207,9,matplotlib/matplotlib
lib\matplotlib\projections\polar.py,0.000992,0.001425,11,matplotlib/matplotlib
lib\matplotlib\projections\__init__.py,0.004574,0.002142,5,matplotlib/matplotlib
lib\matplotlib\sphinxext\figmpl_directive.py,0.0,0.0006,1,matplotlib/matplotlib
lib\matplotlib\sphinxext\mathmpl.py,0.0,0.0006,2,matplotlib/matplotlib
lib\matplotlib\sphinxext\plot_directive.py,0.0,0.0006,4,matplotlib/matplotlib
lib\matplotlib\sphinxext\roles.py,0.0,0.0006,1,matplotlib/matplotlib
lib\matplotlib\sphinxext\__init__.py,0.0,0.0006,0,matplotlib/matplotlib
lib\matplotlib\style\core.py,0.0,0.01649,1,matplotlib/matplotlib
lib\matplotlib\style\__init__.py,0.0,0.016576,3,matplotlib/matplotlib
lib\matplotlib\testing\compare.py,4e-06,0.000855,4,matplotlib/matplotlib
lib\matplotlib\testing\conftest.py,0.0,0.0006,5,matplotlib/matplotlib
lib\matplotlib\testing\decorators.py,2.3e-05,0.000702,8,matplotlib/matplotlib
lib\matplotlib\testing\exceptions.py,0.0,0.001049,2,matplotlib/matplotlib
lib\matplotlib\testing\widgets.py,0.0,0.0006,3,matplotlib/matplotlib
lib\matplotlib\testing\_markers.py,0.0,0.0006,3,matplotlib/matplotlib
lib\matplotlib\testing\__init__.py,0.0,0.000957,4,matplotlib/matplotlib
lib\matplotlib\tri\_triangulation.py,0.000176,0.001843,8,matplotlib/matplotlib
lib\matplotlib\tri\_tricontour.py,0.000363,0.00083,4,matplotlib/matplotlib
lib\matplotlib\tri\_trifinder.py,0.000177,0.00184,5,matplotlib/matplotlib
lib\matplotlib\tri\_triinterpolate.py,8.5e-05,0.001065,6,matplotlib/matplotlib
lib\matplotlib\tri\_tripcolor.py,2.5e-05,0.00083,4,matplotlib/matplotlib
lib\matplotlib\tri\_triplot.py,0.000369,0.00083,5,matplotlib/matplotlib
lib\matplotlib\tri\_trirefine.py,9e-06,0.00083,4,matplotlib/matplotlib
lib\matplotlib\tri\_tritools.py,9e-06,0.001057,4,matplotlib/matplotlib
lib\matplotlib\tri\__init__.py,0.007931,0.002165,12,matplotlib/matplotlib
lib\matplotlib\_api\deprecation.py,0.0,0.059497,2,matplotlib/matplotlib
lib\matplotlib\_api\__init__.py,0.000998,0.069529,7,matplotlib/matplotlib
lib\matplotlib\testing\jpl_units\Duration.py,2.1e-05,0.000768,3,matplotlib/matplotlib
lib\matplotlib\testing\jpl_units\Epoch.py,2.7e-05,0.000768,4,matplotlib/matplotlib
lib\matplotlib\testing\jpl_units\EpochConverter.py,2.7e-05,0.000768,4,matplotlib/matplotlib
lib\matplotlib\testing\jpl_units\StrConverter.py,0.0,0.000768,2,matplotlib/matplotlib
lib\matplotlib\testing\jpl_units\UnitDbl.py,2.1e-05,0.000768,2,matplotlib/matplotlib
lib\matplotlib\testing\jpl_units\UnitDblConverter.py,0.000534,0.000768,4,matplotlib/matplotlib
lib\matplotlib\testing\jpl_units\UnitDblFormatter.py,1.6e-05,0.000768,2,matplotlib/matplotlib
lib\matplotlib\testing\jpl_units\__init__.py,0.000442,0.001579,12,matplotlib/matplotlib
lib\matplotlib\backends\qt_editor\figureoptions.py,4.7e-05,0.000882,5,matplotlib/matplotlib
lib\matplotlib\backends\qt_editor\_formlayout.py,0.0,0.0006,2,matplotlib/matplotlib
lib\matplotlib\backends\qt_editor\__init__.py,0.0,0.000788,1,matplotlib/matplotlib
lib\matplotlib\backends\web_backend\.eslintrc.js,0.0,0.0006,0,matplotlib/matplotlib
lib\matplotlib\backends\web_backend\js\mpl.js,0.0,0.0006,0,matplotlib/matplotlib
lib\matplotlib\backends\web_backend\js\mpl_tornado.js,0.0,0.0006,0,matplotlib/matplotlib
lib\matplotlib\backends\web_backend\js\nbagg_mpl.js,0.0,0.0006,0,matplotlib/matplotlib
galleries\tutorials\artists.py,0.0,0.0006,2,matplotlib/matplotlib
galleries\tutorials\coding_shortcuts.py,0.0,0.0006,1,matplotlib/matplotlib
galleries\tutorials\images.py,0.0,0.0006,1,matplotlib/matplotlib
galleries\tutorials\lifecycle.py,0.0,0.0006,1,matplotlib/matplotlib
galleries\tutorials\pyplot.py,0.0,0.0006,1,matplotlib/matplotlib
galleries\users_explain\configuration.py,0.0,0.0006,0,matplotlib/matplotlib
galleries\users_explain\customizing.py,0.0,0.0006,2,matplotlib/matplotlib
galleries\users_explain\quick_start.py,0.0,0.0006,3,matplotlib/matplotlib
galleries\users_explain\animations\animations.py,0.0,0.0006,2,matplotlib/matplotlib
galleries\users_explain\animations\blitting.py,0.0,0.0006,1,matplotlib/matplotlib
galleries\users_explain\artists\color_cycle.py,0.0,0.0006,1,matplotlib/matplotlib
galleries\users_explain\artists\imshow_extent.py,0.0,0.0006,2,matplotlib/matplotlib
galleries\users_explain\artists\patheffects_guide.py,0.0,0.0006,2,matplotlib/matplotlib
galleries\users_explain\artists\paths.py,0.0,0.0006,3,matplotlib/matplotlib
galleries\users_explain\artists\transforms_tutorial.py,0.0,0.0006,3,matplotlib/matplotlib
galleries\users_explain\axes\arranging_axes.py,0.0,0.0006,1,matplotlib/matplotlib
galleries\users_explain\axes\autoscale.py,0.0,0.0006,1,matplotlib/matplotlib
galleries\users_explain\axes\axes_scales.py,0.0,0.0006,3,matplotlib/matplotlib
galleries\users_explain\axes\axes_ticks.py,0.0,0.0006,2,matplotlib/matplotlib
galleries\users_explain\axes\axes_units.py,0.0,0.0006,3,matplotlib/matplotlib
galleries\users_explain\axes\colorbar_placement.py,0.0,0.0006,1,matplotlib/matplotlib
galleries\users_explain\axes\constrainedlayout_guide.py,0.0,0.0006,4,matplotlib/matplotlib
galleries\users_explain\axes\legend_guide.py,0.0,0.0006,4,matplotlib/matplotlib
galleries\users_explain\axes\mosaic.py,0.0,0.0006,1,matplotlib/matplotlib
galleries\users_explain\axes\tight_layout_guide.py,0.0,0.0006,3,matplotlib/matplotlib
galleries\users_explain\colors\blend_groups.py,0.0,0.0006,3,matplotlib/matplotlib
galleries\users_explain\colors\blend_modes.py,0.0,0.0006,2,matplotlib/matplotlib
galleries\users_explain\colors\colorbar_only.py,0.0,0.0006,2,matplotlib/matplotlib
galleries\users_explain\colors\colormap-manipulation.py,0.0,0.0006,3,matplotlib/matplotlib
galleries\users_explain\colors\colormapnorms.py,0.0,0.0006,3,matplotlib/matplotlib
galleries\users_explain\colors\colormaps.py,0.0,0.0006,2,matplotlib/matplotlib
galleries\users_explain\colors\colors.py,0.0,0.0006,4,matplotlib/matplotlib
galleries\users_explain\text\annotations.py,0.0,0.0006,6,matplotlib/matplotlib
galleries\users_explain\text\fonts.py,0.0,0.0006,0,matplotlib/matplotlib
galleries\users_explain\text\mathtext.py,0.0,0.0006,1,matplotlib/matplotlib
galleries\users_explain\text\pgf.py,0.0,0.0006,0,matplotlib/matplotlib
galleries\users_explain\text\text_intro.py,0.0,0.0006,4,matplotlib/matplotlib
galleries\users_explain\text\text_props.py,0.0,0.0006,2,matplotlib/matplotlib
galleries\users_explain\text\usetex.py,0.0,0.0006,0,matplotlib/matplotlib
galleries\plot_types\3D\bar3d_simple.py,0.0,0.0006,1,matplotlib/matplotlib
galleries\plot_types\3D\fill_between3d_simple.py,0.0,0.0006,1,matplotlib/matplotlib
galleries\plot_types\3D\plot3d_simple.py,0.0,0.0006,1,matplotlib/matplotlib
galleries\plot_types\3D\quiver3d_simple.py,0.0,0.0006,1,matplotlib/matplotlib
galleries\plot_types\3D\scatter3d_simple.py,0.0,0.0006,1,matplotlib/matplotlib
galleries\plot_types\3D\stem3d.py,0.0,0.0006,1,matplotlib/matplotlib
galleries\plot_types\3D\surface3d_simple.py,0.0,0.0006,1,matplotlib/matplotlib
galleries\plot_types\3D\trisurf3d_simple.py,0.0,0.0006,1,matplotlib/matplotlib
galleries\plot_types\3D\voxels_simple.py,0.0,0.0006,1,matplotlib/matplotlib
galleries\plot_types\3D\wire3d_simple.py,0.0,0.0006,2,matplotlib/matplotlib
galleries\plot_types\arrays\barbs.py,0.0,0.0006,1,matplotlib/matplotlib
galleries\plot_types\arrays\contour.py,0.0,0.0006,1,matplotlib/matplotlib
galleries\plot_types\arrays\contourf.py,0.0,0.0006,1,matplotlib/matplotlib
galleries\plot_types\arrays\imshow.py,0.0,0.0006,1,matplotlib/matplotlib
galleries\plot_types\arrays\pcolormesh.py,0.0,0.0006,1,matplotlib/matplotlib
galleries\plot_types\arrays\quiver.py,0.0,0.0006,1,matplotlib/matplotlib
galleries\plot_types\arrays\streamplot.py,0.0,0.0006,1,matplotlib/matplotlib
galleries\plot_types\basic\bar.py,0.0,0.0006,1,matplotlib/matplotlib
galleries\plot_types\basic\fill_between.py,0.0,0.0006,1,matplotlib/matplotlib
galleries\plot_types\basic\plot.py,0.0,0.0006,1,matplotlib/matplotlib
galleries\plot_types\basic\scatter_plot.py,0.0,0.0006,1,matplotlib/matplotlib
galleries\plot_types\basic\stackplot.py,0.0,0.0006,1,matplotlib/matplotlib
galleries\plot_types\basic\stairs.py,0.0,0.0006,1,matplotlib/matplotlib
galleries\plot_types\basic\stem.py,0.0,0.0006,1,matplotlib/matplotlib
galleries\plot_types\stats\boxplot_plot.py,0.0,0.0006,1,matplotlib/matplotlib
galleries\plot_types\stats\ecdf.py,0.0,0.0006,1,matplotlib/matplotlib
galleries\plot_types\stats\errorbar_plot.py,0.0,0.0006,1,matplotlib/matplotlib
galleries\plot_types\stats\eventplot.py,0.0,0.0006,1,matplotlib/matplotlib
galleries\plot_types\stats\hexbin.py,0.0,0.0006,1,matplotlib/matplotlib
galleries\plot_types\stats\hist2d.py,0.0,0.0006,1,matplotlib/matplotlib
galleries\plot_types\stats\hist_plot.py,0.0,0.0006,1,matplotlib/matplotlib
galleries\plot_types\stats\pie.py,0.0,0.0006,1,matplotlib/matplotlib
galleries\plot_types\stats\violin.py,0.0,0.0006,1,matplotlib/matplotlib
galleries\plot_types\unstructured\tricontour.py,0.0,0.0006,1,matplotlib/matplotlib
galleries\plot_types\unstructured\tricontourf.py,0.0,0.0006,1,matplotlib/matplotlib
galleries\plot_types\unstructured\tripcolor.py,0.0,0.0006,1,matplotlib/matplotlib
galleries\plot_types\unstructured\triplot.py,0.0,0.0006,1,matplotlib/matplotlib
extern\agg24-svn\include\agg_alpha_mask_u8.h,0.0,0.0006,0,matplotlib/matplotlib
extern\agg24-svn\include\agg_arc.h,0.0,0.0006,0,matplotlib/matplotlib
extern\agg24-svn\include\agg_array.h,0.0,0.0006,0,matplotlib/matplotlib
extern\agg24-svn\include\agg_arrowhead.h,0.0,0.0006,0,matplotlib/matplotlib
extern\agg24-svn\include\agg_basics.h,0.0,0.0006,0,matplotlib/matplotlib
extern\agg24-svn\include\agg_bezier_arc.h,0.0,0.0006,0,matplotlib/matplotlib
extern\agg24-svn\include\agg_bitset_iterator.h,0.0,0.0006,0,matplotlib/matplotlib
extern\agg24-svn\include\agg_blur.h,0.0,0.0006,0,matplotlib/matplotlib
extern\agg24-svn\include\agg_bounding_rect.h,0.0,0.0006,0,matplotlib/matplotlib
extern\agg24-svn\include\agg_bspline.h,0.0,0.0006,0,matplotlib/matplotlib
extern\agg24-svn\include\agg_clip_liang_barsky.h,0.0,0.0006,0,matplotlib/matplotlib
extern\agg24-svn\include\agg_color_gray.h,0.0,0.0006,0,matplotlib/matplotlib
extern\agg24-svn\include\agg_color_rgba.h,0.0,0.0006,0,matplotlib/matplotlib
extern\agg24-svn\include\agg_config.h,0.0,0.0006,0,matplotlib/matplotlib
extern\agg24-svn\include\agg_conv_adaptor_vcgen.h,0.0,0.0006,0,matplotlib/matplotlib
extern\agg24-svn\include\agg_conv_adaptor_vpgen.h,0.0,0.0006,0,matplotlib/matplotlib
extern\agg24-svn\include\agg_conv_bspline.h,0.0,0.0006,0,matplotlib/matplotlib
extern\agg24-svn\include\agg_conv_clip_polygon.h,0.0,0.0006,0,matplotlib/matplotlib
extern\agg24-svn\include\agg_conv_clip_polyline.h,0.0,0.0006,0,matplotlib/matplotlib
extern\agg24-svn\include\agg_conv_close_polygon.h,0.0,0.0006,0,matplotlib/matplotlib
extern\agg24-svn\include\agg_conv_concat.h,0.0,0.0006,0,matplotlib/matplotlib
extern\agg24-svn\include\agg_conv_contour.h,0.0,0.0006,0,matplotlib/matplotlib
extern\agg24-svn\include\agg_conv_curve.h,0.0,0.0006,0,matplotlib/matplotlib
extern\agg24-svn\include\agg_conv_dash.h,0.0,0.0006,0,matplotlib/matplotlib
extern\agg24-svn\include\agg_conv_gpc.h,0.0,0.0006,0,matplotlib/matplotlib
extern\agg24-svn\include\agg_conv_marker.h,0.0,0.0006,0,matplotlib/matplotlib
extern\agg24-svn\include\agg_conv_marker_adaptor.h,0.0,0.0006,0,matplotlib/matplotlib
extern\agg24-svn\include\agg_conv_segmentator.h,0.0,0.0006,0,matplotlib/matplotlib
extern\agg24-svn\include\agg_conv_shorten_path.h,0.0,0.0006,0,matplotlib/matplotlib
extern\agg24-svn\include\agg_conv_smooth_poly1.h,0.0,0.0006,0,matplotlib/matplotlib
extern\agg24-svn\include\agg_conv_stroke.h,0.0,0.0006,0,matplotlib/matplotlib
extern\agg24-svn\include\agg_conv_transform.h,0.0,0.0006,0,matplotlib/matplotlib
extern\agg24-svn\include\agg_conv_unclose_polygon.h,0.0,0.0006,0,matplotlib/matplotlib
extern\agg24-svn\include\agg_curves.h,0.0,0.0006,0,matplotlib/matplotlib
extern\agg24-svn\include\agg_dda_line.h,0.0,0.0006,0,matplotlib/matplotlib
extern\agg24-svn\include\agg_ellipse.h,0.0,0.0006,0,matplotlib/matplotlib
extern\agg24-svn\include\agg_ellipse_bresenham.h,0.0,0.0006,0,matplotlib/matplotlib
extern\agg24-svn\include\agg_embedded_raster_fonts.h,0.0,0.0006,0,matplotlib/matplotlib
extern\agg24-svn\include\agg_font_cache_manager.h,0.0,0.0006,0,matplotlib/matplotlib
extern\agg24-svn\include\agg_font_cache_manager2.h,0.0,0.0006,0,matplotlib/matplotlib
extern\agg24-svn\include\agg_gamma_functions.h,0.0,0.0006,0,matplotlib/matplotlib
extern\agg24-svn\include\agg_gamma_lut.h,0.0,0.0006,0,matplotlib/matplotlib
extern\agg24-svn\include\agg_glyph_raster_bin.h,0.0,0.0006,0,matplotlib/matplotlib
extern\agg24-svn\include\agg_gradient_lut.h,0.0,0.0006,0,matplotlib/matplotlib
extern\agg24-svn\include\agg_gsv_text.h,0.0,0.0006,0,matplotlib/matplotlib
extern\agg24-svn\include\agg_image_accessors.h,0.0,0.0006,0,matplotlib/matplotlib
extern\agg24-svn\include\agg_image_filters.h,0.0,0.0006,0,matplotlib/matplotlib
extern\agg24-svn\include\agg_line_aa_basics.h,0.0,0.0006,0,matplotlib/matplotlib
extern\agg24-svn\include\agg_math.h,0.0,0.0006,0,matplotlib/matplotlib
extern\agg24-svn\include\agg_math_stroke.h,0.0,0.0006,0,matplotlib/matplotlib
extern\agg24-svn\include\agg_path_length.h,0.0,0.0006,0,matplotlib/matplotlib
extern\agg24-svn\include\agg_path_storage.h,0.0,0.0006,0,matplotlib/matplotlib
extern\agg24-svn\include\agg_path_storage_integer.h,0.0,0.0006,0,matplotlib/matplotlib
extern\agg24-svn\include\agg_pattern_filters_rgba.h,0.0,0.0006,0,matplotlib/matplotlib
extern\agg24-svn\include\agg_pixfmt_amask_adaptor.h,0.0,0.0006,0,matplotlib/matplotlib
extern\agg24-svn\include\agg_pixfmt_base.h,0.0,0.0006,0,matplotlib/matplotlib
extern\agg24-svn\include\agg_pixfmt_gray.h,0.0,0.0006,0,matplotlib/matplotlib
extern\agg24-svn\include\agg_pixfmt_rgb.h,0.0,0.0006,0,matplotlib/matplotlib
extern\agg24-svn\include\agg_pixfmt_rgba.h,0.0,0.0006,0,matplotlib/matplotlib
extern\agg24-svn\include\agg_pixfmt_rgb_packed.h,0.0,0.0006,0,matplotlib/matplotlib
extern\agg24-svn\include\agg_pixfmt_transposer.h,0.0,0.0006,0,matplotlib/matplotlib
extern\agg24-svn\include\agg_rasterizer_cells_aa.h,0.0,0.0006,0,matplotlib/matplotlib
extern\agg24-svn\include\agg_rasterizer_compound_aa.h,0.0,0.0006,0,matplotlib/matplotlib
extern\agg24-svn\include\agg_rasterizer_outline.h,0.0,0.0006,0,matplotlib/matplotlib
extern\agg24-svn\include\agg_rasterizer_outline_aa.h,0.0,0.0006,0,matplotlib/matplotlib
extern\agg24-svn\include\agg_rasterizer_scanline_aa.h,0.0,0.0006,0,matplotlib/matplotlib
extern\agg24-svn\include\agg_rasterizer_scanline_aa_nogamma.h,0.0,0.0006,0,matplotlib/matplotlib
extern\agg24-svn\include\agg_rasterizer_sl_clip.h,0.0,0.0006,0,matplotlib/matplotlib
extern\agg24-svn\include\agg_renderer_base.h,0.0,0.0006,0,matplotlib/matplotlib
extern\agg24-svn\include\agg_renderer_markers.h,0.0,0.0006,0,matplotlib/matplotlib
extern\agg24-svn\include\agg_renderer_mclip.h,0.0,0.0006,0,matplotlib/matplotlib
extern\agg24-svn\include\agg_renderer_outline_aa.h,0.0,0.0006,0,matplotlib/matplotlib
extern\agg24-svn\include\agg_renderer_outline_image.h,0.0,0.0006,0,matplotlib/matplotlib
extern\agg24-svn\include\agg_renderer_primitives.h,0.0,0.0006,0,matplotlib/matplotlib
extern\agg24-svn\include\agg_renderer_raster_text.h,0.0,0.0006,0,matplotlib/matplotlib
extern\agg24-svn\include\agg_renderer_scanline.h,0.0,0.0006,0,matplotlib/matplotlib
extern\agg24-svn\include\agg_rendering_buffer.h,0.0,0.0006,0,matplotlib/matplotlib
extern\agg24-svn\include\agg_rendering_buffer_dynarow.h,0.0,0.0006,0,matplotlib/matplotlib
extern\agg24-svn\include\agg_rounded_rect.h,0.0,0.0006,0,matplotlib/matplotlib
extern\agg24-svn\include\agg_scanline_bin.h,0.0,0.0006,0,matplotlib/matplotlib
extern\agg24-svn\include\agg_scanline_boolean_algebra.h,0.0,0.0006,0,matplotlib/matplotlib
extern\agg24-svn\include\agg_scanline_p.h,0.0,0.0006,0,matplotlib/matplotlib
extern\agg24-svn\include\agg_scanline_storage_aa.h,0.0,0.0006,0,matplotlib/matplotlib
extern\agg24-svn\include\agg_scanline_storage_bin.h,0.0,0.0006,0,matplotlib/matplotlib
extern\agg24-svn\include\agg_scanline_u.h,0.0,0.0006,0,matplotlib/matplotlib
extern\agg24-svn\include\agg_shorten_path.h,0.0,0.0006,0,matplotlib/matplotlib
extern\agg24-svn\include\agg_simul_eq.h,0.0,0.0006,0,matplotlib/matplotlib
extern\agg24-svn\include\agg_span_allocator.h,0.0,0.0006,0,matplotlib/matplotlib
extern\agg24-svn\include\agg_span_converter.h,0.0,0.0006,0,matplotlib/matplotlib
extern\agg24-svn\include\agg_span_gouraud.h,0.0,0.0006,0,matplotlib/matplotlib
extern\agg24-svn\include\agg_span_gouraud_gray.h,0.0,0.0006,0,matplotlib/matplotlib
extern\agg24-svn\include\agg_span_gouraud_rgba.h,0.0,0.0006,0,matplotlib/matplotlib
extern\agg24-svn\include\agg_span_gradient.h,0.0,0.0006,0,matplotlib/matplotlib
extern\agg24-svn\include\agg_span_gradient_alpha.h,0.0,0.0006,0,matplotlib/matplotlib
extern\agg24-svn\include\agg_span_gradient_contour.h,0.0,0.0006,0,matplotlib/matplotlib
extern\agg24-svn\include\agg_span_gradient_image.h,0.0,0.0006,0,matplotlib/matplotlib
extern\agg24-svn\include\agg_span_image_filter.h,0.0,0.0006,0,matplotlib/matplotlib
extern\agg24-svn\include\agg_span_image_filter_gray.h,0.0,0.0006,0,matplotlib/matplotlib
extern\agg24-svn\include\agg_span_image_filter_rgb.h,0.0,0.0006,0,matplotlib/matplotlib
extern\agg24-svn\include\agg_span_image_filter_rgba.h,0.0,0.0006,0,matplotlib/matplotlib
extern\agg24-svn\include\agg_span_interpolator_adaptor.h,0.0,0.0006,0,matplotlib/matplotlib
extern\agg24-svn\include\agg_span_interpolator_linear.h,0.0,0.0006,0,matplotlib/matplotlib
extern\agg24-svn\include\agg_span_interpolator_persp.h,0.0,0.0006,0,matplotlib/matplotlib
extern\agg24-svn\include\agg_span_interpolator_trans.h,0.0,0.0006,0,matplotlib/matplotlib
extern\agg24-svn\include\agg_span_pattern_gray.h,0.0,0.0006,0,matplotlib/matplotlib
extern\agg24-svn\include\agg_span_pattern_rgb.h,0.0,0.0006,0,matplotlib/matplotlib
extern\agg24-svn\include\agg_span_pattern_rgba.h,0.0,0.0006,0,matplotlib/matplotlib
extern\agg24-svn\include\agg_span_solid.h,0.0,0.0006,0,matplotlib/matplotlib
extern\agg24-svn\include\agg_span_subdiv_adaptor.h,0.0,0.0006,0,matplotlib/matplotlib
extern\agg24-svn\include\agg_trans_affine.h,0.0,0.0006,0,matplotlib/matplotlib
extern\agg24-svn\include\agg_trans_bilinear.h,0.0,0.0006,0,matplotlib/matplotlib
extern\agg24-svn\include\agg_trans_double_path.h,0.0,0.0006,0,matplotlib/matplotlib
extern\agg24-svn\include\agg_trans_perspective.h,0.0,0.0006,0,matplotlib/matplotlib
extern\agg24-svn\include\agg_trans_single_path.h,0.0,0.0006,0,matplotlib/matplotlib
extern\agg24-svn\include\agg_trans_viewport.h,0.0,0.0006,0,matplotlib/matplotlib
extern\agg24-svn\include\agg_trans_warp_magnifier.h,0.0,0.0006,0,matplotlib/matplotlib
extern\agg24-svn\include\agg_vcgen_bspline.h,0.0,0.0006,0,matplotlib/matplotlib
extern\agg24-svn\include\agg_vcgen_contour.h,0.0,0.0006,0,matplotlib/matplotlib
extern\agg24-svn\include\agg_vcgen_dash.h,0.0,0.0006,0,matplotlib/matplotlib
extern\agg24-svn\include\agg_vcgen_markers_term.h,0.0,0.0006,0,matplotlib/matplotlib
extern\agg24-svn\include\agg_vcgen_smooth_poly1.h,0.0,0.0006,0,matplotlib/matplotlib
extern\agg24-svn\include\agg_vcgen_stroke.h,0.0,0.0006,0,matplotlib/matplotlib
extern\agg24-svn\include\agg_vcgen_vertex_sequence.h,0.0,0.0006,0,matplotlib/matplotlib
extern\agg24-svn\include\agg_vertex_sequence.h,0.0,0.0006,0,matplotlib/matplotlib
extern\agg24-svn\include\agg_vpgen_clip_polygon.h,0.0,0.0006,0,matplotlib/matplotlib
extern\agg24-svn\include\agg_vpgen_clip_polyline.h,0.0,0.0006,0,matplotlib/matplotlib
extern\agg24-svn\include\agg_vpgen_segmentator.h,0.0,0.0006,0,matplotlib/matplotlib
extern\agg24-svn\src\agg_arc.cpp,0.0,0.0006,0,matplotlib/matplotlib
extern\agg24-svn\src\agg_arrowhead.cpp,0.0,0.0006,0,matplotlib/matplotlib
extern\agg24-svn\src\agg_bezier_arc.cpp,0.0,0.0006,0,matplotlib/matplotlib
extern\agg24-svn\src\agg_bspline.cpp,0.0,0.0006,0,matplotlib/matplotlib
extern\agg24-svn\src\agg_color_rgba.cpp,0.0,0.0006,0,matplotlib/matplotlib
extern\agg24-svn\src\agg_curves.cpp,0.0,0.0006,0,matplotlib/matplotlib
extern\agg24-svn\src\agg_embedded_raster_fonts.cpp,0.0,0.0006,0,matplotlib/matplotlib
extern\agg24-svn\src\agg_gsv_text.cpp,0.0,0.0006,0,matplotlib/matplotlib
extern\agg24-svn\src\agg_image_filters.cpp,0.0,0.0006,0,matplotlib/matplotlib
extern\agg24-svn\src\agg_line_aa_basics.cpp,0.0,0.0006,0,matplotlib/matplotlib
extern\agg24-svn\src\agg_line_profile_aa.cpp,0.0,0.0006,0,matplotlib/matplotlib
extern\agg24-svn\src\agg_rounded_rect.cpp,0.0,0.0006,0,matplotlib/matplotlib
extern\agg24-svn\src\agg_sqrt_tables.cpp,0.0,0.0006,0,matplotlib/matplotlib
extern\agg24-svn\src\agg_trans_affine.cpp,0.0,0.0006,0,matplotlib/matplotlib
extern\agg24-svn\src\agg_trans_double_path.cpp,0.0,0.0006,0,matplotlib/matplotlib
extern\agg24-svn\src\agg_trans_single_path.cpp,0.0,0.0006,0,matplotlib/matplotlib
extern\agg24-svn\src\agg_trans_warp_magnifier.cpp,0.0,0.0006,0,matplotlib/matplotlib
extern\agg24-svn\src\agg_vcgen_bspline.cpp,0.0,0.0006,0,matplotlib/matplotlib
extern\agg24-svn\src\agg_vcgen_contour.cpp,0.0,0.0006,0,matplotlib/matplotlib
extern\agg24-svn\src\agg_vcgen_dash.cpp,0.0,0.0006,0,matplotlib/matplotlib
extern\agg24-svn\src\agg_vcgen_markers_term.cpp,0.0,0.0006,0,matplotlib/matplotlib
extern\agg24-svn\src\agg_vcgen_smooth_poly1.cpp,0.0,0.0006,0,matplotlib/matplotlib
extern\agg24-svn\src\agg_vcgen_stroke.cpp,0.0,0.0006,0,matplotlib/matplotlib
extern\agg24-svn\src\agg_vpgen_clip_polygon.cpp,0.0,0.0006,0,matplotlib/matplotlib
extern\agg24-svn\src\agg_vpgen_clip_polyline.cpp,0.0,0.0006,0,matplotlib/matplotlib
extern\agg24-svn\src\agg_vpgen_segmentator.cpp,0.0,0.0006,0,matplotlib/matplotlib
extern\agg24-svn\src\ctrl\agg_bezier_ctrl.cpp,0.0,0.0006,0,matplotlib/matplotlib
extern\agg24-svn\src\ctrl\agg_cbox_ctrl.cpp,0.0,0.0006,0,matplotlib/matplotlib
extern\agg24-svn\src\ctrl\agg_gamma_ctrl.cpp,0.0,0.0006,0,matplotlib/matplotlib
extern\agg24-svn\src\ctrl\agg_gamma_spline.cpp,0.0,0.0006,0,matplotlib/matplotlib
extern\agg24-svn\src\ctrl\agg_polygon_ctrl.cpp,0.0,0.0006,0,matplotlib/matplotlib
extern\agg24-svn\src\ctrl\agg_rbox_ctrl.cpp,0.0,0.0006,0,matplotlib/matplotlib
extern\agg24-svn\src\ctrl\agg_scale_ctrl.cpp,0.0,0.0006,0,matplotlib/matplotlib
extern\agg24-svn\src\ctrl\agg_slider_ctrl.cpp,0.0,0.0006,0,matplotlib/matplotlib
extern\agg24-svn\src\ctrl\agg_spline_ctrl.cpp,0.0,0.0006,0,matplotlib/matplotlib
extern\agg24-svn\src\platform\AmigaOS\agg_platform_support.cpp,0.0,0.0006,0,matplotlib/matplotlib
extern\agg24-svn\src\platform\BeOS\agg_platform_support.cpp,0.0,0.0006,0,matplotlib/matplotlib
extern\agg24-svn\src\platform\mac\agg_mac_pmap.cpp,0.0,0.0006,0,matplotlib/matplotlib
extern\agg24-svn\src\platform\mac\agg_platform_support.cpp,0.0,0.0006,0,matplotlib/matplotlib
extern\agg24-svn\src\platform\sdl\agg_platform_support.cpp,0.0,0.0006,0,matplotlib/matplotlib
extern\agg24-svn\src\platform\win32\agg_platform_support.cpp,0.0,0.0006,0,matplotlib/matplotlib
extern\agg24-svn\src\platform\win32\agg_win32_bmp.cpp,0.0,0.0006,0,matplotlib/matplotlib
extern\agg24-svn\src\platform\X11\agg_platform_support.cpp,0.0,0.0006,0,matplotlib/matplotlib
extern\agg24-svn\include\ctrl\agg_bezier_ctrl.h,0.0,0.0006,0,matplotlib/matplotlib
extern\agg24-svn\include\ctrl\agg_cbox_ctrl.h,0.0,0.0006,0,matplotlib/matplotlib
extern\agg24-svn\include\ctrl\agg_ctrl.h,0.0,0.0006,0,matplotlib/matplotlib
extern\agg24-svn\include\ctrl\agg_gamma_ctrl.h,0.0,0.0006,0,matplotlib/matplotlib
extern\agg24-svn\include\ctrl\agg_gamma_spline.h,0.0,0.0006,0,matplotlib/matplotlib
extern\agg24-svn\include\ctrl\agg_polygon_ctrl.h,0.0,0.0006,0,matplotlib/matplotlib
extern\agg24-svn\include\ctrl\agg_rbox_ctrl.h,0.0,0.0006,0,matplotlib/matplotlib
extern\agg24-svn\include\ctrl\agg_scale_ctrl.h,0.0,0.0006,0,matplotlib/matplotlib
extern\agg24-svn\include\ctrl\agg_slider_ctrl.h,0.0,0.0006,0,matplotlib/matplotlib
extern\agg24-svn\include\ctrl\agg_spline_ctrl.h,0.0,0.0006,0,matplotlib/matplotlib
extern\agg24-svn\include\platform\agg_platform_support.h,0.0,0.0006,0,matplotlib/matplotlib
extern\agg24-svn\include\util\agg_color_conv.h,0.0,0.0006,0,matplotlib/matplotlib
extern\agg24-svn\include\util\agg_color_conv_rgb16.h,0.0,0.0006,0,matplotlib/matplotlib
extern\agg24-svn\include\util\agg_color_conv_rgb8.h,0.0,0.0006,0,matplotlib/matplotlib
extern\agg24-svn\include\platform\mac\agg_mac_pmap.h,0.0,0.0006,0,matplotlib/matplotlib
extern\agg24-svn\include\platform\win32\agg_win32_bmp.h,0.0,0.0006,0,matplotlib/matplotlib
doc\project\generate_credits.py,0.0,0.0006,1,matplotlib/matplotlib
doc\sphinxext\gallery_order.py,0.0,0.00077,1,matplotlib/matplotlib
doc\sphinxext\github.py,0.0,0.00111,1,matplotlib/matplotlib
doc\sphinxext\math_symbol_table.py,0.0,0.0006,1,matplotlib/matplotlib
doc\sphinxext\missing_references.py,0.0,0.0006,2,matplotlib/matplotlib
doc\sphinxext\mock_gui_toolkits.py,0.0,0.0006,0,matplotlib/matplotlib
doc\sphinxext\rcparams.py,0.0,0.0006,2,matplotlib/matplotlib
doc\sphinxext\redirect_from.py,0.0,0.0006,0,matplotlib/matplotlib
doc\sphinxext\util.py,0.0,0.00077,1,matplotlib/matplotlib
doc\sphinxext\__init__.py,0.0,0.0006,0,matplotlib/matplotlib
doc\_embedded_plots\axes_margins.py,0.0,0.0006,1,matplotlib/matplotlib
doc\_embedded_plots\figure_subplots_adjust.py,0.0,0.0006,1,matplotlib/matplotlib
doc\_embedded_plots\grouped_bar.py,0.0,0.0006,1,matplotlib/matplotlib
doc\_embedded_plots\hatch_classes.py,0.0,0.0006,2,matplotlib/matplotlib
ci\schemas\vendor_schemas.py,0.0,0.0006,0,matplotlib/matplotlib
generate_pxi.py,0.0,0.000536,0,pandas-dev/pandas
generate_version.py,0.0,0.000536,0,pandas-dev/pandas
ci\import_pandas_check.py,0.0,0.000536,1,pandas-dev/pandas
doc\make.py,0.0,0.000536,1,pandas-dev/pandas
pandas\conftest.py,0.0,0.000536,10,pandas-dev/pandas
pandas\testing.py,0.0,0.000536,1,pandas-dev/pandas
pandas\_typing.py,0.139337,0.03005,191,pandas-dev/pandas
pandas\__init__.py,0.142436,0.037836,192,pandas-dev/pandas
scripts\check_for_inconsistent_pandas_namespace.py,0.0,0.000536,1,pandas-dev/pandas
scripts\check_test_imports.py,0.0,0.000536,1,pandas-dev/pandas
scripts\check_test_naming.py,0.0,0.000536,1,pandas-dev/pandas
scripts\generate_pip_deps_from_conda.py,0.0,0.000627,1,pandas-dev/pandas
scripts\pandas_errors_documented.py,0.0,0.000536,1,pandas-dev/pandas
scripts\run_vulture.py,0.0,0.000536,0,pandas-dev/pandas
scripts\sort_whatsnew_note.py,0.0,0.000536,1,pandas-dev/pandas
scripts\validate_exception_location.py,0.0,0.000536,1,pandas-dev/pandas
scripts\validate_min_versions_in_sync.py,0.0,0.000536,5,pandas-dev/pandas
scripts\validate_rst_title_capitalization.py,0.0,0.000536,1,pandas-dev/pandas
scripts\validate_test_dependencies.py,0.0,0.000536,1,pandas-dev/pandas
scripts\validate_unwanted_patterns.py,0.0,0.000536,1,pandas-dev/pandas
scripts\__init__.py,0.0,0.000536,0,pandas-dev/pandas
web\pandas_web.py,0.0,0.000536,2,pandas-dev/pandas
scripts\issue_assignment\client.py,0.000331,0.000915,6,pandas-dev/pandas
scripts\issue_assignment\core.py,0.001507,0.001364,4,pandas-dev/pandas
scripts\issue_assignment\gate.py,0.0,0.000536,3,pandas-dev/pandas
scripts\issue_assignment\label_awaiting_review.py,0.0,0.000536,4,pandas-dev/pandas
scripts\issue_assignment\messages.py,0.0,0.000536,1,pandas-dev/pandas
scripts\issue_assignment\unassign_inactive.py,0.0,0.000536,4,pandas-dev/pandas
scripts\issue_assignment\__init__.py,0.0,0.000915,3,pandas-dev/pandas
pandas\api\internals.py,0.0,0.000536,5,pandas-dev/pandas
pandas\api\__init__.py,0.0,0.000536,0,pandas-dev/pandas
pandas\arrays\__init__.py,0.000503,0.002392,8,pandas-dev/pandas
pandas\compat\pickle_compat.py,9e-06,0.000556,9,pandas-dev/pandas
pandas\compat\pyarrow.py,0.001875,0.005094,42,pandas-dev/pandas
pandas\compat\_constants.py,0.0,0.001651,5,pandas-dev/pandas
pandas\compat\_cpu.py,0.0,0.000592,1,pandas-dev/pandas
pandas\compat\_optional.py,0.001304,0.006601,49,pandas-dev/pandas
pandas\compat\__init__.py,0.002542,0.005003,26,pandas-dev/pandas
pandas\core\accessor.py,0.000733,0.001194,15,pandas-dev/pandas
pandas\core\algorithms.py,0.005703,0.003448,48,pandas-dev/pandas
pandas\core\api.py,0.032176,0.003159,31,pandas-dev/pandas
pandas\core\apply.py,0.005949,0.001805,31,pandas-dev/pandas
pandas\core\arraylike.py,0.001244,0.000981,17,pandas-dev/pandas
pandas\core\base.py,0.002099,0.004142,36,pandas-dev/pandas
pandas\core\col.py,0.001841,0.012674,7,pandas-dev/pandas
pandas\core\common.py,0.002417,0.003319,51,pandas-dev/pandas
pandas\core\config_init.py,0.008144,0.002833,10,pandas-dev/pandas
pandas\core\construction.py,0.002857,0.004492,64,pandas-dev/pandas
pandas\core\flags.py,0.000206,0.000769,5,pandas-dev/pandas
pandas\core\frame.py,0.061614,0.003687,84,pandas-dev/pandas
pandas\core\generic.py,0.033935,0.006812,66,pandas-dev/pandas
pandas\core\indexing.py,0.000544,0.000824,27,pandas-dev/pandas
pandas\core\missing.py,7.8e-05,0.000967,16,pandas-dev/pandas
pandas\core\nanops.py,5.4e-05,0.000716,12,pandas-dev/pandas
pandas\core\resample.py,0.031585,0.011839,33,pandas-dev/pandas
pandas\core\roperator.py,3.7e-05,0.000742,3,pandas-dev/pandas
pandas\core\sample.py,0.0,0.000536,6,pandas-dev/pandas
pandas\core\series.py,0.018669,0.003365,62,pandas-dev/pandas
pandas\core\sorting.py,0.000258,0.001651,26,pandas-dev/pandas
pandas\core\__init__.py,0.0,0.003563,37,pandas-dev/pandas
pandas\errors\cow.py,0.0,0.0008,4,pandas-dev/pandas
pandas\errors\__init__.py,0.000997,0.014812,96,pandas-dev/pandas
pandas\io\api.py,0.048963,0.002833,17,pandas-dev/pandas
pandas\io\clipboards.py,0.003497,0.000686,13,pandas-dev/pandas
pandas\io\common.py,0.000759,0.003798,34,pandas-dev/pandas
pandas\io\feather_format.py,0.000692,0.000734,13,pandas-dev/pandas
pandas\io\html.py,0.000228,0.000686,16,pandas-dev/pandas
pandas\io\iceberg.py,5.1e-05,0.000734,7,pandas-dev/pandas
pandas\io\orc.py,0.000252,0.000734,14,pandas-dev/pandas
pandas\io\parquet.py,0.000721,0.000734,18,pandas-dev/pandas
pandas\io\pickle.py,0.000495,0.000871,9,pandas-dev/pandas
pandas\io\pytables.py,0.005051,0.000686,29,pandas-dev/pandas
pandas\io\spss.py,7.7e-05,0.000686,10,pandas-dev/pandas
pandas\io\sql.py,0.000489,0.000686,25,pandas-dev/pandas
pandas\io\stata.py,0.020341,0.010236,21,pandas-dev/pandas
pandas\io\xml.py,0.000153,0.000736,14,pandas-dev/pandas
pandas\io\_util.py,0.000592,0.001602,23,pandas-dev/pandas
pandas\io\__init__.py,0.000355,0.003076,19,pandas-dev/pandas
pandas\plotting\_core.py,0.002889,0.001583,15,pandas-dev/pandas
pandas\plotting\_misc.py,0.000267,0.001047,6,pandas-dev/pandas
pandas\plotting\__init__.py,0.002514,0.001202,8,pandas-dev/pandas
pandas\tseries\api.py,0.000748,0.002833,4,pandas-dev/pandas
pandas\tseries\frequencies.py,0.005866,0.002578,27,pandas-dev/pandas
pandas\tseries\holiday.py,0.000424,0.002085,9,pandas-dev/pandas
pandas\tseries\offsets.py,6e-06,0.001669,7,pandas-dev/pandas
pandas\tseries\__init__.py,0.000401,0.003801,7,pandas-dev/pandas
pandas\util\_decorators.py,0.004402,0.022459,106,pandas-dev/pandas
pandas\util\_doctools.py,0.0,0.000536,3,pandas-dev/pandas
pandas\util\_exceptions.py,0.00553,0.018442,86,pandas-dev/pandas
pandas\util\_print_versions.py,0.002335,0.002833,7,pandas-dev/pandas
pandas\util\_tester.py,0.00032,0.002833,3,pandas-dev/pandas
pandas\util\_test_decorators.py,5.4e-05,0.000581,5,pandas-dev/pandas
pandas\util\_validators.py,0.000117,0.002583,33,pandas-dev/pandas
pandas\util\__init__.py,0.000227,0.001652,4,pandas-dev/pandas
pandas\_config\config.py,0.008173,0.014355,38,pandas-dev/pandas
pandas\_config\dates.py,0.0,0.000536,1,pandas-dev/pandas
pandas\_config\display.py,0.0,0.003297,2,pandas-dev/pandas
pandas\_config\localization.py,0.00038,0.000819,4,pandas-dev/pandas
pandas\_config\__init__.py,0.003721,0.006498,30,pandas-dev/pandas
pandas\_libs\__init__.py,0.000235,0.034068,141,pandas-dev/pandas
pandas\_testing\asserters.py,0.00036,0.000653,19,pandas-dev/pandas
pandas\_testing\compat.py,0.0,0.000653,4,pandas-dev/pandas
pandas\_testing\contexts.py,0.000186,0.000653,8,pandas-dev/pandas
pandas\_testing\_io.py,6.2e-05,0.000653,5,pandas-dev/pandas
pandas\_testing\_warnings.py,2e-06,0.000653,3,pandas-dev/pandas
pandas\_testing\__init__.py,0.016652,0.002217,21,pandas-dev/pandas
pandas\_libs\simd\moments_neon.cpp,0.0,0.000536,0,pandas-dev/pandas
pandas\_libs\simd\moments_scalar.cpp,0.0,0.000536,0,pandas-dev/pandas
pandas\_libs\simd\moments_sse2.cpp,0.0,0.000536,0,pandas-dev/pandas
pandas\_libs\tslibs\__init__.py,0.0,0.045617,67,pandas-dev/pandas
pandas\_libs\window\__init__.py,0.0,0.001049,3,pandas-dev/pandas
pandas\_libs\src\datetime\date_conversions.c,0.0,0.000536,0,pandas-dev/pandas
pandas\_libs\src\datetime\pd_datetime.c,0.0,0.000536,0,pandas-dev/pandas
pandas\_libs\src\parser\fast_float_wrappers.cpp,0.0,0.000536,0,pandas-dev/pandas
pandas\_libs\src\parser\io.c,0.0,0.000536,0,pandas-dev/pandas
pandas\_libs\src\parser\pd_parser.c,0.0,0.000536,0,pandas-dev/pandas
pandas\_libs\src\parser\tokenizer.cpp,0.0,0.000536,0,pandas-dev/pandas
pandas\_libs\src\vendored\ujson\lib\ultrajsondec.c,0.0,0.000536,0,pandas-dev/pandas
pandas\_libs\src\vendored\ujson\lib\ultrajsonenc.c,0.0,0.000536,0,pandas-dev/pandas
pandas\_libs\src\vendored\ujson\python\JSONtoObj.c,0.0,0.000536,0,pandas-dev/pandas
pandas\_libs\src\vendored\ujson\python\objToJSON.c,0.0,0.000536,0,pandas-dev/pandas
pandas\_libs\src\vendored\ujson\python\ujson.c,0.0,0.000536,0,pandas-dev/pandas
pandas\_libs\src\vendored\numpy\datetime\np_datetime.c,0.0,0.000536,0,pandas-dev/pandas
pandas\_libs\src\vendored\numpy\datetime\np_datetime_strings.c,0.0,0.000536,0,pandas-dev/pandas
pandas\_libs\include\pandas\moments.h,0.0,0.000536,0,pandas-dev/pandas
pandas\_libs\include\pandas\portable.h,0.0,0.000536,0,pandas-dev/pandas
pandas\_libs\include\pandas\skiplist.h,0.0,0.000536,0,pandas-dev/pandas
pandas\_libs\include\pandas\datetime\date_conversions.h,0.0,0.000536,0,pandas-dev/pandas
pandas\_libs\include\pandas\datetime\pd_datetime.h,0.0,0.000536,0,pandas-dev/pandas
pandas\_libs\include\pandas\parser\io.h,0.0,0.000536,0,pandas-dev/pandas
pandas\_libs\include\pandas\parser\pd_parser.h,0.0,0.000536,0,pandas-dev/pandas
pandas\_libs\include\pandas\parser\tokenizer.h,0.0,0.000536,0,pandas-dev/pandas
pandas\_libs\include\pandas\simd\moments_simd.hpp,0.0,0.000536,0,pandas-dev/pandas
pandas\_libs\include\pandas\vendored\klib\khash.h,0.0,0.000536,0,pandas-dev/pandas
pandas\_libs\include\pandas\vendored\klib\khash_python.h,0.0,0.000536,0,pandas-dev/pandas
pandas\_libs\include\pandas\vendored\ujson\lib\ultrajson.h,0.0,0.000536,0,pandas-dev/pandas
pandas\_libs\include\pandas\vendored\numpy\datetime\np_datetime.h,0.0,0.000536,0,pandas-dev/pandas
pandas\_libs\include\pandas\vendored\numpy\datetime\np_datetime_strings.h,0.0,0.000536,0,pandas-dev/pandas
pandas\util\version\__init__.py,0.008063,0.036403,7,pandas-dev/pandas
pandas\plotting\_matplotlib\boxplot.py,0.000199,0.000609,17,pandas-dev/pandas
pandas\plotting\_matplotlib\converter.py,0.00072,0.000753,16,pandas-dev/pandas
pandas\plotting\_matplotlib\core.py,0.000419,0.000681,26,pandas-dev/pandas
pandas\plotting\_matplotlib\groupby.py,3e-06,0.000633,9,pandas-dev/pandas
pandas\plotting\_matplotlib\hist.py,0.000237,0.000609,14,pandas-dev/pandas
pandas\plotting\_matplotlib\misc.py,0.000102,0.000764,11,pandas-dev/pandas
pandas\plotting\_matplotlib\style.py,7.5e-05,0.000686,8,pandas-dev/pandas
pandas\plotting\_matplotlib\timeseries.py,1.5e-05,0.000561,12,pandas-dev/pandas
pandas\plotting\_matplotlib\tools.py,9.9e-05,0.000799,11,pandas-dev/pandas
pandas\plotting\_matplotlib\__init__.py,6.6e-05,0.000604,9,pandas-dev/pandas
pandas\io\clipboard\__init__.py,0.001392,0.000584,4,pandas-dev/pandas
pandas\io\excel\_base.py,0.011933,0.001546,30,pandas-dev/pandas
pandas\io\excel\_calamine.py,0.0,0.000598,5,pandas-dev/pandas
pandas\io\excel\_odfreader.py,4.6e-05,0.000598,8,pandas-dev/pandas
pandas\io\excel\_odswriter.py,0.00028,0.000661,7,pandas-dev/pandas
pandas\io\excel\_openpyxl.py,0.000126,0.000724,8,pandas-dev/pandas
pandas\io\excel\_pyxlsb.py,0.0,0.000598,7,pandas-dev/pandas
pandas\io\excel\_util.py,8.7e-05,0.001032,9,pandas-dev/pandas
pandas\io\excel\_xlrd.py,1e-06,0.000598,8,pandas-dev/pandas
pandas\io\excel\_xlsxwriter.py,0.000124,0.000661,6,pandas-dev/pandas
pandas\io\excel\__init__.py,0.01804,0.000739,7,pandas-dev/pandas
pandas\io\formats\console.py,0.0,0.000969,2,pandas-dev/pandas
pandas\io\formats\css.py,2e-06,0.000588,4,pandas-dev/pandas
pandas\io\formats\csvs.py,1e-06,0.000644,12,pandas-dev/pandas
pandas\io\formats\excel.py,0.009552,0.000805,16,pandas-dev/pandas
pandas\io\formats\format.py,0.023145,0.00344,41,pandas-dev/pandas
pandas\io\formats\html.py,9e-06,0.000644,8,pandas-dev/pandas
pandas\io\formats\info.py,2.9e-05,0.000644,9,pandas-dev/pandas
pandas\io\formats\printing.py,0.00424,0.00459,30,pandas-dev/pandas
pandas\io\formats\string.py,0.002569,0.001556,13,pandas-dev/pandas
pandas\io\formats\style.py,0.002426,0.000709,14,pandas-dev/pandas
pandas\io\formats\style_render.py,7e-06,0.000586,12,pandas-dev/pandas
pandas\io\formats\xml.py,0.00031,0.000583,11,pandas-dev/pandas
pandas\io\formats\_color_data.py,0.0,0.000588,1,pandas-dev/pandas
pandas\io\formats\__init__.py,0.0,0.001099,8,pandas-dev/pandas
pandas\io\json\_json.py,0.028673,0.011022,24,pandas-dev/pandas
pandas\io\json\_normalize.py,0.001758,0.003259,9,pandas-dev/pandas
pandas\io\json\_table_schema.py,0.001379,0.001945,15,pandas-dev/pandas
pandas\io\json\__init__.py,0.002669,0.002314,13,pandas-dev/pandas
pandas\io\parsers\arrow_parser_wrapper.py,3.9e-05,0.000592,17,pandas-dev/pandas
pandas\io\parsers\base_parser.py,0.002318,0.000678,21,pandas-dev/pandas
pandas\io\parsers\c_parser_wrapper.py,6.3e-05,0.000592,19,pandas-dev/pandas
pandas\io\parsers\python_parser.py,1.7e-05,0.000592,20,pandas-dev/pandas
pandas\io\parsers\readers.py,0.018869,0.001779,30,pandas-dev/pandas
pandas\io\parsers\__init__.py,0.002276,0.000888,6,pandas-dev/pandas
pandas\io\sas\sas7bdat.py,0.002478,0.00156,17,pandas-dev/pandas
pandas\io\sas\sasreader.py,0.010218,0.010852,13,pandas-dev/pandas
pandas\io\sas\sas_constants.py,0.0,0.000619,2,pandas-dev/pandas
pandas\io\sas\sas_xport.py,1.4e-05,0.00156,10,pandas-dev/pandas
pandas\io\sas\__init__.py,0.000114,0.000686,2,pandas-dev/pandas
pandas\core\arrays\base.py,0.004212,0.002961,38,pandas-dev/pandas
pandas\core\arrays\boolean.py,0.00108,0.001766,20,pandas-dev/pandas
pandas\core\arrays\categorical.py,0.006344,0.00192,43,pandas-dev/pandas
pandas\core\arrays\datetimelike.py,0.002341,0.001124,39,pandas-dev/pandas
pandas\core\arrays\datetimes.py,0.001988,0.001518,30,pandas-dev/pandas
pandas\core\arrays\floating.py,0.001028,0.002158,14,pandas-dev/pandas
pandas\core\arrays\integer.py,0.000934,0.002221,15,pandas-dev/pandas
pandas\core\arrays\interval.py,0.00146,0.001251,30,pandas-dev/pandas
pandas\core\arrays\masked.py,0.004615,0.001549,39,pandas-dev/pandas
pandas\core\arrays\numeric.py,0.000595,0.001214,16,pandas-dev/pandas
pandas\core\arrays\numpy_.py,0.001527,0.001324,24,pandas-dev/pandas
pandas\core\arrays\period.py,0.000718,0.001209,20,pandas-dev/pandas
pandas\core\arrays\string_.py,0.006207,0.003684,53,pandas-dev/pandas
pandas\core\arrays\string_arrow.py,0.002283,0.0015,28,pandas-dev/pandas
pandas\core\arrays\timedeltas.py,0.002167,0.001495,27,pandas-dev/pandas
pandas\core\arrays\_arrow_string_mixins.py,0.0,0.000631,9,pandas-dev/pandas
pandas\core\arrays\_mixins.py,0.001388,0.001031,31,pandas-dev/pandas
pandas\core\arrays\_ranges.py,2e-06,0.000655,8,pandas-dev/pandas
pandas\core\arrays\_utils.py,0.0,0.000614,11,pandas-dev/pandas
pandas\core\arrays\__init__.py,0.025225,0.010226,79,pandas-dev/pandas
pandas\core\array_algos\datetimelike_accumulations.py,0.0,0.000536,5,pandas-dev/pandas
pandas\core\array_algos\masked_accumulations.py,0.0,0.000536,3,pandas-dev/pandas
pandas\core\array_algos\masked_reductions.py,0.0,0.000536,5,pandas-dev/pandas
pandas\core\array_algos\putmask.py,1.4e-05,0.000714,11,pandas-dev/pandas
pandas\core\array_algos\quantile.py,0.0,0.000751,8,pandas-dev/pandas
pandas\core\array_algos\replace.py,0.0,0.000699,7,pandas-dev/pandas
pandas\core\array_algos\take.py,0.000187,0.00073,14,pandas-dev/pandas
pandas\core\array_algos\transforms.py,0.0,0.000654,6,pandas-dev/pandas
pandas\core\array_algos\__init__.py,0.0,0.000878,5,pandas-dev/pandas
pandas\core\computation\align.py,0.000648,0.000635,14,pandas-dev/pandas
pandas\core\computation\api.py,0.007039,0.002833,2,pandas-dev/pandas
pandas\core\computation\check.py,2.6e-05,0.000808,5,pandas-dev/pandas
pandas\core\computation\common.py,8.6e-05,0.000685,9,pandas-dev/pandas
pandas\core\computation\engines.py,0.002033,0.000699,7,pandas-dev/pandas
pandas\core\computation\eval.py,0.017519,0.003067,19,pandas-dev/pandas
pandas\core\computation\expr.py,0.000338,0.000829,13,pandas-dev/pandas
pandas\core\computation\expressions.py,0.001003,0.000904,10,pandas-dev/pandas
pandas\core\computation\ops.py,0.001957,0.0009,14,pandas-dev/pandas
pandas\core\computation\parsing.py,9e-06,0.000943,6,pandas-dev/pandas
pandas\core\computation\pytables.py,0.000523,0.000556,16,pandas-dev/pandas
pandas\core\computation\scope.py,2.2e-05,0.000846,8,pandas-dev/pandas
pandas\core\computation\__init__.py,0.0,0.00091,4,pandas-dev/pandas
pandas\core\dtypes\api.py,1.6e-05,0.003067,2,pandas-dev/pandas
pandas\core\dtypes\astype.py,4.6e-05,0.001862,23,pandas-dev/pandas
pandas\core\dtypes\base.py,0.001378,0.003737,21,pandas-dev/pandas
pandas\core\dtypes\cast.py,0.006103,0.00432,66,pandas-dev/pandas
pandas\core\dtypes\common.py,0.007901,0.015322,132,pandas-dev/pandas
pandas\core\dtypes\concat.py,0.0017,0.003756,24,pandas-dev/pandas
pandas\core\dtypes\dtypes.py,0.037388,0.015662,117,pandas-dev/pandas
pandas\core\dtypes\generic.py,0.005729,0.009099,71,pandas-dev/pandas
pandas\core\dtypes\inference.py,9e-06,0.00343,17,pandas-dev/pandas
pandas\core\dtypes\missing.py,0.00433,0.00634,81,pandas-dev/pandas
pandas\core\dtypes\__init__.py,0.0,0.000588,1,pandas-dev/pandas
pandas\core\groupby\base.py,0.0,0.000536,1,pandas-dev/pandas
pandas\core\groupby\categorical.py,2e-05,0.000701,4,pandas-dev/pandas
pandas\core\groupby\generic.py,0.00626,0.005345,33,pandas-dev/pandas
pandas\core\groupby\groupby.py,0.006924,0.004152,37,pandas-dev/pandas
pandas\core\groupby\grouper.py,0.00254,0.004081,24,pandas-dev/pandas
pandas\core\groupby\indexing.py,9e-06,0.00064,10,pandas-dev/pandas
pandas\core\groupby\numba_.py,0.0,0.000536,5,pandas-dev/pandas
pandas\core\groupby\ops.py,0.001164,0.001334,24,pandas-dev/pandas
pandas\core\groupby\__init__.py,0.006693,0.010834,12,pandas-dev/pandas
pandas\core\indexers\objects.py,0.001152,0.001717,13,pandas-dev/pandas
pandas\core\indexers\utils.py,0.002074,0.001984,12,pandas-dev/pandas
pandas\core\indexers\__init__.py,0.002603,0.001704,19,pandas-dev/pandas
pandas\core\indexes\accessors.py,4.4e-05,0.000597,17,pandas-dev/pandas
pandas\core\indexes\api.py,0.007076,0.003518,52,pandas-dev/pandas
pandas\core\indexes\base.py,0.021958,0.00502,70,pandas-dev/pandas
pandas\core\indexes\category.py,0.000126,0.000735,15,pandas-dev/pandas
pandas\core\indexes\datetimelike.py,0.000314,0.000749,25,pandas-dev/pandas
pandas\core\indexes\datetimes.py,0.00573,0.001888,34,pandas-dev/pandas
pandas\core\indexes\extension.py,0.000235,0.000855,14,pandas-dev/pandas
pandas\core\indexes\frozen.py,0.001599,0.010242,9,pandas-dev/pandas
pandas\core\indexes\interval.py,0.000792,0.000842,24,pandas-dev/pandas
pandas\core\indexes\multi.py,0.002071,0.001292,34,pandas-dev/pandas
pandas\core\indexes\period.py,0.001945,0.001365,23,pandas-dev/pandas
pandas\core\indexes\range.py,0.0009,0.001392,23,pandas-dev/pandas
pandas\core\indexes\timedeltas.py,0.003301,0.001387,21,pandas-dev/pandas
pandas\core\indexes\__init__.py,0.0,0.000536,0,pandas-dev/pandas
pandas\core\interchange\buffer.py,2e-06,0.000577,5,pandas-dev/pandas
pandas\core\interchange\column.py,0.002137,0.000635,14,pandas-dev/pandas
pandas\core\interchange\dataframe.py,0.006053,0.000583,6,pandas-dev/pandas
pandas\core\interchange\dataframe_protocol.py,0.000362,0.001139,8,pandas-dev/pandas
pandas\core\interchange\from_dataframe.py,0.00116,0.000763,11,pandas-dev/pandas
pandas\core\interchange\utils.py,0.000692,0.000741,10,pandas-dev/pandas
pandas\core\interchange\__init__.py,0.0,0.000536,0,pandas-dev/pandas
pandas\core\internals\api.py,0.000328,0.001105,13,pandas-dev/pandas
pandas\core\internals\blocks.py,0.002213,0.00137,38,pandas-dev/pandas
pandas\core\internals\concat.py,0.000439,0.000958,15,pandas-dev/pandas
pandas\core\internals\construction.py,0.000879,0.000754,24,pandas-dev/pandas
pandas\core\internals\managers.py,0.005038,0.001276,31,pandas-dev/pandas
pandas\core\internals\ops.py,0.0,0.000579,7,pandas-dev/pandas
pandas\core\internals\__init__.py,0.009841,0.002484,14,pandas-dev/pandas
pandas\core\methods\describe.py,1.9e-05,0.000662,14,pandas-dev/pandas
pandas\core\methods\selectn.py,0.0,0.000536,9,pandas-dev/pandas
pandas\core\methods\to_dict.py,0.0,0.000583,10,pandas-dev/pandas
pandas\core\methods\__init__.py,0.0,0.000644,2,pandas-dev/pandas
pandas\core\ops\array_ops.py,0.002821,0.000715,18,pandas-dev/pandas
pandas\core\ops\common.py,0.000356,0.00095,14,pandas-dev/pandas
pandas\core\ops\dispatch.py,0.0,0.000574,4,pandas-dev/pandas
pandas\core\ops\invalid.py,0.000225,0.000774,7,pandas-dev/pandas
pandas\core\ops\mask_ops.py,0.000227,0.000663,5,pandas-dev/pandas
pandas\core\ops\missing.py,0.0,0.000536,2,pandas-dev/pandas
pandas\core\ops\__init__.py,0.004003,0.000751,9,pandas-dev/pandas
pandas\core\reshape\api.py,0.005976,0.002833,7,pandas-dev/pandas
pandas\core\reshape\concat.py,0.002239,0.002852,36,pandas-dev/pandas
pandas\core\reshape\encoding.py,0.000517,0.000937,16,pandas-dev/pandas
pandas\core\reshape\melt.py,0.000314,0.000984,14,pandas-dev/pandas
pandas\core\reshape\merge.py,0.000484,0.001256,31,pandas-dev/pandas
pandas\core\reshape\pivot.py,0.000247,0.000984,17,pandas-dev/pandas
pandas\core\reshape\reshape.py,0.000213,0.000644,25,pandas-dev/pandas
pandas\core\reshape\tile.py,0.000435,0.001258,16,pandas-dev/pandas
pandas\core\reshape\__init__.py,0.0,0.000536,0,pandas-dev/pandas
pandas\core\sparse\api.py,0.0,0.000536,2,pandas-dev/pandas
pandas\core\sparse\__init__.py,0.0,0.000536,0,pandas-dev/pandas
pandas\core\strings\accessor.py,0.000136,0.000694,20,pandas-dev/pandas
pandas\core\strings\object_array.py,7e-06,0.000695,12,pandas-dev/pandas
pandas\core\strings\__init__.py,0.0,0.000536,0,pandas-dev/pandas
pandas\core\tools\datetimes.py,0.000937,0.000945,26,pandas-dev/pandas
pandas\core\tools\numeric.py,0.000226,0.000829,18,pandas-dev/pandas
pandas\core\tools\timedeltas.py,0.000147,0.000749,15,pandas-dev/pandas
pandas\core\tools\times.py,0.0,0.000643,8,pandas-dev/pandas
pandas\core\tools\__init__.py,0.0,0.00057,1,pandas-dev/pandas
pandas\core\util\hashing.py,0.001075,0.001999,16,pandas-dev/pandas
pandas\core\util\numba_.py,6.8e-05,0.001516,13,pandas-dev/pandas
pandas\core\util\__init__.py,0.0,0.000803,1,pandas-dev/pandas
pandas\core\window\common.py,8e-06,0.000841,7,pandas-dev/pandas
pandas\core\window\ewm.py,0.003318,0.003444,21,pandas-dev/pandas
pandas\core\window\expanding.py,0.000326,0.003444,8,pandas-dev/pandas
pandas\core\window\numba_.py,1e-06,0.000841,7,pandas-dev/pandas
pandas\core\window\online.py,1e-06,0.000682,4,pandas-dev/pandas
pandas\core\window\rolling.py,0.022121,0.005415,34,pandas-dev/pandas
pandas\core\window\__init__.py,0.009212,0.010268,6,pandas-dev/pandas
pandas\core\_numba\executor.py,0.0,0.000597,6,pandas-dev/pandas
pandas\core\_numba\extensions.py,5.9e-05,0.000597,8,pandas-dev/pandas
pandas\core\_numba\__init__.py,0.0,0.000798,2,pandas-dev/pandas
pandas\core\_numba\kernels\mean_.py,0.001039,0.000705,6,pandas-dev/pandas
pandas\core\_numba\kernels\min_max_.py,0.000368,0.000705,4,pandas-dev/pandas
pandas\core\_numba\kernels\shared.py,0.0,0.000981,5,pandas-dev/pandas
pandas\core\_numba\kernels\sum_.py,0.001039,0.000825,6,pandas-dev/pandas
pandas\core\_numba\kernels\var_.py,0.001039,0.000705,5,pandas-dev/pandas
pandas\core\_numba\kernels\__init__.py,0.010104,0.000798,6,pandas-dev/pandas
pandas\core\arrays\arrow\accessors.py,0.000273,0.001255,7,pandas-dev/pandas
pandas\core\arrays\arrow\array.py,0.005788,0.001622,45,pandas-dev/pandas
pandas\core\arrays\arrow\extension_types.py,0.000167,0.000731,10,pandas-dev/pandas
pandas\core\arrays\arrow\_arrow_utils.py,0.0,0.001074,4,pandas-dev/pandas
pandas\core\arrays\arrow\__init__.py,0.002564,0.001693,6,pandas-dev/pandas
pandas\core\arrays\sparse\accessor.py,0.002456,0.001152,12,pandas-dev/pandas
pandas\core\arrays\sparse\array.py,0.006669,0.0017,31,pandas-dev/pandas
pandas\core\arrays\sparse\scipy_sparse.py,0.000125,0.000625,10,pandas-dev/pandas
pandas\core\arrays\sparse\__init__.py,0.004244,0.001451,6,pandas-dev/pandas
pandas\compat\numpy\function.py,0.0,0.000536,6,pandas-dev/pandas
pandas\compat\numpy\__init__.py,0.007442,0.032685,223,pandas-dev/pandas
pandas\api\executors\__init__.py,0.0,0.000536,1,pandas-dev/pandas
pandas\api\extensions\__init__.py,1e-05,0.000579,6,pandas-dev/pandas
pandas\api\indexers\__init__.py,0.0,0.000536,2,pandas-dev/pandas
pandas\api\interchange\__init__.py,0.0,0.000536,2,pandas-dev/pandas
pandas\api\types\__init__.py,0.004614,0.011913,24,pandas-dev/pandas
pandas\api\typing\aliases.py,0.0,0.000536,1,pandas-dev/pandas
pandas\api\typing\__init__.py,0.110561,0.100585,250,pandas-dev/pandas
doc\scripts\eval_performance.py,0.0,0.000536,2,pandas-dev/pandas
doc\source\conf.py,0.0,0.000536,2,pandas-dev/pandas
doc\source\signature_overrides.py,0.0,0.000763,2,pandas-dev/pandas
doc\sphinxext\announce.py,0.0,0.000991,1,pandas-dev/pandas
doc\sphinxext\contributors.py,0.0,0.000536,1,pandas-dev/pandas
asv_bench\benchmarks\algorithms.py,0.0,0.000536,3,pandas-dev/pandas
asv_bench\benchmarks\arithmetic.py,0.0,0.000536,5,pandas-dev/pandas
asv_bench\benchmarks\array.py,0.0,0.000536,3,pandas-dev/pandas
asv_bench\benchmarks\attrs_caching.py,0.0,0.000536,4,pandas-dev/pandas
asv_bench\benchmarks\boolean.py,0.0,0.000536,2,pandas-dev/pandas
asv_bench\benchmarks\categoricals.py,0.0,0.000536,5,pandas-dev/pandas
asv_bench\benchmarks\ctors.py,0.0,0.000536,3,pandas-dev/pandas
asv_bench\benchmarks\dtypes.py,0.0,0.000536,6,pandas-dev/pandas
asv_bench\benchmarks\eval.py,0.0,0.000536,4,pandas-dev/pandas
asv_bench\benchmarks\finalize.py,0.0,0.000536,1,pandas-dev/pandas
asv_bench\benchmarks\frame_ctor.py,0.0,0.000536,5,pandas-dev/pandas
asv_bench\benchmarks\frame_methods.py,0.0,0.000536,4,pandas-dev/pandas
asv_bench\benchmarks\gil.py,0.0,0.000536,5,pandas-dev/pandas
asv_bench\benchmarks\groupby.py,0.0,0.000536,6,pandas-dev/pandas
asv_bench\benchmarks\hash_functions.py,0.0,0.000536,2,pandas-dev/pandas
asv_bench\benchmarks\indexing.py,0.0,0.000536,3,pandas-dev/pandas
asv_bench\benchmarks\indexing_engines.py,0.0,0.000536,3,pandas-dev/pandas
asv_bench\benchmarks\index_cached_properties.py,0.0,0.000536,1,pandas-dev/pandas
asv_bench\benchmarks\index_object.py,0.0,0.000536,3,pandas-dev/pandas
asv_bench\benchmarks\inference.py,0.0,0.000536,3,pandas-dev/pandas
asv_bench\benchmarks\join_merge.py,0.0,0.000536,4,pandas-dev/pandas
asv_bench\benchmarks\libs.py,0.0,0.000536,5,pandas-dev/pandas
asv_bench\benchmarks\multiindex_object.py,0.0,0.000536,4,pandas-dev/pandas
asv_bench\benchmarks\package.py,0.0,0.000536,0,pandas-dev/pandas
asv_bench\benchmarks\pandas_vb_common.py,0.018198,0.004824,38,pandas-dev/pandas
asv_bench\benchmarks\period.py,0.0,0.000536,2,pandas-dev/pandas
asv_bench\benchmarks\plotting.py,0.0,0.000536,5,pandas-dev/pandas
asv_bench\benchmarks\reindex.py,0.0,0.000536,3,pandas-dev/pandas
asv_bench\benchmarks\replace.py,0.0,0.000536,3,pandas-dev/pandas
asv_bench\benchmarks\reshape.py,0.0,0.000536,5,pandas-dev/pandas
asv_bench\benchmarks\rolling.py,0.0,0.000536,3,pandas-dev/pandas
asv_bench\benchmarks\series_methods.py,0.0,0.000536,3,pandas-dev/pandas
asv_bench\benchmarks\sparse.py,0.0,0.000536,4,pandas-dev/pandas
asv_bench\benchmarks\stat_ops.py,0.0,0.000536,3,pandas-dev/pandas
asv_bench\benchmarks\strftime.py,0.0,0.000536,2,pandas-dev/pandas
asv_bench\benchmarks\strings.py,0.0,0.000536,3,pandas-dev/pandas
asv_bench\benchmarks\timedelta.py,0.0,0.000536,1,pandas-dev/pandas
asv_bench\benchmarks\timeseries.py,0.0,0.000536,6,pandas-dev/pandas
asv_bench\benchmarks\__init__.py,0.0,0.000536,0,pandas-dev/pandas
asv_bench\benchmarks\algos\isin.py,0.0,0.000536,2,pandas-dev/pandas
asv_bench\benchmarks\algos\__init__.py,0.0,0.000536,0,pandas-dev/pandas
asv_bench\benchmarks\io\csv.py,0.016601,0.001393,13,pandas-dev/pandas
asv_bench\benchmarks\io\excel.py,0.0,0.000536,4,pandas-dev/pandas
asv_bench\benchmarks\io\hdf.py,0.0,0.000536,3,pandas-dev/pandas
asv_bench\benchmarks\io\json.py,0.0,0.000536,3,pandas-dev/pandas
asv_bench\benchmarks\io\parsers.py,0.0,0.000536,1,pandas-dev/pandas
asv_bench\benchmarks\io\pickle.py,0.0,0.000536,3,pandas-dev/pandas
asv_bench\benchmarks\io\sas.py,0.0,0.000536,1,pandas-dev/pandas
asv_bench\benchmarks\io\sql.py,0.0,0.000536,3,pandas-dev/pandas
asv_bench\benchmarks\io\stata.py,0.0,0.000536,3,pandas-dev/pandas
asv_bench\benchmarks\io\style.py,0.0,0.000536,2,pandas-dev/pandas
asv_bench\benchmarks\io\__init__.py,0.0,0.000536,0,pandas-dev/pandas
asv_bench\benchmarks\tslibs\fields.py,0.0,0.000536,4,pandas-dev/pandas
asv_bench\benchmarks\tslibs\normalize.py,0.0,0.000536,3,pandas-dev/pandas
asv_bench\benchmarks\tslibs\offsets.py,0.0,0.000536,4,pandas-dev/pandas
asv_bench\benchmarks\tslibs\period.py,0.0,0.000536,4,pandas-dev/pandas
asv_bench\benchmarks\tslibs\resolution.py,0.0,0.000536,3,pandas-dev/pandas
asv_bench\benchmarks\tslibs\timedelta.py,0.0,0.000536,2,pandas-dev/pandas
asv_bench\benchmarks\tslibs\timestamp.py,0.0,0.000536,3,pandas-dev/pandas
asv_bench\benchmarks\tslibs\tslib.py,4.9e-05,0.00137,9,pandas-dev/pandas
asv_bench\benchmarks\tslibs\tz_convert.py,0.0,0.000536,3,pandas-dev/pandas
asv_bench\benchmarks\tslibs\__init__.py,0.0,0.000536,0,pandas-dev/pandas
setup.py,0.0,0.002438,0,huggingface/datasets
benchmarks\benchmark_array_xd.py,0.0,0.002438,5,huggingface/datasets
benchmarks\benchmark_getitem_100B.py,0.0,0.002438,3,huggingface/datasets
benchmarks\benchmark_indices_mapping.py,0.0,0.002438,3,huggingface/datasets
benchmarks\benchmark_iterating.py,0.0,0.002438,3,huggingface/datasets
benchmarks\benchmark_map_filter.py,0.0,0.002438,3,huggingface/datasets
benchmarks\format.py,0.0,0.002438,1,huggingface/datasets
benchmarks\utils.py,0.043854,0.023666,28,huggingface/datasets
utils\release.py,0.0,0.002438,0,huggingface/datasets
src\datasets\arrow_dataset.py,0.059683,0.008697,43,huggingface/datasets
src\datasets\arrow_reader.py,0.004093,0.006524,12,huggingface/datasets
src\datasets\arrow_writer.py,0.003779,0.011141,17,huggingface/datasets
src\datasets\builder.py,0.144985,0.016605,55,huggingface/datasets
src\datasets\combine.py,0.000127,0.004395,9,huggingface/datasets
src\datasets\config.py,0.000516,0.03051,12,huggingface/datasets
src\datasets\dataset_dict.py,0.011857,0.005739,18,huggingface/datasets
src\datasets\data_files.py,0.000622,0.003625,12,huggingface/datasets
src\datasets\distributed.py,0.0,0.002438,3,huggingface/datasets
src\datasets\exceptions.py,0.008523,0.004916,7,huggingface/datasets
src\datasets\fingerprint.py,0.009257,0.008954,11,huggingface/datasets
src\datasets\hub.py,0.004344,0.003276,7,huggingface/datasets
src\datasets\info.py,0.004287,0.009717,19,huggingface/datasets
src\datasets\inspect.py,0.010287,0.007624,16,huggingface/datasets
src\datasets\iterable_dataset.py,0.027981,0.007131,30,huggingface/datasets
src\datasets\load.py,0.034645,0.006425,30,huggingface/datasets
src\datasets\naming.py,0.0,0.010709,12,huggingface/datasets
src\datasets\search.py,0.0,0.002656,5,huggingface/datasets
src\datasets\splits.py,0.001131,0.008649,15,huggingface/datasets
src\datasets\streaming.py,0.004386,0.002879,7,huggingface/datasets
src\datasets\table.py,0.015474,0.023308,32,huggingface/datasets
src\datasets\__init__.py,0.120818,0.032234,48,huggingface/datasets
src\datasets\commands\datasets_cli.py,0.0,0.002438,4,huggingface/datasets
src\datasets\commands\delete_from_hub.py,0.000119,0.002956,4,huggingface/datasets
src\datasets\commands\env.py,0.000725,0.002956,4,huggingface/datasets
src\datasets\commands\test.py,0.003546,0.002956,9,huggingface/datasets
src\datasets\commands\__init__.py,0.000149,0.004428,4,huggingface/datasets
src\datasets\download\download_config.py,1.5e-05,0.012644,16,huggingface/datasets
src\datasets\download\download_manager.py,0.005037,0.005753,15,huggingface/datasets
src\datasets\download\streaming_download_manager.py,0.001384,0.005656,11,huggingface/datasets
src\datasets\download\__init__.py,0.001218,0.005404,6,huggingface/datasets
src\datasets\features\audio.py,0.005485,0.00493,10,huggingface/datasets
src\datasets\features\features.py,0.081706,0.037804,47,huggingface/datasets
src\datasets\features\image.py,0.001118,0.00493,9,huggingface/datasets
src\datasets\features\mesh.py,0.001118,0.00493,9,huggingface/datasets
src\datasets\features\nifti.py,0.000944,0.00493,8,huggingface/datasets
src\datasets\features\pdf.py,0.001118,0.00493,9,huggingface/datasets
src\datasets\features\translation.py,6e-06,0.00493,4,huggingface/datasets
src\datasets\features\video.py,0.000944,0.00493,8,huggingface/datasets
src\datasets\features\_torchcodec.py,0.0,0.002962,1,huggingface/datasets
src\datasets\features\__init__.py,0.000966,0.003287,10,huggingface/datasets
src\datasets\filesystems\compression.py,0.0,0.002438,1,huggingface/datasets
src\datasets\filesystems\__init__.py,0.000167,0.005737,8,huggingface/datasets
src\datasets\formatting\formatting.py,0.018815,0.010613,17,huggingface/datasets
src\datasets\formatting\jax_formatter.py,9.5e-05,0.002697,5,huggingface/datasets
src\datasets\formatting\np_formatter.py,3.6e-05,0.002697,3,huggingface/datasets
src\datasets\formatting\polars_formatter.py,0.000278,0.002697,5,huggingface/datasets
src\datasets\formatting\tf_formatter.py,3.6e-05,0.002697,4,huggingface/datasets
src\datasets\formatting\torch_formatter.py,3.6e-05,0.002697,4,huggingface/datasets
src\datasets\formatting\__init__.py,0.0,0.002438,8,huggingface/datasets
src\datasets\io\abc.py,4.6e-05,0.01474,12,huggingface/datasets
src\datasets\io\csv.py,0.004434,0.003423,9,huggingface/datasets
src\datasets\io\generator.py,0.004362,0.002931,5,huggingface/datasets
src\datasets\io\json.py,0.01498,0.015706,25,huggingface/datasets
src\datasets\io\parquet.py,0.010431,0.003423,13,huggingface/datasets
src\datasets\io\spark.py,0.013124,0.002931,6,huggingface/datasets
src\datasets\io\sql.py,0.004385,0.002772,7,huggingface/datasets
src\datasets\io\text.py,0.004384,0.003423,7,huggingface/datasets
src\datasets\io\__init__.py,0.0,0.016495,14,huggingface/datasets
src\datasets\packaged_modules\__init__.py,0.082627,0.003421,28,huggingface/datasets
src\datasets\parallel\parallel.py,0.006259,0.009025,4,huggingface/datasets
src\datasets\parallel\__init__.py,0.0,0.002438,1,huggingface/datasets
src\datasets\utils\deprecation_utils.py,0.0,0.002438,3,huggingface/datasets
src\datasets\utils\doc_utils.py,0.0,0.002814,2,huggingface/datasets
src\datasets\utils\experimental.py,1.1e-05,0.002908,2,huggingface/datasets
src\datasets\utils\extract.py,0.000293,0.003535,6,huggingface/datasets
src\datasets\utils\filelock.py,0.0,0.022624,2,huggingface/datasets
src\datasets\utils\file_utils.py,0.036767,0.012902,30,huggingface/datasets
src\datasets\utils\hub.py,0.0,0.002657,1,huggingface/datasets
src\datasets\utils\info_utils.py,0.004491,0.004588,9,huggingface/datasets
src\datasets\utils\json.py,0.000767,0.008411,8,huggingface/datasets
src\datasets\utils\logging.py,0.001282,0.035339,22,huggingface/datasets
src\datasets\utils\metadata.py,0.000659,0.003338,9,huggingface/datasets
src\datasets\utils\patching.py,0.0,0.002846,2,huggingface/datasets
src\datasets\utils\py_utils.py,0.011472,0.021244,29,huggingface/datasets
src\datasets\utils\sharding.py,0.0,0.00385,3,huggingface/datasets
src\datasets\utils\stratify.py,0.0,0.002656,1,huggingface/datasets
src\datasets\utils\tf_utils.py,0.0,0.002656,1,huggingface/datasets
src\datasets\utils\tqdm.py,0.003005,0.02894,11,huggingface/datasets
src\datasets\utils\track.py,0.0,0.005858,4,huggingface/datasets
src\datasets\utils\typing.py,0.0,0.129935,81,huggingface/datasets
src\datasets\utils\version.py,1.1e-05,0.003937,4,huggingface/datasets
src\datasets\utils\_dataset_viewer.py,0.0,0.002438,4,huggingface/datasets
src\datasets\utils\_dill.py,0.005681,0.008663,5,huggingface/datasets
src\datasets\utils\_filelock.py,0.004413,0.023784,5,huggingface/datasets
src\datasets\utils\__init__.py,0.004611,0.002764,6,huggingface/datasets
src\datasets\utils\resources\__init__.py,0.0,0.002438,0,huggingface/datasets
src\datasets\packaged_modules\arrow\arrow.py,0.000103,0.002555,5,huggingface/datasets
src\datasets\packaged_modules\arrow\__init__.py,0.0,0.002438,0,huggingface/datasets
src\datasets\packaged_modules\audiofolder\audiofolder.py,0.000714,0.002555,3,huggingface/datasets
src\datasets\packaged_modules\audiofolder\__init__.py,0.0,0.002438,0,huggingface/datasets
src\datasets\packaged_modules\cache\cache.py,0.000266,0.002555,8,huggingface/datasets
src\datasets\packaged_modules\cache\__init__.py,0.0,0.002438,0,huggingface/datasets
src\datasets\packaged_modules\conll\conll.py,0.000177,0.002555,6,huggingface/datasets
src\datasets\packaged_modules\conll\__init__.py,0.0,0.002438,0,huggingface/datasets
src\datasets\packaged_modules\csv\csv.py,0.003008,0.00302,9,huggingface/datasets
src\datasets\packaged_modules\csv\__init__.py,0.0,0.002438,0,huggingface/datasets
src\datasets\packaged_modules\eval\eval.py,9.8e-05,0.002555,5,huggingface/datasets
src\datasets\packaged_modules\eval\__init__.py,0.0,0.002438,0,huggingface/datasets
src\datasets\packaged_modules\folder_based_builder\folder_based_builder.py,0.006912,0.008953,13,huggingface/datasets
src\datasets\packaged_modules\folder_based_builder\__init__.py,0.0,0.002438,0,huggingface/datasets
src\datasets\packaged_modules\generator\generator.py,0.004229,0.003269,5,huggingface/datasets
src\datasets\packaged_modules\generator\__init__.py,0.0,0.002438,0,huggingface/datasets
src\datasets\packaged_modules\hdf5\hdf5.py,0.000177,0.002555,6,huggingface/datasets
src\datasets\packaged_modules\hdf5\__init__.py,0.0,0.002438,0,huggingface/datasets
src\datasets\packaged_modules\iceberg\iceberg.py,0.004439,0.002555,6,huggingface/datasets
src\datasets\packaged_modules\iceberg\__init__.py,0.0,0.002438,0,huggingface/datasets
src\datasets\packaged_modules\imagefolder\imagefolder.py,0.000714,0.002555,3,huggingface/datasets
src\datasets\packaged_modules\imagefolder\__init__.py,0.0,0.002438,0,huggingface/datasets
src\datasets\packaged_modules\json\json.py,0.007162,0.004663,10,huggingface/datasets
src\datasets\packaged_modules\json\__init__.py,0.0,0.002438,0,huggingface/datasets
src\datasets\packaged_modules\lance\lance.py,0.000152,0.002555,6,huggingface/datasets
src\datasets\packaged_modules\lance\__init__.py,0.0,0.002438,0,huggingface/datasets
src\datasets\packaged_modules\meshfolder\meshfolder.py,0.000714,0.002555,3,huggingface/datasets
src\datasets\packaged_modules\meshfolder\__init__.py,0.0,0.002438,0,huggingface/datasets
src\datasets\packaged_modules\niftifolder\niftifolder.py,0.000714,0.002555,3,huggingface/datasets
src\datasets\packaged_modules\niftifolder\__init__.py,0.0,0.002438,0,huggingface/datasets
src\datasets\packaged_modules\pandas\pandas.py,0.064281,0.013514,16,huggingface/datasets
src\datasets\packaged_modules\pandas\__init__.py,0.0,0.002438,0,huggingface/datasets
src\datasets\packaged_modules\parquet\parquet.py,0.001226,0.002762,6,huggingface/datasets
src\datasets\packaged_modules\parquet\__init__.py,0.0,0.002438,0,huggingface/datasets
src\datasets\packaged_modules\pdffolder\pdffolder.py,0.000714,0.002555,3,huggingface/datasets
src\datasets\packaged_modules\pdffolder\__init__.py,0.0,0.002438,0,huggingface/datasets
src\datasets\packaged_modules\spark\spark.py,0.012269,0.003061,9,huggingface/datasets
src\datasets\packaged_modules\spark\__init__.py,0.0,0.002438,0,huggingface/datasets
src\datasets\packaged_modules\sql\sql.py,0.002924,0.00291,8,huggingface/datasets
src\datasets\packaged_modules\sql\__init__.py,0.0,0.002438,0,huggingface/datasets
src\datasets\packaged_modules\text\text.py,0.004232,0.003408,7,huggingface/datasets
src\datasets\packaged_modules\text\__init__.py,0.0,0.002438,0,huggingface/datasets
src\datasets\packaged_modules\tsfile\tsfile.py,0.000158,0.002555,6,huggingface/datasets
src\datasets\packaged_modules\tsfile\__init__.py,0.0,0.002438,0,huggingface/datasets
src\datasets\packaged_modules\videofolder\videofolder.py,0.000714,0.002555,3,huggingface/datasets
src\datasets\packaged_modules\videofolder\__init__.py,0.0,0.002438,0,huggingface/datasets
src\datasets\packaged_modules\vortex\vortex.py,0.000152,0.002555,6,huggingface/datasets
src\datasets\packaged_modules\vortex\__init__.py,0.0,0.002438,0,huggingface/datasets
src\datasets\packaged_modules\webdataset\webdataset.py,0.000312,0.002555,9,huggingface/datasets
src\datasets\packaged_modules\webdataset\_tenbin.py,0.0,0.002438,0,huggingface/datasets
src\datasets\packaged_modules\webdataset\__init__.py,0.0,0.002438,0,huggingface/datasets
src\datasets\packaged_modules\xml\xml.py,0.005236,0.003651,6,huggingface/datasets
src\datasets\packaged_modules\xml\__init__.py,0.0,0.002438,0,huggingface/datasets
doc\conf.py,0.0,0.00062,1,networkx/networkx
networkx\conftest.py,0.0,0.00062,1,networkx/networkx
networkx\convert.py,0.0,0.018281,2,networkx/networkx
networkx\convert_matrix.py,0.0,0.018673,3,networkx/networkx
networkx\exception.py,0.0,0.018281,1,networkx/networkx
networkx\lazy_imports.py,0.0,0.018281,1,networkx/networkx
networkx\relabel.py,0.0,0.018445,3,networkx/networkx
networkx\__init__.py,0.785451,0.249352,281,networkx/networkx
tools\generate_requirements.py,0.0,0.00062,0,networkx/networkx
tools\team_list.py,0.0,0.00062,0,networkx/networkx
networkx\algorithms\asteroidal.py,1.5e-05,0.000839,3,networkx/networkx
networkx\algorithms\boundary.py,1.3e-05,0.000839,2,networkx/networkx
networkx\algorithms\bridges.py,1.5e-05,0.000839,3,networkx/networkx
networkx\algorithms\broadcasting.py,1.5e-05,0.000839,3,networkx/networkx
networkx\algorithms\chains.py,1.5e-05,0.000839,3,networkx/networkx
networkx\algorithms\chordal.py,1.5e-05,0.000839,4,networkx/networkx
networkx\algorithms\clique.py,1.5e-05,0.000839,3,networkx/networkx
networkx\algorithms\cluster.py,1.5e-05,0.000839,3,networkx/networkx
networkx\algorithms\communicability_alg.py,1.5e-05,0.000839,3,networkx/networkx
networkx\algorithms\core.py,1.3e-05,0.000839,2,networkx/networkx
networkx\algorithms\covering.py,1.5e-05,0.000985,4,networkx/networkx
networkx\algorithms\cuts.py,0.000305,0.000919,3,networkx/networkx
networkx\algorithms\cycles.py,1.5e-05,0.000839,3,networkx/networkx
networkx\algorithms\dag.py,1.5e-05,0.000839,3,networkx/networkx
networkx\algorithms\distance_measures.py,0.000147,0.001152,5,networkx/networkx
networkx\algorithms\distance_regular.py,1.5e-05,0.000839,4,networkx/networkx
networkx\algorithms\dominance.py,1.5e-05,0.000839,3,networkx/networkx
networkx\algorithms\dominating.py,1.3e-05,0.000839,2,networkx/networkx
networkx\algorithms\d_separation.py,1.5e-05,0.000839,3,networkx/networkx
networkx\algorithms\efficiency_measures.py,1.5e-05,0.000839,3,networkx/networkx
networkx\algorithms\euler.py,1.5e-05,0.000839,3,networkx/networkx
networkx\algorithms\graphical.py,1.3e-05,0.000839,2,networkx/networkx
networkx\algorithms\graph_hashing.py,1.3e-05,0.000839,2,networkx/networkx
networkx\algorithms\hierarchy.py,1.3e-05,0.000839,2,networkx/networkx
networkx\algorithms\hybrid.py,1.3e-05,0.000839,2,networkx/networkx
networkx\algorithms\isolate.py,1.3e-05,0.000839,2,networkx/networkx
networkx\algorithms\link_prediction.py,1.5e-05,0.000839,3,networkx/networkx
networkx\algorithms\lowest_common_ancestors.py,1.5e-05,0.000839,3,networkx/networkx
networkx\algorithms\matching.py,1.5e-05,0.001033,4,networkx/networkx
networkx\algorithms\mis.py,1.5e-05,0.000839,3,networkx/networkx
networkx\algorithms\moral.py,1.5e-05,0.000839,3,networkx/networkx
networkx\algorithms\node_classification.py,0.0,0.00062,1,networkx/networkx
networkx\algorithms\non_randomness.py,1.5e-05,0.000839,3,networkx/networkx
networkx\algorithms\perfect_graph.py,2.9e-05,0.000839,3,networkx/networkx
networkx\algorithms\planarity.py,1.3e-05,0.000839,2,networkx/networkx
networkx\algorithms\planar_drawing.py,1.3e-05,0.000839,2,networkx/networkx
networkx\algorithms\polynomials.py,1.5e-05,0.000839,3,networkx/networkx
networkx\algorithms\reciprocity.py,1.5e-05,0.000839,3,networkx/networkx
networkx\algorithms\regular.py,1.5e-05,0.000839,3,networkx/networkx
networkx\algorithms\richclub.py,1.5e-05,0.000839,3,networkx/networkx
networkx\algorithms\similarity.py,1.5e-05,0.000839,3,networkx/networkx
networkx\algorithms\simple_paths.py,0.001527,0.000839,4,networkx/networkx
networkx\algorithms\smallworld.py,1.5e-05,0.000839,3,networkx/networkx
networkx\algorithms\smetric.py,1.3e-05,0.000839,2,networkx/networkx
networkx\algorithms\sparsifiers.py,1.5e-05,0.000839,3,networkx/networkx
networkx\algorithms\structuralholes.py,1.3e-05,0.000839,2,networkx/networkx
networkx\algorithms\summarization.py,1.3e-05,0.000839,2,networkx/networkx
networkx\algorithms\swap.py,1.5e-05,0.000839,3,networkx/networkx
networkx\algorithms\threshold.py,0.0,0.00062,2,networkx/networkx
networkx\algorithms\time_dependent.py,1.5e-05,0.000839,3,networkx/networkx
networkx\algorithms\tournament.py,1.5e-05,0.000839,3,networkx/networkx
networkx\algorithms\triads.py,1.5e-05,0.000839,3,networkx/networkx
networkx\algorithms\vitality.py,1.3e-05,0.000839,2,networkx/networkx
networkx\algorithms\voronoi.py,1.5e-05,0.000839,3,networkx/networkx
networkx\algorithms\walks.py,1.5e-05,0.000839,3,networkx/networkx
networkx\algorithms\wiener.py,1.3e-05,0.000839,2,networkx/networkx
networkx\algorithms\__init__.py,0.5512,0.019044,78,networkx/networkx
networkx\classes\coreviews.py,0.0,0.005109,5,networkx/networkx
networkx\classes\digraph.py,0.001822,0.00403,6,networkx/networkx
networkx\classes\filters.py,0.0,0.001352,1,networkx/networkx
networkx\classes\function.py,0.000479,0.003445,3,networkx/networkx
networkx\classes\graph.py,0.001817,0.005156,6,networkx/networkx
networkx\classes\graphviews.py,0.004215,0.003445,5,networkx/networkx
networkx\classes\multidigraph.py,0.001817,0.003445,6,networkx/networkx
networkx\classes\multigraph.py,0.001822,0.00403,6,networkx/networkx
networkx\classes\reportviews.py,0.0,0.004378,5,networkx/networkx
networkx\classes\__init__.py,0.027846,0.019926,11,networkx/networkx
networkx\drawing\layout.py,0.00098,0.005803,3,networkx/networkx
networkx\drawing\nx_agraph.py,0.0,0.00062,1,networkx/networkx
networkx\drawing\nx_latex.py,0.000885,0.005803,2,networkx/networkx
networkx\drawing\nx_pydot.py,0.0,0.00062,2,networkx/networkx
networkx\drawing\nx_pylab.py,0.000885,0.005803,2,networkx/networkx
networkx\drawing\__init__.py,0.009328,0.018281,4,networkx/networkx
networkx\generators\atlas.py,1.2e-05,0.001157,2,networkx/networkx
networkx\generators\classic.py,0.000249,0.002336,8,networkx/networkx
networkx\generators\cographs.py,1.7e-05,0.001157,3,networkx/networkx
networkx\generators\community.py,1.7e-05,0.001157,3,networkx/networkx
networkx\generators\degree_seq.py,1.7e-05,0.001353,4,networkx/networkx
networkx\generators\directed.py,1.7e-05,0.001157,4,networkx/networkx
networkx\generators\duplication.py,2.2e-05,0.001157,4,networkx/networkx
networkx\generators\ego.py,1.2e-05,0.001157,2,networkx/networkx
networkx\generators\expanders.py,1.2e-05,0.001157,2,networkx/networkx
networkx\generators\geometric.py,1.7e-05,0.001157,3,networkx/networkx
networkx\generators\harary_graph.py,1.2e-05,0.001157,2,networkx/networkx
networkx\generators\internet_as_graphs.py,1.7e-05,0.001157,3,networkx/networkx
networkx\generators\intersection.py,0.00191,0.001157,4,networkx/networkx
networkx\generators\interval_graph.py,1.2e-05,0.001157,2,networkx/networkx
networkx\generators\joint_degree_seq.py,1.7e-05,0.001157,3,networkx/networkx
networkx\generators\lattice.py,0.001582,0.001157,7,networkx/networkx
networkx\generators\line.py,2.7e-05,0.001157,4,networkx/networkx
networkx\generators\mycielski.py,1.7e-05,0.001157,3,networkx/networkx
networkx\generators\nonisomorphic_trees.py,1.2e-05,0.001157,2,networkx/networkx
networkx\generators\random_clustered.py,1.7e-05,0.001157,3,networkx/networkx
networkx\generators\random_graphs.py,2.2e-05,0.001157,6,networkx/networkx
networkx\generators\small.py,1.2e-05,0.001157,3,networkx/networkx
networkx\generators\social.py,1.2e-05,0.001157,2,networkx/networkx
networkx\generators\spectral_graph_forge.py,1.7e-05,0.001157,3,networkx/networkx
networkx\generators\stochastic.py,4.3e-05,0.001157,4,networkx/networkx
networkx\generators\sudoku.py,1.2e-05,0.001157,2,networkx/networkx
networkx\generators\time_series.py,1.2e-05,0.001157,2,networkx/networkx
networkx\generators\trees.py,1.7e-05,0.001157,3,networkx/networkx
networkx\generators\triads.py,3.9e-05,0.001157,3,networkx/networkx
networkx\generators\__init__.py,0.091634,0.018281,30,networkx/networkx
networkx\linalg\algebraicconnectivity.py,0.000397,0.002841,3,networkx/networkx
networkx\linalg\attrmatrix.py,0.000373,0.002841,2,networkx/networkx
networkx\linalg\bethehessianmatrix.py,0.000397,0.002841,3,networkx/networkx
networkx\linalg\graphmatrix.py,0.000373,0.002841,2,networkx/networkx
networkx\linalg\laplacianmatrix.py,0.000397,0.002841,3,networkx/networkx
networkx\linalg\modularitymatrix.py,0.000397,0.002841,3,networkx/networkx
networkx\linalg\spectrum.py,0.000373,0.002841,2,networkx/networkx
networkx\linalg\__init__.py,0.021765,0.018281,8,networkx/networkx
networkx\readwrite\adjlist.py,0.000237,0.001916,3,networkx/networkx
networkx\readwrite\edgelist.py,0.000237,0.001916,3,networkx/networkx
networkx\readwrite\gexf.py,0.000237,0.001916,3,networkx/networkx
networkx\readwrite\gml.py,0.000237,0.001916,3,networkx/networkx
networkx\readwrite\graph6.py,0.000237,0.002458,4,networkx/networkx
networkx\readwrite\graphml.py,0.000237,0.001916,3,networkx/networkx
networkx\readwrite\leda.py,0.000237,0.001916,3,networkx/networkx
networkx\readwrite\multiline_adjlist.py,0.000237,0.001916,3,networkx/networkx
networkx\readwrite\p2g.py,0.0,0.00062,2,networkx/networkx
networkx\readwrite\pajek.py,0.000237,0.001916,3,networkx/networkx
networkx\readwrite\sparse6.py,0.000237,0.001916,4,networkx/networkx
networkx\readwrite\text.py,0.000237,0.001916,3,networkx/networkx
networkx\readwrite\__init__.py,0.049695,0.018281,13,networkx/networkx
networkx\utils\backends.py,0.00367,0.028039,5,networkx/networkx
networkx\utils\configs.py,0.0,0.019448,3,networkx/networkx
networkx\utils\decorators.py,0.001597,0.024625,21,networkx/networkx
networkx\utils\heaps.py,0.000899,0.011505,2,networkx/networkx
networkx\utils\mapped_queue.py,0.0,0.000811,1,networkx/networkx
networkx\utils\misc.py,0.000899,0.012029,4,networkx/networkx
networkx\utils\random_sequence.py,0.000899,0.011505,3,networkx/networkx
networkx\utils\rcm.py,0.000899,0.011505,3,networkx/networkx
networkx\utils\union_find.py,0.0,0.011505,2,networkx/networkx
networkx\utils\__init__.py,0.027174,0.102434,143,networkx/networkx
networkx\readwrite\json_graph\adjacency.py,0.000685,0.001027,2,networkx/networkx
networkx\readwrite\json_graph\cytoscape.py,0.000685,0.001027,2,networkx/networkx
networkx\readwrite\json_graph\node_link.py,0.000685,0.001027,2,networkx/networkx
networkx\readwrite\json_graph\tree.py,0.000685,0.001027,2,networkx/networkx
networkx\readwrite\json_graph\__init__.py,0.012437,0.001916,5,networkx/networkx
networkx\algorithms\approximation\clique.py,0.00019,0.000683,4,networkx/networkx
networkx\algorithms\approximation\clustering_coefficient.py,0.00019,0.000683,3,networkx/networkx
networkx\algorithms\approximation\connectivity.py,0.000472,0.000762,3,networkx/networkx
networkx\algorithms\approximation\density.py,0.00018,0.000683,2,networkx/networkx
networkx\algorithms\approximation\distance_measures.py,0.000185,0.000683,3,networkx/networkx
networkx\algorithms\approximation\dominating_set.py,0.000213,0.000683,4,networkx/networkx
networkx\algorithms\approximation\kcomponents.py,0.040651,0.000762,5,networkx/networkx
networkx\algorithms\approximation\matching.py,0.00018,0.000683,2,networkx/networkx
networkx\algorithms\approximation\maxcut.py,0.000185,0.000683,3,networkx/networkx
networkx\algorithms\approximation\ramsey.py,0.00019,0.000683,3,networkx/networkx
networkx\algorithms\approximation\steinertree.py,0.00019,0.000683,3,networkx/networkx
networkx\algorithms\approximation\traveling_salesman.py,0.000213,0.000683,4,networkx/networkx
networkx\algorithms\approximation\treewidth.py,0.00019,0.000683,3,networkx/networkx
networkx\algorithms\approximation\vertex_cover.py,0.00018,0.000683,2,networkx/networkx
networkx\algorithms\approximation\__init__.py,0.037366,0.00103,16,networkx/networkx
networkx\algorithms\assortativity\connectivity.py,0.000527,0.000763,2,networkx/networkx
networkx\algorithms\assortativity\correlation.py,0.000527,0.000763,4,networkx/networkx
networkx\algorithms\assortativity\mixing.py,0.000669,0.000979,5,networkx/networkx
networkx\algorithms\assortativity\neighbor_degree.py,0.000527,0.000763,2,networkx/networkx
networkx\algorithms\assortativity\pairs.py,0.000527,0.001257,4,networkx/networkx
networkx\algorithms\assortativity\__init__.py,0.015515,0.000839,6,networkx/networkx
networkx\algorithms\bipartite\basic.py,0.000284,0.000686,3,networkx/networkx
networkx\algorithms\bipartite\centrality.py,0.000173,0.000686,2,networkx/networkx
networkx\algorithms\bipartite\cluster.py,0.000182,0.000686,3,networkx/networkx
networkx\algorithms\bipartite\community.py,0.006305,0.000686,5,networkx/networkx
networkx\algorithms\bipartite\covering.py,0.000206,0.000686,5,networkx/networkx
networkx\algorithms\bipartite\edgelist.py,0.00019,0.000686,3,networkx/networkx
networkx\algorithms\bipartite\extendability.py,0.00019,0.000686,3,networkx/networkx
networkx\algorithms\bipartite\generators.py,0.00019,0.000686,3,networkx/networkx
networkx\algorithms\bipartite\link_analysis.py,0.000173,0.000686,2,networkx/networkx
networkx\algorithms\bipartite\matching.py,0.000332,0.000831,5,networkx/networkx
networkx\algorithms\bipartite\matrix.py,0.000189,0.000921,4,networkx/networkx
networkx\algorithms\bipartite\projection.py,0.00019,0.000686,3,networkx/networkx
networkx\algorithms\bipartite\redundancy.py,0.000173,0.000686,2,networkx/networkx
networkx\algorithms\bipartite\spectral.py,0.000173,0.000686,2,networkx/networkx
networkx\algorithms\bipartite\__init__.py,0.04965,0.001075,16,networkx/networkx
networkx\algorithms\centrality\betweenness.py,0.000352,0.0014,8,networkx/networkx
networkx\algorithms\centrality\betweenness_subset.py,0.000122,0.000656,3,networkx/networkx
networkx\algorithms\centrality\closeness.py,0.000125,0.000656,3,networkx/networkx
networkx\algorithms\centrality\current_flow_betweenness.py,0.00116,0.000656,4,networkx/networkx
networkx\algorithms\centrality\current_flow_betweenness_subset.py,0.00116,0.000656,4,networkx/networkx
networkx\algorithms\centrality\current_flow_closeness.py,0.00116,0.000656,4,networkx/networkx
networkx\algorithms\centrality\degree_alg.py,0.000125,0.000656,3,networkx/networkx
networkx\algorithms\centrality\dispersion.py,0.000122,0.000656,2,networkx/networkx
networkx\algorithms\centrality\eigenvector.py,0.000131,0.000656,3,networkx/networkx
networkx\algorithms\centrality\flow_matrix.py,0.0,0.001178,4,networkx/networkx
networkx\algorithms\centrality\group.py,0.000125,0.000656,4,networkx/networkx
networkx\algorithms\centrality\harmonic.py,0.000122,0.000656,2,networkx/networkx
networkx\algorithms\centrality\katz.py,0.000131,0.000656,3,networkx/networkx
networkx\algorithms\centrality\laplacian.py,0.000122,0.000656,2,networkx/networkx
networkx\algorithms\centrality\load.py,0.000122,0.000656,2,networkx/networkx
networkx\algorithms\centrality\percolation.py,0.000122,0.000656,3,networkx/networkx
networkx\algorithms\centrality\reaching.py,0.000131,0.000656,3,networkx/networkx
networkx\algorithms\centrality\second_order.py,0.000131,0.000656,3,networkx/networkx
networkx\algorithms\centrality\subgraph_alg.py,0.000131,0.000656,3,networkx/networkx
networkx\algorithms\centrality\trophic.py,0.000131,0.000656,3,networkx/networkx
networkx\algorithms\centrality\voterank_alg.py,0.000122,0.000656,2,networkx/networkx
networkx\algorithms\centrality\__init__.py,0.065231,0.000839,21,networkx/networkx
networkx\algorithms\coloring\equitable_coloring.py,0.001333,0.000977,2,networkx/networkx
networkx\algorithms\coloring\greedy_coloring.py,0.001428,0.000977,3,networkx/networkx
networkx\algorithms\coloring\__init__.py,0.006219,0.000839,3,networkx/networkx
networkx\algorithms\community\asyn_fluid.py,0.000345,0.000673,4,networkx/networkx
networkx\algorithms\community\bipartitions.py,0.000217,0.000673,2,networkx/networkx
networkx\algorithms\community\centrality.py,0.000217,0.000673,2,networkx/networkx
networkx\algorithms\community\community_utils.py,0.000217,0.001159,4,networkx/networkx
networkx\algorithms\community\divisive.py,0.000217,0.000673,2,networkx/networkx
networkx\algorithms\community\kclique.py,0.000217,0.000673,2,networkx/networkx
networkx\algorithms\community\label_propagation.py,0.000234,0.000673,3,networkx/networkx
networkx\algorithms\community\leiden.py,0.000234,0.000673,4,networkx/networkx
networkx\algorithms\community\local.py,0.0,0.000673,1,networkx/networkx
networkx\algorithms\community\louvain.py,0.000234,0.000673,4,networkx/networkx
networkx\algorithms\community\lukes.py,0.000234,0.000673,3,networkx/networkx
networkx\algorithms\community\modularity_max.py,0.000238,0.000673,4,networkx/networkx
networkx\algorithms\community\quality.py,0.000264,0.001201,7,networkx/networkx
networkx\algorithms\community\__init__.py,0.000174,0.000811,14,networkx/networkx
networkx\algorithms\components\attracting.py,0.000441,0.000841,3,networkx/networkx
networkx\algorithms\components\biconnected.py,0.000441,0.000841,3,networkx/networkx
networkx\algorithms\components\connected.py,0.000441,0.000841,3,networkx/networkx
networkx\algorithms\components\semiconnected.py,0.000522,0.000841,3,networkx/networkx
networkx\algorithms\components\strongly_connected.py,0.000441,0.000841,3,networkx/networkx
networkx\algorithms\components\weakly_connected.py,0.000441,0.000841,3,networkx/networkx
networkx\algorithms\components\__init__.py,0.018664,0.001559,10,networkx/networkx
networkx\algorithms\connectivity\connectivity.py,0.0,0.00062,3,networkx/networkx
networkx\algorithms\connectivity\cuts.py,0.0,0.00062,3,networkx/networkx
networkx\algorithms\connectivity\disjoint_paths.py,0.000355,0.0007,4,networkx/networkx
networkx\algorithms\connectivity\edge_augmentation.py,0.000292,0.0007,3,networkx/networkx
networkx\algorithms\connectivity\edge_kcomponents.py,0.000292,0.0007,3,networkx/networkx
networkx\algorithms\connectivity\kcomponents.py,0.0,0.00062,3,networkx/networkx
networkx\algorithms\connectivity\kcutsets.py,0.000355,0.0007,4,networkx/networkx
networkx\algorithms\connectivity\stoerwagner.py,0.000292,0.0007,3,networkx/networkx
networkx\algorithms\connectivity\utils.py,0.0,0.00062,1,networkx/networkx
networkx\algorithms\connectivity\__init__.py,0.061743,0.000839,10,networkx/networkx
networkx\algorithms\flow\boykovkolmogorov.py,0.001279,0.000849,4,networkx/networkx
networkx\algorithms\flow\capacityscaling.py,0.000257,0.000757,3,networkx/networkx
networkx\algorithms\flow\dinitz_alg.py,0.001279,0.000849,5,networkx/networkx
networkx\algorithms\flow\edmondskarp.py,0.0013,0.001303,6,networkx/networkx
networkx\algorithms\flow\gomory_hu.py,0.000257,0.000757,4,networkx/networkx
networkx\algorithms\flow\maxflow.py,0.000257,0.000757,8,networkx/networkx
networkx\algorithms\flow\mincost.py,0.000257,0.000757,2,networkx/networkx
networkx\algorithms\flow\networksimplex.py,0.000257,0.000757,3,networkx/networkx
networkx\algorithms\flow\preflowpush.py,0.000257,0.000849,4,networkx/networkx
networkx\algorithms\flow\shortestaugmentingpath.py,0.000257,0.000849,5,networkx/networkx
networkx\algorithms\flow\utils.py,0.0,0.001775,4,networkx/networkx
networkx\algorithms\flow\__init__.py,0.034066,0.001763,17,networkx/networkx
networkx\algorithms\isomorphism\ismags.py,0.000534,0.000722,2,networkx/networkx
networkx\algorithms\isomorphism\isomorph.py,0.000534,0.000722,2,networkx/networkx
networkx\algorithms\isomorphism\isomorphvf2.py,0.0,0.000927,2,networkx/networkx
networkx\algorithms\isomorphism\matchhelpers.py,0.0,0.000722,1,networkx/networkx
networkx\algorithms\isomorphism\temporalisomorphvf2.py,0.003644,0.000722,3,networkx/networkx
networkx\algorithms\isomorphism\tree_isomorphism.py,0.000559,0.000722,3,networkx/networkx
networkx\algorithms\isomorphism\vf2pp.py,0.000547,0.000941,3,networkx/networkx
networkx\algorithms\isomorphism\vf2userfunc.py,0.0,0.000722,1,networkx/networkx
networkx\algorithms\isomorphism\__init__.py,0.021775,0.000839,8,networkx/networkx
networkx\algorithms\link_analysis\hits_alg.py,0.00138,0.000977,2,networkx/networkx
networkx\algorithms\link_analysis\pagerank_alg.py,0.00138,0.000977,2,networkx/networkx
networkx\algorithms\link_analysis\__init__.py,0.006219,0.000839,3,networkx/networkx
networkx\algorithms\minors\contraction.py,0.002771,0.001334,3,networkx/networkx
networkx\algorithms\minors\__init__.py,0.003109,0.000839,2,networkx/networkx
networkx\algorithms\operators\all.py,0.000661,0.000799,2,networkx/networkx
networkx\algorithms\operators\binary.py,0.000661,0.000799,2,networkx/networkx
networkx\algorithms\operators\product.py,0.000756,0.000962,4,networkx/networkx
networkx\algorithms\operators\unary.py,0.000661,0.000799,2,networkx/networkx
networkx\algorithms\operators\__init__.py,0.010898,0.000839,5,networkx/networkx
networkx\algorithms\shortest_paths\astar.py,0.000546,0.000763,3,networkx/networkx
networkx\algorithms\shortest_paths\dense.py,0.000546,0.000763,3,networkx/networkx
networkx\algorithms\shortest_paths\generic.py,0.000546,0.001591,3,networkx/networkx
networkx\algorithms\shortest_paths\unweighted.py,0.000546,0.000763,2,networkx/networkx
networkx\algorithms\shortest_paths\weighted.py,0.00063,0.001947,7,networkx/networkx
networkx\algorithms\shortest_paths\__init__.py,0.013854,0.000839,6,networkx/networkx
networkx\algorithms\traversal\beamsearch.py,0.000546,0.000763,2,networkx/networkx
networkx\algorithms\traversal\breadth_first_search.py,0.000546,0.000763,2,networkx/networkx
networkx\algorithms\traversal\depth_first_search.py,0.000546,0.000763,2,networkx/networkx
networkx\algorithms\traversal\edgebfs.py,0.000546,0.000763,2,networkx/networkx
networkx\algorithms\traversal\edgedfs.py,0.000546,0.000763,2,networkx/networkx
networkx\algorithms\traversal\__init__.py,0.015546,0.000839,6,networkx/networkx
networkx\algorithms\tree\branchings.py,0.000147,0.000915,5,networkx/networkx
networkx\algorithms\tree\coding.py,0.000147,0.000915,4,networkx/networkx
networkx\algorithms\tree\decomposition.py,0.001977,0.000915,5,networkx/networkx
networkx\algorithms\tree\distance_measures.py,0.0,0.00062,1,networkx/networkx
networkx\algorithms\tree\mst.py,0.000147,0.001108,5,networkx/networkx
networkx\algorithms\tree\operations.py,0.000126,0.000915,3,networkx/networkx
networkx\algorithms\tree\recognition.py,0.000126,0.001174,4,networkx/networkx
networkx\algorithms\tree\__init__.py,0.0,0.00062,7,networkx/networkx
doc\release\contribs.py,0.0,0.00062,0,networkx/networkx
doc\release\report_functions_without_rst_generated.py,0.0,0.00062,1,networkx/networkx
doc\_static\copybutton.js,0.0,0.00062,0,networkx/networkx
benchmarks\benchmarks\benchmark_algorithms.py,0.0,0.00062,3,networkx/networkx
benchmarks\benchmarks\benchmark_aperiodic.py,0.0,0.00062,1,networkx/networkx
benchmarks\benchmarks\benchmark_chordal.py,0.0,0.00062,1,networkx/networkx
benchmarks\benchmarks\benchmark_classes.py,0.0,0.00062,1,networkx/networkx
benchmarks\benchmarks\benchmark_harmonic_centrality.py,0.0,0.00062,1,networkx/networkx
benchmarks\benchmarks\benchmark_hits.py,0.0,0.00062,1,networkx/networkx
benchmarks\benchmarks\benchmark_many_components.py,0.0,0.00062,1,networkx/networkx
benchmarks\benchmarks\benchmark_neighbors.py,0.0,0.00062,1,networkx/networkx
benchmarks\benchmarks\benchmark_regular.py,0.0,0.00062,1,networkx/networkx
benchmarks\benchmarks\benchmark_shortest_path.py,0.0,0.00062,1,networkx/networkx
benchmarks\benchmarks\benchmark_to_networkx_graph.py,0.0,0.00062,1,networkx/networkx
benchmarks\benchmarks\distance_measures.py,0.0,0.00062,1,networkx/networkx
benchmarks\benchmarks\utils.py,0.0,0.000796,2,networkx/networkx
benchmarks\benchmarks\__init__.py,0.0,0.00062,0,networkx/networkx
eslint.config.js,0.0,0,0,vuejs/core
rollup.config.js,0.0,0,0,vuejs/core
rollup.dts.config.js,0.0,0,0,vuejs/core
vitest.config.ts,0.0,0,0,vuejs/core
packages\global.d.ts,0.0,0,0,vuejs/core
packages-private\global.d.ts,0.0,0,0,vuejs/core
scripts\aliases.js,0.0,0,0,vuejs/core
scripts\build.js,0.0,0,0,vuejs/core
scripts\dev.js,0.0,0,0,vuejs/core
scripts\inline-enums.js,0.0,0,0,vuejs/core
scripts\pre-dev-sfc.js,0.0,0,0,vuejs/core
scripts\release.js,0.0,0,0,vuejs/core
scripts\setup-vitest.ts,0.0,0,0,vuejs/core
scripts\size-report.js,0.0,0,0,vuejs/core
scripts\usage-size.js,0.0,0,0,vuejs/core
scripts\utils.js,0.0,0,0,vuejs/core
scripts\verify-commit.js,0.0,0,0,vuejs/core
scripts\verify-treeshaking.js,0.0,0,0,vuejs/core
packages-private\dts-test\appDirective.test-d.ts,0.0,0,0,vuejs/core
packages-private\dts-test\appUse.test-d.ts,0.0,0,0,vuejs/core
packages-private\dts-test\built.test-d.ts,0.0,0,0,vuejs/core
packages-private\dts-test\compiler.test-d.ts,0.0,0,0,vuejs/core
packages-private\dts-test\component.test-d.ts,0.0,0,0,vuejs/core
packages-private\dts-test\componentInstance.test-d.tsx,0.0,0,0,vuejs/core
packages-private\dts-test\componentTypeExtensions.test-d.tsx,0.0,0,0,vuejs/core
packages-private\dts-test\defineComponent.test-d.tsx,0.0,0,0,vuejs/core
packages-private\dts-test\defineCustomElement.test-d.ts,0.0,0,0,vuejs/core
packages-private\dts-test\directives.test-d.ts,0.0,0,0,vuejs/core
packages-private\dts-test\extractProps.test-d.ts,0.0,0,0,vuejs/core
packages-private\dts-test\functionalComponent.test-d.tsx,0.0,0,0,vuejs/core
packages-private\dts-test\h.test-d.ts,0.0,0,0,vuejs/core
packages-private\dts-test\inject.test-d.ts,0.0,0,0,vuejs/core
packages-private\dts-test\reactivity.test-d.ts,0.0,0,0,vuejs/core
packages-private\dts-test\ref.test-d.ts,0.0,0,0,vuejs/core
packages-private\dts-test\scheduler.test-d.ts,0.0,0,0,vuejs/core
packages-private\dts-test\setupHelpers.test-d.ts,0.0,0,0,vuejs/core
packages-private\dts-test\tsx.test-d.tsx,0.0,0,0,vuejs/core
packages-private\dts-test\utils.d.ts,0.0,0,0,vuejs/core
packages-private\dts-test\watch.test-d.ts,0.0,0,0,vuejs/core
packages-private\sfc-playground\vite.config.ts,0.0,0,0,vuejs/core
packages-private\vite-debug\main.ts,0.0,0,0,vuejs/core
packages-private\vite-debug\vite.config.ts,0.0,0,0,vuejs/core
packages-private\template-explorer\src\index.ts,0.0,0,0,vuejs/core
packages-private\template-explorer\src\options.ts,0.0,0,0,vuejs/core
packages-private\template-explorer\src\theme.ts,0.0,0,0,vuejs/core
packages-private\sfc-playground\src\main.ts,0.0,0,0,vuejs/core
packages-private\sfc-playground\src\vue-dev-proxy-prod.ts,0.0,0,0,vuejs/core
packages-private\sfc-playground\src\vue-dev-proxy.ts,0.0,0,0,vuejs/core
packages-private\sfc-playground\src\vue-server-renderer-dev-proxy.ts,0.0,0,0,vuejs/core
packages-private\sfc-playground\src\download\download.ts,0.0,0,0,vuejs/core
packages-private\sfc-playground\src\download\template\main.js,0.0,0,0,vuejs/core
packages-private\sfc-playground\src\download\template\vite.config.js,0.0,0,0,vuejs/core
packages-private\dts-built-test\src\index.ts,0.0,0,0,vuejs/core
packages\compiler-core\index.js,0.0,0,0,vuejs/core
packages\compiler-dom\index.js,0.0,0,0,vuejs/core
packages\reactivity\index.js,0.0,0,0,vuejs/core
packages\runtime-core\index.js,0.0,0,0,vuejs/core
packages\runtime-dom\index.js,0.0,0,0,vuejs/core
packages\runtime-test\index.js,0.0,0,0,vuejs/core
packages\server-renderer\index.js,0.0,0,0,vuejs/core
packages\shared\index.js,0.0,0,0,vuejs/core
packages\vue\index.js,0.0,0,0,vuejs/core
packages\vue\jsx.d.ts,0.0,0,0,vuejs/core
packages\vue-compat\index.js,0.0,0,0,vuejs/core
packages\vue-compat\src\createCompatVue.ts,0.0,0,0,vuejs/core
packages\vue-compat\src\dev.ts,0.0,0,0,vuejs/core
packages\vue-compat\src\esm-index.ts,0.0,0,0,vuejs/core
packages\vue-compat\src\esm-runtime.ts,0.0,0,0,vuejs/core
packages\vue-compat\src\index.ts,0.0,0,0,vuejs/core
packages\vue-compat\src\runtime.ts,0.0,0,0,vuejs/core
packages\vue-compat\__tests__\compiler.spec.ts,0.0,0,0,vuejs/core
packages\vue-compat\__tests__\componentAsync.spec.ts,0.0,0,0,vuejs/core
packages\vue-compat\__tests__\componentFunctional.spec.ts,0.0,0,0,vuejs/core
packages\vue-compat\__tests__\componentVModel.spec.ts,0.0,0,0,vuejs/core
packages\vue-compat\__tests__\filters.spec.ts,0.0,0,0,vuejs/core
packages\vue-compat\__tests__\global.spec.ts,0.0,0,0,vuejs/core
packages\vue-compat\__tests__\globalConfig.spec.ts,0.0,0,0,vuejs/core
packages\vue-compat\__tests__\instance.spec.ts,0.0,0,0,vuejs/core
packages\vue-compat\__tests__\misc.spec.ts,0.0,0,0,vuejs/core
packages\vue-compat\__tests__\options.spec.ts,0.0,0,0,vuejs/core
packages\vue-compat\__tests__\renderFn.spec.ts,0.0,0,0,vuejs/core
packages\vue-compat\__tests__\utils.ts,0.0,0,0,vuejs/core
packages\vue\compiler-sfc\index.browser.js,0.0,0,0,vuejs/core
packages\vue\compiler-sfc\index.d.ts,0.0,0,0,vuejs/core
packages\vue\compiler-sfc\index.js,0.0,0,0,vuejs/core
packages\vue\compiler-sfc\register-ts.js,0.0,0,0,vuejs/core
packages\vue\jsx-runtime\index.d.ts,0.0,0,0,vuejs/core
packages\vue\jsx-runtime\index.js,0.0,0,0,vuejs/core
packages\vue\server-renderer\index.d.ts,0.0,0,0,vuejs/core
packages\vue\server-renderer\index.js,0.0,0,0,vuejs/core
packages\vue\src\dev.ts,0.0,0,0,vuejs/core
packages\vue\src\index.ts,0.0,0,0,vuejs/core
packages\vue\src\runtime.ts,0.0,0,0,vuejs/core
packages\vue\__tests__\customElementCasing.spec.ts,0.0,0,0,vuejs/core
packages\vue\__tests__\index.spec.ts,0.0,0,0,vuejs/core
packages\vue\__tests__\mathmlNamespace.spec.ts,0.0,0,0,vuejs/core
packages\vue\__tests__\runtimeCompilerOptions.spec.ts,0.0,0,0,vuejs/core
packages\vue\__tests__\svgNamespace.spec.ts,0.0,0,0,vuejs/core
packages\vue\__tests__\e2e\commits.mock.ts,0.0,0,0,vuejs/core
packages\vue\__tests__\e2e\commits.spec.ts,0.0,0,0,vuejs/core
packages\vue\__tests__\e2e\e2eBrowserUtils.ts,0.0,0,0,vuejs/core
packages\vue\__tests__\e2e\e2eUtils.ts,0.0,0,0,vuejs/core
packages\vue\__tests__\e2e\grid.spec.ts,0.0,0,0,vuejs/core
packages\vue\__tests__\e2e\hydrationStrategies.spec.ts,0.0,0,0,vuejs/core
packages\vue\__tests__\e2e\markdown.spec.ts,0.0,0,0,vuejs/core
packages\vue\__tests__\e2e\memory-leak.spec.ts,0.0,0,0,vuejs/core
packages\vue\__tests__\e2e\ssr-custom-element.spec.ts,0.0,0,0,vuejs/core
packages\vue\__tests__\e2e\svg.spec.ts,0.0,0,0,vuejs/core
packages\vue\__tests__\e2e\todomvc.spec.ts,0.0,0,0,vuejs/core
packages\vue\__tests__\e2e\Transition.spec.ts,0.0,0,0,vuejs/core
packages\vue\__tests__\e2e\TransitionGroup.spec.ts,0.0,0,0,vuejs/core
packages\vue\__tests__\e2e\tree.spec.ts,0.0,0,0,vuejs/core
packages\vue\__tests__\e2e\trusted-types.spec.ts,0.0,0,0,vuejs/core
packages\vue\__tests__\e2e\vModel.spec.ts,0.0,0,0,vuejs/core
packages\shared\src\codeframe.ts,0.0,0,0,vuejs/core
packages\shared\src\cssVars.ts,0.0,0,0,vuejs/core
packages\shared\src\domAttrConfig.ts,0.0,0,0,vuejs/core
packages\shared\src\domTagConfig.ts,0.0,0,0,vuejs/core
packages\shared\src\escapeHtml.ts,0.0,0,0,vuejs/core
packages\shared\src\general.ts,0.0,0,0,vuejs/core
packages\shared\src\globalsAllowList.ts,0.0,0,0,vuejs/core
packages\shared\src\index.ts,0.0,0,0,vuejs/core
packages\shared\src\looseEqual.ts,0.0,0,0,vuejs/core
packages\shared\src\makeMap.ts,0.0,0,0,vuejs/core
packages\shared\src\normalizeProp.ts,0.0,0,0,vuejs/core
packages\shared\src\patchFlags.ts,0.0,0,0,vuejs/core
packages\shared\src\shapeFlags.ts,0.0,0,0,vuejs/core
packages\shared\src\slotFlags.ts,0.0,0,0,vuejs/core
packages\shared\src\toDisplayString.ts,0.0,0,0,vuejs/core
packages\shared\src\typeUtils.ts,0.0,0,0,vuejs/core
packages\shared\__tests__\codeframe.spec.ts,0.0,0,0,vuejs/core
packages\shared\__tests__\cssVars.spec.ts,0.0,0,0,vuejs/core
packages\shared\__tests__\escapeHtml.spec.ts,0.0,0,0,vuejs/core
packages\shared\__tests__\looseEqual.spec.ts,0.0,0,0,vuejs/core
packages\shared\__tests__\normalizeProp.spec.ts,0.0,0,0,vuejs/core
packages\shared\__tests__\toDisplayString.spec.ts,0.0,0,0,vuejs/core
packages\server-renderer\src\index.ts,0.0,0,0,vuejs/core
packages\server-renderer\src\internal.ts,0.0,0,0,vuejs/core
packages\server-renderer\src\render.ts,0.0,0,0,vuejs/core
packages\server-renderer\src\renderToStream.ts,0.0,0,0,vuejs/core
packages\server-renderer\src\renderToString.ts,0.0,0,0,vuejs/core
packages\server-renderer\__tests__\createBuffer.bench.ts,0.0,0,0,vuejs/core
packages\server-renderer\__tests__\render.spec.ts,0.0,0,0,vuejs/core
packages\server-renderer\__tests__\ssrAttrFallthrough.spec.ts,0.0,0,0,vuejs/core
packages\server-renderer\__tests__\ssrCompilerOptions.spec.ts,0.0,0,0,vuejs/core
packages\server-renderer\__tests__\ssrComputed.spec.ts,0.0,0,0,vuejs/core
packages\server-renderer\__tests__\ssrDirectives.spec.ts,0.0,0,0,vuejs/core
packages\server-renderer\__tests__\ssrDynamicComponent.spec.ts,0.0,0,0,vuejs/core
packages\server-renderer\__tests__\ssrInterpolate.spec.ts,0.0,0,0,vuejs/core
packages\server-renderer\__tests__\ssrRender.spec.ts,0.0,0,0,vuejs/core
packages\server-renderer\__tests__\ssrRenderAttrs.spec.ts,0.0,0,0,vuejs/core
packages\server-renderer\__tests__\ssrRenderList.spec.ts,0.0,0,0,vuejs/core
packages\server-renderer\__tests__\ssrScopeId.spec.ts,0.0,0,0,vuejs/core
packages\server-renderer\__tests__\ssrSlot.spec.ts,0.0,0,0,vuejs/core
packages\server-renderer\__tests__\ssrSuspense.spec.ts,0.0,0,0,vuejs/core
packages\server-renderer\__tests__\ssrTeleport.spec.ts,0.0,0,0,vuejs/core
packages\server-renderer\__tests__\ssrVModelHelpers.spec.ts,0.0,0,0,vuejs/core
packages\server-renderer\__tests__\ssrWatch.spec.ts,0.0,0,0,vuejs/core
packages\server-renderer\__tests__\unrollBuffer.bench.ts,0.0,0,0,vuejs/core
packages\server-renderer\__tests__\webStream.spec.ts,0.0,0,0,vuejs/core
packages\server-renderer\src\helpers\ssrCompile.ts,0.0,0,0,vuejs/core
packages\server-renderer\src\helpers\ssrGetDirectiveProps.ts,0.0,0,0,vuejs/core
packages\server-renderer\src\helpers\ssrInterpolate.ts,0.0,0,0,vuejs/core
packages\server-renderer\src\helpers\ssrRenderAttrs.ts,0.0,0,0,vuejs/core
packages\server-renderer\src\helpers\ssrRenderComponent.ts,0.0,0,0,vuejs/core
packages\server-renderer\src\helpers\ssrRenderList.ts,0.0,0,0,vuejs/core
packages\server-renderer\src\helpers\ssrRenderSlot.ts,0.0,0,0,vuejs/core
packages\server-renderer\src\helpers\ssrRenderSuspense.ts,0.0,0,0,vuejs/core
packages\server-renderer\src\helpers\ssrRenderTeleport.ts,0.0,0,0,vuejs/core
packages\server-renderer\src\helpers\ssrVModelHelpers.ts,0.0,0,0,vuejs/core
packages\runtime-test\src\index.ts,0.0,0,0,vuejs/core
packages\runtime-test\src\nodeOps.ts,0.0,0,0,vuejs/core
packages\runtime-test\src\patchProp.ts,0.0,0,0,vuejs/core
packages\runtime-test\src\serialize.ts,0.0,0,0,vuejs/core
packages\runtime-test\src\triggerEvent.ts,0.0,0,0,vuejs/core
packages\runtime-test\__tests__\testRuntime.spec.ts,0.0,0,0,vuejs/core
packages\runtime-dom\src\apiCustomElement.ts,0.0,0,0,vuejs/core
packages\runtime-dom\src\index.ts,0.0,0,0,vuejs/core
packages\runtime-dom\src\jsx.ts,0.0,0,0,vuejs/core
packages\runtime-dom\src\nodeOps.ts,0.0,0,0,vuejs/core
packages\runtime-dom\src\patchProp.ts,0.0,0,0,vuejs/core
packages\runtime-dom\__tests__\createApp.spec.ts,0.0,0,0,vuejs/core
packages\runtime-dom\__tests__\customElement.spec.ts,0.0,0,0,vuejs/core
packages\runtime-dom\__tests__\customizedBuiltIn.spec.ts,0.0,0,0,vuejs/core
packages\runtime-dom\__tests__\nodeOps.spec.ts,0.0,0,0,vuejs/core
packages\runtime-dom\__tests__\patchAttrs.spec.ts,0.0,0,0,vuejs/core
packages\runtime-dom\__tests__\patchClass.spec.ts,0.0,0,0,vuejs/core
packages\runtime-dom\__tests__\patchEvents.spec.ts,0.0,0,0,vuejs/core
packages\runtime-dom\__tests__\patchProps.spec.ts,0.0,0,0,vuejs/core
packages\runtime-dom\__tests__\patchStyle.spec.ts,0.0,0,0,vuejs/core
packages\runtime-dom\__tests__\rendererStaticNode.spec.ts,0.0,0,0,vuejs/core
packages\runtime-dom\__tests__\directives\vCloak.spec.ts,0.0,0,0,vuejs/core
packages\runtime-dom\__tests__\directives\vModel.spec.ts,0.0,0,0,vuejs/core
packages\runtime-dom\__tests__\directives\vOn.spec.ts,0.0,0,0,vuejs/core
packages\runtime-dom\__tests__\directives\vShow.spec.ts,0.0,0,0,vuejs/core
packages\runtime-dom\__tests__\helpers\useCssModule.spec.ts,0.0,0,0,vuejs/core
packages\runtime-dom\__tests__\helpers\useCssVars.spec.ts,0.0,0,0,vuejs/core
packages\runtime-dom\src\components\Transition.ts,0.0,0,0,vuejs/core
packages\runtime-dom\src\components\TransitionGroup.ts,0.0,0,0,vuejs/core
packages\runtime-dom\src\directives\vModel.ts,0.0,0,0,vuejs/core
packages\runtime-dom\src\directives\vOn.ts,0.0,0,0,vuejs/core
packages\runtime-dom\src\directives\vShow.ts,0.0,0,0,vuejs/core
packages\runtime-dom\src\helpers\useCssModule.ts,0.0,0,0,vuejs/core
packages\runtime-dom\src\helpers\useCssVars.ts,0.0,0,0,vuejs/core
packages\runtime-dom\src\modules\attrs.ts,0.0,0,0,vuejs/core
packages\runtime-dom\src\modules\class.ts,0.0,0,0,vuejs/core
packages\runtime-dom\src\modules\events.ts,0.0,0,0,vuejs/core
packages\runtime-dom\src\modules\props.ts,0.0,0,0,vuejs/core
packages\runtime-dom\src\modules\style.ts,0.0,0,0,vuejs/core
packages\runtime-core\src\apiAsyncComponent.ts,0.0,0,0,vuejs/core
packages\runtime-core\src\apiComputed.ts,0.0,0,0,vuejs/core
packages\runtime-core\src\apiCreateApp.ts,0.0,0,0,vuejs/core
packages\runtime-core\src\apiDefineComponent.ts,0.0,0,0,vuejs/core
packages\runtime-core\src\apiInject.ts,0.0,0,0,vuejs/core
packages\runtime-core\src\apiLifecycle.ts,0.0,0,0,vuejs/core
packages\runtime-core\src\apiSetupHelpers.ts,0.0,0,0,vuejs/core
packages\runtime-core\src\apiWatch.ts,0.0,0,0,vuejs/core
packages\runtime-core\src\component.ts,0.0,0,0,vuejs/core
packages\runtime-core\src\componentEmits.ts,0.0,0,0,vuejs/core
packages\runtime-core\src\componentOptions.ts,0.0,0,0,vuejs/core
packages\runtime-core\src\componentProps.ts,0.0,0,0,vuejs/core
packages\runtime-core\src\componentPublicInstance.ts,0.0,0,0,vuejs/core
packages\runtime-core\src\componentRenderContext.ts,0.0,0,0,vuejs/core
packages\runtime-core\src\componentRenderUtils.ts,0.0,0,0,vuejs/core
packages\runtime-core\src\componentSlots.ts,0.0,0,0,vuejs/core
packages\runtime-core\src\customFormatter.ts,0.0,0,0,vuejs/core
packages\runtime-core\src\devtools.ts,0.0,0,0,vuejs/core
packages\runtime-core\src\directives.ts,0.0,0,0,vuejs/core
packages\runtime-core\src\enums.ts,0.0,0,0,vuejs/core
packages\runtime-core\src\errorHandling.ts,0.0,0,0,vuejs/core
packages\runtime-core\src\featureFlags.ts,0.0,0,0,vuejs/core
packages\runtime-core\src\h.ts,0.0,0,0,vuejs/core
packages\runtime-core\src\hmr.ts,0.0,0,0,vuejs/core
packages\runtime-core\src\hydration.ts,0.0,0,0,vuejs/core
packages\runtime-core\src\hydrationStrategies.ts,0.0,0,0,vuejs/core
packages\runtime-core\src\index.ts,0.0,0,0,vuejs/core
packages\runtime-core\src\internalObject.ts,0.0,0,0,vuejs/core
packages\runtime-core\src\profiling.ts,0.0,0,0,vuejs/core
packages\runtime-core\src\renderer.ts,0.0,0,0,vuejs/core
packages\runtime-core\src\rendererTemplateRef.ts,0.0,0,0,vuejs/core
packages\runtime-core\src\scheduler.ts,0.0,0,0,vuejs/core
packages\runtime-core\src\vnode.ts,0.0,0,0,vuejs/core
packages\runtime-core\src\warning.ts,0.0,0,0,vuejs/core
packages\runtime-core\types\globalComponents.d.ts,0.0,0,0,vuejs/core
packages\runtime-core\types\scriptSetupHelpers.d.ts,0.0,0,0,vuejs/core
packages\runtime-core\__tests__\apiAsyncComponent.spec.ts,0.0,0,0,vuejs/core
packages\runtime-core\__tests__\apiCreateApp.spec.ts,0.0,0,0,vuejs/core
packages\runtime-core\__tests__\apiExpose.spec.ts,0.0,0,0,vuejs/core
packages\runtime-core\__tests__\apiInject.spec.ts,0.0,0,0,vuejs/core
packages\runtime-core\__tests__\apiLifecycle.spec.ts,0.0,0,0,vuejs/core
packages\runtime-core\__tests__\apiOptions.spec.ts,0.0,0,0,vuejs/core
packages\runtime-core\__tests__\apiSetupContext.spec.ts,0.0,0,0,vuejs/core
packages\runtime-core\__tests__\apiSetupHelpers.spec.ts,0.0,0,0,vuejs/core
packages\runtime-core\__tests__\apiWatch.bench.ts,0.0,0,0,vuejs/core
packages\runtime-core\__tests__\apiWatch.spec.ts,0.0,0,0,vuejs/core
packages\runtime-core\__tests__\component.spec.ts,0.0,0,0,vuejs/core
packages\runtime-core\__tests__\componentEmits.spec.ts,0.0,0,0,vuejs/core
packages\runtime-core\__tests__\componentProps.spec.ts,0.0,0,0,vuejs/core
packages\runtime-core\__tests__\componentPublicInstance.spec.ts,0.0,0,0,vuejs/core
packages\runtime-core\__tests__\componentSlots.spec.ts,0.0,0,0,vuejs/core
packages\runtime-core\__tests__\directives.spec.ts,0.0,0,0,vuejs/core
packages\runtime-core\__tests__\errorHandling.spec.ts,0.0,0,0,vuejs/core
packages\runtime-core\__tests__\h.spec.ts,0.0,0,0,vuejs/core
packages\runtime-core\__tests__\hmr.spec.ts,0.0,0,0,vuejs/core
packages\runtime-core\__tests__\hydration.spec.ts,0.0,0,0,vuejs/core
packages\runtime-core\__tests__\misc.spec.ts,0.0,0,0,vuejs/core
packages\runtime-core\__tests__\rendererAttrsFallthrough.spec.ts,0.0,0,0,vuejs/core
packages\runtime-core\__tests__\rendererChildren.spec.ts,0.0,0,0,vuejs/core
packages\runtime-core\__tests__\rendererComponent.spec.ts,0.0,0,0,vuejs/core
packages\runtime-core\__tests__\rendererElement.spec.ts,0.0,0,0,vuejs/core
packages\runtime-core\__tests__\rendererFragment.spec.ts,0.0,0,0,vuejs/core
packages\runtime-core\__tests__\rendererOptimizedMode.spec.ts,0.0,0,0,vuejs/core
packages\runtime-core\__tests__\rendererTemplateRef.spec.ts,0.0,0,0,vuejs/core
packages\runtime-core\__tests__\scheduler.spec.ts,0.0,0,0,vuejs/core
packages\runtime-core\__tests__\scopeId.spec.ts,0.0,0,0,vuejs/core
packages\runtime-core\__tests__\vnode.spec.ts,0.0,0,0,vuejs/core
packages\runtime-core\__tests__\vnodeHooks.spec.ts,0.0,0,0,vuejs/core
packages\runtime-core\__tests__\components\BaseTransition.spec.ts,0.0,0,0,vuejs/core
packages\runtime-core\__tests__\components\KeepAlive.spec.ts,0.0,0,0,vuejs/core
packages\runtime-core\__tests__\components\Suspense.spec.ts,0.0,0,0,vuejs/core
packages\runtime-core\__tests__\components\Teleport.spec.ts,0.0,0,0,vuejs/core
packages\runtime-core\__tests__\helpers\createSlots.spec.ts,0.0,0,0,vuejs/core
packages\runtime-core\__tests__\helpers\renderList.spec.ts,0.0,0,0,vuejs/core
packages\runtime-core\__tests__\helpers\renderSlot.spec.ts,0.0,0,0,vuejs/core
packages\runtime-core\__tests__\helpers\resolveAssets.spec.ts,0.0,0,0,vuejs/core
packages\runtime-core\__tests__\helpers\toHandlers.spec.ts,0.0,0,0,vuejs/core
packages\runtime-core\__tests__\helpers\useId.spec.ts,0.0,0,0,vuejs/core
packages\runtime-core\__tests__\helpers\useModel.spec.ts,0.0,0,0,vuejs/core
packages\runtime-core\__tests__\helpers\useTemplateRef.spec.ts,0.0,0,0,vuejs/core
packages\runtime-core\__tests__\helpers\withMemo.spec.ts,0.0,0,0,vuejs/core
packages\runtime-core\src\compat\attrsFallthrough.ts,0.0,0,0,vuejs/core
packages\runtime-core\src\compat\compatConfig.ts,0.0,0,0,vuejs/core
packages\runtime-core\src\compat\component.ts,0.0,0,0,vuejs/core
packages\runtime-core\src\compat\componentAsync.ts,0.0,0,0,vuejs/core
packages\runtime-core\src\compat\componentFunctional.ts,0.0,0,0,vuejs/core
packages\runtime-core\src\compat\componentVModel.ts,0.0,0,0,vuejs/core
packages\runtime-core\src\compat\customDirective.ts,0.0,0,0,vuejs/core
packages\runtime-core\src\compat\data.ts,0.0,0,0,vuejs/core
packages\runtime-core\src\compat\global.ts,0.0,0,0,vuejs/core
packages\runtime-core\src\compat\globalConfig.ts,0.0,0,0,vuejs/core
packages\runtime-core\src\compat\instance.ts,0.0,0,0,vuejs/core
packages\runtime-core\src\compat\instanceChildren.ts,0.0,0,0,vuejs/core
packages\runtime-core\src\compat\instanceEventEmitter.ts,0.0,0,0,vuejs/core
packages\runtime-core\src\compat\instanceListeners.ts,0.0,0,0,vuejs/core
packages\runtime-core\src\compat\props.ts,0.0,0,0,vuejs/core
packages\runtime-core\src\compat\renderFn.ts,0.0,0,0,vuejs/core
packages\runtime-core\src\compat\renderHelpers.ts,0.0,0,0,vuejs/core
packages\runtime-core\src\components\BaseTransition.ts,0.0,0,0,vuejs/core
packages\runtime-core\src\components\KeepAlive.ts,0.0,0,0,vuejs/core
packages\runtime-core\src\components\Suspense.ts,0.0,0,0,vuejs/core
packages\runtime-core\src\components\Teleport.ts,0.0,0,0,vuejs/core
packages\runtime-core\src\helpers\createSlots.ts,0.0,0,0,vuejs/core
packages\runtime-core\src\helpers\renderList.ts,0.0,0,0,vuejs/core
packages\runtime-core\src\helpers\renderSlot.ts,0.0,0,0,vuejs/core
packages\runtime-core\src\helpers\resolveAssets.ts,0.0,0,0,vuejs/core
packages\runtime-core\src\helpers\toHandlers.ts,0.0,0,0,vuejs/core
packages\runtime-core\src\helpers\useId.ts,0.0,0,0,vuejs/core
packages\runtime-core\src\helpers\useModel.ts,0.0,0,0,vuejs/core
packages\runtime-core\src\helpers\useSsrContext.ts,0.0,0,0,vuejs/core
packages\runtime-core\src\helpers\useTemplateRef.ts,0.0,0,0,vuejs/core
packages\runtime-core\src\helpers\withMemo.ts,0.0,0,0,vuejs/core
packages\reactivity\src\arrayInstrumentations.ts,0.0,0,0,vuejs/core
packages\reactivity\src\baseHandlers.ts,0.0,0,0,vuejs/core
packages\reactivity\src\collectionHandlers.ts,0.0,0,0,vuejs/core
packages\reactivity\src\computed.ts,0.0,0,0,vuejs/core
packages\reactivity\src\constants.ts,0.0,0,0,vuejs/core
packages\reactivity\src\dep.ts,0.0,0,0,vuejs/core
packages\reactivity\src\effect.ts,0.0,0,0,vuejs/core
packages\reactivity\src\effectScope.ts,0.0,0,0,vuejs/core
packages\reactivity\src\index.ts,0.0,0,0,vuejs/core
packages\reactivity\src\reactive.ts,0.0,0,0,vuejs/core
packages\reactivity\src\ref.ts,0.0,0,0,vuejs/core
packages\reactivity\src\warning.ts,0.0,0,0,vuejs/core
packages\reactivity\src\watch.ts,0.0,0,0,vuejs/core
packages\reactivity\__benchmarks__\computed.bench.ts,0.0,0,0,vuejs/core
packages\reactivity\__benchmarks__\effect.bench.ts,0.0,0,0,vuejs/core
packages\reactivity\__benchmarks__\reactiveArray.bench.ts,0.0,0,0,vuejs/core
packages\reactivity\__benchmarks__\reactiveMap.bench.ts,0.0,0,0,vuejs/core
packages\reactivity\__benchmarks__\reactiveObject.bench.ts,0.0,0,0,vuejs/core
packages\reactivity\__benchmarks__\ref.bench.ts,0.0,0,0,vuejs/core
packages\reactivity\__tests__\computed.spec.ts,0.0,0,0,vuejs/core
packages\reactivity\__tests__\effect.spec.ts,0.0,0,0,vuejs/core
packages\reactivity\__tests__\effectScope.spec.ts,0.0,0,0,vuejs/core
packages\reactivity\__tests__\gc.spec.ts,0.0,0,0,vuejs/core
packages\reactivity\__tests__\reactive.spec.ts,0.0,0,0,vuejs/core
packages\reactivity\__tests__\reactiveArray.spec.ts,0.0,0,0,vuejs/core
packages\reactivity\__tests__\readonly.spec.ts,0.0,0,0,vuejs/core
packages\reactivity\__tests__\ref.spec.ts,0.0,0,0,vuejs/core
packages\reactivity\__tests__\shallowReactive.spec.ts,0.0,0,0,vuejs/core
packages\reactivity\__tests__\shallowReadonly.spec.ts,0.0,0,0,vuejs/core
packages\reactivity\__tests__\watch.spec.ts,0.0,0,0,vuejs/core
packages\reactivity\__tests__\collections\Map.spec.ts,0.0,0,0,vuejs/core
packages\reactivity\__tests__\collections\Set.spec.ts,0.0,0,0,vuejs/core
packages\reactivity\__tests__\collections\shallowReadonly.spec.ts,0.0,0,0,vuejs/core
packages\reactivity\__tests__\collections\WeakMap.spec.ts,0.0,0,0,vuejs/core
packages\reactivity\__tests__\collections\WeakSet.spec.ts,0.0,0,0,vuejs/core
packages\compiler-ssr\src\errors.ts,0.0,0,0,vuejs/core
packages\compiler-ssr\src\index.ts,0.0,0,0,vuejs/core
packages\compiler-ssr\src\runtimeHelpers.ts,0.0,0,0,vuejs/core
packages\compiler-ssr\src\ssrCodegenTransform.ts,0.0,0,0,vuejs/core
packages\compiler-ssr\__tests__\ssrComponent.spec.ts,0.0,0,0,vuejs/core
packages\compiler-ssr\__tests__\ssrElement.spec.ts,0.0,0,0,vuejs/core
packages\compiler-ssr\__tests__\ssrFallthroughAttrs.spec.ts,0.0,0,0,vuejs/core
packages\compiler-ssr\__tests__\ssrInjectCssVars.spec.ts,0.0,0,0,vuejs/core
packages\compiler-ssr\__tests__\ssrPortal.spec.ts,0.0,0,0,vuejs/core
packages\compiler-ssr\__tests__\ssrScopeId.spec.ts,0.0,0,0,vuejs/core
packages\compiler-ssr\__tests__\ssrSlotOutlet.spec.ts,0.0,0,0,vuejs/core
packages\compiler-ssr\__tests__\ssrSuspense.spec.ts,0.0,0,0,vuejs/core
packages\compiler-ssr\__tests__\ssrText.spec.ts,0.0,0,0,vuejs/core
packages\compiler-ssr\__tests__\ssrTransition.spec.ts,0.0,0,0,vuejs/core
packages\compiler-ssr\__tests__\ssrTransitionGroup.spec.ts,0.0,0,0,vuejs/core
packages\compiler-ssr\__tests__\ssrVFor.spec.ts,0.0,0,0,vuejs/core
packages\compiler-ssr\__tests__\ssrVIf.spec.ts,0.0,0,0,vuejs/core
packages\compiler-ssr\__tests__\ssrVModel.spec.ts,0.0,0,0,vuejs/core
packages\compiler-ssr\__tests__\ssrVShow.spec.ts,0.0,0,0,vuejs/core
packages\compiler-ssr\__tests__\utils.ts,0.0,0,0,vuejs/core
packages\compiler-ssr\src\transforms\ssrInjectCssVars.ts,0.0,0,0,vuejs/core
packages\compiler-ssr\src\transforms\ssrInjectFallthroughAttrs.ts,0.0,0,0,vuejs/core
packages\compiler-ssr\src\transforms\ssrTransformComponent.ts,0.0,0,0,vuejs/core
packages\compiler-ssr\src\transforms\ssrTransformElement.ts,0.0,0,0,vuejs/core
packages\compiler-ssr\src\transforms\ssrTransformSlotOutlet.ts,0.0,0,0,vuejs/core
packages\compiler-ssr\src\transforms\ssrTransformSuspense.ts,0.0,0,0,vuejs/core
packages\compiler-ssr\src\transforms\ssrTransformTeleport.ts,0.0,0,0,vuejs/core
packages\compiler-ssr\src\transforms\ssrTransformTransition.ts,0.0,0,0,vuejs/core
packages\compiler-ssr\src\transforms\ssrTransformTransitionGroup.ts,0.0,0,0,vuejs/core
packages\compiler-ssr\src\transforms\ssrVFor.ts,0.0,0,0,vuejs/core
packages\compiler-ssr\src\transforms\ssrVIf.ts,0.0,0,0,vuejs/core
packages\compiler-ssr\src\transforms\ssrVModel.ts,0.0,0,0,vuejs/core
packages\compiler-ssr\src\transforms\ssrVShow.ts,0.0,0,0,vuejs/core
packages\compiler-sfc\src\cache.ts,0.0,0,0,vuejs/core
packages\compiler-sfc\src\compileScript.ts,0.0,0,0,vuejs/core
packages\compiler-sfc\src\compileStyle.ts,0.0,0,0,vuejs/core
packages\compiler-sfc\src\compileTemplate.ts,0.0,0,0,vuejs/core
packages\compiler-sfc\src\index.ts,0.0,0,0,vuejs/core
packages\compiler-sfc\src\parse.ts,0.0,0,0,vuejs/core
packages\compiler-sfc\src\rewriteDefault.ts,0.0,0,0,vuejs/core
packages\compiler-sfc\src\shims.d.ts,0.0,0,0,vuejs/core
packages\compiler-sfc\src\warn.ts,0.0,0,0,vuejs/core
packages\compiler-sfc\__tests__\compileScript.spec.ts,0.0,0,0,vuejs/core
packages\compiler-sfc\__tests__\compileStyle.spec.ts,0.0,0,0,vuejs/core
packages\compiler-sfc\__tests__\compileTemplate.spec.ts,0.0,0,0,vuejs/core
packages\compiler-sfc\__tests__\cssVars.spec.ts,0.0,0,0,vuejs/core
packages\compiler-sfc\__tests__\parse.spec.ts,0.0,0,0,vuejs/core
packages\compiler-sfc\__tests__\rewriteDefault.spec.ts,0.0,0,0,vuejs/core
packages\compiler-sfc\__tests__\templateTransformAssetUrl.spec.ts,0.0,0,0,vuejs/core
packages\compiler-sfc\__tests__\templateTransformSrcset.spec.ts,0.0,0,0,vuejs/core
packages\compiler-sfc\__tests__\templateUtils.spec.ts,0.0,0,0,vuejs/core
packages\compiler-sfc\__tests__\utils.ts,0.0,0,0,vuejs/core
packages\compiler-sfc\__tests__\compileScript\defineEmits.spec.ts,0.0,0,0,vuejs/core
packages\compiler-sfc\__tests__\compileScript\defineExpose.spec.ts,0.0,0,0,vuejs/core
packages\compiler-sfc\__tests__\compileScript\defineModel.spec.ts,0.0,0,0,vuejs/core
packages\compiler-sfc\__tests__\compileScript\defineOptions.spec.ts,0.0,0,0,vuejs/core
packages\compiler-sfc\__tests__\compileScript\defineProps.spec.ts,0.0,0,0,vuejs/core
packages\compiler-sfc\__tests__\compileScript\definePropsDestructure.spec.ts,0.0,0,0,vuejs/core
packages\compiler-sfc\__tests__\compileScript\defineSlots.spec.ts,0.0,0,0,vuejs/core
packages\compiler-sfc\__tests__\compileScript\hoistStatic.spec.ts,0.0,0,0,vuejs/core
packages\compiler-sfc\__tests__\compileScript\importUsageCheck.spec.ts,0.0,0,0,vuejs/core
packages\compiler-sfc\__tests__\compileScript\resolveType.spec.ts,0.0,0,0,vuejs/core
packages\compiler-sfc\src\script\analyzeScriptBindings.ts,0.0,0,0,vuejs/core
packages\compiler-sfc\src\script\context.ts,0.0,0,0,vuejs/core
packages\compiler-sfc\src\script\defineEmits.ts,0.0,0,0,vuejs/core
packages\compiler-sfc\src\script\defineExpose.ts,0.0,0,0,vuejs/core
packages\compiler-sfc\src\script\defineModel.ts,0.0,0,0,vuejs/core
packages\compiler-sfc\src\script\defineOptions.ts,0.0,0,0,vuejs/core
packages\compiler-sfc\src\script\defineProps.ts,0.0,0,0,vuejs/core
packages\compiler-sfc\src\script\definePropsDestructure.ts,0.0,0,0,vuejs/core
packages\compiler-sfc\src\script\defineSlots.ts,0.0,0,0,vuejs/core
packages\compiler-sfc\src\script\importUsageCheck.ts,0.0,0,0,vuejs/core
packages\compiler-sfc\src\script\normalScript.ts,0.0,0,0,vuejs/core
packages\compiler-sfc\src\script\resolveType.ts,0.0,0,0,vuejs/core
packages\compiler-sfc\src\script\topLevelAwait.ts,0.0,0,0,vuejs/core
packages\compiler-sfc\src\script\utils.ts,0.0,0,0,vuejs/core
packages\compiler-sfc\src\style\cssVars.ts,0.0,0,0,vuejs/core
packages\compiler-sfc\src\style\pluginScoped.ts,0.0,0,0,vuejs/core
packages\compiler-sfc\src\style\pluginTrim.ts,0.0,0,0,vuejs/core
packages\compiler-sfc\src\style\preprocessors.ts,0.0,0,0,vuejs/core
packages\compiler-sfc\src\template\resolveTemplateAST.ts,0.0,0,0,vuejs/core
packages\compiler-sfc\src\template\templateUtils.ts,0.0,0,0,vuejs/core
packages\compiler-sfc\src\template\transformAssetUrl.ts,0.0,0,0,vuejs/core
packages\compiler-sfc\src\template\transformSrcset.ts,0.0,0,0,vuejs/core
packages\compiler-dom\src\decodeHtmlBrowser.ts,0.0,0,0,vuejs/core
packages\compiler-dom\src\errors.ts,0.0,0,0,vuejs/core
packages\compiler-dom\src\htmlNesting.ts,0.0,0,0,vuejs/core
packages\compiler-dom\src\index.ts,0.0,0,0,vuejs/core
packages\compiler-dom\src\parserOptions.ts,0.0,0,0,vuejs/core
packages\compiler-dom\src\runtimeHelpers.ts,0.0,0,0,vuejs/core
packages\compiler-dom\__tests__\decoderHtmlBrowser.spec.ts,0.0,0,0,vuejs/core
packages\compiler-dom\__tests__\index.spec.ts,0.0,0,0,vuejs/core
packages\compiler-dom\__tests__\parse.spec.ts,0.0,0,0,vuejs/core
packages\compiler-dom\__tests__\transforms\ignoreSideEffectTags.spec.ts,0.0,0,0,vuejs/core
packages\compiler-dom\__tests__\transforms\stringifyStatic.spec.ts,0.0,0,0,vuejs/core
packages\compiler-dom\__tests__\transforms\transformStyle.spec.ts,0.0,0,0,vuejs/core
packages\compiler-dom\__tests__\transforms\Transition.spec.ts,0.0,0,0,vuejs/core
packages\compiler-dom\__tests__\transforms\validateHtmlNesting.spec.ts,0.0,0,0,vuejs/core
packages\compiler-dom\__tests__\transforms\vHtml.spec.ts,0.0,0,0,vuejs/core
packages\compiler-dom\__tests__\transforms\vModel.spec.ts,0.0,0,0,vuejs/core
packages\compiler-dom\__tests__\transforms\vOn.spec.ts,0.0,0,0,vuejs/core
packages\compiler-dom\__tests__\transforms\vShow.spec.ts,0.0,0,0,vuejs/core
packages\compiler-dom\__tests__\transforms\vText.spec.ts,0.0,0,0,vuejs/core
packages\compiler-dom\src\transforms\ignoreSideEffectTags.ts,0.0,0,0,vuejs/core
packages\compiler-dom\src\transforms\stringifyStatic.ts,0.0,0,0,vuejs/core
packages\compiler-dom\src\transforms\transformStyle.ts,0.0,0,0,vuejs/core
packages\compiler-dom\src\transforms\Transition.ts,0.0,0,0,vuejs/core
packages\compiler-dom\src\transforms\validateHtmlNesting.ts,0.0,0,0,vuejs/core
packages\compiler-dom\src\transforms\vHtml.ts,0.0,0,0,vuejs/core
packages\compiler-dom\src\transforms\vModel.ts,0.0,0,0,vuejs/core
packages\compiler-dom\src\transforms\vOn.ts,0.0,0,0,vuejs/core
packages\compiler-dom\src\transforms\vShow.ts,0.0,0,0,vuejs/core
packages\compiler-dom\src\transforms\vText.ts,0.0,0,0,vuejs/core
packages\compiler-core\src\ast.ts,0.0,0,0,vuejs/core
packages\compiler-core\src\babelUtils.ts,0.0,0,0,vuejs/core
packages\compiler-core\src\codegen.ts,0.0,0,0,vuejs/core
packages\compiler-core\src\compile.ts,0.0,0,0,vuejs/core
packages\compiler-core\src\errors.ts,0.0,0,0,vuejs/core
packages\compiler-core\src\index.ts,0.0,0,0,vuejs/core
packages\compiler-core\src\options.ts,0.0,0,0,vuejs/core
packages\compiler-core\src\parser.ts,0.0,0,0,vuejs/core
packages\compiler-core\src\runtimeHelpers.ts,0.0,0,0,vuejs/core
packages\compiler-core\src\tokenizer.ts,0.0,0,0,vuejs/core
packages\compiler-core\src\transform.ts,0.0,0,0,vuejs/core
packages\compiler-core\src\utils.ts,0.0,0,0,vuejs/core
packages\compiler-core\src\validateExpression.ts,0.0,0,0,vuejs/core
packages\compiler-core\__tests__\codegen.spec.ts,0.0,0,0,vuejs/core
packages\compiler-core\__tests__\compile.spec.ts,0.0,0,0,vuejs/core
packages\compiler-core\__tests__\parse.spec.ts,0.0,0,0,vuejs/core
packages\compiler-core\__tests__\scopeId.spec.ts,0.0,0,0,vuejs/core
packages\compiler-core\__tests__\testUtils.ts,0.0,0,0,vuejs/core
packages\compiler-core\__tests__\transform.spec.ts,0.0,0,0,vuejs/core
packages\compiler-core\__tests__\utils.spec.ts,0.0,0,0,vuejs/core
packages\compiler-core\__tests__\transforms\cacheStatic.spec.ts,0.0,0,0,vuejs/core
packages\compiler-core\__tests__\transforms\noopDirectiveTransform.spec.ts,0.0,0,0,vuejs/core
packages\compiler-core\__tests__\transforms\transformElement.spec.ts,0.0,0,0,vuejs/core
packages\compiler-core\__tests__\transforms\transformExpressions.spec.ts,0.0,0,0,vuejs/core
packages\compiler-core\__tests__\transforms\transformSlotOutlet.spec.ts,0.0,0,0,vuejs/core
packages\compiler-core\__tests__\transforms\transformText.spec.ts,0.0,0,0,vuejs/core
packages\compiler-core\__tests__\transforms\vBind.spec.ts,0.0,0,0,vuejs/core
packages\compiler-core\__tests__\transforms\vFor.spec.ts,0.0,0,0,vuejs/core
packages\compiler-core\__tests__\transforms\vIf.spec.ts,0.0,0,0,vuejs/core
packages\compiler-core\__tests__\transforms\vMemo.spec.ts,0.0,0,0,vuejs/core
packages\compiler-core\__tests__\transforms\vModel.spec.ts,0.0,0,0,vuejs/core
packages\compiler-core\__tests__\transforms\vOn.spec.ts,0.0,0,0,vuejs/core
packages\compiler-core\__tests__\transforms\vOnce.spec.ts,0.0,0,0,vuejs/core
packages\compiler-core\__tests__\transforms\vSlot.spec.ts,0.0,0,0,vuejs/core
packages\compiler-core\src\compat\compatConfig.ts,0.0,0,0,vuejs/core
packages\compiler-core\src\compat\transformFilter.ts,0.0,0,0,vuejs/core
packages\compiler-core\src\transforms\cacheStatic.ts,0.0,0,0,vuejs/core
packages\compiler-core\src\transforms\noopDirectiveTransform.ts,0.0,0,0,vuejs/core
packages\compiler-core\src\transforms\transformElement.ts,0.0,0,0,vuejs/core
packages\compiler-core\src\transforms\transformExpression.ts,0.0,0,0,vuejs/core
packages\compiler-core\src\transforms\transformSlotOutlet.ts,0.0,0,0,vuejs/core
packages\compiler-core\src\transforms\transformText.ts,0.0,0,0,vuejs/core
packages\compiler-core\src\transforms\transformVBindShorthand.ts,0.0,0,0,vuejs/core
packages\compiler-core\src\transforms\vBind.ts,0.0,0,0,vuejs/core
packages\compiler-core\src\transforms\vFor.ts,0.0,0,0,vuejs/core
packages\compiler-core\src\transforms\vIf.ts,0.0,0,0,vuejs/core
packages\compiler-core\src\transforms\vMemo.ts,0.0,0,0,vuejs/core
packages\compiler-core\src\transforms\vModel.ts,0.0,0,0,vuejs/core
packages\compiler-core\src\transforms\vOn.ts,0.0,0,0,vuejs/core
packages\compiler-core\src\transforms\vOnce.ts,0.0,0,0,vuejs/core
packages\compiler-core\src\transforms\vSlot.ts,0.0,0,0,vuejs/core
pkg\action\action.go,0.0,0,0,helm/helm
pkg\action\action_test.go,0.0,0,0,helm/helm
pkg\action\dependency.go,0.0,0,0,helm/helm
pkg\action\dependency_test.go,0.0,0,0,helm/helm
pkg\action\doc.go,0.0,0,0,helm/helm
pkg\action\get.go,0.0,0,0,helm/helm
pkg\action\get_metadata.go,0.0,0,0,helm/helm
pkg\action\get_metadata_test.go,0.0,0,0,helm/helm
pkg\action\get_test.go,0.0,0,0,helm/helm
pkg\action\get_values.go,0.0,0,0,helm/helm
pkg\action\get_values_test.go,0.0,0,0,helm/helm
pkg\action\history.go,0.0,0,0,helm/helm
pkg\action\history_test.go,0.0,0,0,helm/helm
pkg\action\hooks.go,0.0,0,0,helm/helm
pkg\action\hooks_test.go,0.0,0,0,helm/helm
pkg\action\install.go,0.0,0,0,helm/helm
pkg\action\install_test.go,0.0,0,0,helm/helm
pkg\action\lazyclient.go,0.0,0,0,helm/helm
pkg\action\lint.go,0.0,0,0,helm/helm
pkg\action\lint_test.go,0.0,0,0,helm/helm
pkg\action\list.go,0.0,0,0,helm/helm
pkg\action\list_test.go,0.0,0,0,helm/helm
pkg\action\package.go,0.0,0,0,helm/helm
pkg\action\package_test.go,0.0,0,0,helm/helm
pkg\action\pull.go,0.0,0,0,helm/helm
pkg\action\pull_test.go,0.0,0,0,helm/helm
pkg\action\push.go,0.0,0,0,helm/helm
pkg\action\push_test.go,0.0,0,0,helm/helm
pkg\action\registry_login.go,0.0,0,0,helm/helm
pkg\action\registry_login_test.go,0.0,0,0,helm/helm
pkg\action\registry_logout.go,0.0,0,0,helm/helm
pkg\action\registry_logout_test.go,0.0,0,0,helm/helm
pkg\action\release_testing.go,0.0,0,0,helm/helm
pkg\action\release_testing_test.go,0.0,0,0,helm/helm
pkg\action\resource_policy.go,0.0,0,0,helm/helm
pkg\action\rollback.go,0.0,0,0,helm/helm
pkg\action\rollback_test.go,0.0,0,0,helm/helm
pkg\action\show.go,0.0,0,0,helm/helm
pkg\action\show_test.go,0.0,0,0,helm/helm
pkg\action\status.go,0.0,0,0,helm/helm
pkg\action\status_test.go,0.0,0,0,helm/helm
pkg\action\uninstall.go,0.0,0,0,helm/helm
pkg\action\uninstall_test.go,0.0,0,0,helm/helm
pkg\action\upgrade.go,0.0,0,0,helm/helm
pkg\action\upgrade_test.go,0.0,0,0,helm/helm
pkg\action\validate.go,0.0,0,0,helm/helm
pkg\action\validate_test.go,0.0,0,0,helm/helm
pkg\action\verify.go,0.0,0,0,helm/helm
pkg\action\verify_test.go,0.0,0,0,helm/helm
pkg\chart\common.go,0.0,0,0,helm/helm
pkg\chart\dependency.go,0.0,0,0,helm/helm
pkg\chart\interfaces.go,0.0,0,0,helm/helm
pkg\cli\environment.go,0.0,0,0,helm/helm
pkg\cli\environment_test.go,0.0,0,0,helm/helm
pkg\cmd\completion.go,0.0,0,0,helm/helm
pkg\cmd\completion_test.go,0.0,0,0,helm/helm
pkg\cmd\create.go,0.0,0,0,helm/helm
pkg\cmd\create_test.go,0.0,0,0,helm/helm
pkg\cmd\dependency.go,0.0,0,0,helm/helm
pkg\cmd\dependency_build.go,0.0,0,0,helm/helm
pkg\cmd\dependency_build_test.go,0.0,0,0,helm/helm
pkg\cmd\dependency_test.go,0.0,0,0,helm/helm
pkg\cmd\dependency_update.go,0.0,0,0,helm/helm
pkg\cmd\dependency_update_test.go,0.0,0,0,helm/helm
pkg\cmd\docs.go,0.0,0,0,helm/helm
pkg\cmd\docs_test.go,0.0,0,0,helm/helm
pkg\cmd\env.go,0.0,0,0,helm/helm
pkg\cmd\env_test.go,0.0,0,0,helm/helm
pkg\cmd\flags.go,0.0,0,0,helm/helm
pkg\cmd\flags_test.go,0.0,0,0,helm/helm
pkg\cmd\get.go,0.0,0,0,helm/helm
pkg\cmd\get_all.go,0.0,0,0,helm/helm
pkg\cmd\get_all_test.go,0.0,0,0,helm/helm
pkg\cmd\get_hooks.go,0.0,0,0,helm/helm
pkg\cmd\get_hooks_test.go,0.0,0,0,helm/helm
pkg\cmd\get_manifest.go,0.0,0,0,helm/helm
pkg\cmd\get_manifest_test.go,0.0,0,0,helm/helm
pkg\cmd\get_metadata.go,0.0,0,0,helm/helm
pkg\cmd\get_metadata_test.go,0.0,0,0,helm/helm
pkg\cmd\get_notes.go,0.0,0,0,helm/helm
pkg\cmd\get_notes_test.go,0.0,0,0,helm/helm
pkg\cmd\get_test.go,0.0,0,0,helm/helm
pkg\cmd\get_values.go,0.0,0,0,helm/helm
pkg\cmd\get_values_test.go,0.0,0,0,helm/helm
pkg\cmd\helpers.go,0.0,0,0,helm/helm
pkg\cmd\helpers_test.go,0.0,0,0,helm/helm
pkg\cmd\history.go,0.0,0,0,helm/helm
pkg\cmd\history_test.go,0.0,0,0,helm/helm
pkg\cmd\install.go,0.0,0,0,helm/helm
pkg\cmd\install_test.go,0.0,0,0,helm/helm
pkg\cmd\lint.go,0.0,0,0,helm/helm
pkg\cmd\lint_test.go,0.0,0,0,helm/helm
pkg\cmd\list.go,0.0,0,0,helm/helm
pkg\cmd\list_test.go,0.0,0,0,helm/helm
pkg\cmd\load_plugins.go,0.0,0,0,helm/helm
pkg\cmd\package.go,0.0,0,0,helm/helm
pkg\cmd\package_test.go,0.0,0,0,helm/helm
pkg\cmd\plugin.go,0.0,0,0,helm/helm
pkg\cmd\plugin_install.go,0.0,0,0,helm/helm
pkg\cmd\plugin_list.go,0.0,0,0,helm/helm
pkg\cmd\plugin_package.go,0.0,0,0,helm/helm
pkg\cmd\plugin_package_test.go,0.0,0,0,helm/helm
pkg\cmd\plugin_test.go,0.0,0,0,helm/helm
pkg\cmd\plugin_uninstall.go,0.0,0,0,helm/helm
pkg\cmd\plugin_uninstall_test.go,0.0,0,0,helm/helm
pkg\cmd\plugin_update.go,0.0,0,0,helm/helm
pkg\cmd\plugin_verify.go,0.0,0,0,helm/helm
pkg\cmd\plugin_verify_test.go,0.0,0,0,helm/helm
pkg\cmd\printer.go,0.0,0,0,helm/helm
pkg\cmd\profiling.go,0.0,0,0,helm/helm
pkg\cmd\pull.go,0.0,0,0,helm/helm
pkg\cmd\pull_test.go,0.0,0,0,helm/helm
pkg\cmd\push.go,0.0,0,0,helm/helm
pkg\cmd\push_test.go,0.0,0,0,helm/helm
pkg\cmd\registry.go,0.0,0,0,helm/helm
pkg\cmd\registry_login.go,0.0,0,0,helm/helm
pkg\cmd\registry_login_test.go,0.0,0,0,helm/helm
pkg\cmd\registry_logout.go,0.0,0,0,helm/helm
pkg\cmd\registry_logout_test.go,0.0,0,0,helm/helm
pkg\cmd\registry_output_test.go,0.0,0,0,helm/helm
pkg\cmd\release_testing.go,0.0,0,0,helm/helm
pkg\cmd\release_testing_test.go,0.0,0,0,helm/helm
pkg\cmd\repo.go,0.0,0,0,helm/helm
pkg\cmd\repo_add.go,0.0,0,0,helm/helm
pkg\cmd\repo_add_test.go,0.0,0,0,helm/helm
pkg\cmd\repo_index.go,0.0,0,0,helm/helm
pkg\cmd\repo_index_test.go,0.0,0,0,helm/helm
pkg\cmd\repo_list.go,0.0,0,0,helm/helm
pkg\cmd\repo_list_test.go,0.0,0,0,helm/helm
pkg\cmd\repo_remove.go,0.0,0,0,helm/helm
pkg\cmd\repo_remove_test.go,0.0,0,0,helm/helm
pkg\cmd\repo_test.go,0.0,0,0,helm/helm
pkg\cmd\repo_update.go,0.0,0,0,helm/helm
pkg\cmd\repo_update_test.go,0.0,0,0,helm/helm
pkg\cmd\rollback.go,0.0,0,0,helm/helm
pkg\cmd\rollback_test.go,0.0,0,0,helm/helm
pkg\cmd\root.go,0.0,0,0,helm/helm
pkg\cmd\root_test.go,0.0,0,0,helm/helm
pkg\cmd\search.go,0.0,0,0,helm/helm
pkg\cmd\search_hub.go,0.0,0,0,helm/helm
pkg\cmd\search_hub_test.go,0.0,0,0,helm/helm
pkg\cmd\search_repo.go,0.0,0,0,helm/helm
pkg\cmd\search_repo_test.go,0.0,0,0,helm/helm
pkg\cmd\search_test.go,0.0,0,0,helm/helm
pkg\cmd\show.go,0.0,0,0,helm/helm
pkg\cmd\show_test.go,0.0,0,0,helm/helm
pkg\cmd\source_date_epoch.go,0.0,0,0,helm/helm
pkg\cmd\source_date_epoch_test.go,0.0,0,0,helm/helm
pkg\cmd\status.go,0.0,0,0,helm/helm
pkg\cmd\status_test.go,0.0,0,0,helm/helm
pkg\cmd\template.go,0.0,0,0,helm/helm
pkg\cmd\template_test.go,0.0,0,0,helm/helm
pkg\cmd\uninstall.go,0.0,0,0,helm/helm
pkg\cmd\uninstall_test.go,0.0,0,0,helm/helm
pkg\cmd\upgrade.go,0.0,0,0,helm/helm
pkg\cmd\upgrade_test.go,0.0,0,0,helm/helm
pkg\cmd\verify.go,0.0,0,0,helm/helm
pkg\cmd\verify_test.go,0.0,0,0,helm/helm
pkg\cmd\version.go,0.0,0,0,helm/helm
pkg\cmd\version_test.go,0.0,0,0,helm/helm
pkg\downloader\cache.go,0.0,0,0,helm/helm
pkg\downloader\cache_test.go,0.0,0,0,helm/helm
pkg\downloader\chart_downloader.go,0.0,0,0,helm/helm
pkg\downloader\chart_downloader_test.go,0.0,0,0,helm/helm
pkg\downloader\chart_downloader_windows_test.go,0.0,0,0,helm/helm
pkg\downloader\doc.go,0.0,0,0,helm/helm
pkg\downloader\manager.go,0.0,0,0,helm/helm
pkg\downloader\manager_test.go,0.0,0,0,helm/helm
pkg\engine\doc.go,0.0,0,0,helm/helm
pkg\engine\engine.go,0.0,0,0,helm/helm
pkg\engine\engine_test.go,0.0,0,0,helm/helm
pkg\engine\files.go,0.0,0,0,helm/helm
pkg\engine\files_test.go,0.0,0,0,helm/helm
pkg\engine\funcs.go,0.0,0,0,helm/helm
pkg\engine\funcs_test.go,0.0,0,0,helm/helm
pkg\engine\lookup_func.go,0.0,0,0,helm/helm
pkg\gates\doc.go,0.0,0,0,helm/helm
pkg\gates\gates.go,0.0,0,0,helm/helm
pkg\gates\gates_test.go,0.0,0,0,helm/helm
pkg\getter\doc.go,0.0,0,0,helm/helm
pkg\getter\getter.go,0.0,0,0,helm/helm
pkg\getter\getter_test.go,0.0,0,0,helm/helm
pkg\getter\httpgetter.go,0.0,0,0,helm/helm
pkg\getter\httpgetter_test.go,0.0,0,0,helm/helm
pkg\getter\ocigetter.go,0.0,0,0,helm/helm
pkg\getter\ocigetter_test.go,0.0,0,0,helm/helm
pkg\getter\plugingetter.go,0.0,0,0,helm/helm
pkg\getter\plugingetter_test.go,0.0,0,0,helm/helm
pkg\helmpath\home.go,0.0,0,0,helm/helm
pkg\helmpath\home_unix_test.go,0.0,0,0,helm/helm
pkg\helmpath\home_windows_test.go,0.0,0,0,helm/helm
pkg\helmpath\lazypath.go,0.0,0,0,helm/helm
pkg\helmpath\lazypath_darwin.go,0.0,0,0,helm/helm
pkg\helmpath\lazypath_darwin_test.go,0.0,0,0,helm/helm
pkg\helmpath\lazypath_unix.go,0.0,0,0,helm/helm
pkg\helmpath\lazypath_unix_test.go,0.0,0,0,helm/helm
pkg\helmpath\lazypath_windows.go,0.0,0,0,helm/helm
pkg\helmpath\lazypath_windows_test.go,0.0,0,0,helm/helm
pkg\ignore\doc.go,0.0,0,0,helm/helm
pkg\ignore\rules.go,0.0,0,0,helm/helm
pkg\ignore\rules_test.go,0.0,0,0,helm/helm
pkg\kube\client.go,0.0,0,0,helm/helm
pkg\kube\client_test.go,0.0,0,0,helm/helm
pkg\kube\converter.go,0.0,0,0,helm/helm
pkg\kube\factory.go,0.0,0,0,helm/helm
pkg\kube\interface.go,0.0,0,0,helm/helm
pkg\kube\options.go,0.0,0,0,helm/helm
pkg\kube\ready.go,0.0,0,0,helm/helm
pkg\kube\ready_test.go,0.0,0,0,helm/helm
pkg\kube\resource.go,0.0,0,0,helm/helm
pkg\kube\resource_policy.go,0.0,0,0,helm/helm
pkg\kube\resource_test.go,0.0,0,0,helm/helm
pkg\kube\result.go,0.0,0,0,helm/helm
pkg\kube\roundtripper.go,0.0,0,0,helm/helm
pkg\kube\statuswait.go,0.0,0,0,helm/helm
pkg\kube\statuswait_test.go,0.0,0,0,helm/helm
pkg\kube\wait.go,0.0,0,0,helm/helm
pkg\kube\wait_test.go,0.0,0,0,helm/helm
pkg\kubeenv\roundtripper.go,0.0,0,0,helm/helm
pkg\kubeenv\roundtripper_test.go,0.0,0,0,helm/helm
pkg\postrenderer\postrenderer.go,0.0,0,0,helm/helm
pkg\postrenderer\postrenderer_test.go,0.0,0,0,helm/helm
pkg\provenance\doc.go,0.0,0,0,helm/helm
pkg\provenance\keybox.go,0.0,0,0,helm/helm
pkg\provenance\keybox_test.go,0.0,0,0,helm/helm
pkg\provenance\sign.go,0.0,0,0,helm/helm
pkg\provenance\sign_test.go,0.0,0,0,helm/helm
pkg\pusher\doc.go,0.0,0,0,helm/helm
pkg\pusher\ocipusher.go,0.0,0,0,helm/helm
pkg\pusher\ocipusher_test.go,0.0,0,0,helm/helm
pkg\pusher\pusher.go,0.0,0,0,helm/helm
pkg\pusher\pusher_test.go,0.0,0,0,helm/helm
pkg\registry\chart.go,0.0,0,0,helm/helm
pkg\registry\chart_test.go,0.0,0,0,helm/helm
pkg\registry\client.go,0.0,0,0,helm/helm
pkg\registry\client_http_test.go,0.0,0,0,helm/helm
pkg\registry\client_insecure_tls_test.go,0.0,0,0,helm/helm
pkg\registry\client_scope_test.go,0.0,0,0,helm/helm
pkg\registry\client_test.go,0.0,0,0,helm/helm
pkg\registry\client_tls_test.go,0.0,0,0,helm/helm
pkg\registry\constants.go,0.0,0,0,helm/helm
pkg\registry\generic.go,0.0,0,0,helm/helm
pkg\registry\main_test.go,0.0,0,0,helm/helm
pkg\registry\plugin.go,0.0,0,0,helm/helm
pkg\registry\plugin_test.go,0.0,0,0,helm/helm
pkg\registry\reference.go,0.0,0,0,helm/helm
pkg\registry\reference_test.go,0.0,0,0,helm/helm
pkg\registry\registry_test.go,0.0,0,0,helm/helm
pkg\registry\tag.go,0.0,0,0,helm/helm
pkg\registry\tag_test.go,0.0,0,0,helm/helm
pkg\registry\transport.go,0.0,0,0,helm/helm
pkg\registry\transport_test.go,0.0,0,0,helm/helm
pkg\release\common.go,0.0,0,0,helm/helm
pkg\release\common_test.go,0.0,0,0,helm/helm
pkg\release\interfaces.go,0.0,0,0,helm/helm
pkg\release\responses.go,0.0,0,0,helm/helm
pkg\storage\storage.go,0.0,0,0,helm/helm
pkg\storage\storage_test.go,0.0,0,0,helm/helm
pkg\strvals\doc.go,0.0,0,0,helm/helm
pkg\strvals\fuzz_test.go,0.0,0,0,helm/helm
pkg\strvals\literal_parser.go,0.0,0,0,helm/helm
pkg\strvals\literal_parser_test.go,0.0,0,0,helm/helm
pkg\strvals\parser.go,0.0,0,0,helm/helm
pkg\strvals\parser_test.go,0.0,0,0,helm/helm
pkg\uploader\chart_uploader.go,0.0,0,0,helm/helm
pkg\uploader\doc.go,0.0,0,0,helm/helm
pkg\storage\driver\cfgmaps.go,0.0,0,0,helm/helm
pkg\storage\driver\cfgmaps_test.go,0.0,0,0,helm/helm
pkg\storage\driver\driver.go,0.0,0,0,helm/helm
pkg\storage\driver\labels.go,0.0,0,0,helm/helm
pkg\storage\driver\labels_test.go,0.0,0,0,helm/helm
pkg\storage\driver\memory.go,0.0,0,0,helm/helm
pkg\storage\driver\memory_test.go,0.0,0,0,helm/helm
pkg\storage\driver\mock_test.go,0.0,0,0,helm/helm
pkg\storage\driver\records.go,0.0,0,0,helm/helm
pkg\storage\driver\records_test.go,0.0,0,0,helm/helm
pkg\storage\driver\secrets.go,0.0,0,0,helm/helm
pkg\storage\driver\secrets_test.go,0.0,0,0,helm/helm
pkg\storage\driver\sql.go,0.0,0,0,helm/helm
pkg\storage\driver\sql_test.go,0.0,0,0,helm/helm
pkg\storage\driver\util.go,0.0,0,0,helm/helm
pkg\storage\driver\util_test.go,0.0,0,0,helm/helm
pkg\repo\v1\chartrepo.go,0.0,0,0,helm/helm
pkg\repo\v1\chartrepo_test.go,0.0,0,0,helm/helm
pkg\repo\v1\doc.go,0.0,0,0,helm/helm
pkg\repo\v1\error.go,0.0,0,0,helm/helm
pkg\repo\v1\index.go,0.0,0,0,helm/helm
pkg\repo\v1\index_test.go,0.0,0,0,helm/helm
pkg\repo\v1\repo.go,0.0,0,0,helm/helm
pkg\repo\v1\repo_test.go,0.0,0,0,helm/helm
pkg\repo\v1\repotest\doc.go,0.0,0,0,helm/helm
pkg\repo\v1\repotest\server.go,0.0,0,0,helm/helm
pkg\repo\v1\repotest\server_test.go,0.0,0,0,helm/helm
pkg\repo\v1\repotest\tlsconfig.go,0.0,0,0,helm/helm
pkg\release\common\status.go,0.0,0,0,helm/helm
pkg\release\v1\hook.go,0.0,0,0,helm/helm
pkg\release\v1\hook_test.go,0.0,0,0,helm/helm
pkg\release\v1\info.go,0.0,0,0,helm/helm
pkg\release\v1\info_test.go,0.0,0,0,helm/helm
pkg\release\v1\mock.go,0.0,0,0,helm/helm
pkg\release\v1\release.go,0.0,0,0,helm/helm
pkg\release\v1\util\filter.go,0.0,0,0,helm/helm
pkg\release\v1\util\filter_test.go,0.0,0,0,helm/helm
pkg\release\v1\util\kind_sorter.go,0.0,0,0,helm/helm
pkg\release\v1\util\kind_sorter_test.go,0.0,0,0,helm/helm
pkg\release\v1\util\manifest.go,0.0,0,0,helm/helm
pkg\release\v1\util\manifest_sorter.go,0.0,0,0,helm/helm
pkg\release\v1\util\manifest_sorter_test.go,0.0,0,0,helm/helm
pkg\release\v1\util\manifest_test.go,0.0,0,0,helm/helm
pkg\release\v1\util\sorter.go,0.0,0,0,helm/helm
pkg\release\v1\util\sorter_test.go,0.0,0,0,helm/helm
pkg\kube\fake\failing_kube_client.go,0.0,0,0,helm/helm
pkg\kube\fake\printer.go,0.0,0,0,helm/helm
pkg\helmpath\xdg\xdg.go,0.0,0,0,helm/helm
pkg\cmd\require\args.go,0.0,0,0,helm/helm
pkg\cmd\require\args_test.go,0.0,0,0,helm/helm
pkg\cmd\search\search.go,0.0,0,0,helm/helm
pkg\cmd\search\search_test.go,0.0,0,0,helm/helm
pkg\cli\output\output.go,0.0,0,0,helm/helm
pkg\cli\values\options.go,0.0,0,0,helm/helm
pkg\cli\values\options_test.go,0.0,0,0,helm/helm
pkg\chart\common\capabilities.go,0.0,0,0,helm/helm
pkg\chart\common\capabilities_test.go,0.0,0,0,helm/helm
pkg\chart\common\errors.go,0.0,0,0,helm/helm
pkg\chart\common\errors_test.go,0.0,0,0,helm/helm
pkg\chart\common\file.go,0.0,0,0,helm/helm
pkg\chart\common\values.go,0.0,0,0,helm/helm
pkg\chart\common\values_test.go,0.0,0,0,helm/helm
pkg\chart\loader\load.go,0.0,0,0,helm/helm
pkg\chart\loader\load_test.go,0.0,0,0,helm/helm
pkg\chart\v2\chart.go,0.0,0,0,helm/helm
pkg\chart\v2\chart_test.go,0.0,0,0,helm/helm
pkg\chart\v2\dependency.go,0.0,0,0,helm/helm
pkg\chart\v2\dependency_test.go,0.0,0,0,helm/helm
pkg\chart\v2\doc.go,0.0,0,0,helm/helm
pkg\chart\v2\errors.go,0.0,0,0,helm/helm
pkg\chart\v2\fuzz_test.go,0.0,0,0,helm/helm
pkg\chart\v2\metadata.go,0.0,0,0,helm/helm
pkg\chart\v2\metadata_test.go,0.0,0,0,helm/helm
pkg\chart\v2\lint\lint.go,0.0,0,0,helm/helm
pkg\chart\v2\lint\lint_test.go,0.0,0,0,helm/helm
pkg\chart\v2\loader\archive.go,0.0,0,0,helm/helm
pkg\chart\v2\loader\directory.go,0.0,0,0,helm/helm
pkg\chart\v2\loader\load.go,0.0,0,0,helm/helm
pkg\chart\v2\loader\load_test.go,0.0,0,0,helm/helm
pkg\chart\v2\util\chartfile.go,0.0,0,0,helm/helm
pkg\chart\v2\util\chartfile_test.go,0.0,0,0,helm/helm
pkg\chart\v2\util\compatible.go,0.0,0,0,helm/helm
pkg\chart\v2\util\compatible_test.go,0.0,0,0,helm/helm
pkg\chart\v2\util\create.go,0.0,0,0,helm/helm
pkg\chart\v2\util\create_test.go,0.0,0,0,helm/helm
pkg\chart\v2\util\dependencies.go,0.0,0,0,helm/helm
pkg\chart\v2\util\dependencies_test.go,0.0,0,0,helm/helm
pkg\chart\v2\util\doc.go,0.0,0,0,helm/helm
pkg\chart\v2\util\expand.go,0.0,0,0,helm/helm
pkg\chart\v2\util\expand_test.go,0.0,0,0,helm/helm
pkg\chart\v2\util\save.go,0.0,0,0,helm/helm
pkg\chart\v2\util\save_test.go,0.0,0,0,helm/helm
pkg\chart\v2\util\validate_name.go,0.0,0,0,helm/helm
pkg\chart\v2\util\validate_name_test.go,0.0,0,0,helm/helm
pkg\chart\v2\lint\rules\chartfile.go,0.0,0,0,helm/helm
pkg\chart\v2\lint\rules\chartfile_test.go,0.0,0,0,helm/helm
pkg\chart\v2\lint\rules\crds.go,0.0,0,0,helm/helm
pkg\chart\v2\lint\rules\crds_test.go,0.0,0,0,helm/helm
pkg\chart\v2\lint\rules\dependencies.go,0.0,0,0,helm/helm
pkg\chart\v2\lint\rules\dependencies_test.go,0.0,0,0,helm/helm
pkg\chart\v2\lint\rules\deprecations.go,0.0,0,0,helm/helm
pkg\chart\v2\lint\rules\deprecations_test.go,0.0,0,0,helm/helm
pkg\chart\v2\lint\rules\template.go,0.0,0,0,helm/helm
pkg\chart\v2\lint\rules\template_test.go,0.0,0,0,helm/helm
pkg\chart\v2\lint\rules\values.go,0.0,0,0,helm/helm
pkg\chart\v2\lint\rules\values_test.go,0.0,0,0,helm/helm
pkg\chart\v2\lint\support\doc.go,0.0,0,0,helm/helm
pkg\chart\v2\lint\support\message.go,0.0,0,0,helm/helm
pkg\chart\v2\lint\support\message_test.go,0.0,0,0,helm/helm
pkg\chart\loader\archive\archive.go,0.0,0,0,helm/helm
pkg\chart\loader\archive\archive_test.go,0.0,0,0,helm/helm
pkg\chart\loader\archive\budget.go,0.0,0,0,helm/helm
pkg\chart\loader\archive\budget_test.go,0.0,0,0,helm/helm
pkg\chart\common\util\coalesce.go,0.0,0,0,helm/helm
pkg\chart\common\util\coalesce_test.go,0.0,0,0,helm/helm
pkg\chart\common\util\jsonschema.go,0.0,0,0,helm/helm
pkg\chart\common\util\jsonschema_test.go,0.0,0,0,helm/helm
pkg\chart\common\util\values.go,0.0,0,0,helm/helm
pkg\chart\common\util\values_test.go,0.0,0,0,helm/helm
internal\copystructure\copystructure.go,0.0,0,0,helm/helm
internal\copystructure\copystructure_test.go,0.0,0,0,helm/helm
internal\fileutil\fileutil.go,0.0,0,0,helm/helm
internal\fileutil\fileutil_test.go,0.0,0,0,helm/helm
internal\fileutil\fileutil_unix.go,0.0,0,0,helm/helm
internal\fileutil\fileutil_windows.go,0.0,0,0,helm/helm
internal\gates\doc.go,0.0,0,0,helm/helm
internal\gates\gates.go,0.0,0,0,helm/helm
internal\logging\logging.go,0.0,0,0,helm/helm
internal\logging\logging_test.go,0.0,0,0,helm/helm
internal\monocular\client.go,0.0,0,0,helm/helm
internal\monocular\client_test.go,0.0,0,0,helm/helm
internal\monocular\doc.go,0.0,0,0,helm/helm
internal\monocular\search.go,0.0,0,0,helm/helm
internal\monocular\search_test.go,0.0,0,0,helm/helm
internal\plugin\config.go,0.0,0,0,helm/helm
internal\plugin\config_test.go,0.0,0,0,helm/helm
internal\plugin\descriptor.go,0.0,0,0,helm/helm
internal\plugin\doc.go,0.0,0,0,helm/helm
internal\plugin\error.go,0.0,0,0,helm/helm
internal\plugin\loader.go,0.0,0,0,helm/helm
internal\plugin\loader_test.go,0.0,0,0,helm/helm
internal\plugin\metadata.go,0.0,0,0,helm/helm
internal\plugin\metadata_legacy.go,0.0,0,0,helm/helm
internal\plugin\metadata_legacy_test.go,0.0,0,0,helm/helm
internal\plugin\metadata_test.go,0.0,0,0,helm/helm
internal\plugin\metadata_v1.go,0.0,0,0,helm/helm
internal\plugin\metadata_v1_test.go,0.0,0,0,helm/helm
internal\plugin\plugin.go,0.0,0,0,helm/helm
internal\plugin\plugin_test.go,0.0,0,0,helm/helm
internal\plugin\plugin_type_registry.go,0.0,0,0,helm/helm
internal\plugin\plugin_type_registry_test.go,0.0,0,0,helm/helm
internal\plugin\runtime.go,0.0,0,0,helm/helm
internal\plugin\runtime_extismv1.go,0.0,0,0,helm/helm
internal\plugin\runtime_extismv1_test.go,0.0,0,0,helm/helm
internal\plugin\runtime_subprocess.go,0.0,0,0,helm/helm
internal\plugin\runtime_subprocess_getter.go,0.0,0,0,helm/helm
internal\plugin\runtime_subprocess_hooks.go,0.0,0,0,helm/helm
internal\plugin\runtime_subprocess_test.go,0.0,0,0,helm/helm
internal\plugin\runtime_test.go,0.0,0,0,helm/helm
internal\plugin\sign.go,0.0,0,0,helm/helm
internal\plugin\signing_info.go,0.0,0,0,helm/helm
internal\plugin\sign_test.go,0.0,0,0,helm/helm
internal\plugin\subprocess_commands.go,0.0,0,0,helm/helm
internal\plugin\subprocess_commands_test.go,0.0,0,0,helm/helm
internal\plugin\verify.go,0.0,0,0,helm/helm
internal\plugin\verify_test.go,0.0,0,0,helm/helm
internal\resolver\resolver.go,0.0,0,0,helm/helm
internal\resolver\resolver_test.go,0.0,0,0,helm/helm
internal\statusreaders\job_status_reader.go,0.0,0,0,helm/helm
internal\statusreaders\job_status_reader_test.go,0.0,0,0,helm/helm
internal\statusreaders\pod_status_reader.go,0.0,0,0,helm/helm
internal\statusreaders\pod_status_reader_test.go,0.0,0,0,helm/helm
internal\sympath\walk.go,0.0,0,0,helm/helm
internal\sympath\walk_test.go,0.0,0,0,helm/helm
internal\tlsutil\tls.go,0.0,0,0,helm/helm
internal\tlsutil\tls_test.go,0.0,0,0,helm/helm
internal\urlutil\urlutil.go,0.0,0,0,helm/helm
internal\urlutil\urlutil_test.go,0.0,0,0,helm/helm
internal\version\clientgo.go,0.0,0,0,helm/helm
internal\version\clientgo_test.go,0.0,0,0,helm/helm
internal\version\version.go,0.0,0,0,helm/helm
internal\third_party\k8s.io\kubernetes\deployment\util\deploymentutil.go,0.0,0,0,helm/helm
internal\third_party\dep\fs\fs.go,0.0,0,0,helm/helm
internal\third_party\dep\fs\fs_test.go,0.0,0,0,helm/helm
internal\third_party\dep\fs\rename.go,0.0,0,0,helm/helm
internal\third_party\dep\fs\rename_windows.go,0.0,0,0,helm/helm
internal\storage\driver\cfgmaps.go,0.0,0,0,helm/helm
internal\storage\driver\cfgmaps_test.go,0.0,0,0,helm/helm
internal\storage\driver\driver.go,0.0,0,0,helm/helm
internal\storage\driver\labels.go,0.0,0,0,helm/helm
internal\storage\driver\labels_test.go,0.0,0,0,helm/helm
internal\storage\driver\memory.go,0.0,0,0,helm/helm
internal\storage\driver\memory_test.go,0.0,0,0,helm/helm
internal\storage\driver\mock_test.go,0.0,0,0,helm/helm
internal\storage\driver\records.go,0.0,0,0,helm/helm
internal\storage\driver\records_test.go,0.0,0,0,helm/helm
internal\storage\driver\secrets.go,0.0,0,0,helm/helm
internal\storage\driver\secrets_test.go,0.0,0,0,helm/helm
internal\storage\driver\sql.go,0.0,0,0,helm/helm
internal\storage\driver\sql_test.go,0.0,0,0,helm/helm
internal\storage\driver\util.go,0.0,0,0,helm/helm
internal\storage\driver\util_test.go,0.0,0,0,helm/helm
internal\release\v2\doc.go,0.0,0,0,helm/helm
internal\release\v2\hook.go,0.0,0,0,helm/helm
internal\release\v2\hook_test.go,0.0,0,0,helm/helm
internal\release\v2\info.go,0.0,0,0,helm/helm
internal\release\v2\info_test.go,0.0,0,0,helm/helm
internal\release\v2\mock.go,0.0,0,0,helm/helm
internal\release\v2\release.go,0.0,0,0,helm/helm
internal\release\v2\util\filter.go,0.0,0,0,helm/helm
internal\release\v2\util\filter_test.go,0.0,0,0,helm/helm
internal\release\v2\util\kind_sorter.go,0.0,0,0,helm/helm
internal\release\v2\util\kind_sorter_test.go,0.0,0,0,helm/helm
internal\release\v2\util\manifest.go,0.0,0,0,helm/helm
internal\release\v2\util\manifest_sorter.go,0.0,0,0,helm/helm
internal\release\v2\util\manifest_sorter_test.go,0.0,0,0,helm/helm
internal\release\v2\util\manifest_test.go,0.0,0,0,helm/helm
internal\release\v2\util\sorter.go,0.0,0,0,helm/helm
internal\release\v2\util\sorter_test.go,0.0,0,0,helm/helm
internal\plugin\cache\cache.go,0.0,0,0,helm/helm
internal\plugin\installer\base.go,0.0,0,0,helm/helm
internal\plugin\installer\base_test.go,0.0,0,0,helm/helm
internal\plugin\installer\doc.go,0.0,0,0,helm/helm
internal\plugin\installer\extractor.go,0.0,0,0,helm/helm
internal\plugin\installer\http_installer.go,0.0,0,0,helm/helm
internal\plugin\installer\http_installer_test.go,0.0,0,0,helm/helm
internal\plugin\installer\installer.go,0.0,0,0,helm/helm
internal\plugin\installer\installer_test.go,0.0,0,0,helm/helm
internal\plugin\installer\local_installer.go,0.0,0,0,helm/helm
internal\plugin\installer\local_installer_test.go,0.0,0,0,helm/helm
internal\plugin\installer\oci_installer.go,0.0,0,0,helm/helm
internal\plugin\installer\oci_installer_test.go,0.0,0,0,helm/helm
internal\plugin\installer\plugin_structure.go,0.0,0,0,helm/helm
internal\plugin\installer\plugin_structure_test.go,0.0,0,0,helm/helm
internal\plugin\installer\vcs_installer.go,0.0,0,0,helm/helm
internal\plugin\installer\vcs_installer_test.go,0.0,0,0,helm/helm
internal\plugin\installer\verification_test.go,0.0,0,0,helm/helm
internal\plugin\schema\cli.go,0.0,0,0,helm/helm
internal\plugin\schema\doc.go,0.0,0,0,helm/helm
internal\plugin\schema\getter.go,0.0,0,0,helm/helm
internal\plugin\schema\postrenderer.go,0.0,0,0,helm/helm
internal\plugin\schema\test.go,0.0,0,0,helm/helm
internal\plugin\testdata\src\extismv1-test\main.go,0.0,0,0,helm/helm
internal\cli\output\color.go,0.0,0,0,helm/helm
internal\cli\output\color_test.go,0.0,0,0,helm/helm
internal\chart\v3\chart.go,0.0,0,0,helm/helm
internal\chart\v3\chart_test.go,0.0,0,0,helm/helm
internal\chart\v3\dependency.go,0.0,0,0,helm/helm
internal\chart\v3\dependency_test.go,0.0,0,0,helm/helm
internal\chart\v3\doc.go,0.0,0,0,helm/helm
internal\chart\v3\errors.go,0.0,0,0,helm/helm
internal\chart\v3\fuzz_test.go,0.0,0,0,helm/helm
internal\chart\v3\metadata.go,0.0,0,0,helm/helm
internal\chart\v3\metadata_test.go,0.0,0,0,helm/helm
internal\chart\v3\lint\lint.go,0.0,0,0,helm/helm
internal\chart\v3\lint\lint_test.go,0.0,0,0,helm/helm
internal\chart\v3\loader\archive.go,0.0,0,0,helm/helm
internal\chart\v3\loader\directory.go,0.0,0,0,helm/helm
internal\chart\v3\loader\load.go,0.0,0,0,helm/helm
internal\chart\v3\loader\load_test.go,0.0,0,0,helm/helm
internal\chart\v3\util\chartfile.go,0.0,0,0,helm/helm
internal\chart\v3\util\chartfile_test.go,0.0,0,0,helm/helm
internal\chart\v3\util\compatible.go,0.0,0,0,helm/helm
internal\chart\v3\util\compatible_test.go,0.0,0,0,helm/helm
internal\chart\v3\util\create.go,0.0,0,0,helm/helm
internal\chart\v3\util\create_test.go,0.0,0,0,helm/helm
internal\chart\v3\util\dependencies.go,0.0,0,0,helm/helm
internal\chart\v3\util\dependencies_test.go,0.0,0,0,helm/helm
internal\chart\v3\util\doc.go,0.0,0,0,helm/helm
internal\chart\v3\util\expand.go,0.0,0,0,helm/helm
internal\chart\v3\util\expand_test.go,0.0,0,0,helm/helm
internal\chart\v3\util\save.go,0.0,0,0,helm/helm
internal\chart\v3\util\save_test.go,0.0,0,0,helm/helm
internal\chart\v3\lint\rules\chartfile.go,0.0,0,0,helm/helm
internal\chart\v3\lint\rules\chartfile_test.go,0.0,0,0,helm/helm
internal\chart\v3\lint\rules\crds.go,0.0,0,0,helm/helm
internal\chart\v3\lint\rules\crds_test.go,0.0,0,0,helm/helm
internal\chart\v3\lint\rules\dependencies.go,0.0,0,0,helm/helm
internal\chart\v3\lint\rules\dependencies_test.go,0.0,0,0,helm/helm
internal\chart\v3\lint\rules\deprecations.go,0.0,0,0,helm/helm
internal\chart\v3\lint\rules\deprecations_test.go,0.0,0,0,helm/helm
internal\chart\v3\lint\rules\template.go,0.0,0,0,helm/helm
internal\chart\v3\lint\rules\template_test.go,0.0,0,0,helm/helm
internal\chart\v3\lint\rules\values.go,0.0,0,0,helm/helm
internal\chart\v3\lint\rules\values_test.go,0.0,0,0,helm/helm
internal\chart\v3\lint\support\doc.go,0.0,0,0,helm/helm
internal\chart\v3\lint\support\message.go,0.0,0,0,helm/helm
internal\chart\v3\lint\support\message_test.go,0.0,0,0,helm/helm
cmd\helm\helm.go,0.0,0,0,helm/helm
cmd\helm\helm_test.go,0.0,0,0,helm/helm
noxfile.py,0.0,0.00056,3,sqlalchemy/sqlalchemy
reap_dbs.py,0.0,0.00056,1,sqlalchemy/sqlalchemy
setup.py,0.0,0.00056,1,sqlalchemy/sqlalchemy
tools\cython_imports.py,0.0,0.00056,1,sqlalchemy/sqlalchemy
tools\format_docs_code.py,0.0,0.00056,2,sqlalchemy/sqlalchemy
tools\generate_proxy_methods.py,0.0,0.00056,6,sqlalchemy/sqlalchemy
tools\generate_sql_functions.py,0.0,0.00056,4,sqlalchemy/sqlalchemy
tools\generate_tuple_map_overloads.py,0.0,0.00056,1,sqlalchemy/sqlalchemy
tools\normalize_file_headers.py,0.0,0.00056,1,sqlalchemy/sqlalchemy
tools\profiles.py,0.000549,0.000719,5,sqlalchemy/sqlalchemy
tools\sync_test_files.py,0.0,0.00056,2,sqlalchemy/sqlalchemy
tools\toxnox.py,0.000436,0.000719,3,sqlalchemy/sqlalchemy
tools\trace_orm_adapter.py,0.0,0.00056,3,sqlalchemy/sqlalchemy
tools\walk_packages.py,0.0,0.00056,1,sqlalchemy/sqlalchemy
tools\warn_tox.py,0.0,0.00056,0,sqlalchemy/sqlalchemy
lib\sqlalchemy\events.py,0.010915,0.000861,8,sqlalchemy/sqlalchemy
lib\sqlalchemy\exc.py,0.002499,0.004727,15,sqlalchemy/sqlalchemy
lib\sqlalchemy\inspection.py,0.0,0.003496,6,sqlalchemy/sqlalchemy
lib\sqlalchemy\log.py,0.0,0.003054,3,sqlalchemy/sqlalchemy
lib\sqlalchemy\schema.py,0.009746,0.011629,40,sqlalchemy/sqlalchemy
lib\sqlalchemy\types.py,0.008318,0.055152,44,sqlalchemy/sqlalchemy
lib\sqlalchemy\__init__.py,0.008973,0.003414,26,sqlalchemy/sqlalchemy
lib\sqlalchemy\connectors\aioodbc.py,0.00027,0.000719,7,sqlalchemy/sqlalchemy
lib\sqlalchemy\connectors\asyncio.py,0.006402,0.004415,20,sqlalchemy/sqlalchemy
lib\sqlalchemy\connectors\pyodbc.py,0.000528,0.001119,9,sqlalchemy/sqlalchemy
lib\sqlalchemy\connectors\__init__.py,0.0,0.00056,1,sqlalchemy/sqlalchemy
lib\sqlalchemy\dialects\_typing.py,0.002486,0.020894,49,sqlalchemy/sqlalchemy
lib\sqlalchemy\dialects\__init__.py,0.000313,0.002366,7,sqlalchemy/sqlalchemy
lib\sqlalchemy\engine\base.py,0.048475,0.041474,114,sqlalchemy/sqlalchemy
lib\sqlalchemy\engine\characteristics.py,0.0,0.00056,3,sqlalchemy/sqlalchemy
lib\sqlalchemy\engine\create.py,0.000239,0.001514,10,sqlalchemy/sqlalchemy
lib\sqlalchemy\engine\cursor.py,0.007124,0.004167,22,sqlalchemy/sqlalchemy
lib\sqlalchemy\engine\default.py,0.000747,0.001036,21,sqlalchemy/sqlalchemy
lib\sqlalchemy\engine\events.py,0.000269,0.000707,8,sqlalchemy/sqlalchemy
lib\sqlalchemy\engine\interfaces.py,0.043962,0.03069,104,sqlalchemy/sqlalchemy
lib\sqlalchemy\engine\mock.py,0.001887,0.002573,12,sqlalchemy/sqlalchemy
lib\sqlalchemy\engine\processors.py,0.0,0.00056,2,sqlalchemy/sqlalchemy
lib\sqlalchemy\engine\reflection.py,0.001028,0.004809,19,sqlalchemy/sqlalchemy
lib\sqlalchemy\engine\result.py,0.009877,0.006636,31,sqlalchemy/sqlalchemy
lib\sqlalchemy\engine\row.py,0.005605,0.002781,16,sqlalchemy/sqlalchemy
lib\sqlalchemy\engine\strategies.py,2.7e-05,0.000667,3,sqlalchemy/sqlalchemy
lib\sqlalchemy\engine\url.py,0.007496,0.006763,21,sqlalchemy/sqlalchemy
lib\sqlalchemy\engine\util.py,0.015924,0.029485,84,sqlalchemy/sqlalchemy
lib\sqlalchemy\engine\_processors_cy.py,0.000387,0.000799,4,sqlalchemy/sqlalchemy
lib\sqlalchemy\engine\_result_cy.py,0.001438,0.001125,8,sqlalchemy/sqlalchemy
lib\sqlalchemy\engine\_row_cy.py,0.001001,0.000955,5,sqlalchemy/sqlalchemy
lib\sqlalchemy\engine\_util_cy.py,0.021946,0.016684,11,sqlalchemy/sqlalchemy
lib\sqlalchemy\engine\__init__.py,0.026455,0.012338,67,sqlalchemy/sqlalchemy
lib\sqlalchemy\event\api.py,3e-06,0.001706,4,sqlalchemy/sqlalchemy
lib\sqlalchemy\event\attr.py,0.00127,0.002845,10,sqlalchemy/sqlalchemy
lib\sqlalchemy\event\base.py,0.000381,0.001071,5,sqlalchemy/sqlalchemy
lib\sqlalchemy\event\legacy.py,2.1e-05,0.001706,6,sqlalchemy/sqlalchemy
lib\sqlalchemy\event\registry.py,0.001394,0.003211,11,sqlalchemy/sqlalchemy
lib\sqlalchemy\event\__init__.py,0.013916,0.006739,20,sqlalchemy/sqlalchemy
lib\sqlalchemy\ext\associationproxy.py,0.0,0.00056,9,sqlalchemy/sqlalchemy
lib\sqlalchemy\ext\automap.py,0.0,0.00056,11,sqlalchemy/sqlalchemy
lib\sqlalchemy\ext\baked.py,0.0,0.00056,5,sqlalchemy/sqlalchemy
lib\sqlalchemy\ext\compiler.py,0.00069,0.007972,13,sqlalchemy/sqlalchemy
lib\sqlalchemy\ext\horizontal_shard.py,0.0,0.00056,14,sqlalchemy/sqlalchemy
lib\sqlalchemy\ext\hybrid.py,0.000361,0.000656,10,sqlalchemy/sqlalchemy
lib\sqlalchemy\ext\indexable.py,0.0,0.00056,5,sqlalchemy/sqlalchemy
lib\sqlalchemy\ext\instrumentation.py,0.010921,0.001665,9,sqlalchemy/sqlalchemy
lib\sqlalchemy\ext\mutable.py,0.0,0.00056,14,sqlalchemy/sqlalchemy
lib\sqlalchemy\ext\orderinglist.py,0.0,0.00056,2,sqlalchemy/sqlalchemy
lib\sqlalchemy\ext\serializer.py,0.0,0.00056,6,sqlalchemy/sqlalchemy
lib\sqlalchemy\ext\__init__.py,0.0,0.000663,2,sqlalchemy/sqlalchemy
lib\sqlalchemy\future\engine.py,0.0,0.00056,1,sqlalchemy/sqlalchemy
lib\sqlalchemy\future\__init__.py,0.0,0.00056,2,sqlalchemy/sqlalchemy
lib\sqlalchemy\orm\attributes.py,0.031899,0.010859,35,sqlalchemy/sqlalchemy
lib\sqlalchemy\orm\base.py,0.000445,0.000718,21,sqlalchemy/sqlalchemy
lib\sqlalchemy\orm\bulk_persistence.py,2.3e-05,0.000594,14,sqlalchemy/sqlalchemy
lib\sqlalchemy\orm\clsregistry.py,0.001478,0.00069,9,sqlalchemy/sqlalchemy
lib\sqlalchemy\orm\collections.py,0.129318,0.071882,71,sqlalchemy/sqlalchemy
lib\sqlalchemy\orm\context.py,0.001776,0.001136,34,sqlalchemy/sqlalchemy
lib\sqlalchemy\orm\decl_api.py,0.003039,0.001205,31,sqlalchemy/sqlalchemy
lib\sqlalchemy\orm\decl_base.py,0.000738,0.0011,27,sqlalchemy/sqlalchemy
lib\sqlalchemy\orm\dependency.py,0.0,0.000828,4,sqlalchemy/sqlalchemy
lib\sqlalchemy\orm\descriptor_props.py,0.001044,0.00102,26,sqlalchemy/sqlalchemy
lib\sqlalchemy\orm\dynamic.py,0.000132,0.000684,14,sqlalchemy/sqlalchemy
lib\sqlalchemy\orm\evaluator.py,0.0,0.00056,5,sqlalchemy/sqlalchemy
lib\sqlalchemy\orm\events.py,0.0,0.00056,19,sqlalchemy/sqlalchemy
lib\sqlalchemy\orm\exc.py,0.0,0.00056,5,sqlalchemy/sqlalchemy
lib\sqlalchemy\orm\identity.py,6.4e-05,0.00164,9,sqlalchemy/sqlalchemy
lib\sqlalchemy\orm\instrumentation.py,0.00035,0.001267,11,sqlalchemy/sqlalchemy
lib\sqlalchemy\orm\interfaces.py,0.002584,0.000891,31,sqlalchemy/sqlalchemy
lib\sqlalchemy\orm\loading.py,0.000386,0.000727,19,sqlalchemy/sqlalchemy
lib\sqlalchemy\orm\mapped_collection.py,0.002082,0.00938,7,sqlalchemy/sqlalchemy
lib\sqlalchemy\orm\mapper.py,0.028654,0.002914,53,sqlalchemy/sqlalchemy
lib\sqlalchemy\orm\path_registry.py,0.0004,0.001813,20,sqlalchemy/sqlalchemy
lib\sqlalchemy\orm\persistence.py,0.0,0.00056,4,sqlalchemy/sqlalchemy
lib\sqlalchemy\orm\properties.py,0.00066,0.001052,27,sqlalchemy/sqlalchemy
lib\sqlalchemy\orm\query.py,0.002284,0.001233,36,sqlalchemy/sqlalchemy
lib\sqlalchemy\orm\relationships.py,0.019322,0.001906,38,sqlalchemy/sqlalchemy
lib\sqlalchemy\orm\scoping.py,0.000448,0.00078,17,sqlalchemy/sqlalchemy
lib\sqlalchemy\orm\session.py,0.01548,0.002422,45,sqlalchemy/sqlalchemy
lib\sqlalchemy\orm\state.py,0.077728,0.011533,38,sqlalchemy/sqlalchemy
lib\sqlalchemy\orm\state_changes.py,0.0,0.000646,2,sqlalchemy/sqlalchemy
lib\sqlalchemy\orm\strategies.py,0.0,0.00056,14,sqlalchemy/sqlalchemy
lib\sqlalchemy\orm\strategy_options.py,0.000128,0.000715,16,sqlalchemy/sqlalchemy
lib\sqlalchemy\orm\sync.py,0.0,0.00056,1,sqlalchemy/sqlalchemy
lib\sqlalchemy\orm\unitofwork.py,0.000156,0.000795,11,sqlalchemy/sqlalchemy
lib\sqlalchemy\orm\util.py,0.000737,0.000737,26,sqlalchemy/sqlalchemy
lib\sqlalchemy\orm\writeonly.py,0.001872,0.001553,18,sqlalchemy/sqlalchemy
lib\sqlalchemy\orm\_orm_constructors.py,0.00015,0.000697,18,sqlalchemy/sqlalchemy
lib\sqlalchemy\orm\_typing.py,0.000367,0.000731,18,sqlalchemy/sqlalchemy
lib\sqlalchemy\orm\__init__.py,0.025796,0.002757,43,sqlalchemy/sqlalchemy
lib\sqlalchemy\pool\base.py,0.000692,0.000768,7,sqlalchemy/sqlalchemy
lib\sqlalchemy\pool\events.py,0.000106,0.000707,5,sqlalchemy/sqlalchemy
lib\sqlalchemy\pool\impl.py,0.000269,0.002867,5,sqlalchemy/sqlalchemy
lib\sqlalchemy\pool\__init__.py,0.003918,0.005425,11,sqlalchemy/sqlalchemy
lib\sqlalchemy\sql\annotation.py,0.00015,0.00819,14,sqlalchemy/sqlalchemy
lib\sqlalchemy\sql\base.py,0.020442,0.018805,56,sqlalchemy/sqlalchemy
lib\sqlalchemy\sql\cache_key.py,0.008535,0.01705,28,sqlalchemy/sqlalchemy
lib\sqlalchemy\sql\coercions.py,0.000493,0.003166,15,sqlalchemy/sqlalchemy
lib\sqlalchemy\sql\compiler.py,0.006802,0.008218,32,sqlalchemy/sqlalchemy
lib\sqlalchemy\sql\crud.py,0.0,0.00056,7,sqlalchemy/sqlalchemy
lib\sqlalchemy\sql\ddl.py,0.001159,0.008834,18,sqlalchemy/sqlalchemy
lib\sqlalchemy\sql\default_comparator.py,0.0,0.00056,4,sqlalchemy/sqlalchemy
lib\sqlalchemy\sql\dml.py,0.004435,0.004658,30,sqlalchemy/sqlalchemy
lib\sqlalchemy\sql\elements.py,0.022789,0.031625,91,sqlalchemy/sqlalchemy
lib\sqlalchemy\sql\events.py,0.00011,0.000707,6,sqlalchemy/sqlalchemy
lib\sqlalchemy\sql\expression.py,0.013699,0.003338,21,sqlalchemy/sqlalchemy
lib\sqlalchemy\sql\functions.py,0.002139,0.006406,21,sqlalchemy/sqlalchemy
lib\sqlalchemy\sql\lambdas.py,0.000468,0.001129,11,sqlalchemy/sqlalchemy
lib\sqlalchemy\sql\naming.py,0.00013,0.002538,4,sqlalchemy/sqlalchemy
lib\sqlalchemy\sql\operators.py,0.001344,0.025111,27,sqlalchemy/sqlalchemy
lib\sqlalchemy\sql\roles.py,1.7e-05,0.00115,8,sqlalchemy/sqlalchemy
lib\sqlalchemy\sql\schema.py,0.008138,0.012425,43,sqlalchemy/sqlalchemy
lib\sqlalchemy\sql\selectable.py,0.011663,0.013439,59,sqlalchemy/sqlalchemy
lib\sqlalchemy\sql\sqltypes.py,0.01563,0.026873,43,sqlalchemy/sqlalchemy
lib\sqlalchemy\sql\traversals.py,0.000171,0.002904,7,sqlalchemy/sqlalchemy
lib\sqlalchemy\sql\type_api.py,0.00559,0.031992,51,sqlalchemy/sqlalchemy
lib\sqlalchemy\sql\util.py,6.9e-05,0.000628,14,sqlalchemy/sqlalchemy
lib\sqlalchemy\sql\visitors.py,0.009395,0.019099,39,sqlalchemy/sqlalchemy
lib\sqlalchemy\sql\_annotated_cols.py,0.000685,0.004003,15,sqlalchemy/sqlalchemy
lib\sqlalchemy\sql\_cache_key_cy.py,0.003324,0.00263,8,sqlalchemy/sqlalchemy
lib\sqlalchemy\sql\_dml_constructors.py,1e-06,0.000779,4,sqlalchemy/sqlalchemy
lib\sqlalchemy\sql\_elements_constructors.py,4.3e-05,0.000779,10,sqlalchemy/sqlalchemy
lib\sqlalchemy\sql\_orm_types.py,0.0,0.001604,3,sqlalchemy/sqlalchemy
lib\sqlalchemy\sql\_selectable_constructors.py,0.000499,0.001017,8,sqlalchemy/sqlalchemy
lib\sqlalchemy\sql\_typing.py,0.010702,0.005762,49,sqlalchemy/sqlalchemy
lib\sqlalchemy\sql\_util_cy.py,0.0,0.00056,5,sqlalchemy/sqlalchemy
lib\sqlalchemy\sql\__init__.py,0.023062,0.022631,92,sqlalchemy/sqlalchemy
lib\sqlalchemy\testing\assertions.py,0.011181,0.003147,22,sqlalchemy/sqlalchemy
lib\sqlalchemy\testing\assertsql.py,0.00014,0.000662,5,sqlalchemy/sqlalchemy
lib\sqlalchemy\testing\asyncio.py,0.0,0.00056,1,sqlalchemy/sqlalchemy
lib\sqlalchemy\testing\cancellation.py,0.0,0.00056,2,sqlalchemy/sqlalchemy
lib\sqlalchemy\testing\config.py,0.003235,0.001598,11,sqlalchemy/sqlalchemy
lib\sqlalchemy\testing\engines.py,0.0,0.00056,9,sqlalchemy/sqlalchemy
lib\sqlalchemy\testing\entities.py,0.000746,0.000787,4,sqlalchemy/sqlalchemy
lib\sqlalchemy\testing\exclusions.py,0.000567,0.001399,6,sqlalchemy/sqlalchemy
lib\sqlalchemy\testing\pickleable.py,0.0,0.00056,3,sqlalchemy/sqlalchemy
lib\sqlalchemy\testing\profiles_file.py,0.0,0.000809,3,sqlalchemy/sqlalchemy
lib\sqlalchemy\testing\profiling.py,0.0,0.00056,5,sqlalchemy/sqlalchemy
lib\sqlalchemy\testing\provision.py,0.005258,0.001732,14,sqlalchemy/sqlalchemy
lib\sqlalchemy\testing\requirements.py,0.0,0.00056,3,sqlalchemy/sqlalchemy
lib\sqlalchemy\testing\schema.py,0.000636,0.00073,3,sqlalchemy/sqlalchemy
lib\sqlalchemy\testing\util.py,0.0,0.00056,8,sqlalchemy/sqlalchemy
lib\sqlalchemy\testing\warnings.py,0.000951,0.002745,8,sqlalchemy/sqlalchemy
lib\sqlalchemy\testing\__init__.py,0.003404,0.002103,16,sqlalchemy/sqlalchemy
lib\sqlalchemy\util\compat.py,1.1e-05,0.01193,9,sqlalchemy/sqlalchemy
lib\sqlalchemy\util\concurrency.py,0.002246,0.004536,18,sqlalchemy/sqlalchemy
lib\sqlalchemy\util\cython.py,0.0,0.004008,9,sqlalchemy/sqlalchemy
lib\sqlalchemy\util\deprecations.py,0.0,0.001023,3,sqlalchemy/sqlalchemy
lib\sqlalchemy\util\langhelpers.py,0.009269,0.007324,16,sqlalchemy/sqlalchemy
lib\sqlalchemy\util\preloaded.py,0.007556,0.001023,6,sqlalchemy/sqlalchemy
lib\sqlalchemy\util\queue.py,0.0,0.00056,5,sqlalchemy/sqlalchemy
lib\sqlalchemy\util\tool_support.py,0.004558,0.002426,7,sqlalchemy/sqlalchemy
lib\sqlalchemy\util\topological.py,0.0,0.00056,2,sqlalchemy/sqlalchemy
lib\sqlalchemy\util\typing.py,0.056483,0.113899,192,sqlalchemy/sqlalchemy
lib\sqlalchemy\util\_collections.py,0.007247,0.001023,5,sqlalchemy/sqlalchemy
lib\sqlalchemy\util\_collections_cy.py,0.000184,0.000778,4,sqlalchemy/sqlalchemy
lib\sqlalchemy\util\_has_cython.py,0.000685,0.001853,5,sqlalchemy/sqlalchemy
lib\sqlalchemy\util\_immutabledict_cy.py,0.000184,0.000778,4,sqlalchemy/sqlalchemy
lib\sqlalchemy\util\__init__.py,0.027271,0.004358,20,sqlalchemy/sqlalchemy
lib\sqlalchemy\testing\fixtures\base.py,0.0,0.00056,7,sqlalchemy/sqlalchemy
lib\sqlalchemy\testing\fixtures\mypy.py,5.7e-05,0.00068,3,sqlalchemy/sqlalchemy
lib\sqlalchemy\testing\fixtures\orm.py,0.0,0.00056,7,sqlalchemy/sqlalchemy
lib\sqlalchemy\testing\fixtures\sql.py,0.0,0.00056,8,sqlalchemy/sqlalchemy
lib\sqlalchemy\testing\fixtures\__init__.py,0.0,0.00056,4,sqlalchemy/sqlalchemy
lib\sqlalchemy\testing\plugin\bootstrap.py,0.0,0.00056,0,sqlalchemy/sqlalchemy
lib\sqlalchemy\testing\plugin\plugin_base.py,0.001501,0.0009,7,sqlalchemy/sqlalchemy
lib\sqlalchemy\testing\plugin\pytestplugin.py,0.0,0.00056,10,sqlalchemy/sqlalchemy
lib\sqlalchemy\testing\plugin\__init__.py,0.0,0.00056,0,sqlalchemy/sqlalchemy
lib\sqlalchemy\testing\suite\test_cte.py,1.4e-05,0.000597,3,sqlalchemy/sqlalchemy
lib\sqlalchemy\testing\suite\test_ddl.py,3.3e-05,0.000597,4,sqlalchemy/sqlalchemy
lib\sqlalchemy\testing\suite\test_dialect.py,0.000164,0.000597,7,sqlalchemy/sqlalchemy
lib\sqlalchemy\testing\suite\test_insert.py,5.3e-05,0.000597,5,sqlalchemy/sqlalchemy
lib\sqlalchemy\testing\suite\test_reflection.py,0.000358,0.000597,9,sqlalchemy/sqlalchemy
lib\sqlalchemy\testing\suite\test_results.py,3.3e-05,0.000597,4,sqlalchemy/sqlalchemy
lib\sqlalchemy\testing\suite\test_rowcount.py,4.1e-05,0.000597,3,sqlalchemy/sqlalchemy
lib\sqlalchemy\testing\suite\test_select.py,0.000142,0.000597,6,sqlalchemy/sqlalchemy
lib\sqlalchemy\testing\suite\test_sequence.py,3.6e-05,0.000597,5,sqlalchemy/sqlalchemy
lib\sqlalchemy\testing\suite\test_table_via_select.py,2.3e-05,0.000597,5,sqlalchemy/sqlalchemy
lib\sqlalchemy\testing\suite\test_types.py,0.000664,0.000597,9,sqlalchemy/sqlalchemy
lib\sqlalchemy\testing\suite\test_unicode_ddl.py,5.5e-05,0.000597,4,sqlalchemy/sqlalchemy
lib\sqlalchemy\testing\suite\test_update_delete.py,1.4e-05,0.000597,3,sqlalchemy/sqlalchemy
lib\sqlalchemy\testing\suite\__init__.py,0.0,0.00056,13,sqlalchemy/sqlalchemy
lib\sqlalchemy\ext\asyncio\base.py,0.0,0.00056,2,sqlalchemy/sqlalchemy
lib\sqlalchemy\ext\asyncio\engine.py,0.0,0.00056,14,sqlalchemy/sqlalchemy
lib\sqlalchemy\ext\asyncio\exc.py,0.0,0.00056,0,sqlalchemy/sqlalchemy
lib\sqlalchemy\ext\asyncio\result.py,0.0,0.00056,7,sqlalchemy/sqlalchemy
lib\sqlalchemy\ext\asyncio\scoping.py,0.0,0.00056,13,sqlalchemy/sqlalchemy
lib\sqlalchemy\ext\asyncio\session.py,0.01524,0.001314,18,sqlalchemy/sqlalchemy
lib\sqlalchemy\ext\asyncio\__init__.py,0.000231,0.000613,6,sqlalchemy/sqlalchemy
lib\sqlalchemy\ext\declarative\extensions.py,0.000507,0.000799,12,sqlalchemy/sqlalchemy
lib\sqlalchemy\ext\declarative\__init__.py,0.0,0.00056,2,sqlalchemy/sqlalchemy
lib\sqlalchemy\dialects\mssql\aioodbc.py,0.0,0.00056,3,sqlalchemy/sqlalchemy
lib\sqlalchemy\dialects\mssql\base.py,0.0,0.00056,13,sqlalchemy/sqlalchemy
lib\sqlalchemy\dialects\mssql\information_schema.py,0.0,0.00056,3,sqlalchemy/sqlalchemy
lib\sqlalchemy\dialects\mssql\json.py,0.000958,0.003096,18,sqlalchemy/sqlalchemy
lib\sqlalchemy\dialects\mssql\mssqlpython.py,0.0,0.00056,6,sqlalchemy/sqlalchemy
lib\sqlalchemy\dialects\mssql\provision.py,0.0,0.00056,3,sqlalchemy/sqlalchemy
lib\sqlalchemy\dialects\mssql\pymssql.py,0.0,0.00056,2,sqlalchemy/sqlalchemy
lib\sqlalchemy\dialects\mssql\pyodbc.py,0.0,0.00056,3,sqlalchemy/sqlalchemy
lib\sqlalchemy\dialects\mssql\__init__.py,0.0,0.00056,2,sqlalchemy/sqlalchemy
lib\sqlalchemy\dialects\mysql\aiomysql.py,0.0,0.00056,8,sqlalchemy/sqlalchemy
lib\sqlalchemy\dialects\mysql\asyncmy.py,0.0,0.00056,8,sqlalchemy/sqlalchemy
lib\sqlalchemy\dialects\mysql\base.py,0.0,0.00056,24,sqlalchemy/sqlalchemy
lib\sqlalchemy\dialects\mysql\cymysql.py,0.0,0.00056,6,sqlalchemy/sqlalchemy
lib\sqlalchemy\dialects\mysql\dml.py,4.5e-05,0.00058,11,sqlalchemy/sqlalchemy
lib\sqlalchemy\dialects\mysql\enumerated.py,8.1e-05,0.000676,8,sqlalchemy/sqlalchemy
lib\sqlalchemy\dialects\mysql\expression.py,0.0,0.00056,3,sqlalchemy/sqlalchemy
lib\sqlalchemy\dialects\mysql\json.py,0.0,0.00056,4,sqlalchemy/sqlalchemy
lib\sqlalchemy\dialects\mysql\mariadb.py,2.3e-05,0.000891,7,sqlalchemy/sqlalchemy
lib\sqlalchemy\dialects\mysql\mariadbconnector.py,0.0,0.00056,8,sqlalchemy/sqlalchemy
lib\sqlalchemy\dialects\mysql\mysqlconnector.py,0.0,0.00056,10,sqlalchemy/sqlalchemy
lib\sqlalchemy\dialects\mysql\mysqldb.py,5.7e-05,0.000755,6,sqlalchemy/sqlalchemy
lib\sqlalchemy\dialects\mysql\provision.py,0.0,0.00056,2,sqlalchemy/sqlalchemy
lib\sqlalchemy\dialects\mysql\pymysql.py,2.7e-05,0.00068,7,sqlalchemy/sqlalchemy
lib\sqlalchemy\dialects\mysql\pyodbc.py,0.0,0.00056,8,sqlalchemy/sqlalchemy
lib\sqlalchemy\dialects\mysql\reflection.py,0.0,0.00056,5,sqlalchemy/sqlalchemy
lib\sqlalchemy\dialects\mysql\reserved_words.py,0.0,0.00062,2,sqlalchemy/sqlalchemy
lib\sqlalchemy\dialects\mysql\types.py,0.0,0.00056,5,sqlalchemy/sqlalchemy
lib\sqlalchemy\dialects\mysql\_mariadb_shim.py,0.0,0.00056,12,sqlalchemy/sqlalchemy
lib\sqlalchemy\dialects\mysql\__init__.py,0.000614,0.000866,7,sqlalchemy/sqlalchemy
lib\sqlalchemy\dialects\oracle\base.py,0.0,0.00056,12,sqlalchemy/sqlalchemy
lib\sqlalchemy\dialects\oracle\cx_oracle.py,0.0,0.00056,9,sqlalchemy/sqlalchemy
lib\sqlalchemy\dialects\oracle\dictionary.py,0.0,0.00056,2,sqlalchemy/sqlalchemy
lib\sqlalchemy\dialects\oracle\json.py,0.0,0.00056,5,sqlalchemy/sqlalchemy
lib\sqlalchemy\dialects\oracle\oracledb.py,0.0,0.00056,5,sqlalchemy/sqlalchemy
lib\sqlalchemy\dialects\oracle\provision.py,0.0,0.00056,3,sqlalchemy/sqlalchemy
lib\sqlalchemy\dialects\oracle\types.py,0.0,0.00056,5,sqlalchemy/sqlalchemy
lib\sqlalchemy\dialects\oracle\vector.py,0.000144,0.000719,6,sqlalchemy/sqlalchemy
lib\sqlalchemy\dialects\oracle\__init__.py,0.0,0.00056,4,sqlalchemy/sqlalchemy
lib\sqlalchemy\dialects\postgresql\array.py,0.002579,0.001369,19,sqlalchemy/sqlalchemy
lib\sqlalchemy\dialects\postgresql\asyncpg.py,0.0,0.00056,12,sqlalchemy/sqlalchemy
lib\sqlalchemy\dialects\postgresql\base.py,0.0,0.00056,12,sqlalchemy/sqlalchemy
lib\sqlalchemy\dialects\postgresql\bitstring.py,2e-06,0.000731,4,sqlalchemy/sqlalchemy
lib\sqlalchemy\dialects\postgresql\dml.py,0.0,0.00056,10,sqlalchemy/sqlalchemy
lib\sqlalchemy\dialects\postgresql\ext.py,0.0,0.00056,11,sqlalchemy/sqlalchemy
lib\sqlalchemy\dialects\postgresql\hstore.py,0.000106,0.000792,8,sqlalchemy/sqlalchemy
lib\sqlalchemy\dialects\postgresql\json.py,0.0,0.00056,8,sqlalchemy/sqlalchemy
lib\sqlalchemy\dialects\postgresql\named_types.py,0.000147,0.000663,8,sqlalchemy/sqlalchemy
lib\sqlalchemy\dialects\postgresql\operators.py,0.0,0.00056,1,sqlalchemy/sqlalchemy
lib\sqlalchemy\dialects\postgresql\pg8000.py,0.0,0.00056,8,sqlalchemy/sqlalchemy
lib\sqlalchemy\dialects\postgresql\pg_catalog.py,0.00013,0.000749,7,sqlalchemy/sqlalchemy
lib\sqlalchemy\dialects\postgresql\provision.py,0.0,0.00056,4,sqlalchemy/sqlalchemy
lib\sqlalchemy\dialects\postgresql\psycopg.py,0.0,0.00056,9,sqlalchemy/sqlalchemy
lib\sqlalchemy\dialects\postgresql\psycopg2.py,0.001574,0.001037,7,sqlalchemy/sqlalchemy
lib\sqlalchemy\dialects\postgresql\psycopg2cffi.py,0.0,0.00056,1,sqlalchemy/sqlalchemy
lib\sqlalchemy\dialects\postgresql\ranges.py,6e-05,0.000623,6,sqlalchemy/sqlalchemy
lib\sqlalchemy\dialects\postgresql\types.py,0.0,0.00056,7,sqlalchemy/sqlalchemy
lib\sqlalchemy\dialects\postgresql\_psycopg_common.py,0.000392,0.00076,7,sqlalchemy/sqlalchemy
lib\sqlalchemy\dialects\postgresql\__init__.py,0.000537,0.000739,12,sqlalchemy/sqlalchemy
lib\sqlalchemy\dialects\sqlite\aiosqlite.py,0.0,0.00056,9,sqlalchemy/sqlalchemy
lib\sqlalchemy\dialects\sqlite\base.py,0.0,0.00056,9,sqlalchemy/sqlalchemy
lib\sqlalchemy\dialects\sqlite\dml.py,0.0,0.00056,10,sqlalchemy/sqlalchemy
lib\sqlalchemy\dialects\sqlite\json.py,0.0,0.00056,6,sqlalchemy/sqlalchemy
lib\sqlalchemy\dialects\sqlite\provision.py,0.0,0.00056,5,sqlalchemy/sqlalchemy
lib\sqlalchemy\dialects\sqlite\pysqlcipher.py,0.0,0.00056,1,sqlalchemy/sqlalchemy
lib\sqlalchemy\dialects\sqlite\pysqlite.py,0.001542,0.00109,8,sqlalchemy/sqlalchemy
lib\sqlalchemy\dialects\sqlite\__init__.py,9.2e-05,0.000656,3,sqlalchemy/sqlalchemy
setup.py,0.0,0.002733,0,huggingface/accelerate
utils\log_reports.py,0.0,0.002733,0,huggingface/accelerate
utils\stale.py,0.0,0.002733,0,huggingface/accelerate
src\accelerate\accelerator.py,0.021892,0.008312,19,huggingface/accelerate
src\accelerate\big_modeling.py,0.004576,0.00788,8,huggingface/accelerate
src\accelerate\checkpointing.py,0.000376,0.003175,7,huggingface/accelerate
src\accelerate\data_loader.py,0.000967,0.009173,10,huggingface/accelerate
src\accelerate\hooks.py,0.000988,0.004577,8,huggingface/accelerate
src\accelerate\inference.py,7.6e-05,0.00715,4,huggingface/accelerate
src\accelerate\launchers.py,0.000429,0.00657,6,huggingface/accelerate
src\accelerate\local_sgd.py,0.0,0.002733,1,huggingface/accelerate
src\accelerate\logging.py,0.004523,0.036968,17,huggingface/accelerate
src\accelerate\memory_utils.py,0.0,0.002733,0,huggingface/accelerate
src\accelerate\optimizer.py,0.001204,0.009917,7,huggingface/accelerate
src\accelerate\parallelism_config.py,0.02108,0.009465,7,huggingface/accelerate
src\accelerate\scheduler.py,0.000913,0.009428,4,huggingface/accelerate
src\accelerate\state.py,0.087533,0.082667,42,huggingface/accelerate
src\accelerate\tracking.py,0.0,0.003175,4,huggingface/accelerate
src\accelerate\__init__.py,0.057082,0.036107,42,huggingface/accelerate
src\accelerate\commands\accelerate_cli.py,0.0,0.002733,9,huggingface/accelerate
src\accelerate\commands\env.py,0.000308,0.002991,4,huggingface/accelerate
src\accelerate\commands\estimate.py,0.000699,0.002991,4,huggingface/accelerate
src\accelerate\commands\launch.py,0.066844,0.004865,14,huggingface/accelerate
src\accelerate\commands\merge.py,0.000414,0.003323,4,huggingface/accelerate
src\accelerate\commands\test.py,0.00028,0.002991,2,huggingface/accelerate
src\accelerate\commands\to_fsdp2.py,3.5e-05,0.002991,3,huggingface/accelerate
src\accelerate\commands\tpu.py,3e-05,0.002991,2,huggingface/accelerate
src\accelerate\commands\utils.py,0.0,0.044946,23,huggingface/accelerate
src\accelerate\commands\__init__.py,0.0,0.002733,0,huggingface/accelerate
src\accelerate\test_utils\examples.py,0.0,0.002733,0,huggingface/accelerate
src\accelerate\test_utils\testing.py,0.011092,0.010515,8,huggingface/accelerate
src\accelerate\test_utils\training.py,0.000887,0.005795,3,huggingface/accelerate
src\accelerate\test_utils\__init__.py,0.005575,0.009634,11,huggingface/accelerate
src\accelerate\utils\ao.py,0.0,0.004607,2,huggingface/accelerate
src\accelerate\utils\bnb.py,0.003447,0.00511,7,huggingface/accelerate
src\accelerate\utils\constants.py,0.0,0.055137,17,huggingface/accelerate
src\accelerate\utils\dataclasses.py,0.032244,0.058126,28,huggingface/accelerate
src\accelerate\utils\deepspeed.py,0.010385,0.032178,19,huggingface/accelerate
src\accelerate\utils\environment.py,0.031313,0.020171,7,huggingface/accelerate
src\accelerate\utils\fsdp_utils.py,0.000684,0.004607,9,huggingface/accelerate
src\accelerate\utils\imports.py,0.026654,0.051726,24,huggingface/accelerate
src\accelerate\utils\launch.py,0.0,0.002733,6,huggingface/accelerate
src\accelerate\utils\megatron_lm.py,0.004451,0.004607,6,huggingface/accelerate
src\accelerate\utils\memory.py,0.0,0.005759,4,huggingface/accelerate
src\accelerate\utils\modeling.py,0.008534,0.007705,19,huggingface/accelerate
src\accelerate\utils\offload.py,0.0,0.00511,2,huggingface/accelerate
src\accelerate\utils\operations.py,0.002617,0.012075,11,huggingface/accelerate
src\accelerate\utils\other.py,0.015232,0.008417,18,huggingface/accelerate
src\accelerate\utils\random.py,0.007052,0.009703,9,huggingface/accelerate
src\accelerate\utils\rich.py,2.9e-05,0.003078,2,huggingface/accelerate
src\accelerate\utils\torch_xla.py,0.0,0.035027,13,huggingface/accelerate
src\accelerate\utils\tqdm.py,5.6e-05,0.00511,4,huggingface/accelerate
src\accelerate\utils\transformer_engine.py,0.001786,0.014367,9,huggingface/accelerate
src\accelerate\utils\versions.py,0.000322,0.03182,11,huggingface/accelerate
src\accelerate\utils\__init__.py,0.19159,0.046282,56,huggingface/accelerate
src\accelerate\test_utils\scripts\test_cli.py,0.0,0.002733,1,huggingface/accelerate
src\accelerate\test_utils\scripts\test_ddp_comm_hook.py,0.0,0.002733,2,huggingface/accelerate
src\accelerate\test_utils\scripts\test_distributed_data_loop.py,0.0,0.002733,2,huggingface/accelerate
src\accelerate\test_utils\scripts\test_merge_weights.py,0.0,0.002733,7,huggingface/accelerate
src\accelerate\test_utils\scripts\test_notebook.py,0.0,0.002733,3,huggingface/accelerate
src\accelerate\test_utils\scripts\test_ops.py,0.0,0.002733,4,huggingface/accelerate
src\accelerate\test_utils\scripts\test_script.py,0.0,0.002733,5,huggingface/accelerate
src\accelerate\test_utils\scripts\test_sync.py,0.0,0.002733,4,huggingface/accelerate
src\accelerate\test_utils\scripts\__init__.py,0.0,0.005463,1,huggingface/accelerate
src\accelerate\test_utils\scripts\external_deps\test_checkpointing.py,0.0,0.002733,2,huggingface/accelerate
src\accelerate\test_utils\scripts\external_deps\test_ds_alst_ulysses_sp.py,0.0,0.002733,4,huggingface/accelerate
src\accelerate\test_utils\scripts\external_deps\test_ds_multiple_model.py,0.0,0.002733,3,huggingface/accelerate
src\accelerate\test_utils\scripts\external_deps\test_metrics.py,0.0,0.002733,5,huggingface/accelerate
src\accelerate\test_utils\scripts\external_deps\test_peak_memory_usage.py,0.0,0.002733,3,huggingface/accelerate
src\accelerate\test_utils\scripts\external_deps\test_performance.py,0.0,0.002733,4,huggingface/accelerate
src\accelerate\test_utils\scripts\external_deps\test_pippy.py,0.0,0.002733,4,huggingface/accelerate
src\accelerate\test_utils\scripts\external_deps\test_zero3_integration.py,0.0,0.002733,2,huggingface/accelerate
src\accelerate\test_utils\scripts\external_deps\__init__.py,0.0,0.002733,0,huggingface/accelerate
src\accelerate\commands\config\cluster.py,5.3e-05,0.003349,5,huggingface/accelerate
src\accelerate\commands\config\config.py,0.009198,0.003622,6,huggingface/accelerate
src\accelerate\commands\config\config_args.py,0.008426,0.011601,12,huggingface/accelerate
src\accelerate\commands\config\config_utils.py,0.029245,0.007783,8,huggingface/accelerate
src\accelerate\commands\config\default.py,0.005766,0.004273,5,huggingface/accelerate
src\accelerate\commands\config\sagemaker.py,0.000167,0.003693,7,huggingface/accelerate
src\accelerate\commands\config\update.py,0.000233,0.003622,3,huggingface/accelerate
src\accelerate\commands\config\__init__.py,0.020008,0.004183,7,huggingface/accelerate
src\accelerate\commands\menu\cursor.py,0.0,0.002733,0,huggingface/accelerate
src\accelerate\commands\menu\helpers.py,0.0,0.004963,1,huggingface/accelerate
src\accelerate\commands\menu\input.py,0.0,0.002733,1,huggingface/accelerate
src\accelerate\commands\menu\keymap.py,0.0,0.007286,2,huggingface/accelerate
src\accelerate\commands\menu\selection_menu.py,0.015896,0.007868,4,huggingface/accelerate
src\accelerate\commands\menu\__init__.py,0.018908,0.006041,2,huggingface/accelerate
manim_animations\big_model_inference\stage_1.py,0.0,0.002733,0,huggingface/accelerate
manim_animations\big_model_inference\stage_2.py,0.0,0.002733,0,huggingface/accelerate
manim_animations\big_model_inference\stage_3.py,0.0,0.002733,0,huggingface/accelerate
manim_animations\big_model_inference\stage_4.py,0.0,0.002733,0,huggingface/accelerate
manim_animations\big_model_inference\stage_5.py,0.0,0.002733,0,huggingface/accelerate
manim_animations\dataloaders\stage_0.py,0.0,0.002733,0,huggingface/accelerate
manim_animations\dataloaders\stage_1.py,0.0,0.002733,0,huggingface/accelerate
manim_animations\dataloaders\stage_2.py,0.0,0.002733,0,huggingface/accelerate
manim_animations\dataloaders\stage_3.py,0.0,0.002733,0,huggingface/accelerate
manim_animations\dataloaders\stage_4.py,0.0,0.002733,0,huggingface/accelerate
manim_animations\dataloaders\stage_5.py,0.0,0.002733,1,huggingface/accelerate
manim_animations\dataloaders\stage_6.py,0.0,0.002733,1,huggingface/accelerate
manim_animations\dataloaders\stage_7.py,0.0,0.002733,0,huggingface/accelerate
benchmarks\big_model_inference\big_model_inference.py,0.0,0.002733,2,huggingface/accelerate
benchmarks\big_model_inference\measures_util.py,0.000323,0.003895,2,huggingface/accelerate
benchmarks\fsdp2\main.py,0.0,0.002733,2,huggingface/accelerate
benchmarks\fsdp2\measure_utils.py,0.0,0.003314,2,huggingface/accelerate
benchmarks\fsdp2\utils.py,0.0,0.002733,4,huggingface/accelerate
benchmarks\fsdp2\visualize.py,0.0,0.002733,0,huggingface/accelerate
benchmarks\torch.compile\regional_compilation.py,0.0,0.002733,2,huggingface/accelerate
benchmarks\fp8\ms_amp\ddp.py,0.0,0.002733,4,huggingface/accelerate
benchmarks\fp8\ms_amp\distrib_deepspeed.py,0.0,0.002733,4,huggingface/accelerate
benchmarks\fp8\ms_amp\fp8_utils.py,0.0,0.008464,13,huggingface/accelerate
benchmarks\fp8\ms_amp\non_distributed.py,0.0,0.002733,4,huggingface/accelerate
benchmarks\fp8\torchao\ddp.py,0.0,0.002733,4,huggingface/accelerate
benchmarks\fp8\torchao\distrib_deepspeed.py,0.0,0.002733,5,huggingface/accelerate
benchmarks\fp8\torchao\fp8_utils.py,0.0,0.002733,2,huggingface/accelerate
benchmarks\fp8\torchao\fsdp.py,0.0,0.002733,4,huggingface/accelerate
benchmarks\fp8\torchao\non_distributed.py,0.0,0.002733,4,huggingface/accelerate
benchmarks\fp8\transformer_engine\ddp.py,0.0,0.002733,5,huggingface/accelerate
benchmarks\fp8\transformer_engine\distrib_deepspeed.py,0.0,0.002733,6,huggingface/accelerate
benchmarks\fp8\transformer_engine\fp8_utils.py,0.0,0.002733,2,huggingface/accelerate
benchmarks\fp8\transformer_engine\fsdp.py,0.0,0.002733,5,huggingface/accelerate
benchmarks\fp8\transformer_engine\non_distributed.py,0.0,0.002733,5,huggingface/accelerate
index.js,0.0,0,0,expressjs/express
lib\application.js,0.0,0,0,expressjs/express
lib\express.js,0.0,0,0,expressjs/express
lib\request.js,0.0,0,0,expressjs/express
lib\response.js,0.0,0,0,expressjs/express
lib\utils.js,0.0,0,0,expressjs/express
lib\view.js,0.0,0,0,expressjs/express
