source_file,target_file,repo_name
ci\check_version_number.py,lib\matplotlib\__init__.py,matplotlib/matplotlib
doc\conf.py,doc\sphinxext\gallery_order.py,matplotlib/matplotlib
doc\conf.py,doc\sphinxext\util.py,matplotlib/matplotlib
doc\conf.py,lib\matplotlib\__init__.py,matplotlib/matplotlib
lib\pylab.py,lib\matplotlib\pylab.py,matplotlib/matplotlib
tools\autoclose_prs.py,doc\sphinxext\github.py,matplotlib/matplotlib
tools\boilerplate.py,lib\matplotlib\__init__.py,matplotlib/matplotlib
tools\boilerplate.py,lib\matplotlib\figure.py,matplotlib/matplotlib
tools\boilerplate.py,lib\matplotlib\axes\__init__.py,matplotlib/matplotlib
tools\github_stats.py,tools\gh_api.py,matplotlib/matplotlib
tools\memleak.py,lib\matplotlib\pyplot.py,matplotlib/matplotlib
tools\memleak.py,lib\matplotlib\__init__.py,matplotlib/matplotlib
tools\memleak.py,lib\matplotlib\ticker.py,matplotlib/matplotlib
tools\triage_tests.py,lib\matplotlib\backends\qt_compat.py,matplotlib/matplotlib
tools\visualize_tests.py,lib\matplotlib\collections.py,matplotlib/matplotlib
lib\matplotlib\animation.py,lib\matplotlib\_animation_data.py,matplotlib/matplotlib
lib\matplotlib\animation.py,lib\matplotlib\__init__.py,matplotlib/matplotlib
lib\matplotlib\animation.py,lib\matplotlib\collections.py,matplotlib/matplotlib
lib\matplotlib\animation.py,lib\matplotlib\colors.py,matplotlib/matplotlib
lib\matplotlib\artist.py,lib\matplotlib\__init__.py,matplotlib/matplotlib
lib\matplotlib\artist.py,lib\matplotlib\transforms.py,matplotlib/matplotlib
lib\matplotlib\artist.py,lib\matplotlib\collections.py,matplotlib/matplotlib
lib\matplotlib\artist.py,lib\matplotlib\path.py,matplotlib/matplotlib
lib\matplotlib\artist.py,lib\matplotlib\backend_bases.py,matplotlib/matplotlib
lib\matplotlib\artist.py,lib\matplotlib\patches.py,matplotlib/matplotlib
lib\matplotlib\axis.py,lib\matplotlib\__init__.py,matplotlib/matplotlib
lib\matplotlib\axis.py,lib\matplotlib\lines.py,matplotlib/matplotlib
lib\matplotlib\axis.py,lib\matplotlib\ticker.py,matplotlib/matplotlib
lib\matplotlib\axis.py,lib\matplotlib\transforms.py,matplotlib/matplotlib
lib\matplotlib\axis.py,lib\matplotlib\text.py,matplotlib/matplotlib
lib\matplotlib\axis.py,lib\matplotlib\colors.py,matplotlib/matplotlib
lib\matplotlib\axis.py,lib\matplotlib\scale.py,matplotlib/matplotlib
lib\matplotlib\axis.py,lib\matplotlib\artist.py,matplotlib/matplotlib
lib\matplotlib\axis.py,lib\matplotlib\units.py,matplotlib/matplotlib
lib\matplotlib\backend_bases.py,lib\matplotlib\figure.py,matplotlib/matplotlib
lib\matplotlib\backend_bases.py,lib\matplotlib\texmanager.py,matplotlib/matplotlib
lib\matplotlib\backend_bases.py,lib\matplotlib\__init__.py,matplotlib/matplotlib
lib\matplotlib\backend_bases.py,lib\matplotlib\layout_engine.py,matplotlib/matplotlib
lib\matplotlib\backend_bases.py,lib\matplotlib\backend_managers.py,matplotlib/matplotlib
lib\matplotlib\backend_bases.py,lib\matplotlib\_pylab_helpers.py,matplotlib/matplotlib
lib\matplotlib\backend_bases.py,lib\matplotlib\backends\registry.py,matplotlib/matplotlib
lib\matplotlib\backend_bases.py,lib\matplotlib\collections.py,matplotlib/matplotlib
lib\matplotlib\backend_bases.py,lib\matplotlib\cbook.py,matplotlib/matplotlib
lib\matplotlib\backend_bases.py,lib\matplotlib\transforms.py,matplotlib/matplotlib
lib\matplotlib\backend_bases.py,lib\matplotlib\path.py,matplotlib/matplotlib
lib\matplotlib\backend_bases.py,lib\matplotlib\_enums.py,matplotlib/matplotlib
lib\matplotlib\backend_managers.py,lib\matplotlib\__init__.py,matplotlib/matplotlib
lib\matplotlib\backend_tools.py,lib\matplotlib\__init__.py,matplotlib/matplotlib
lib\matplotlib\backend_tools.py,lib\matplotlib\_pylab_helpers.py,matplotlib/matplotlib
lib\matplotlib\backend_tools.py,lib\matplotlib\backend_bases.py,matplotlib/matplotlib
lib\matplotlib\bezier.py,lib\matplotlib\__init__.py,matplotlib/matplotlib
lib\matplotlib\bezier.py,lib\matplotlib\path.py,matplotlib/matplotlib
lib\matplotlib\category.py,lib\matplotlib\__init__.py,matplotlib/matplotlib
lib\matplotlib\category.py,lib\matplotlib\collections.py,matplotlib/matplotlib
lib\matplotlib\cbook.py,lib\matplotlib\collections.py,matplotlib/matplotlib
lib\matplotlib\cbook.py,lib\matplotlib\__init__.py,matplotlib/matplotlib
lib\matplotlib\cbook.py,lib\matplotlib\artist.py,matplotlib/matplotlib
lib\matplotlib\cm.py,lib\matplotlib\__init__.py,matplotlib/matplotlib
lib\matplotlib\cm.py,lib\matplotlib\colorizer.py,matplotlib/matplotlib
lib\matplotlib\cm.py,lib\matplotlib\_cm.py,matplotlib/matplotlib
lib\matplotlib\cm.py,lib\matplotlib\_cm_listed.py,matplotlib/matplotlib
lib\matplotlib\cm.py,lib\matplotlib\_cm_multivar.py,matplotlib/matplotlib
lib\matplotlib\cm.py,lib\matplotlib\_cm_bivar.py,matplotlib/matplotlib
lib\matplotlib\cm.py,lib\matplotlib\collections.py,matplotlib/matplotlib
lib\matplotlib\collections.py,lib\matplotlib\__init__.py,matplotlib/matplotlib
lib\matplotlib\collections.py,lib\matplotlib\_enums.py,matplotlib/matplotlib
lib\matplotlib\collections.py,lib\matplotlib\patheffects.py,matplotlib/matplotlib
lib\matplotlib\colorbar.py,lib\matplotlib\__init__.py,matplotlib/matplotlib
lib\matplotlib\colorbar.py,lib\matplotlib\artist.py,matplotlib/matplotlib
lib\matplotlib\colorbar.py,lib\matplotlib\colorizer.py,matplotlib/matplotlib
lib\matplotlib\colorbar.py,lib\matplotlib\patches.py,matplotlib/matplotlib
lib\matplotlib\colorbar.py,lib\matplotlib\path.py,matplotlib/matplotlib
lib\matplotlib\colorbar.py,lib\matplotlib\spines.py,matplotlib/matplotlib
lib\matplotlib\colorbar.py,lib\matplotlib\transforms.py,matplotlib/matplotlib
lib\matplotlib\colorizer.py,lib\matplotlib\__init__.py,matplotlib/matplotlib
lib\matplotlib\colors.py,lib\matplotlib\__init__.py,matplotlib/matplotlib
lib\matplotlib\colors.py,lib\matplotlib\_color_data.py,matplotlib/matplotlib
lib\matplotlib\colors.py,lib\matplotlib\collections.py,matplotlib/matplotlib
lib\matplotlib\container.py,lib\matplotlib\__init__.py,matplotlib/matplotlib
lib\matplotlib\container.py,lib\matplotlib\artist.py,matplotlib/matplotlib
lib\matplotlib\contour.py,lib\matplotlib\__init__.py,matplotlib/matplotlib
lib\matplotlib\contour.py,lib\matplotlib\cm.py,matplotlib/matplotlib
lib\matplotlib\contour.py,lib\matplotlib\font_manager.py,matplotlib/matplotlib
lib\matplotlib\contour.py,lib\matplotlib\cbook.py,matplotlib/matplotlib
lib\matplotlib\contour.py,lib\matplotlib\transforms.py,matplotlib/matplotlib
lib\matplotlib\contour.py,lib\matplotlib\lines.py,matplotlib/matplotlib
lib\matplotlib\contour.py,lib\matplotlib\collections.py,matplotlib/matplotlib
lib\matplotlib\contour.py,lib\matplotlib\text.py,matplotlib/matplotlib
lib\matplotlib\contour.py,lib\matplotlib\ticker.py,matplotlib/matplotlib
lib\matplotlib\contour.py,lib\matplotlib\path.py,matplotlib/matplotlib
lib\matplotlib\contour.py,lib\matplotlib\patches.py,matplotlib/matplotlib
lib\matplotlib\contour.py,lib\matplotlib\backend_bases.py,matplotlib/matplotlib
lib\matplotlib\contour.py,lib\matplotlib\colors.py,matplotlib/matplotlib
lib\matplotlib\dates.py,lib\matplotlib\__init__.py,matplotlib/matplotlib
lib\matplotlib\dviread.py,lib\matplotlib\__init__.py,matplotlib/matplotlib
lib\matplotlib\dviread.py,lib\matplotlib\collections.py,matplotlib/matplotlib
lib\matplotlib\figure.py,lib\matplotlib\_api\__init__.py,matplotlib/matplotlib
lib\matplotlib\figure.py,lib\matplotlib\__init__.py,matplotlib/matplotlib
lib\matplotlib\figure.py,lib\matplotlib\legend.py,matplotlib/matplotlib
lib\matplotlib\figure.py,lib\matplotlib\text.py,matplotlib/matplotlib
lib\matplotlib\figure.py,lib\matplotlib\backends\__init__.py,matplotlib/matplotlib
lib\matplotlib\figure.py,lib\matplotlib\_pylab_helpers.py,matplotlib/matplotlib
lib\matplotlib\figure.py,lib\matplotlib\artist.py,matplotlib/matplotlib
lib\matplotlib\figure.py,lib\matplotlib\backend_bases.py,matplotlib/matplotlib
lib\matplotlib\figure.py,lib\matplotlib\axes\__init__.py,matplotlib/matplotlib
lib\matplotlib\figure.py,lib\matplotlib\layout_engine.py,matplotlib/matplotlib
lib\matplotlib\figure.py,lib\matplotlib\transforms.py,matplotlib/matplotlib
lib\matplotlib\figure.py,lib\matplotlib\colorbar.py,matplotlib/matplotlib
lib\matplotlib\figure.py,lib\matplotlib\collections.py,matplotlib/matplotlib
lib\matplotlib\figure.py,lib\matplotlib\cbook.py,matplotlib/matplotlib
lib\matplotlib\figure.py,lib\matplotlib\image.py,matplotlib/matplotlib
lib\matplotlib\figure.py,lib\matplotlib\pyplot.py,matplotlib/matplotlib
lib\matplotlib\figure.py,lib\matplotlib\lines.py,matplotlib/matplotlib
lib\matplotlib\figure.py,lib\matplotlib\gridspec.py,matplotlib/matplotlib
lib\matplotlib\figure.py,lib\matplotlib\patches.py,matplotlib/matplotlib
lib\matplotlib\font_manager.py,lib\matplotlib\__init__.py,matplotlib/matplotlib
lib\matplotlib\font_manager.py,lib\matplotlib\figure.py,matplotlib/matplotlib
lib\matplotlib\font_manager.py,lib\matplotlib\_fontconfig_pattern.py,matplotlib/matplotlib
lib\matplotlib\font_manager.py,lib\matplotlib\rcsetup.py,matplotlib/matplotlib
lib\matplotlib\gridspec.py,lib\matplotlib\__init__.py,matplotlib/matplotlib
lib\matplotlib\gridspec.py,lib\matplotlib\_api\__init__.py,matplotlib/matplotlib
lib\matplotlib\gridspec.py,lib\matplotlib\transforms.py,matplotlib/matplotlib
lib\matplotlib\hatch.py,lib\matplotlib\__init__.py,matplotlib/matplotlib
lib\matplotlib\hatch.py,lib\matplotlib\path.py,matplotlib/matplotlib
lib\matplotlib\image.py,lib\matplotlib\__init__.py,matplotlib/matplotlib
lib\matplotlib\image.py,lib\matplotlib\backend_bases.py,matplotlib/matplotlib
lib\matplotlib\image.py,lib\matplotlib\artist.py,matplotlib/matplotlib
lib\matplotlib\image.py,lib\matplotlib\colorizer.py,matplotlib/matplotlib
lib\matplotlib\image.py,lib\matplotlib\transforms.py,matplotlib/matplotlib
lib\matplotlib\image.py,lib\matplotlib\figure.py,matplotlib/matplotlib
lib\matplotlib\image.py,lib\matplotlib\pyplot.py,matplotlib/matplotlib
lib\matplotlib\image.py,lib\matplotlib\colors.py,matplotlib/matplotlib
lib\matplotlib\inset.py,lib\matplotlib\patches.py,matplotlib/matplotlib
lib\matplotlib\inset.py,lib\matplotlib\path.py,matplotlib/matplotlib
lib\matplotlib\layout_engine.py,lib\matplotlib\_constrained_layout.py,matplotlib/matplotlib
lib\matplotlib\layout_engine.py,lib\matplotlib\__init__.py,matplotlib/matplotlib
lib\matplotlib\layout_engine.py,lib\matplotlib\_tight_layout.py,matplotlib/matplotlib
lib\matplotlib\legend.py,lib\matplotlib\__init__.py,matplotlib/matplotlib
lib\matplotlib\legend.py,lib\matplotlib\lines.py,matplotlib/matplotlib
lib\matplotlib\legend.py,lib\matplotlib\transforms.py,matplotlib/matplotlib
lib\matplotlib\legend.py,lib\matplotlib\figure.py,matplotlib/matplotlib
lib\matplotlib\legend.py,lib\matplotlib\cbook.py,matplotlib/matplotlib
lib\matplotlib\legend.py,lib\matplotlib\axes\__init__.py,matplotlib/matplotlib
lib\matplotlib\legend.py,lib\matplotlib\artist.py,matplotlib/matplotlib
lib\matplotlib\legend.py,lib\matplotlib\font_manager.py,matplotlib/matplotlib
lib\matplotlib\legend.py,lib\matplotlib\container.py,matplotlib/matplotlib
lib\matplotlib\legend.py,lib\matplotlib\patches.py,matplotlib/matplotlib
lib\matplotlib\legend.py,lib\matplotlib\collections.py,matplotlib/matplotlib
lib\matplotlib\legend.py,lib\matplotlib\offsetbox.py,matplotlib/matplotlib
lib\matplotlib\legend.py,lib\matplotlib\text.py,matplotlib/matplotlib
lib\matplotlib\legend_handler.py,lib\matplotlib\collections.py,matplotlib/matplotlib
lib\matplotlib\legend_handler.py,lib\matplotlib\patches.py,matplotlib/matplotlib
lib\matplotlib\legend_handler.py,lib\matplotlib\__init__.py,matplotlib/matplotlib
lib\matplotlib\legend_handler.py,lib\matplotlib\lines.py,matplotlib/matplotlib
lib\matplotlib\lines.py,lib\matplotlib\__init__.py,matplotlib/matplotlib
lib\matplotlib\lines.py,lib\matplotlib\artist.py,matplotlib/matplotlib
lib\matplotlib\lines.py,lib\matplotlib\cbook.py,matplotlib/matplotlib
lib\matplotlib\lines.py,lib\matplotlib\markers.py,matplotlib/matplotlib
lib\matplotlib\lines.py,lib\matplotlib\transforms.py,matplotlib/matplotlib
lib\matplotlib\lines.py,lib\matplotlib\_enums.py,matplotlib/matplotlib
lib\matplotlib\lines.py,lib\matplotlib\patheffects.py,matplotlib/matplotlib
lib\matplotlib\lines.py,lib\matplotlib\path.py,matplotlib/matplotlib
lib\matplotlib\markers.py,lib\matplotlib\__init__.py,matplotlib/matplotlib
lib\matplotlib\markers.py,lib\matplotlib\path.py,matplotlib/matplotlib
lib\matplotlib\markers.py,lib\matplotlib\transforms.py,matplotlib/matplotlib
lib\matplotlib\markers.py,lib\matplotlib\_enums.py,matplotlib/matplotlib
lib\matplotlib\markers.py,lib\matplotlib\text.py,matplotlib/matplotlib
lib\matplotlib\markers.py,lib\matplotlib\collections.py,matplotlib/matplotlib
lib\matplotlib\mathtext.py,lib\matplotlib\backends\__init__.py,matplotlib/matplotlib
lib\matplotlib\mathtext.py,lib\matplotlib\__init__.py,matplotlib/matplotlib
lib\matplotlib\mathtext.py,lib\matplotlib\font_manager.py,matplotlib/matplotlib
lib\matplotlib\mathtext.py,lib\matplotlib\_mathtext.py,matplotlib/matplotlib
lib\matplotlib\mlab.py,lib\matplotlib\__init__.py,matplotlib/matplotlib
lib\matplotlib\offsetbox.py,lib\matplotlib\__init__.py,matplotlib/matplotlib
lib\matplotlib\offsetbox.py,lib\matplotlib\artist.py,matplotlib/matplotlib
lib\matplotlib\offsetbox.py,lib\matplotlib\path.py,matplotlib/matplotlib
lib\matplotlib\offsetbox.py,lib\matplotlib\text.py,matplotlib/matplotlib
lib\matplotlib\offsetbox.py,lib\matplotlib\transforms.py,matplotlib/matplotlib
lib\matplotlib\offsetbox.py,lib\matplotlib\patches.py,matplotlib/matplotlib
lib\matplotlib\offsetbox.py,lib\matplotlib\font_manager.py,matplotlib/matplotlib
lib\matplotlib\offsetbox.py,lib\matplotlib\image.py,matplotlib/matplotlib
lib\matplotlib\patches.py,lib\matplotlib\__init__.py,matplotlib/matplotlib
lib\matplotlib\patches.py,lib\matplotlib\patheffects.py,matplotlib/matplotlib
lib\matplotlib\patches.py,lib\matplotlib\collections.py,matplotlib/matplotlib
lib\matplotlib\patches.py,lib\matplotlib\transforms.py,matplotlib/matplotlib
lib\matplotlib\patches.py,lib\matplotlib\bezier.py,matplotlib/matplotlib
lib\matplotlib\patches.py,lib\matplotlib\_enums.py,matplotlib/matplotlib
lib\matplotlib\patches.py,lib\matplotlib\path.py,matplotlib/matplotlib
lib\matplotlib\path.py,lib\matplotlib\__init__.py,matplotlib/matplotlib
lib\matplotlib\path.py,lib\matplotlib\cbook.py,matplotlib/matplotlib
lib\matplotlib\path.py,lib\matplotlib\bezier.py,matplotlib/matplotlib
lib\matplotlib\path.py,lib\matplotlib\hatch.py,matplotlib/matplotlib
lib\matplotlib\path.py,lib\matplotlib\transforms.py,matplotlib/matplotlib
lib\matplotlib\patheffects.py,lib\matplotlib\__init__.py,matplotlib/matplotlib
lib\matplotlib\patheffects.py,lib\matplotlib\backend_bases.py,matplotlib/matplotlib
lib\matplotlib\patheffects.py,lib\matplotlib\path.py,matplotlib/matplotlib
lib\matplotlib\pylab.py,lib\matplotlib\__init__.py,matplotlib/matplotlib
lib\matplotlib\pylab.py,lib\matplotlib\mlab.py,matplotlib/matplotlib
lib\matplotlib\pylab.py,lib\matplotlib\dates.py,matplotlib/matplotlib
lib\matplotlib\pylab.py,lib\matplotlib\pyplot.py,matplotlib/matplotlib
lib\matplotlib\pylab.py,lib\matplotlib\cbook.py,matplotlib/matplotlib
lib\matplotlib\pyplot.py,lib\matplotlib\backends\__init__.py,matplotlib/matplotlib
lib\matplotlib\pyplot.py,lib\matplotlib\typing.py,matplotlib/matplotlib
lib\matplotlib\pyplot.py,lib\matplotlib\axes\__init__.py,matplotlib/matplotlib
lib\matplotlib\pyplot.py,lib\matplotlib\__init__.py,matplotlib/matplotlib
lib\matplotlib\pyplot.py,lib\matplotlib\mlab.py,matplotlib/matplotlib
lib\matplotlib\pyplot.py,lib\matplotlib\artist.py,matplotlib/matplotlib
lib\matplotlib\pyplot.py,lib\matplotlib\lines.py,matplotlib/matplotlib
lib\matplotlib\pyplot.py,lib\matplotlib\patches.py,matplotlib/matplotlib
lib\matplotlib\pyplot.py,lib\matplotlib\ticker.py,matplotlib/matplotlib
lib\matplotlib\pyplot.py,lib\matplotlib\backend_bases.py,matplotlib/matplotlib
lib\matplotlib\pyplot.py,lib\matplotlib\collections.py,matplotlib/matplotlib
lib\matplotlib\pyplot.py,lib\matplotlib\axis.py,matplotlib/matplotlib
lib\matplotlib\pyplot.py,lib\matplotlib\figure.py,matplotlib/matplotlib
lib\matplotlib\pyplot.py,lib\matplotlib\axes\_base.py,matplotlib/matplotlib
lib\matplotlib\pyplot.py,lib\matplotlib\contour.py,matplotlib/matplotlib
lib\matplotlib\pyplot.py,lib\matplotlib\scale.py,matplotlib/matplotlib
lib\matplotlib\pyplot.py,lib\matplotlib\image.py,matplotlib/matplotlib
lib\matplotlib\pyplot.py,lib\matplotlib\container.py,matplotlib/matplotlib
lib\matplotlib\pyplot.py,lib\matplotlib\text.py,matplotlib/matplotlib
lib\matplotlib\pyplot.py,lib\matplotlib\widgets.py,matplotlib/matplotlib
lib\matplotlib\pyplot.py,lib\matplotlib\colorbar.py,matplotlib/matplotlib
lib\matplotlib\pyplot.py,lib\matplotlib\projections\__init__.py,matplotlib/matplotlib
lib\matplotlib\pyplot.py,lib\matplotlib\legend.py,matplotlib/matplotlib
lib\matplotlib\pyplot.py,lib\matplotlib\_api\__init__.py,matplotlib/matplotlib
lib\matplotlib\pyplot.py,lib\matplotlib\cm.py,matplotlib/matplotlib
lib\matplotlib\pyplot.py,lib\matplotlib\colorizer.py,matplotlib/matplotlib
lib\matplotlib\pyplot.py,lib\matplotlib\gridspec.py,matplotlib/matplotlib
lib\matplotlib\pyplot.py,lib\matplotlib\quiver.py,matplotlib/matplotlib
lib\matplotlib\pyplot.py,lib\matplotlib\colors.py,matplotlib/matplotlib
lib\matplotlib\quiver.py,lib\matplotlib\artist.py,matplotlib/matplotlib
lib\matplotlib\quiver.py,lib\matplotlib\collections.py,matplotlib/matplotlib
lib\matplotlib\quiver.py,lib\matplotlib\text.py,matplotlib/matplotlib
lib\matplotlib\quiver.py,lib\matplotlib\__init__.py,matplotlib/matplotlib
lib\matplotlib\quiver.py,lib\matplotlib\patches.py,matplotlib/matplotlib
lib\matplotlib\quiver.py,lib\matplotlib\transforms.py,matplotlib/matplotlib
lib\matplotlib\rcsetup.py,lib\matplotlib\__init__.py,matplotlib/matplotlib
lib\matplotlib\rcsetup.py,lib\matplotlib\colors.py,matplotlib/matplotlib
lib\matplotlib\rcsetup.py,lib\matplotlib\typing.py,matplotlib/matplotlib
lib\matplotlib\rcsetup.py,lib\matplotlib\collections.py,matplotlib/matplotlib
lib\matplotlib\rcsetup.py,lib\matplotlib\cbook.py,matplotlib/matplotlib
lib\matplotlib\rcsetup.py,lib\matplotlib\_enums.py,matplotlib/matplotlib
lib\matplotlib\rcsetup.py,lib\matplotlib\_fontconfig_pattern.py,matplotlib/matplotlib
lib\matplotlib\rcsetup.py,lib\matplotlib\backends\__init__.py,matplotlib/matplotlib
lib\matplotlib\sankey.py,lib\matplotlib\__init__.py,matplotlib/matplotlib
lib\matplotlib\sankey.py,lib\matplotlib\pyplot.py,matplotlib/matplotlib
lib\matplotlib\sankey.py,lib\matplotlib\path.py,matplotlib/matplotlib
lib\matplotlib\sankey.py,lib\matplotlib\patches.py,matplotlib/matplotlib
lib\matplotlib\sankey.py,lib\matplotlib\transforms.py,matplotlib/matplotlib
lib\matplotlib\scale.py,lib\matplotlib\__init__.py,matplotlib/matplotlib
lib\matplotlib\scale.py,lib\matplotlib\ticker.py,matplotlib/matplotlib
lib\matplotlib\scale.py,lib\matplotlib\transforms.py,matplotlib/matplotlib
lib\matplotlib\spines.py,lib\matplotlib\__init__.py,matplotlib/matplotlib
lib\matplotlib\spines.py,lib\matplotlib\transforms.py,matplotlib/matplotlib
lib\matplotlib\spines.py,lib\matplotlib\patches.py,matplotlib/matplotlib
lib\matplotlib\spines.py,lib\matplotlib\path.py,matplotlib/matplotlib
lib\matplotlib\spines.py,lib\matplotlib\artist.py,matplotlib/matplotlib
lib\matplotlib\spines.py,lib\matplotlib\collections.py,matplotlib/matplotlib
lib\matplotlib\stackplot.py,lib\matplotlib\__init__.py,matplotlib/matplotlib
lib\matplotlib\streamplot.py,lib\matplotlib\collections.py,matplotlib/matplotlib
lib\matplotlib\streamplot.py,lib\matplotlib\__init__.py,matplotlib/matplotlib
lib\matplotlib\streamplot.py,lib\matplotlib\colors.py,matplotlib/matplotlib
lib\matplotlib\streamplot.py,lib\matplotlib\lines.py,matplotlib/matplotlib
lib\matplotlib\table.py,lib\matplotlib\patches.py,matplotlib/matplotlib
lib\matplotlib\table.py,lib\matplotlib\text.py,matplotlib/matplotlib
lib\matplotlib\table.py,lib\matplotlib\artist.py,matplotlib/matplotlib
lib\matplotlib\table.py,lib\matplotlib\transforms.py,matplotlib/matplotlib
lib\matplotlib\table.py,lib\matplotlib\path.py,matplotlib/matplotlib
lib\matplotlib\table.py,lib\matplotlib\cbook.py,matplotlib/matplotlib
lib\matplotlib\texmanager.py,lib\matplotlib\__init__.py,matplotlib/matplotlib
lib\matplotlib\text.py,lib\matplotlib\__init__.py,matplotlib/matplotlib
lib\matplotlib\text.py,lib\matplotlib\patheffects.py,matplotlib/matplotlib
lib\matplotlib\text.py,lib\matplotlib\textpath.py,matplotlib/matplotlib
lib\matplotlib\text.py,lib\matplotlib\transforms.py,matplotlib/matplotlib
lib\matplotlib\text.py,lib\matplotlib\projections\__init__.py,matplotlib/matplotlib
lib\matplotlib\text.py,lib\matplotlib\patches.py,matplotlib/matplotlib
lib\matplotlib\text.py,lib\matplotlib\collections.py,matplotlib/matplotlib
lib\matplotlib\text.py,lib\matplotlib\artist.py,matplotlib/matplotlib
lib\matplotlib\text.py,lib\matplotlib\font_manager.py,matplotlib/matplotlib
lib\matplotlib\text.py,lib\matplotlib\offsetbox.py,matplotlib/matplotlib
lib\matplotlib\textpath.py,lib\matplotlib\__init__.py,matplotlib/matplotlib
lib\matplotlib\textpath.py,lib\matplotlib\font_manager.py,matplotlib/matplotlib
lib\matplotlib\textpath.py,lib\matplotlib\mathtext.py,matplotlib/matplotlib
lib\matplotlib\textpath.py,lib\matplotlib\path.py,matplotlib/matplotlib
lib\matplotlib\textpath.py,lib\matplotlib\texmanager.py,matplotlib/matplotlib
lib\matplotlib\textpath.py,lib\matplotlib\text.py,matplotlib/matplotlib
lib\matplotlib\textpath.py,lib\matplotlib\collections.py,matplotlib/matplotlib
lib\matplotlib\textpath.py,lib\matplotlib\transforms.py,matplotlib/matplotlib
lib\matplotlib\ticker.py,lib\matplotlib\__init__.py,matplotlib/matplotlib
lib\matplotlib\transforms.py,lib\matplotlib\__init__.py,matplotlib/matplotlib
lib\matplotlib\transforms.py,lib\matplotlib\path.py,matplotlib/matplotlib
lib\matplotlib\typing.py,lib\matplotlib\collections.py,matplotlib/matplotlib
lib\matplotlib\typing.py,lib\matplotlib\_enums.py,matplotlib/matplotlib
lib\matplotlib\typing.py,lib\matplotlib\artist.py,matplotlib/matplotlib
lib\matplotlib\typing.py,lib\matplotlib\backend_bases.py,matplotlib/matplotlib
lib\matplotlib\typing.py,lib\matplotlib\markers.py,matplotlib/matplotlib
lib\matplotlib\typing.py,lib\matplotlib\transforms.py,matplotlib/matplotlib
lib\matplotlib\units.py,lib\matplotlib\__init__.py,matplotlib/matplotlib
lib\matplotlib\widgets.py,lib\matplotlib\__init__.py,matplotlib/matplotlib
lib\matplotlib\widgets.py,lib\matplotlib\lines.py,matplotlib/matplotlib
lib\matplotlib\widgets.py,lib\matplotlib\transforms.py,matplotlib/matplotlib
lib\matplotlib\widgets.py,lib\matplotlib\patches.py,matplotlib/matplotlib
lib\matplotlib\_afm.py,lib\matplotlib\_mathtext_data.py,matplotlib/matplotlib
lib\matplotlib\_afm.py,src\ft2font.cpp,matplotlib/matplotlib
lib\matplotlib\_afm.py,lib\matplotlib\typing.py,matplotlib/matplotlib
lib\matplotlib\_cm_bivar.py,lib\matplotlib\colors.py,matplotlib/matplotlib
lib\matplotlib\_cm_listed.py,lib\matplotlib\colors.py,matplotlib/matplotlib
lib\matplotlib\_cm_multivar.py,lib\matplotlib\colors.py,matplotlib/matplotlib
lib\matplotlib\_cm_multivar.py,lib\matplotlib\__init__.py,matplotlib/matplotlib
lib\matplotlib\_constrained_layout.py,lib\matplotlib\_layoutgrid.py,matplotlib/matplotlib
lib\matplotlib\_constrained_layout.py,lib\matplotlib\transforms.py,matplotlib/matplotlib
lib\matplotlib\_constrained_layout.py,lib\matplotlib\__init__.py,matplotlib/matplotlib
lib\matplotlib\_docstring.py,lib\matplotlib\artist.py,matplotlib/matplotlib
lib\matplotlib\_enums.py,lib\matplotlib\pyplot.py,matplotlib/matplotlib
lib\matplotlib\_enums.py,lib\matplotlib\__init__.py,matplotlib/matplotlib
lib\matplotlib\_internal_utils.py,lib\matplotlib\transforms.py,matplotlib/matplotlib
lib\matplotlib\_layoutgrid.py,lib\matplotlib\__init__.py,matplotlib/matplotlib
lib\matplotlib\_layoutgrid.py,lib\matplotlib\patches.py,matplotlib/matplotlib
lib\matplotlib\_layoutgrid.py,lib\matplotlib\transforms.py,matplotlib/matplotlib
lib\matplotlib\_mathtext.py,lib\matplotlib\typing.py,matplotlib/matplotlib
lib\matplotlib\_mathtext.py,lib\matplotlib\font_manager.py,matplotlib/matplotlib
lib\matplotlib\_mathtext.py,lib\matplotlib\collections.py,matplotlib/matplotlib
lib\matplotlib\_mathtext.py,src\ft2font.cpp,matplotlib/matplotlib
lib\matplotlib\_mathtext.py,lib\matplotlib\__init__.py,matplotlib/matplotlib
lib\matplotlib\_mathtext.py,lib\matplotlib\_mathtext_data.py,matplotlib/matplotlib
lib\matplotlib\_mathtext_data.py,lib\matplotlib\typing.py,matplotlib/matplotlib
lib\matplotlib\_mathtext_data.py,src\ft2font.cpp,matplotlib/matplotlib
lib\matplotlib\_pylab_helpers.py,lib\matplotlib\collections.py,matplotlib/matplotlib
lib\matplotlib\_style_helpers.py,lib\matplotlib\collections.py,matplotlib/matplotlib
lib\matplotlib\_style_helpers.py,lib\matplotlib\colors.py,matplotlib/matplotlib
lib\matplotlib\_style_helpers.py,lib\matplotlib\lines.py,matplotlib/matplotlib
lib\matplotlib\_style_helpers.py,lib\matplotlib\cbook.py,matplotlib/matplotlib
lib\matplotlib\_text_helpers.py,lib\matplotlib\collections.py,matplotlib/matplotlib
lib\matplotlib\_text_helpers.py,src\ft2font.cpp,matplotlib/matplotlib
lib\matplotlib\_tight_bbox.py,lib\matplotlib\transforms.py,matplotlib/matplotlib
lib\matplotlib\_tight_layout.py,lib\matplotlib\__init__.py,matplotlib/matplotlib
lib\matplotlib\_tight_layout.py,lib\matplotlib\transforms.py,matplotlib/matplotlib
lib\matplotlib\_tight_layout.py,lib\matplotlib\font_manager.py,matplotlib/matplotlib
lib\matplotlib\_type1font.py,lib\matplotlib\typing.py,matplotlib/matplotlib
lib\matplotlib\_type1font.py,lib\matplotlib\cbook.py,matplotlib/matplotlib
lib\matplotlib\__init__.py,lib\matplotlib\_api\__init__.py,matplotlib/matplotlib
lib\matplotlib\__init__.py,lib\matplotlib\rcsetup.py,matplotlib/matplotlib
lib\matplotlib\__init__.py,lib\matplotlib\collections.py,matplotlib/matplotlib
lib\matplotlib\__init__.py,lib\matplotlib\style\core.py,matplotlib/matplotlib
lib\matplotlib\__init__.py,lib\matplotlib\cm.py,matplotlib/matplotlib
lib\matplotlib\__init__.py,lib\matplotlib\style\__init__.py,matplotlib/matplotlib
lib\matplotlib\__init__.py,lib\matplotlib\colors.py,matplotlib/matplotlib
lib\mpl_toolkits\axes_grid1\anchored_artists.py,lib\matplotlib\__init__.py,matplotlib/matplotlib
lib\mpl_toolkits\axes_grid1\anchored_artists.py,lib\matplotlib\text.py,matplotlib/matplotlib
lib\mpl_toolkits\axes_grid1\anchored_artists.py,lib\matplotlib\patches.py,matplotlib/matplotlib
lib\mpl_toolkits\axes_grid1\anchored_artists.py,lib\matplotlib\offsetbox.py,matplotlib/matplotlib
lib\mpl_toolkits\axes_grid1\axes_divider.py,lib\matplotlib\__init__.py,matplotlib/matplotlib
lib\mpl_toolkits\axes_grid1\axes_divider.py,lib\matplotlib\transforms.py,matplotlib/matplotlib
lib\mpl_toolkits\axes_grid1\axes_divider.py,lib\matplotlib\gridspec.py,matplotlib/matplotlib
lib\mpl_toolkits\axes_grid1\axes_grid.py,lib\matplotlib\__init__.py,matplotlib/matplotlib
lib\mpl_toolkits\axes_grid1\axes_grid.py,lib\matplotlib\gridspec.py,matplotlib/matplotlib
lib\mpl_toolkits\axes_grid1\axes_grid.py,lib\mpl_toolkits\axes_grid1\axes_divider.py,matplotlib/matplotlib
lib\mpl_toolkits\axes_grid1\axes_grid.py,lib\mpl_toolkits\axes_grid1\mpl_axes.py,matplotlib/matplotlib
lib\mpl_toolkits\axes_grid1\axes_rgb.py,lib\mpl_toolkits\axes_grid1\mpl_axes.py,matplotlib/matplotlib
lib\mpl_toolkits\axes_grid1\axes_rgb.py,lib\mpl_toolkits\axes_grid1\axes_divider.py,matplotlib/matplotlib
lib\mpl_toolkits\axes_grid1\axes_size.py,lib\matplotlib\axes\__init__.py,matplotlib/matplotlib
lib\mpl_toolkits\axes_grid1\axes_size.py,lib\matplotlib\__init__.py,matplotlib/matplotlib
lib\mpl_toolkits\axes_grid1\inset_locator.py,lib\matplotlib\path.py,matplotlib/matplotlib
lib\mpl_toolkits\axes_grid1\inset_locator.py,lib\matplotlib\transforms.py,matplotlib/matplotlib
lib\mpl_toolkits\axes_grid1\inset_locator.py,lib\matplotlib\offsetbox.py,matplotlib/matplotlib
lib\mpl_toolkits\axes_grid1\inset_locator.py,lib\matplotlib\patches.py,matplotlib/matplotlib
lib\mpl_toolkits\axes_grid1\inset_locator.py,lib\mpl_toolkits\axes_grid1\parasite_axes.py,matplotlib/matplotlib
lib\mpl_toolkits\axes_grid1\inset_locator.py,lib\matplotlib\__init__.py,matplotlib/matplotlib
lib\mpl_toolkits\axes_grid1\mpl_axes.py,lib\matplotlib\axes\__init__.py,matplotlib/matplotlib
lib\mpl_toolkits\axes_grid1\mpl_axes.py,lib\matplotlib\artist.py,matplotlib/matplotlib
lib\mpl_toolkits\axes_grid1\mpl_axes.py,lib\matplotlib\axis.py,matplotlib/matplotlib
lib\mpl_toolkits\axes_grid1\parasite_axes.py,lib\matplotlib\transforms.py,matplotlib/matplotlib
lib\mpl_toolkits\axes_grid1\parasite_axes.py,lib\matplotlib\pyplot.py,matplotlib/matplotlib
lib\mpl_toolkits\axes_grid1\parasite_axes.py,lib\mpl_toolkits\axes_grid1\mpl_axes.py,matplotlib/matplotlib
lib\mpl_toolkits\axes_grid1\parasite_axes.py,lib\matplotlib\artist.py,matplotlib/matplotlib
lib\mpl_toolkits\axes_grid1\parasite_axes.py,lib\matplotlib\__init__.py,matplotlib/matplotlib
lib\mpl_toolkits\axes_grid1\__init__.py,lib\mpl_toolkits\axes_grid1\axes_divider.py,matplotlib/matplotlib
lib\mpl_toolkits\axes_grid1\__init__.py,lib\mpl_toolkits\axes_grid1\parasite_axes.py,matplotlib/matplotlib
lib\mpl_toolkits\axes_grid1\__init__.py,lib\mpl_toolkits\axes_grid1\axes_grid.py,matplotlib/matplotlib
lib\mpl_toolkits\axisartist\angle_helper.py,lib\mpl_toolkits\axisartist\grid_finder.py,matplotlib/matplotlib
lib\mpl_toolkits\axisartist\angle_helper.py,lib\matplotlib\transforms.py,matplotlib/matplotlib
lib\mpl_toolkits\axisartist\axes_divider.py,lib\mpl_toolkits\axes_grid1\axes_divider.py,matplotlib/matplotlib
lib\mpl_toolkits\axisartist\axislines.py,lib\matplotlib\__init__.py,matplotlib/matplotlib
lib\mpl_toolkits\axisartist\axislines.py,lib\matplotlib\axes\__init__.py,matplotlib/matplotlib
lib\mpl_toolkits\axisartist\axislines.py,lib\mpl_toolkits\axisartist\axis_artist.py,matplotlib/matplotlib
lib\mpl_toolkits\axisartist\axislines.py,lib\matplotlib\path.py,matplotlib/matplotlib
lib\mpl_toolkits\axisartist\axislines.py,lib\matplotlib\transforms.py,matplotlib/matplotlib
lib\mpl_toolkits\axisartist\axislines.py,lib\mpl_toolkits\axes_grid1\__init__.py,matplotlib/matplotlib
lib\mpl_toolkits\axisartist\axislines.py,lib\mpl_toolkits\axisartist\axisline_style.py,matplotlib/matplotlib
lib\mpl_toolkits\axisartist\axisline_style.py,lib\matplotlib\__init__.py,matplotlib/matplotlib
lib\mpl_toolkits\axisartist\axisline_style.py,lib\matplotlib\path.py,matplotlib/matplotlib
lib\mpl_toolkits\axisartist\axisline_style.py,lib\matplotlib\patches.py,matplotlib/matplotlib
lib\mpl_toolkits\axisartist\axisline_style.py,lib\matplotlib\transforms.py,matplotlib/matplotlib
lib\mpl_toolkits\axisartist\axis_artist.py,lib\matplotlib\artist.py,matplotlib/matplotlib
lib\mpl_toolkits\axisartist\axis_artist.py,lib\matplotlib\__init__.py,matplotlib/matplotlib
lib\mpl_toolkits\axisartist\axis_artist.py,lib\matplotlib\colors.py,matplotlib/matplotlib
lib\mpl_toolkits\axisartist\axis_artist.py,lib\matplotlib\lines.py,matplotlib/matplotlib
lib\mpl_toolkits\axisartist\axis_artist.py,lib\matplotlib\transforms.py,matplotlib/matplotlib
lib\mpl_toolkits\axisartist\axis_artist.py,lib\matplotlib\patches.py,matplotlib/matplotlib
lib\mpl_toolkits\axisartist\axis_artist.py,lib\mpl_toolkits\axisartist\axisline_style.py,matplotlib/matplotlib
lib\mpl_toolkits\axisartist\axis_artist.py,lib\matplotlib\path.py,matplotlib/matplotlib
lib\mpl_toolkits\axisartist\axis_artist.py,lib\matplotlib\text.py,matplotlib/matplotlib
lib\mpl_toolkits\axisartist\axis_artist.py,lib\matplotlib\collections.py,matplotlib/matplotlib
lib\mpl_toolkits\axisartist\floating_axes.py,lib\matplotlib\__init__.py,matplotlib/matplotlib
lib\mpl_toolkits\axisartist\floating_axes.py,lib\matplotlib\patches.py,matplotlib/matplotlib
lib\mpl_toolkits\axisartist\floating_axes.py,lib\matplotlib\path.py,matplotlib/matplotlib
lib\mpl_toolkits\axisartist\floating_axes.py,lib\matplotlib\transforms.py,matplotlib/matplotlib
lib\mpl_toolkits\axisartist\floating_axes.py,lib\mpl_toolkits\axisartist\axis_artist.py,matplotlib/matplotlib
lib\mpl_toolkits\axisartist\floating_axes.py,lib\mpl_toolkits\axes_grid1\parasite_axes.py,matplotlib/matplotlib
lib\mpl_toolkits\axisartist\floating_axes.py,lib\mpl_toolkits\axisartist\grid_finder.py,matplotlib/matplotlib
lib\mpl_toolkits\axisartist\grid_finder.py,lib\matplotlib\__init__.py,matplotlib/matplotlib
lib\mpl_toolkits\axisartist\grid_finder.py,lib\matplotlib\transforms.py,matplotlib/matplotlib
lib\mpl_toolkits\axisartist\grid_helper_curvelinear.py,lib\matplotlib\__init__.py,matplotlib/matplotlib
lib\mpl_toolkits\axisartist\grid_helper_curvelinear.py,lib\matplotlib\transforms.py,matplotlib/matplotlib
lib\mpl_toolkits\axisartist\grid_helper_curvelinear.py,lib\matplotlib\path.py,matplotlib/matplotlib
lib\mpl_toolkits\axisartist\grid_helper_curvelinear.py,lib\mpl_toolkits\axisartist\axislines.py,matplotlib/matplotlib
lib\mpl_toolkits\axisartist\grid_helper_curvelinear.py,lib\mpl_toolkits\axisartist\axis_artist.py,matplotlib/matplotlib
lib\mpl_toolkits\axisartist\grid_helper_curvelinear.py,lib\mpl_toolkits\axisartist\grid_finder.py,matplotlib/matplotlib
lib\mpl_toolkits\axisartist\parasite_axes.py,lib\mpl_toolkits\axes_grid1\parasite_axes.py,matplotlib/matplotlib
lib\mpl_toolkits\axisartist\parasite_axes.py,lib\mpl_toolkits\axisartist\axislines.py,matplotlib/matplotlib
lib\mpl_toolkits\axisartist\__init__.py,lib\mpl_toolkits\axisartist\axis_artist.py,matplotlib/matplotlib
lib\mpl_toolkits\axisartist\__init__.py,lib\mpl_toolkits\axisartist\grid_helper_curvelinear.py,matplotlib/matplotlib
lib\mpl_toolkits\axisartist\__init__.py,lib\mpl_toolkits\axisartist\floating_axes.py,matplotlib/matplotlib
lib\mpl_toolkits\axisartist\__init__.py,lib\mpl_toolkits\axes_grid1\parasite_axes.py,matplotlib/matplotlib
lib\mpl_toolkits\axisartist\__init__.py,lib\mpl_toolkits\axisartist\axislines.py,matplotlib/matplotlib
lib\mpl_toolkits\mplot3d\art3d.py,lib\matplotlib\collections.py,matplotlib/matplotlib
lib\mpl_toolkits\mplot3d\art3d.py,lib\matplotlib\__init__.py,matplotlib/matplotlib
lib\mpl_toolkits\mplot3d\art3d.py,lib\matplotlib\patches.py,matplotlib/matplotlib
lib\mpl_toolkits\mplot3d\axes3d.py,lib\matplotlib\__init__.py,matplotlib/matplotlib
lib\mpl_toolkits\mplot3d\axes3d.py,lib\matplotlib\collections.py,matplotlib/matplotlib
lib\mpl_toolkits\mplot3d\axes3d.py,lib\matplotlib\tri\_triangulation.py,matplotlib/matplotlib
lib\mpl_toolkits\mplot3d\axes3d.py,lib\matplotlib\patches.py,matplotlib/matplotlib
lib\mpl_toolkits\mplot3d\axes3d.py,lib\matplotlib\lines.py,matplotlib/matplotlib
lib\mpl_toolkits\mplot3d\axes3d.py,lib\matplotlib\transforms.py,matplotlib/matplotlib
lib\mpl_toolkits\mplot3d\axes3d.py,lib\matplotlib\colors.py,matplotlib/matplotlib
lib\mpl_toolkits\mplot3d\axes3d.py,lib\matplotlib\axes\__init__.py,matplotlib/matplotlib
lib\mpl_toolkits\mplot3d\axes3d.py,lib\matplotlib\image.py,matplotlib/matplotlib
lib\mpl_toolkits\mplot3d\axes3d.py,lib\matplotlib\artist.py,matplotlib/matplotlib
lib\mpl_toolkits\mplot3d\axes3d.py,lib\matplotlib\axes\_base.py,matplotlib/matplotlib
lib\mpl_toolkits\mplot3d\axes3d.py,lib\matplotlib\container.py,matplotlib/matplotlib
lib\mpl_toolkits\mplot3d\axis3d.py,lib\matplotlib\__init__.py,matplotlib/matplotlib
lib\mpl_toolkits\mplot3d\proj3d.py,lib\matplotlib\__init__.py,matplotlib/matplotlib
lib\mpl_toolkits\mplot3d\__init__.py,lib\mpl_toolkits\mplot3d\axes3d.py,matplotlib/matplotlib
lib\matplotlib\axes\_axes.py,lib\matplotlib\collections.py,matplotlib/matplotlib
lib\matplotlib\axes\_axes.py,lib\matplotlib\markers.py,matplotlib/matplotlib
lib\matplotlib\axes\_axes.py,lib\matplotlib\text.py,matplotlib/matplotlib
lib\matplotlib\axes\_axes.py,lib\matplotlib\inset.py,matplotlib/matplotlib
lib\matplotlib\axes\_axes.py,lib\matplotlib\transforms.py,matplotlib/matplotlib
lib\matplotlib\axes\_axes.py,lib\matplotlib\__init__.py,matplotlib/matplotlib
lib\matplotlib\axes\_axes.py,lib\matplotlib\colors.py,matplotlib/matplotlib
lib\matplotlib\axes\_axes.py,lib\matplotlib\lines.py,matplotlib/matplotlib
lib\matplotlib\axes\_axes.py,lib\matplotlib\stackplot.py,matplotlib/matplotlib
lib\matplotlib\axes\_axes.py,lib\matplotlib\table.py,matplotlib/matplotlib
lib\matplotlib\axes\_axes.py,lib\matplotlib\contour.py,matplotlib/matplotlib
lib\matplotlib\axes\_axes.py,lib\matplotlib\legend.py,matplotlib/matplotlib
lib\matplotlib\axes\_axes.py,lib\matplotlib\ticker.py,matplotlib/matplotlib
lib\matplotlib\axes\_axes.py,lib\matplotlib\axes\_secondary_axes.py,matplotlib/matplotlib
lib\matplotlib\axes\_axes.py,lib\matplotlib\quiver.py,matplotlib/matplotlib
lib\matplotlib\axes\_axes.py,lib\matplotlib\axes\_base.py,matplotlib/matplotlib
lib\matplotlib\axes\_axes.py,lib\matplotlib\container.py,matplotlib/matplotlib
lib\matplotlib\axes\_axes.py,lib\matplotlib\mlab.py,matplotlib/matplotlib
lib\matplotlib\axes\_axes.py,lib\matplotlib\_api\__init__.py,matplotlib/matplotlib
lib\matplotlib\axes\_axes.py,lib\matplotlib\category.py,matplotlib/matplotlib
lib\matplotlib\axes\_axes.py,lib\matplotlib\cbook.py,matplotlib/matplotlib
lib\matplotlib\axes\_axes.py,lib\matplotlib\colorizer.py,matplotlib/matplotlib
lib\matplotlib\axes\_axes.py,lib\matplotlib\dates.py,matplotlib/matplotlib
lib\matplotlib\axes\_axes.py,lib\matplotlib\patches.py,matplotlib/matplotlib
lib\matplotlib\axes\_axes.py,lib\matplotlib\image.py,matplotlib/matplotlib
lib\matplotlib\axes\_axes.py,lib\matplotlib\path.py,matplotlib/matplotlib
lib\matplotlib\axes\_axes.py,lib\matplotlib\streamplot.py,matplotlib/matplotlib
lib\matplotlib\axes\_axes.py,lib\matplotlib\tri\__init__.py,matplotlib/matplotlib
lib\matplotlib\axes\_axes.py,lib\matplotlib\units.py,matplotlib/matplotlib
lib\matplotlib\axes\_base.py,lib\matplotlib\__init__.py,matplotlib/matplotlib
lib\matplotlib\axes\_base.py,lib\matplotlib\image.py,matplotlib/matplotlib
lib\matplotlib\axes\_base.py,lib\matplotlib\colors.py,matplotlib/matplotlib
lib\matplotlib\axes\_base.py,lib\matplotlib\transforms.py,matplotlib/matplotlib
lib\matplotlib\axes\_base.py,lib\matplotlib\artist.py,matplotlib/matplotlib
lib\matplotlib\axes\_base.py,lib\matplotlib\table.py,matplotlib/matplotlib
lib\matplotlib\axes\_base.py,lib\matplotlib\ticker.py,matplotlib/matplotlib
lib\matplotlib\axes\_base.py,lib\matplotlib\gridspec.py,matplotlib/matplotlib
lib\matplotlib\axes\_base.py,lib\matplotlib\axis.py,matplotlib/matplotlib
lib\matplotlib\axes\_base.py,lib\matplotlib\font_manager.py,matplotlib/matplotlib
lib\matplotlib\axes\_base.py,lib\matplotlib\spines.py,matplotlib/matplotlib
lib\matplotlib\axes\_base.py,lib\matplotlib\lines.py,matplotlib/matplotlib
lib\matplotlib\axes\_base.py,lib\matplotlib\collections.py,matplotlib/matplotlib
lib\matplotlib\axes\_base.py,lib\matplotlib\cbook.py,matplotlib/matplotlib
lib\matplotlib\axes\_base.py,lib\matplotlib\patches.py,matplotlib/matplotlib
lib\matplotlib\axes\_base.py,lib\matplotlib\text.py,matplotlib/matplotlib
lib\matplotlib\axes\_base.py,lib\matplotlib\rcsetup.py,matplotlib/matplotlib
lib\matplotlib\axes\_secondary_axes.py,lib\matplotlib\ticker.py,matplotlib/matplotlib
lib\matplotlib\axes\_secondary_axes.py,lib\matplotlib\axes\_base.py,matplotlib/matplotlib
lib\matplotlib\axes\_secondary_axes.py,lib\matplotlib\axis.py,matplotlib/matplotlib
lib\matplotlib\axes\_secondary_axes.py,lib\matplotlib\transforms.py,matplotlib/matplotlib
lib\matplotlib\axes\_secondary_axes.py,lib\matplotlib\__init__.py,matplotlib/matplotlib
lib\matplotlib\axes\__init__.py,lib\matplotlib\axes\_axes.py,matplotlib/matplotlib
lib\matplotlib\backends\backend_agg.py,lib\matplotlib\__init__.py,matplotlib/matplotlib
lib\matplotlib\backends\backend_agg.py,lib\matplotlib\artist.py,matplotlib/matplotlib
lib\matplotlib\backends\backend_agg.py,lib\matplotlib\backend_bases.py,matplotlib/matplotlib
lib\matplotlib\backends\backend_agg.py,lib\matplotlib\path.py,matplotlib/matplotlib
lib\matplotlib\backends\backend_agg.py,lib\matplotlib\transforms.py,matplotlib/matplotlib
lib\matplotlib\backends\backend_agg.py,lib\matplotlib\backends\__init__.py,matplotlib/matplotlib
lib\matplotlib\backends\backend_agg.py,lib\matplotlib\font_manager.py,matplotlib/matplotlib
lib\matplotlib\backends\backend_agg.py,lib\matplotlib\collections.py,matplotlib/matplotlib
lib\matplotlib\backends\backend_agg.py,lib\matplotlib\mathtext.py,matplotlib/matplotlib
lib\matplotlib\backends\backend_agg.py,lib\matplotlib\dviread.py,matplotlib/matplotlib
lib\matplotlib\backends\backend_cairo.py,lib\matplotlib\artist.py,matplotlib/matplotlib
lib\matplotlib\backends\backend_cairo.py,lib\matplotlib\transforms.py,matplotlib/matplotlib
lib\matplotlib\backends\backend_cairo.py,lib\matplotlib\backend_bases.py,matplotlib/matplotlib
lib\matplotlib\backends\backend_cairo.py,lib\matplotlib\font_manager.py,matplotlib/matplotlib
lib\matplotlib\backends\backend_cairo.py,lib\matplotlib\path.py,matplotlib/matplotlib
lib\matplotlib\backends\backend_cairo.py,lib\matplotlib\collections.py,matplotlib/matplotlib
lib\matplotlib\backends\backend_gtk3.py,lib\matplotlib\backends\_backend_gtk.py,matplotlib/matplotlib
lib\matplotlib\backends\backend_gtk3.py,lib\matplotlib\__init__.py,matplotlib/matplotlib
lib\matplotlib\backends\backend_gtk3.py,lib\matplotlib\backend_bases.py,matplotlib/matplotlib
lib\matplotlib\backends\backend_gtk3agg.py,lib\matplotlib\backends\backend_gtk3.py,matplotlib/matplotlib
lib\matplotlib\backends\backend_gtk3cairo.py,lib\matplotlib\backends\backend_cairo.py,matplotlib/matplotlib
lib\matplotlib\backends\backend_gtk3cairo.py,lib\matplotlib\backends\backend_gtk3.py,matplotlib/matplotlib
lib\matplotlib\backends\backend_gtk4.py,lib\matplotlib\backends\_backend_gtk.py,matplotlib/matplotlib
lib\matplotlib\backends\backend_gtk4.py,lib\matplotlib\backend_bases.py,matplotlib/matplotlib
lib\matplotlib\backends\backend_gtk4.py,lib\matplotlib\__init__.py,matplotlib/matplotlib
lib\matplotlib\backends\backend_gtk4agg.py,lib\matplotlib\backends\backend_gtk4.py,matplotlib/matplotlib
lib\matplotlib\backends\backend_gtk4cairo.py,lib\matplotlib\backends\backend_gtk4.py,matplotlib/matplotlib
lib\matplotlib\backends\backend_gtk4cairo.py,lib\matplotlib\backends\backend_cairo.py,matplotlib/matplotlib
lib\matplotlib\backends\backend_macosx.py,lib\matplotlib\_pylab_helpers.py,matplotlib/matplotlib
lib\matplotlib\backends\backend_macosx.py,lib\matplotlib\backends\backend_agg.py,matplotlib/matplotlib
lib\matplotlib\backends\backend_macosx.py,lib\matplotlib\backend_bases.py,matplotlib/matplotlib
lib\matplotlib\backends\backend_macosx.py,lib\matplotlib\__init__.py,matplotlib/matplotlib
lib\matplotlib\backends\backend_mixed.py,lib\matplotlib\backends\backend_agg.py,matplotlib/matplotlib
lib\matplotlib\backends\backend_mixed.py,lib\matplotlib\__init__.py,matplotlib/matplotlib
lib\matplotlib\backends\backend_mixed.py,lib\matplotlib\_tight_bbox.py,matplotlib/matplotlib
lib\matplotlib\backends\backend_nbagg.py,lib\matplotlib\__init__.py,matplotlib/matplotlib
lib\matplotlib\backends\backend_nbagg.py,lib\matplotlib\_pylab_helpers.py,matplotlib/matplotlib
lib\matplotlib\backends\backend_nbagg.py,lib\matplotlib\backend_bases.py,matplotlib/matplotlib
lib\matplotlib\backends\backend_nbagg.py,lib\matplotlib\backends\backend_webagg_core.py,matplotlib/matplotlib
lib\matplotlib\backends\backend_pdf.py,lib\matplotlib\figure.py,matplotlib/matplotlib
lib\matplotlib\backends\backend_pdf.py,lib\matplotlib\path.py,matplotlib/matplotlib
lib\matplotlib\backends\backend_pdf.py,lib\matplotlib\__init__.py,matplotlib/matplotlib
lib\matplotlib\backends\backend_pdf.py,lib\matplotlib\backends\backend_mixed.py,matplotlib/matplotlib
lib\matplotlib\backends\backend_pdf.py,lib\matplotlib\artist.py,matplotlib/matplotlib
lib\matplotlib\backends\backend_pdf.py,lib\matplotlib\font_manager.py,matplotlib/matplotlib
lib\matplotlib\backends\backend_pdf.py,lib\matplotlib\_afm.py,matplotlib/matplotlib
lib\matplotlib\backends\backend_pdf.py,lib\matplotlib\_pylab_helpers.py,matplotlib/matplotlib
lib\matplotlib\backends\backend_pdf.py,lib\matplotlib\dates.py,matplotlib/matplotlib
lib\matplotlib\backends\backend_pdf.py,lib\matplotlib\backend_bases.py,matplotlib/matplotlib
lib\matplotlib\backends\backend_pdf.py,lib\matplotlib\transforms.py,matplotlib/matplotlib
lib\matplotlib\backends\backend_pgf.py,lib\matplotlib\__init__.py,matplotlib/matplotlib
lib\matplotlib\backends\backend_pgf.py,lib\matplotlib\artist.py,matplotlib/matplotlib
lib\matplotlib\backends\backend_pgf.py,lib\matplotlib\font_manager.py,matplotlib/matplotlib
lib\matplotlib\backends\backend_pgf.py,lib\matplotlib\backend_bases.py,matplotlib/matplotlib
lib\matplotlib\backends\backend_pgf.py,lib\matplotlib\backends\backend_pdf.py,matplotlib/matplotlib
lib\matplotlib\backends\backend_pgf.py,lib\matplotlib\figure.py,matplotlib/matplotlib
lib\matplotlib\backends\backend_pgf.py,lib\matplotlib\backends\backend_mixed.py,matplotlib/matplotlib
lib\matplotlib\backends\backend_pgf.py,lib\matplotlib\path.py,matplotlib/matplotlib
lib\matplotlib\backends\backend_pgf.py,lib\matplotlib\_pylab_helpers.py,matplotlib/matplotlib
lib\matplotlib\backends\backend_ps.py,lib\matplotlib\__init__.py,matplotlib/matplotlib
lib\matplotlib\backends\backend_ps.py,lib\matplotlib\_mathtext_data.py,matplotlib/matplotlib
lib\matplotlib\backends\backend_ps.py,lib\matplotlib\backend_bases.py,matplotlib/matplotlib
lib\matplotlib\backends\backend_ps.py,lib\matplotlib\cbook.py,matplotlib/matplotlib
lib\matplotlib\backends\backend_ps.py,lib\matplotlib\transforms.py,matplotlib/matplotlib
lib\matplotlib\backends\backend_ps.py,lib\matplotlib\font_manager.py,matplotlib/matplotlib
lib\matplotlib\backends\backend_ps.py,lib\matplotlib\texmanager.py,matplotlib/matplotlib
lib\matplotlib\backends\backend_ps.py,lib\matplotlib\backends\backend_mixed.py,matplotlib/matplotlib
lib\matplotlib\backends\backend_ps.py,lib\matplotlib\path.py,matplotlib/matplotlib
lib\matplotlib\backends\backend_qt.py,lib\matplotlib\backends\qt_editor\figureoptions.py,matplotlib/matplotlib
lib\matplotlib\backends\backend_qt.py,lib\matplotlib\_pylab_helpers.py,matplotlib/matplotlib
lib\matplotlib\backends\backend_qt.py,lib\matplotlib\backend_bases.py,matplotlib/matplotlib
lib\matplotlib\backends\backend_qt.py,lib\matplotlib\backends\qt_compat.py,matplotlib/matplotlib
lib\matplotlib\backends\backend_qt.py,lib\matplotlib\__init__.py,matplotlib/matplotlib
lib\matplotlib\backends\backend_qt5.py,lib\matplotlib\backends\backend_qt.py,matplotlib/matplotlib
lib\matplotlib\backends\backend_qt5agg.py,lib\matplotlib\backends\backend_qtagg.py,matplotlib/matplotlib
lib\matplotlib\backends\backend_qt5cairo.py,lib\matplotlib\backends\backend_qtcairo.py,matplotlib/matplotlib
lib\matplotlib\backends\backend_qtagg.py,lib\matplotlib\backends\qt_compat.py,matplotlib/matplotlib
lib\matplotlib\backends\backend_qtagg.py,lib\matplotlib\backends\backend_qt.py,matplotlib/matplotlib
lib\matplotlib\backends\backend_qtagg.py,lib\matplotlib\backends\backend_agg.py,matplotlib/matplotlib
lib\matplotlib\backends\backend_qtagg.py,lib\matplotlib\transforms.py,matplotlib/matplotlib
lib\matplotlib\backends\backend_qtcairo.py,lib\matplotlib\backends\backend_cairo.py,matplotlib/matplotlib
lib\matplotlib\backends\backend_qtcairo.py,lib\matplotlib\backends\backend_qt.py,matplotlib/matplotlib
lib\matplotlib\backends\backend_qtcairo.py,lib\matplotlib\backends\qt_compat.py,matplotlib/matplotlib
lib\matplotlib\backends\backend_svg.py,lib\matplotlib\__init__.py,matplotlib/matplotlib
lib\matplotlib\backends\backend_svg.py,lib\matplotlib\backends\backend_mixed.py,matplotlib/matplotlib
lib\matplotlib\backends\backend_svg.py,lib\matplotlib\transforms.py,matplotlib/matplotlib
lib\matplotlib\backends\backend_svg.py,lib\matplotlib\colors.py,matplotlib/matplotlib
lib\matplotlib\backends\backend_svg.py,lib\matplotlib\backend_bases.py,matplotlib/matplotlib
lib\matplotlib\backends\backend_svg.py,lib\matplotlib\dates.py,matplotlib/matplotlib
lib\matplotlib\backends\backend_svg.py,lib\matplotlib\artist.py,matplotlib/matplotlib
lib\matplotlib\backends\backend_svg.py,lib\matplotlib\path.py,matplotlib/matplotlib
lib\matplotlib\backends\backend_template.py,lib\matplotlib\__init__.py,matplotlib/matplotlib
lib\matplotlib\backends\backend_template.py,lib\matplotlib\backend_bases.py,matplotlib/matplotlib
lib\matplotlib\backends\backend_template.py,lib\matplotlib\_pylab_helpers.py,matplotlib/matplotlib
lib\matplotlib\backends\backend_template.py,lib\matplotlib\figure.py,matplotlib/matplotlib
lib\matplotlib\backends\backend_tkagg.py,lib\matplotlib\backends\_backend_tk.py,matplotlib/matplotlib
lib\matplotlib\backends\backend_tkagg.py,lib\matplotlib\backends\backend_agg.py,matplotlib/matplotlib
lib\matplotlib\backends\backend_tkcairo.py,lib\matplotlib\backends\backend_cairo.py,matplotlib/matplotlib
lib\matplotlib\backends\backend_tkcairo.py,lib\matplotlib\backends\_backend_tk.py,matplotlib/matplotlib
lib\matplotlib\backends\backend_webagg.py,lib\matplotlib\__init__.py,matplotlib/matplotlib
lib\matplotlib\backends\backend_webagg.py,lib\matplotlib\backends\backend_webagg_core.py,matplotlib/matplotlib
lib\matplotlib\backends\backend_webagg.py,lib\matplotlib\_pylab_helpers.py,matplotlib/matplotlib
lib\matplotlib\backends\backend_webagg.py,lib\matplotlib\backend_bases.py,matplotlib/matplotlib
lib\matplotlib\backends\backend_webagg_core.py,lib\matplotlib\__init__.py,matplotlib/matplotlib
lib\matplotlib\backends\backend_webagg_core.py,lib\matplotlib\backends\__init__.py,matplotlib/matplotlib
lib\matplotlib\backends\backend_webagg_core.py,lib\matplotlib\backend_bases.py,matplotlib/matplotlib
lib\matplotlib\backends\backend_webagg_core.py,lib\matplotlib\pyplot.py,matplotlib/matplotlib
lib\matplotlib\backends\backend_wx.py,lib\matplotlib\__init__.py,matplotlib/matplotlib
lib\matplotlib\backends\backend_wx.py,lib\matplotlib\backend_bases.py,matplotlib/matplotlib
lib\matplotlib\backends\backend_wx.py,lib\matplotlib\_pylab_helpers.py,matplotlib/matplotlib
lib\matplotlib\backends\backend_wx.py,lib\matplotlib\path.py,matplotlib/matplotlib
lib\matplotlib\backends\backend_wx.py,lib\matplotlib\transforms.py,matplotlib/matplotlib
lib\matplotlib\backends\backend_wxagg.py,lib\matplotlib\backends\backend_wx.py,matplotlib/matplotlib
lib\matplotlib\backends\backend_wxagg.py,lib\matplotlib\backends\backend_agg.py,matplotlib/matplotlib
lib\matplotlib\backends\backend_wxcairo.py,lib\matplotlib\backends\backend_wx.py,matplotlib/matplotlib
lib\matplotlib\backends\backend_wxcairo.py,lib\matplotlib\backends\backend_cairo.py,matplotlib/matplotlib
lib\matplotlib\backends\qt_compat.py,lib\matplotlib\__init__.py,matplotlib/matplotlib
lib\matplotlib\backends\registry.py,lib\matplotlib\__init__.py,matplotlib/matplotlib
lib\matplotlib\backends\_backend_gtk.py,lib\matplotlib\_pylab_helpers.py,matplotlib/matplotlib
lib\matplotlib\backends\_backend_gtk.py,lib\matplotlib\__init__.py,matplotlib/matplotlib
lib\matplotlib\backends\_backend_gtk.py,lib\matplotlib\backend_bases.py,matplotlib/matplotlib
lib\matplotlib\backends\_backend_gtk.py,lib\matplotlib\backend_tools.py,matplotlib/matplotlib
lib\matplotlib\backends\_backend_pdf_ps.py,lib\matplotlib\typing.py,matplotlib/matplotlib
lib\matplotlib\backends\_backend_pdf_ps.py,lib\matplotlib\__init__.py,matplotlib/matplotlib
lib\matplotlib\backends\_backend_pdf_ps.py,lib\matplotlib\collections.py,matplotlib/matplotlib
lib\matplotlib\backends\_backend_pdf_ps.py,lib\matplotlib\_afm.py,matplotlib/matplotlib
lib\matplotlib\backends\_backend_pdf_ps.py,lib\matplotlib\font_manager.py,matplotlib/matplotlib
lib\matplotlib\backends\_backend_pdf_ps.py,src\ft2font.cpp,matplotlib/matplotlib
lib\matplotlib\backends\_backend_pdf_ps.py,lib\matplotlib\backend_bases.py,matplotlib/matplotlib
lib\matplotlib\backends\_backend_tk.py,lib\matplotlib\__init__.py,matplotlib/matplotlib
lib\matplotlib\backends\_backend_tk.py,lib\matplotlib\_pylab_helpers.py,matplotlib/matplotlib
lib\matplotlib\backends\_backend_tk.py,lib\matplotlib\backend_bases.py,matplotlib/matplotlib
lib\matplotlib\backends\_backend_tk.py,src\_tkagg.cpp,matplotlib/matplotlib
lib\matplotlib\backends\__init__.py,lib\matplotlib\backends\registry.py,matplotlib/matplotlib
lib\matplotlib\projections\geo.py,lib\matplotlib\axis.py,matplotlib/matplotlib
lib\matplotlib\projections\geo.py,lib\matplotlib\spines.py,matplotlib/matplotlib
lib\matplotlib\projections\geo.py,lib\matplotlib\__init__.py,matplotlib/matplotlib
lib\matplotlib\projections\geo.py,lib\matplotlib\axes\__init__.py,matplotlib/matplotlib
lib\matplotlib\projections\geo.py,lib\matplotlib\patches.py,matplotlib/matplotlib
lib\matplotlib\projections\geo.py,lib\matplotlib\path.py,matplotlib/matplotlib
lib\matplotlib\projections\geo.py,lib\matplotlib\ticker.py,matplotlib/matplotlib
lib\matplotlib\projections\geo.py,lib\matplotlib\transforms.py,matplotlib/matplotlib
lib\matplotlib\projections\polar.py,lib\matplotlib\axis.py,matplotlib/matplotlib
lib\matplotlib\projections\polar.py,lib\matplotlib\markers.py,matplotlib/matplotlib
lib\matplotlib\projections\polar.py,lib\matplotlib\patches.py,matplotlib/matplotlib
lib\matplotlib\projections\polar.py,lib\matplotlib\__init__.py,matplotlib/matplotlib
lib\matplotlib\projections\polar.py,lib\matplotlib\axes\__init__.py,matplotlib/matplotlib
lib\matplotlib\projections\polar.py,lib\matplotlib\path.py,matplotlib/matplotlib
lib\matplotlib\projections\polar.py,lib\matplotlib\ticker.py,matplotlib/matplotlib
lib\matplotlib\projections\polar.py,lib\matplotlib\transforms.py,matplotlib/matplotlib
lib\matplotlib\projections\polar.py,lib\matplotlib\spines.py,matplotlib/matplotlib
lib\matplotlib\projections\__init__.py,lib\mpl_toolkits\mplot3d\__init__.py,matplotlib/matplotlib
lib\matplotlib\projections\__init__.py,lib\matplotlib\projections\geo.py,matplotlib/matplotlib
lib\matplotlib\projections\__init__.py,lib\matplotlib\projections\polar.py,matplotlib/matplotlib
lib\matplotlib\sphinxext\figmpl_directive.py,lib\matplotlib\__init__.py,matplotlib/matplotlib
lib\matplotlib\sphinxext\mathmpl.py,lib\matplotlib\__init__.py,matplotlib/matplotlib
lib\matplotlib\sphinxext\mathmpl.py,lib\matplotlib\rcsetup.py,matplotlib/matplotlib
lib\matplotlib\sphinxext\plot_directive.py,lib\matplotlib\collections.py,matplotlib/matplotlib
lib\matplotlib\sphinxext\plot_directive.py,lib\matplotlib\__init__.py,matplotlib/matplotlib
lib\matplotlib\sphinxext\plot_directive.py,lib\matplotlib\pyplot.py,matplotlib/matplotlib
lib\matplotlib\sphinxext\plot_directive.py,lib\matplotlib\backend_bases.py,matplotlib/matplotlib
lib\matplotlib\sphinxext\roles.py,lib\matplotlib\__init__.py,matplotlib/matplotlib
lib\matplotlib\style\__init__.py,lib\matplotlib\__init__.py,matplotlib/matplotlib
lib\matplotlib\testing\compare.py,lib\matplotlib\__init__.py,matplotlib/matplotlib
lib\matplotlib\testing\compare.py,lib\matplotlib\testing\exceptions.py,matplotlib/matplotlib
lib\matplotlib\testing\conftest.py,lib\matplotlib\__init__.py,matplotlib/matplotlib
lib\matplotlib\testing\conftest.py,lib\matplotlib\testing\decorators.py,matplotlib/matplotlib
lib\matplotlib\testing\conftest.py,lib\matplotlib\pyplot.py,matplotlib/matplotlib
lib\matplotlib\testing\conftest.py,lib\matplotlib\patches.py,matplotlib/matplotlib
lib\matplotlib\testing\conftest.py,lib\matplotlib\testing\__init__.py,matplotlib/matplotlib
lib\matplotlib\testing\decorators.py,lib\matplotlib\testing\__init__.py,matplotlib/matplotlib
lib\matplotlib\testing\decorators.py,lib\matplotlib\testing\compare.py,matplotlib/matplotlib
lib\matplotlib\testing\decorators.py,lib\matplotlib\testing\exceptions.py,matplotlib/matplotlib
lib\matplotlib\testing\decorators.py,lib\matplotlib\style\__init__.py,matplotlib/matplotlib
lib\matplotlib\testing\decorators.py,lib\matplotlib\__init__.py,matplotlib/matplotlib
lib\matplotlib\testing\decorators.py,lib\matplotlib\units.py,matplotlib/matplotlib
lib\matplotlib\testing\decorators.py,lib\matplotlib\figure.py,matplotlib/matplotlib
lib\matplotlib\testing\widgets.py,lib\matplotlib\pyplot.py,matplotlib/matplotlib
lib\matplotlib\testing\widgets.py,lib\matplotlib\backend_bases.py,matplotlib/matplotlib
lib\matplotlib\testing\widgets.py,lib\matplotlib\__init__.py,matplotlib/matplotlib
lib\matplotlib\testing\_markers.py,lib\matplotlib\testing\__init__.py,matplotlib/matplotlib
lib\matplotlib\testing\_markers.py,lib\matplotlib\testing\compare.py,matplotlib/matplotlib
lib\matplotlib\testing\_markers.py,lib\matplotlib\__init__.py,matplotlib/matplotlib
lib\matplotlib\testing\__init__.py,lib\matplotlib\__init__.py,matplotlib/matplotlib
lib\matplotlib\tri\_triangulation.py,lib\matplotlib\__init__.py,matplotlib/matplotlib
lib\matplotlib\tri\_triangulation.py,lib\matplotlib\tri\_trifinder.py,matplotlib/matplotlib
lib\matplotlib\tri\_tricontour.py,lib\matplotlib\contour.py,matplotlib/matplotlib
lib\matplotlib\tri\_tricontour.py,lib\matplotlib\tri\_triangulation.py,matplotlib/matplotlib
lib\matplotlib\tri\_tricontour.py,lib\matplotlib\__init__.py,matplotlib/matplotlib
lib\matplotlib\tri\_trifinder.py,lib\matplotlib\__init__.py,matplotlib/matplotlib
lib\matplotlib\tri\_trifinder.py,lib\matplotlib\tri\__init__.py,matplotlib/matplotlib
lib\matplotlib\tri\_triinterpolate.py,lib\matplotlib\__init__.py,matplotlib/matplotlib
lib\matplotlib\tri\_triinterpolate.py,lib\matplotlib\tri\_tritools.py,matplotlib/matplotlib
lib\matplotlib\tri\_triinterpolate.py,lib\matplotlib\tri\_trifinder.py,matplotlib/matplotlib
lib\matplotlib\tri\_triinterpolate.py,lib\matplotlib\tri\__init__.py,matplotlib/matplotlib
lib\matplotlib\tri\_tripcolor.py,lib\matplotlib\tri\_triangulation.py,matplotlib/matplotlib
lib\matplotlib\tri\_tripcolor.py,lib\matplotlib\__init__.py,matplotlib/matplotlib
lib\matplotlib\tri\_tripcolor.py,lib\matplotlib\collections.py,matplotlib/matplotlib
lib\matplotlib\tri\_triplot.py,lib\matplotlib\lines.py,matplotlib/matplotlib
lib\matplotlib\tri\_triplot.py,lib\matplotlib\cbook.py,matplotlib/matplotlib
lib\matplotlib\tri\_triplot.py,lib\matplotlib\axes\__init__.py,matplotlib/matplotlib
lib\matplotlib\tri\_triplot.py,lib\matplotlib\tri\_triangulation.py,matplotlib/matplotlib
lib\matplotlib\tri\_trirefine.py,lib\matplotlib\__init__.py,matplotlib/matplotlib
lib\matplotlib\tri\_trirefine.py,lib\matplotlib\tri\_triinterpolate.py,matplotlib/matplotlib
lib\matplotlib\tri\_trirefine.py,lib\matplotlib\tri\_triangulation.py,matplotlib/matplotlib
lib\matplotlib\tri\_tritools.py,lib\matplotlib\tri\__init__.py,matplotlib/matplotlib
lib\matplotlib\tri\_tritools.py,lib\matplotlib\__init__.py,matplotlib/matplotlib
lib\matplotlib\tri\__init__.py,lib\matplotlib\tri\_tritools.py,matplotlib/matplotlib
lib\matplotlib\tri\__init__.py,lib\matplotlib\tri\_tricontour.py,matplotlib/matplotlib
lib\matplotlib\tri\__init__.py,lib\matplotlib\tri\_tripcolor.py,matplotlib/matplotlib
lib\matplotlib\tri\__init__.py,lib\matplotlib\tri\_trifinder.py,matplotlib/matplotlib
lib\matplotlib\tri\__init__.py,lib\matplotlib\tri\_triinterpolate.py,matplotlib/matplotlib
lib\matplotlib\tri\__init__.py,lib\matplotlib\tri\_triplot.py,matplotlib/matplotlib
lib\matplotlib\tri\__init__.py,lib\matplotlib\tri\_trirefine.py,matplotlib/matplotlib
lib\matplotlib\tri\__init__.py,lib\matplotlib\tri\_triangulation.py,matplotlib/matplotlib
lib\matplotlib\_api\deprecation.py,lib\matplotlib\_api\__init__.py,matplotlib/matplotlib
lib\matplotlib\_api\__init__.py,lib\matplotlib\_api\deprecation.py,matplotlib/matplotlib
lib\matplotlib\testing\jpl_units\Duration.py,lib\matplotlib\__init__.py,matplotlib/matplotlib
lib\matplotlib\testing\jpl_units\Duration.py,lib\matplotlib\testing\jpl_units\__init__.py,matplotlib/matplotlib
lib\matplotlib\testing\jpl_units\Epoch.py,lib\matplotlib\__init__.py,matplotlib/matplotlib
lib\matplotlib\testing\jpl_units\Epoch.py,lib\matplotlib\dates.py,matplotlib/matplotlib
lib\matplotlib\testing\jpl_units\Epoch.py,lib\matplotlib\testing\jpl_units\__init__.py,matplotlib/matplotlib
lib\matplotlib\testing\jpl_units\EpochConverter.py,lib\matplotlib\__init__.py,matplotlib/matplotlib
lib\matplotlib\testing\jpl_units\EpochConverter.py,lib\matplotlib\testing\jpl_units\__init__.py,matplotlib/matplotlib
lib\matplotlib\testing\jpl_units\EpochConverter.py,lib\matplotlib\dates.py,matplotlib/matplotlib
lib\matplotlib\testing\jpl_units\StrConverter.py,lib\matplotlib\units.py,matplotlib/matplotlib
lib\matplotlib\testing\jpl_units\UnitDbl.py,lib\matplotlib\__init__.py,matplotlib/matplotlib
lib\matplotlib\testing\jpl_units\UnitDblConverter.py,lib\matplotlib\__init__.py,matplotlib/matplotlib
lib\matplotlib\testing\jpl_units\UnitDblConverter.py,lib\matplotlib\projections\polar.py,matplotlib/matplotlib
lib\matplotlib\testing\jpl_units\UnitDblConverter.py,lib\matplotlib\testing\jpl_units\__init__.py,matplotlib/matplotlib
lib\matplotlib\testing\jpl_units\UnitDblFormatter.py,lib\matplotlib\ticker.py,matplotlib/matplotlib
lib\matplotlib\testing\jpl_units\__init__.py,lib\matplotlib\testing\jpl_units\StrConverter.py,matplotlib/matplotlib
lib\matplotlib\testing\jpl_units\__init__.py,lib\matplotlib\testing\jpl_units\UnitDbl.py,matplotlib/matplotlib
lib\matplotlib\testing\jpl_units\__init__.py,lib\matplotlib\testing\jpl_units\Epoch.py,matplotlib/matplotlib
lib\matplotlib\testing\jpl_units\__init__.py,lib\matplotlib\testing\jpl_units\EpochConverter.py,matplotlib/matplotlib
lib\matplotlib\testing\jpl_units\__init__.py,lib\matplotlib\testing\jpl_units\UnitDblConverter.py,matplotlib/matplotlib
lib\matplotlib\testing\jpl_units\__init__.py,lib\matplotlib\units.py,matplotlib/matplotlib
lib\matplotlib\testing\jpl_units\__init__.py,lib\matplotlib\testing\jpl_units\Duration.py,matplotlib/matplotlib
lib\matplotlib\testing\jpl_units\__init__.py,lib\matplotlib\testing\jpl_units\UnitDblFormatter.py,matplotlib/matplotlib
lib\matplotlib\backends\qt_editor\figureoptions.py,lib\matplotlib\backends\qt_compat.py,matplotlib/matplotlib
lib\matplotlib\backends\qt_editor\figureoptions.py,lib\matplotlib\__init__.py,matplotlib/matplotlib
lib\matplotlib\backends\qt_editor\figureoptions.py,lib\matplotlib\backends\qt_editor\__init__.py,matplotlib/matplotlib
lib\matplotlib\backends\qt_editor\figureoptions.py,lib\matplotlib\dates.py,matplotlib/matplotlib
lib\matplotlib\backends\qt_editor\_formlayout.py,lib\matplotlib\backends\qt_compat.py,matplotlib/matplotlib
lib\matplotlib\backends\qt_editor\_formlayout.py,lib\matplotlib\__init__.py,matplotlib/matplotlib
galleries\tutorials\artists.py,lib\matplotlib\pyplot.py,matplotlib/matplotlib
galleries\tutorials\artists.py,lib\matplotlib\lines.py,matplotlib/matplotlib
galleries\tutorials\coding_shortcuts.py,lib\matplotlib\pyplot.py,matplotlib/matplotlib
galleries\tutorials\images.py,lib\matplotlib\pyplot.py,matplotlib/matplotlib
galleries\tutorials\lifecycle.py,lib\matplotlib\pyplot.py,matplotlib/matplotlib
galleries\tutorials\pyplot.py,lib\matplotlib\pyplot.py,matplotlib/matplotlib
galleries\users_explain\customizing.py,lib\matplotlib\__init__.py,matplotlib/matplotlib
galleries\users_explain\customizing.py,lib\matplotlib\pyplot.py,matplotlib/matplotlib
galleries\users_explain\quick_start.py,lib\matplotlib\pyplot.py,matplotlib/matplotlib
galleries\users_explain\quick_start.py,lib\matplotlib\dates.py,matplotlib/matplotlib
galleries\users_explain\quick_start.py,lib\matplotlib\colors.py,matplotlib/matplotlib
galleries\users_explain\animations\animations.py,lib\matplotlib\pyplot.py,matplotlib/matplotlib
galleries\users_explain\animations\animations.py,lib\matplotlib\animation.py,matplotlib/matplotlib
galleries\users_explain\animations\blitting.py,lib\matplotlib\pyplot.py,matplotlib/matplotlib
galleries\users_explain\artists\color_cycle.py,lib\matplotlib\pyplot.py,matplotlib/matplotlib
galleries\users_explain\artists\imshow_extent.py,lib\matplotlib\pyplot.py,matplotlib/matplotlib
galleries\users_explain\artists\imshow_extent.py,lib\matplotlib\gridspec.py,matplotlib/matplotlib
galleries\users_explain\artists\patheffects_guide.py,lib\matplotlib\pyplot.py,matplotlib/matplotlib
galleries\users_explain\artists\patheffects_guide.py,lib\matplotlib\patheffects.py,matplotlib/matplotlib
galleries\users_explain\artists\paths.py,lib\matplotlib\patches.py,matplotlib/matplotlib
galleries\users_explain\artists\paths.py,lib\matplotlib\pyplot.py,matplotlib/matplotlib
galleries\users_explain\artists\paths.py,lib\matplotlib\path.py,matplotlib/matplotlib
galleries\users_explain\artists\transforms_tutorial.py,lib\matplotlib\pyplot.py,matplotlib/matplotlib
galleries\users_explain\artists\transforms_tutorial.py,lib\matplotlib\patches.py,matplotlib/matplotlib
galleries\users_explain\artists\transforms_tutorial.py,lib\matplotlib\transforms.py,matplotlib/matplotlib
galleries\users_explain\axes\arranging_axes.py,lib\matplotlib\pyplot.py,matplotlib/matplotlib
galleries\users_explain\axes\autoscale.py,lib\matplotlib\pyplot.py,matplotlib/matplotlib
galleries\users_explain\axes\axes_scales.py,lib\matplotlib\pyplot.py,matplotlib/matplotlib
galleries\users_explain\axes\axes_scales.py,lib\matplotlib\scale.py,matplotlib/matplotlib
galleries\users_explain\axes\axes_scales.py,lib\matplotlib\ticker.py,matplotlib/matplotlib
galleries\users_explain\axes\axes_ticks.py,lib\matplotlib\ticker.py,matplotlib/matplotlib
galleries\users_explain\axes\axes_ticks.py,lib\matplotlib\pyplot.py,matplotlib/matplotlib
galleries\users_explain\axes\axes_units.py,lib\matplotlib\dates.py,matplotlib/matplotlib
galleries\users_explain\axes\axes_units.py,lib\matplotlib\pyplot.py,matplotlib/matplotlib
galleries\users_explain\axes\axes_units.py,lib\matplotlib\units.py,matplotlib/matplotlib
galleries\users_explain\axes\colorbar_placement.py,lib\matplotlib\pyplot.py,matplotlib/matplotlib
galleries\users_explain\axes\constrainedlayout_guide.py,lib\matplotlib\gridspec.py,matplotlib/matplotlib
galleries\users_explain\axes\constrainedlayout_guide.py,lib\matplotlib\colors.py,matplotlib/matplotlib
galleries\users_explain\axes\constrainedlayout_guide.py,lib\matplotlib\_layoutgrid.py,matplotlib/matplotlib
galleries\users_explain\axes\constrainedlayout_guide.py,lib\matplotlib\pyplot.py,matplotlib/matplotlib
galleries\users_explain\axes\legend_guide.py,lib\matplotlib\patches.py,matplotlib/matplotlib
galleries\users_explain\axes\legend_guide.py,lib\matplotlib\lines.py,matplotlib/matplotlib
galleries\users_explain\axes\legend_guide.py,lib\matplotlib\legend_handler.py,matplotlib/matplotlib
galleries\users_explain\axes\legend_guide.py,lib\matplotlib\pyplot.py,matplotlib/matplotlib
galleries\users_explain\axes\mosaic.py,lib\matplotlib\pyplot.py,matplotlib/matplotlib
galleries\users_explain\axes\tight_layout_guide.py,lib\mpl_toolkits\axes_grid1\__init__.py,matplotlib/matplotlib
galleries\users_explain\axes\tight_layout_guide.py,lib\matplotlib\pyplot.py,matplotlib/matplotlib
galleries\users_explain\axes\tight_layout_guide.py,lib\matplotlib\gridspec.py,matplotlib/matplotlib
galleries\users_explain\colors\blend_groups.py,lib\matplotlib\pyplot.py,matplotlib/matplotlib
galleries\users_explain\colors\blend_groups.py,lib\matplotlib\patches.py,matplotlib/matplotlib
galleries\users_explain\colors\blend_groups.py,lib\matplotlib\artist.py,matplotlib/matplotlib
galleries\users_explain\colors\blend_modes.py,lib\matplotlib\patches.py,matplotlib/matplotlib
galleries\users_explain\colors\blend_modes.py,lib\matplotlib\pyplot.py,matplotlib/matplotlib
galleries\users_explain\colors\colorbar_only.py,lib\matplotlib\pyplot.py,matplotlib/matplotlib
galleries\users_explain\colors\colorbar_only.py,lib\matplotlib\__init__.py,matplotlib/matplotlib
galleries\users_explain\colors\colormap-manipulation.py,lib\matplotlib\pyplot.py,matplotlib/matplotlib
galleries\users_explain\colors\colormap-manipulation.py,lib\matplotlib\__init__.py,matplotlib/matplotlib
galleries\users_explain\colors\colormap-manipulation.py,lib\matplotlib\colors.py,matplotlib/matplotlib
galleries\users_explain\colors\colormapnorms.py,lib\matplotlib\pyplot.py,matplotlib/matplotlib
galleries\users_explain\colors\colormapnorms.py,lib\matplotlib\cbook.py,matplotlib/matplotlib
galleries\users_explain\colors\colormapnorms.py,lib\matplotlib\colors.py,matplotlib/matplotlib
galleries\users_explain\colors\colormaps.py,lib\matplotlib\pyplot.py,matplotlib/matplotlib
galleries\users_explain\colors\colormaps.py,lib\matplotlib\__init__.py,matplotlib/matplotlib
galleries\users_explain\colors\colors.py,lib\matplotlib\colors.py,matplotlib/matplotlib
galleries\users_explain\colors\colors.py,lib\matplotlib\patches.py,matplotlib/matplotlib
galleries\users_explain\colors\colors.py,lib\matplotlib\pyplot.py,matplotlib/matplotlib
galleries\users_explain\colors\colors.py,lib\matplotlib\__init__.py,matplotlib/matplotlib
galleries\users_explain\text\annotations.py,lib\matplotlib\patches.py,matplotlib/matplotlib
galleries\users_explain\text\annotations.py,lib\matplotlib\offsetbox.py,matplotlib/matplotlib
galleries\users_explain\text\annotations.py,lib\mpl_toolkits\axes_grid1\anchored_artists.py,matplotlib/matplotlib
galleries\users_explain\text\annotations.py,lib\matplotlib\text.py,matplotlib/matplotlib
galleries\users_explain\text\annotations.py,lib\matplotlib\pyplot.py,matplotlib/matplotlib
galleries\users_explain\text\annotations.py,lib\matplotlib\path.py,matplotlib/matplotlib
galleries\users_explain\text\mathtext.py,lib\matplotlib\pyplot.py,matplotlib/matplotlib
galleries\users_explain\text\text_intro.py,lib\matplotlib\__init__.py,matplotlib/matplotlib
galleries\users_explain\text\text_intro.py,lib\matplotlib\font_manager.py,matplotlib/matplotlib
galleries\users_explain\text\text_intro.py,lib\matplotlib\pyplot.py,matplotlib/matplotlib
galleries\users_explain\text\text_intro.py,lib\matplotlib\dates.py,matplotlib/matplotlib
galleries\users_explain\text\text_props.py,lib\matplotlib\pyplot.py,matplotlib/matplotlib
galleries\users_explain\text\text_props.py,lib\matplotlib\patches.py,matplotlib/matplotlib
galleries\plot_types\3D\bar3d_simple.py,lib\matplotlib\pyplot.py,matplotlib/matplotlib
galleries\plot_types\3D\fill_between3d_simple.py,lib\matplotlib\pyplot.py,matplotlib/matplotlib
galleries\plot_types\3D\plot3d_simple.py,lib\matplotlib\pyplot.py,matplotlib/matplotlib
galleries\plot_types\3D\quiver3d_simple.py,lib\matplotlib\pyplot.py,matplotlib/matplotlib
galleries\plot_types\3D\scatter3d_simple.py,lib\matplotlib\pyplot.py,matplotlib/matplotlib
galleries\plot_types\3D\stem3d.py,lib\matplotlib\pyplot.py,matplotlib/matplotlib
galleries\plot_types\3D\surface3d_simple.py,lib\matplotlib\pyplot.py,matplotlib/matplotlib
galleries\plot_types\3D\trisurf3d_simple.py,lib\matplotlib\pyplot.py,matplotlib/matplotlib
galleries\plot_types\3D\voxels_simple.py,lib\matplotlib\pyplot.py,matplotlib/matplotlib
galleries\plot_types\3D\wire3d_simple.py,lib\matplotlib\pyplot.py,matplotlib/matplotlib
galleries\plot_types\3D\wire3d_simple.py,lib\mpl_toolkits\mplot3d\__init__.py,matplotlib/matplotlib
galleries\plot_types\arrays\barbs.py,lib\matplotlib\pyplot.py,matplotlib/matplotlib
galleries\plot_types\arrays\contour.py,lib\matplotlib\pyplot.py,matplotlib/matplotlib
galleries\plot_types\arrays\contourf.py,lib\matplotlib\pyplot.py,matplotlib/matplotlib
galleries\plot_types\arrays\imshow.py,lib\matplotlib\pyplot.py,matplotlib/matplotlib
galleries\plot_types\arrays\pcolormesh.py,lib\matplotlib\pyplot.py,matplotlib/matplotlib
galleries\plot_types\arrays\quiver.py,lib\matplotlib\pyplot.py,matplotlib/matplotlib
galleries\plot_types\arrays\streamplot.py,lib\matplotlib\pyplot.py,matplotlib/matplotlib
galleries\plot_types\basic\bar.py,lib\matplotlib\pyplot.py,matplotlib/matplotlib
galleries\plot_types\basic\fill_between.py,lib\matplotlib\pyplot.py,matplotlib/matplotlib
galleries\plot_types\basic\plot.py,lib\matplotlib\pyplot.py,matplotlib/matplotlib
galleries\plot_types\basic\scatter_plot.py,lib\matplotlib\pyplot.py,matplotlib/matplotlib
galleries\plot_types\basic\stackplot.py,lib\matplotlib\pyplot.py,matplotlib/matplotlib
galleries\plot_types\basic\stairs.py,lib\matplotlib\pyplot.py,matplotlib/matplotlib
galleries\plot_types\basic\stem.py,lib\matplotlib\pyplot.py,matplotlib/matplotlib
galleries\plot_types\stats\boxplot_plot.py,lib\matplotlib\pyplot.py,matplotlib/matplotlib
galleries\plot_types\stats\ecdf.py,lib\matplotlib\pyplot.py,matplotlib/matplotlib
galleries\plot_types\stats\errorbar_plot.py,lib\matplotlib\pyplot.py,matplotlib/matplotlib
galleries\plot_types\stats\eventplot.py,lib\matplotlib\pyplot.py,matplotlib/matplotlib
galleries\plot_types\stats\hexbin.py,lib\matplotlib\pyplot.py,matplotlib/matplotlib
galleries\plot_types\stats\hist2d.py,lib\matplotlib\pyplot.py,matplotlib/matplotlib
galleries\plot_types\stats\hist_plot.py,lib\matplotlib\pyplot.py,matplotlib/matplotlib
galleries\plot_types\stats\pie.py,lib\matplotlib\pyplot.py,matplotlib/matplotlib
galleries\plot_types\stats\violin.py,lib\matplotlib\pyplot.py,matplotlib/matplotlib
galleries\plot_types\unstructured\tricontour.py,lib\matplotlib\pyplot.py,matplotlib/matplotlib
galleries\plot_types\unstructured\tricontourf.py,lib\matplotlib\pyplot.py,matplotlib/matplotlib
galleries\plot_types\unstructured\tripcolor.py,lib\matplotlib\pyplot.py,matplotlib/matplotlib
galleries\plot_types\unstructured\triplot.py,lib\matplotlib\pyplot.py,matplotlib/matplotlib
doc\project\generate_credits.py,lib\matplotlib\collections.py,matplotlib/matplotlib
doc\sphinxext\math_symbol_table.py,lib\matplotlib\__init__.py,matplotlib/matplotlib
doc\sphinxext\missing_references.py,lib\matplotlib\__init__.py,matplotlib/matplotlib
doc\sphinxext\missing_references.py,lib\matplotlib\collections.py,matplotlib/matplotlib
doc\sphinxext\rcparams.py,lib\matplotlib\typing.py,matplotlib/matplotlib
doc\sphinxext\rcparams.py,lib\matplotlib\__init__.py,matplotlib/matplotlib
doc\_embedded_plots\axes_margins.py,lib\matplotlib\pyplot.py,matplotlib/matplotlib
doc\_embedded_plots\figure_subplots_adjust.py,lib\matplotlib\pyplot.py,matplotlib/matplotlib
doc\_embedded_plots\grouped_bar.py,lib\matplotlib\pyplot.py,matplotlib/matplotlib
doc\_embedded_plots\hatch_classes.py,lib\matplotlib\pyplot.py,matplotlib/matplotlib
doc\_embedded_plots\hatch_classes.py,lib\matplotlib\patches.py,matplotlib/matplotlib
ci\import_pandas_check.py,pandas\__init__.py,pandas-dev/pandas
doc\make.py,asv_bench\benchmarks\io\csv.py,pandas-dev/pandas
pandas\conftest.py,pandas\_testing\__init__.py,pandas-dev/pandas
pandas\conftest.py,pandas\core\__init__.py,pandas-dev/pandas
pandas\conftest.py,pandas\api\typing\__init__.py,pandas-dev/pandas
pandas\conftest.py,pandas\core\dtypes\dtypes.py,pandas-dev/pandas
pandas\conftest.py,pandas\core\indexes\api.py,pandas-dev/pandas
pandas\conftest.py,pandas\__init__.py,pandas-dev/pandas
pandas\conftest.py,pandas\compat\pyarrow.py,pandas-dev/pandas
pandas\conftest.py,pandas\compat\_optional.py,pandas-dev/pandas
pandas\conftest.py,pandas\util\_test_decorators.py,pandas-dev/pandas
pandas\conftest.py,pandas\compat\numpy\__init__.py,pandas-dev/pandas
pandas\testing.py,pandas\_testing\__init__.py,pandas-dev/pandas
pandas\_typing.py,pandas\core\resample.py,pandas-dev/pandas
pandas\_typing.py,pandas\api\types\__init__.py,pandas-dev/pandas
pandas\_typing.py,pandas\core\series.py,pandas-dev/pandas
pandas\_typing.py,pandas\core\arrays\base.py,pandas-dev/pandas
pandas\_typing.py,pandas\core\window\rolling.py,pandas-dev/pandas
pandas\_typing.py,pandas\compat\numpy\__init__.py,pandas-dev/pandas
pandas\_typing.py,pandas\core\frame.py,pandas-dev/pandas
pandas\_typing.py,pandas\io\formats\format.py,pandas-dev/pandas
pandas\_typing.py,pandas\core\groupby\generic.py,pandas-dev/pandas
pandas\_typing.py,pandas\core\internals\__init__.py,pandas-dev/pandas
pandas\_typing.py,pandas\api\typing\__init__.py,pandas-dev/pandas
pandas\_typing.py,pandas\_libs\__init__.py,pandas-dev/pandas
pandas\_typing.py,pandas\__init__.py,pandas-dev/pandas
pandas\_typing.py,pandas\arrays\__init__.py,pandas-dev/pandas
pandas\_typing.py,pandas\core\generic.py,pandas-dev/pandas
pandas\_typing.py,pandas\tseries\holiday.py,pandas-dev/pandas
pandas\_typing.py,pandas\_libs\tslibs\__init__.py,pandas-dev/pandas
pandas\_typing.py,pandas\core\indexes\base.py,pandas-dev/pandas
pandas\_typing.py,pandas\core\dtypes\dtypes.py,pandas-dev/pandas
pandas\__init__.py,pandas\core\config_init.py,pandas-dev/pandas
pandas\__init__.py,pandas\_config\__init__.py,pandas-dev/pandas
pandas\__init__.py,pandas\core\api.py,pandas-dev/pandas
pandas\__init__.py,pandas\core\dtypes\dtypes.py,pandas-dev/pandas
pandas\__init__.py,pandas\tseries\api.py,pandas-dev/pandas
pandas\__init__.py,pandas\tseries\__init__.py,pandas-dev/pandas
pandas\__init__.py,pandas\core\computation\api.py,pandas-dev/pandas
pandas\__init__.py,pandas\core\reshape\api.py,pandas-dev/pandas
pandas\__init__.py,pandas\io\api.py,pandas-dev/pandas
pandas\__init__.py,pandas\io\json\_normalize.py,pandas-dev/pandas
pandas\__init__.py,pandas\util\_tester.py,pandas-dev/pandas
pandas\__init__.py,pandas\compat\__init__.py,pandas-dev/pandas
pandas\__init__.py,pandas\util\_print_versions.py,pandas-dev/pandas
pandas\__init__.py,pandas\core\col.py,pandas-dev/pandas
scripts\check_for_inconsistent_pandas_namespace.py,pandas\api\typing\__init__.py,pandas-dev/pandas
scripts\check_test_imports.py,pandas\api\typing\__init__.py,pandas-dev/pandas
scripts\check_test_naming.py,pandas\api\typing\__init__.py,pandas-dev/pandas
scripts\pandas_errors_documented.py,pandas\api\typing\__init__.py,pandas-dev/pandas
scripts\sort_whatsnew_note.py,pandas\api\typing\__init__.py,pandas-dev/pandas
scripts\validate_exception_location.py,pandas\api\typing\__init__.py,pandas-dev/pandas
scripts\validate_min_versions_in_sync.py,pandas\util\_exceptions.py,pandas-dev/pandas
scripts\validate_min_versions_in_sync.py,pandas\util\version\__init__.py,pandas-dev/pandas
scripts\validate_min_versions_in_sync.py,pandas\compat\_optional.py,pandas-dev/pandas
scripts\validate_min_versions_in_sync.py,scripts\generate_pip_deps_from_conda.py,pandas-dev/pandas
scripts\validate_min_versions_in_sync.py,pandas\api\typing\__init__.py,pandas-dev/pandas
scripts\validate_rst_title_capitalization.py,pandas\api\typing\__init__.py,pandas-dev/pandas
scripts\validate_test_dependencies.py,pandas\api\typing\__init__.py,pandas-dev/pandas
scripts\validate_unwanted_patterns.py,pandas\api\typing\__init__.py,pandas-dev/pandas
web\pandas_web.py,pandas\io\json\__init__.py,pandas-dev/pandas
web\pandas_web.py,pandas\api\typing\__init__.py,pandas-dev/pandas
scripts\issue_assignment\client.py,pandas\io\json\__init__.py,pandas-dev/pandas
scripts\issue_assignment\client.py,pandas\api\typing\__init__.py,pandas-dev/pandas
scripts\issue_assignment\client.py,scripts\issue_assignment\core.py,pandas-dev/pandas
scripts\issue_assignment\core.py,pandas\api\typing\__init__.py,pandas-dev/pandas
scripts\issue_assignment\gate.py,pandas\io\json\__init__.py,pandas-dev/pandas
scripts\issue_assignment\gate.py,scripts\issue_assignment\__init__.py,pandas-dev/pandas
scripts\issue_assignment\gate.py,scripts\issue_assignment\client.py,pandas-dev/pandas
scripts\issue_assignment\label_awaiting_review.py,scripts\issue_assignment\__init__.py,pandas-dev/pandas
scripts\issue_assignment\label_awaiting_review.py,pandas\api\typing\__init__.py,pandas-dev/pandas
scripts\issue_assignment\label_awaiting_review.py,scripts\issue_assignment\core.py,pandas-dev/pandas
scripts\issue_assignment\label_awaiting_review.py,scripts\issue_assignment\client.py,pandas-dev/pandas
scripts\issue_assignment\messages.py,scripts\issue_assignment\core.py,pandas-dev/pandas
scripts\issue_assignment\unassign_inactive.py,pandas\io\json\__init__.py,pandas-dev/pandas
scripts\issue_assignment\unassign_inactive.py,pandas\api\typing\__init__.py,pandas-dev/pandas
scripts\issue_assignment\unassign_inactive.py,scripts\issue_assignment\__init__.py,pandas-dev/pandas
scripts\issue_assignment\unassign_inactive.py,scripts\issue_assignment\client.py,pandas-dev/pandas
pandas\api\internals.py,pandas\_typing.py,pandas-dev/pandas
pandas\api\internals.py,pandas\__init__.py,pandas-dev/pandas
pandas\api\internals.py,pandas\core\internals\api.py,pandas-dev/pandas
pandas\api\internals.py,pandas\compat\numpy\__init__.py,pandas-dev/pandas
pandas\api\internals.py,pandas\core\internals\managers.py,pandas-dev/pandas
pandas\arrays\__init__.py,pandas\core\arrays\__init__.py,pandas-dev/pandas
pandas\compat\pickle_compat.py,pandas\io\__init__.py,pandas-dev/pandas
pandas\compat\pickle_compat.py,pandas\io\pickle.py,pandas-dev/pandas
pandas\compat\pickle_compat.py,pandas\compat\numpy\__init__.py,pandas-dev/pandas
pandas\compat\pickle_compat.py,pandas\api\typing\__init__.py,pandas-dev/pandas
pandas\compat\pickle_compat.py,pandas\_libs\tslibs\__init__.py,pandas-dev/pandas
pandas\compat\pickle_compat.py,pandas\core\arrays\__init__.py,pandas-dev/pandas
pandas\compat\pickle_compat.py,pandas\core\internals\__init__.py,pandas-dev/pandas
pandas\compat\pickle_compat.py,pandas\_libs\__init__.py,pandas-dev/pandas
pandas\compat\pyarrow.py,pandas\util\version\__init__.py,pandas-dev/pandas
pandas\compat\pyarrow.py,pandas\api\typing\__init__.py,pandas-dev/pandas
pandas\compat\_optional.py,pandas\api\types\__init__.py,pandas-dev/pandas
pandas\compat\_optional.py,pandas\api\typing\__init__.py,pandas-dev/pandas
pandas\compat\_optional.py,pandas\util\version\__init__.py,pandas-dev/pandas
pandas\compat\_optional.py,pandas\util\_exceptions.py,pandas-dev/pandas
pandas\compat\__init__.py,pandas\api\typing\__init__.py,pandas-dev/pandas
pandas\compat\__init__.py,pandas\compat\_constants.py,pandas-dev/pandas
pandas\compat\__init__.py,pandas\compat\pyarrow.py,pandas-dev/pandas
pandas\compat\__init__.py,pandas\_typing.py,pandas-dev/pandas
pandas\compat\__init__.py,pandas\compat\numpy\__init__.py,pandas-dev/pandas
pandas\core\accessor.py,pandas\util\_decorators.py,pandas-dev/pandas
pandas\core\accessor.py,pandas\errors\__init__.py,pandas-dev/pandas
pandas\core\accessor.py,pandas\api\typing\__init__.py,pandas-dev/pandas
pandas\core\accessor.py,pandas\_typing.py,pandas-dev/pandas
pandas\core\accessor.py,pandas\__init__.py,pandas-dev/pandas
pandas\core\accessor.py,pandas\core\generic.py,pandas-dev/pandas
pandas\core\accessor.py,pandas\util\_exceptions.py,pandas-dev/pandas
pandas\core\algorithms.py,pandas\core\reshape\tile.py,pandas-dev/pandas
pandas\core\algorithms.py,pandas\__init__.py,pandas-dev/pandas
pandas\core\algorithms.py,pandas\util\_decorators.py,pandas-dev/pandas
pandas\core\algorithms.py,pandas\util\_exceptions.py,pandas-dev/pandas
pandas\core\algorithms.py,pandas\core\arrays\__init__.py,pandas-dev/pandas
pandas\core\algorithms.py,pandas\_libs\__init__.py,pandas-dev/pandas
pandas\core\algorithms.py,pandas\core\sorting.py,pandas-dev/pandas
pandas\core\algorithms.py,pandas\compat\numpy\__init__.py,pandas-dev/pandas
pandas\core\algorithms.py,pandas\core\dtypes\concat.py,pandas-dev/pandas
pandas\core\algorithms.py,pandas\core\internals\construction.py,pandas-dev/pandas
pandas\core\algorithms.py,pandas\api\typing\__init__.py,pandas-dev/pandas
pandas\core\algorithms.py,pandas\core\dtypes\cast.py,pandas-dev/pandas
pandas\core\algorithms.py,pandas\core\dtypes\common.py,pandas-dev/pandas
pandas\core\algorithms.py,pandas\core\dtypes\dtypes.py,pandas-dev/pandas
pandas\core\algorithms.py,pandas\core\dtypes\generic.py,pandas-dev/pandas
pandas\core\algorithms.py,pandas\core\dtypes\missing.py,pandas-dev/pandas
pandas\core\algorithms.py,pandas\core\array_algos\take.py,pandas-dev/pandas
pandas\core\algorithms.py,pandas\core\construction.py,pandas-dev/pandas
pandas\core\algorithms.py,pandas\_typing.py,pandas-dev/pandas
pandas\core\algorithms.py,pandas\core\indexers\__init__.py,pandas-dev/pandas
pandas\core\api.py,pandas\core\series.py,pandas-dev/pandas
pandas\core\api.py,pandas\core\indexing.py,pandas-dev/pandas
pandas\core\api.py,pandas\core\flags.py,pandas-dev/pandas
pandas\core\api.py,pandas\core\arrays\boolean.py,pandas-dev/pandas
pandas\core\api.py,pandas\tseries\offsets.py,pandas-dev/pandas
pandas\core\api.py,pandas\core\indexes\timedeltas.py,pandas-dev/pandas
pandas\core\api.py,pandas\core\frame.py,pandas-dev/pandas
pandas\core\api.py,pandas\core\tools\timedeltas.py,pandas-dev/pandas
pandas\core\api.py,pandas\_libs\__init__.py,pandas-dev/pandas
pandas\core\api.py,pandas\core\construction.py,pandas-dev/pandas
pandas\core\api.py,pandas\core\indexes\period.py,pandas-dev/pandas
pandas\core\api.py,pandas\core\arrays\__init__.py,pandas-dev/pandas
pandas\core\api.py,pandas\core\tools\numeric.py,pandas-dev/pandas
pandas\core\api.py,pandas\io\formats\format.py,pandas-dev/pandas
pandas\core\api.py,pandas\core\indexes\api.py,pandas-dev/pandas
pandas\core\api.py,pandas\core\algorithms.py,pandas-dev/pandas
pandas\core\api.py,pandas\core\dtypes\missing.py,pandas-dev/pandas
pandas\core\api.py,pandas\core\dtypes\dtypes.py,pandas-dev/pandas
pandas\core\api.py,pandas\core\arrays\floating.py,pandas-dev/pandas
pandas\core\api.py,pandas\core\arrays\integer.py,pandas-dev/pandas
pandas\core\api.py,pandas\core\indexes\interval.py,pandas-dev/pandas
pandas\core\api.py,pandas\core\indexes\datetimes.py,pandas-dev/pandas
pandas\core\api.py,pandas\core\groupby\__init__.py,pandas-dev/pandas
pandas\core\api.py,pandas\core\tools\datetimes.py,pandas-dev/pandas
pandas\core\api.py,pandas\core\arrays\string_.py,pandas-dev/pandas
pandas\core\apply.py,pandas\core\common.py,pandas-dev/pandas
pandas\core\apply.py,pandas\core\_numba\extensions.py,pandas-dev/pandas
pandas\core\apply.py,pandas\errors\__init__.py,pandas-dev/pandas
pandas\core\apply.py,pandas\core\groupby\__init__.py,pandas-dev/pandas
pandas\core\apply.py,pandas\compat\numpy\__init__.py,pandas-dev/pandas
pandas\core\apply.py,pandas\core\groupby\generic.py,pandas-dev/pandas
pandas\core\apply.py,pandas\core\reshape\concat.py,pandas-dev/pandas
pandas\core\apply.py,pandas\__init__.py,pandas-dev/pandas
pandas\core\apply.py,pandas\compat\_optional.py,pandas-dev/pandas
pandas\core\apply.py,pandas\core\_numba\executor.py,pandas-dev/pandas
pandas\core\apply.py,pandas\_libs\__init__.py,pandas-dev/pandas
pandas\core\apply.py,pandas\core\arrays\__init__.py,pandas-dev/pandas
pandas\core\apply.py,pandas\core\window\rolling.py,pandas-dev/pandas
pandas\core\apply.py,pandas\core\indexes\base.py,pandas-dev/pandas
pandas\core\apply.py,pandas\api\typing\__init__.py,pandas-dev/pandas
pandas\core\apply.py,pandas\util\_decorators.py,pandas-dev/pandas
pandas\core\apply.py,pandas\core\dtypes\common.py,pandas-dev/pandas
pandas\core\apply.py,pandas\core\dtypes\dtypes.py,pandas-dev/pandas
pandas\core\apply.py,pandas\core\dtypes\generic.py,pandas-dev/pandas
pandas\core\apply.py,pandas\core\construction.py,pandas-dev/pandas
pandas\core\apply.py,pandas\core\util\numba_.py,pandas-dev/pandas
pandas\core\apply.py,pandas\_typing.py,pandas-dev/pandas
pandas\core\apply.py,pandas\core\resample.py,pandas-dev/pandas
pandas\core\apply.py,pandas\compat\pyarrow.py,pandas-dev/pandas
pandas\core\apply.py,pandas\core\dtypes\cast.py,pandas-dev/pandas
pandas\core\arraylike.py,pandas\compat\numpy\__init__.py,pandas-dev/pandas
pandas\core\arraylike.py,pandas\core\construction.py,pandas-dev/pandas
pandas\core\arraylike.py,pandas\_libs\__init__.py,pandas-dev/pandas
pandas\core\arraylike.py,pandas\api\typing\__init__.py,pandas-dev/pandas
pandas\core\arraylike.py,pandas\core\dtypes\generic.py,pandas-dev/pandas
pandas\core\arraylike.py,pandas\core\__init__.py,pandas-dev/pandas
pandas\core\arraylike.py,pandas\core\ops\common.py,pandas-dev/pandas
pandas\core\arraylike.py,pandas\core\frame.py,pandas-dev/pandas
pandas\core\arraylike.py,pandas\core\generic.py,pandas-dev/pandas
pandas\core\arraylike.py,pandas\core\internals\__init__.py,pandas-dev/pandas
pandas\core\base.py,pandas\core\dtypes\dtypes.py,pandas-dev/pandas
pandas\core\base.py,pandas\compat\numpy\__init__.py,pandas-dev/pandas
pandas\core\base.py,pandas\_libs\__init__.py,pandas-dev/pandas
pandas\core\base.py,pandas\__init__.py,pandas-dev/pandas
pandas\core\base.py,pandas\compat\__init__.py,pandas-dev/pandas
pandas\core\base.py,pandas\core\dtypes\cast.py,pandas-dev/pandas
pandas\core\base.py,pandas\core\arrays\__init__.py,pandas-dev/pandas
pandas\core\base.py,pandas\util\_decorators.py,pandas-dev/pandas
pandas\core\base.py,pandas\core\arraylike.py,pandas-dev/pandas
pandas\core\base.py,pandas\util\_exceptions.py,pandas-dev/pandas
pandas\core\base.py,pandas\core\__init__.py,pandas-dev/pandas
pandas\core\base.py,pandas\api\typing\__init__.py,pandas-dev/pandas
pandas\core\base.py,pandas\_typing.py,pandas-dev/pandas
pandas\core\base.py,pandas\errors\__init__.py,pandas-dev/pandas
pandas\core\base.py,pandas\core\dtypes\common.py,pandas-dev/pandas
pandas\core\base.py,pandas\core\dtypes\generic.py,pandas-dev/pandas
pandas\core\base.py,pandas\core\dtypes\missing.py,pandas-dev/pandas
pandas\core\base.py,pandas\core\construction.py,pandas-dev/pandas
pandas\core\base.py,pandas\core\accessor.py,pandas-dev/pandas
pandas\core\col.py,pandas\__init__.py,pandas-dev/pandas
pandas\core\col.py,pandas\api\typing\__init__.py,pandas-dev/pandas
pandas\core\col.py,pandas\util\_decorators.py,pandas-dev/pandas
pandas\core\common.py,pandas\api\typing\__init__.py,pandas-dev/pandas
pandas\core\common.py,pandas\_libs\__init__.py,pandas-dev/pandas
pandas\core\common.py,pandas\core\dtypes\cast.py,pandas-dev/pandas
pandas\core\common.py,pandas\core\dtypes\common.py,pandas-dev/pandas
pandas\core\common.py,pandas\core\dtypes\generic.py,pandas-dev/pandas
pandas\core\common.py,pandas\core\dtypes\inference.py,pandas-dev/pandas
pandas\core\common.py,pandas\compat\numpy\__init__.py,pandas-dev/pandas
pandas\core\common.py,pandas\_typing.py,pandas-dev/pandas
pandas\core\common.py,pandas\core\generic.py,pandas-dev/pandas
pandas\core\common.py,pandas\core\col.py,pandas-dev/pandas
pandas\core\common.py,pandas\__init__.py,pandas-dev/pandas
pandas\core\config_init.py,pandas\api\typing\__init__.py,pandas-dev/pandas
pandas\core\config_init.py,pandas\_config\config.py,pandas-dev/pandas
pandas\core\config_init.py,pandas\errors\__init__.py,pandas-dev/pandas
pandas\core\config_init.py,pandas\core\__init__.py,pandas-dev/pandas
pandas\core\config_init.py,pandas\core\util\__init__.py,pandas-dev/pandas
pandas\core\config_init.py,pandas\plotting\__init__.py,pandas-dev/pandas
pandas\core\config_init.py,pandas\core\computation\__init__.py,pandas-dev/pandas
pandas\core\config_init.py,pandas\io\formats\printing.py,pandas-dev/pandas
pandas\core\config_init.py,pandas\plotting\_core.py,pandas-dev/pandas
pandas\core\construction.py,pandas\compat\numpy\__init__.py,pandas-dev/pandas
pandas\core\construction.py,pandas\_config\__init__.py,pandas-dev/pandas
pandas\core\construction.py,pandas\core\arrays\string_.py,pandas-dev/pandas
pandas\core\construction.py,pandas\core\common.py,pandas-dev/pandas
pandas\core\construction.py,pandas\__init__.py,pandas-dev/pandas
pandas\core\construction.py,pandas\api\typing\__init__.py,pandas-dev/pandas
pandas\core\construction.py,pandas\_libs\tslibs\__init__.py,pandas-dev/pandas
pandas\core\construction.py,pandas\core\dtypes\cast.py,pandas-dev/pandas
pandas\core\construction.py,pandas\core\dtypes\common.py,pandas-dev/pandas
pandas\core\construction.py,pandas\core\dtypes\dtypes.py,pandas-dev/pandas
pandas\core\construction.py,pandas\core\dtypes\generic.py,pandas-dev/pandas
pandas\core\construction.py,pandas\core\dtypes\missing.py,pandas-dev/pandas
pandas\core\construction.py,pandas\_typing.py,pandas-dev/pandas
pandas\core\construction.py,pandas\core\arrays\__init__.py,pandas-dev/pandas
pandas\core\construction.py,pandas\core\dtypes\base.py,pandas-dev/pandas
pandas\core\construction.py,pandas\util\_decorators.py,pandas-dev/pandas
pandas\core\construction.py,pandas\_libs\__init__.py,pandas-dev/pandas
pandas\core\flags.py,pandas\api\typing\__init__.py,pandas-dev/pandas
pandas\core\flags.py,pandas\util\_decorators.py,pandas-dev/pandas
pandas\core\flags.py,pandas\core\generic.py,pandas-dev/pandas
pandas\core\frame.py,pandas\core\reshape\merge.py,pandas-dev/pandas
pandas\core\frame.py,pandas\core\arrays\string_.py,pandas-dev/pandas
pandas\core\frame.py,pandas\compat\__init__.py,pandas-dev/pandas
pandas\core\frame.py,pandas\core\indexes\api.py,pandas-dev/pandas
pandas\core\frame.py,pandas\core\sorting.py,pandas-dev/pandas
pandas\core\frame.py,pandas\io\_util.py,pandas-dev/pandas
pandas\core\frame.py,pandas\compat\numpy\__init__.py,pandas-dev/pandas
pandas\core\frame.py,pandas\_libs\__init__.py,pandas-dev/pandas
pandas\core\frame.py,pandas\util\_exceptions.py,pandas-dev/pandas
pandas\core\frame.py,pandas\core\dtypes\common.py,pandas-dev/pandas
pandas\core\frame.py,pandas\core\__init__.py,pandas-dev/pandas
pandas\core\frame.py,pandas\core\arrays\masked.py,pandas-dev/pandas
pandas\core\frame.py,pandas\core\reshape\reshape.py,pandas-dev/pandas
pandas\core\frame.py,pandas\core\generic.py,pandas-dev/pandas
pandas\core\frame.py,pandas\io\iceberg.py,pandas-dev/pandas
pandas\core\frame.py,pandas\core\reshape\concat.py,pandas-dev/pandas
pandas\core\frame.py,pandas\core\apply.py,pandas-dev/pandas
pandas\core\frame.py,pandas\core\interchange\dataframe.py,pandas-dev/pandas
pandas\core\frame.py,pandas\core\reshape\pivot.py,pandas-dev/pandas
pandas\core\frame.py,pandas\plotting\__init__.py,pandas-dev/pandas
pandas\core\frame.py,pandas\core\computation\parsing.py,pandas-dev/pandas
pandas\core\frame.py,pandas\compat\_optional.py,pandas-dev/pandas
pandas\core\frame.py,pandas\core\methods\__init__.py,pandas-dev/pandas
pandas\core\frame.py,pandas\io\orc.py,pandas-dev/pandas
pandas\core\frame.py,pandas\core\indexes\multi.py,pandas-dev/pandas
pandas\core\frame.py,pandas\compat\_constants.py,pandas-dev/pandas
pandas\core\frame.py,pandas\util\_validators.py,pandas-dev/pandas
pandas\core\frame.py,pandas\core\dtypes\dtypes.py,pandas-dev/pandas
pandas\core\frame.py,pandas\core\indexing.py,pandas-dev/pandas
pandas\core\frame.py,pandas\core\arrays\arrow\array.py,pandas-dev/pandas
pandas\core\frame.py,pandas\core\computation\eval.py,pandas-dev/pandas
pandas\core\frame.py,pandas\core\array_algos\take.py,pandas-dev/pandas
pandas\core\frame.py,pandas\io\common.py,pandas-dev/pandas
pandas\core\frame.py,pandas\core\groupby\generic.py,pandas-dev/pandas
pandas\core\frame.py,pandas\io\__init__.py,pandas-dev/pandas
pandas\core\frame.py,pandas\core\interchange\dataframe_protocol.py,pandas-dev/pandas
pandas\core\frame.py,pandas\__init__.py,pandas-dev/pandas
pandas\core\frame.py,pandas\io\stata.py,pandas-dev/pandas
pandas\core\frame.py,pandas\core\accessor.py,pandas-dev/pandas
pandas\core\frame.py,pandas\_config\config.py,pandas-dev/pandas
pandas\core\frame.py,pandas\core\indexers\__init__.py,pandas-dev/pandas
pandas\core\frame.py,pandas\core\methods\to_dict.py,pandas-dev/pandas
pandas\core\frame.py,pandas\core\arrays\__init__.py,pandas-dev/pandas
pandas\core\frame.py,pandas\core\internals\construction.py,pandas-dev/pandas
pandas\core\frame.py,pandas\core\reshape\melt.py,pandas-dev/pandas
pandas\core\frame.py,pandas\_typing.py,pandas-dev/pandas
pandas\core\frame.py,pandas\api\typing\__init__.py,pandas-dev/pandas
pandas\core\frame.py,pandas\errors\__init__.py,pandas-dev/pandas
pandas\core\frame.py,pandas\errors\cow.py,pandas-dev/pandas
pandas\core\frame.py,pandas\core\dtypes\generic.py,pandas-dev/pandas
pandas\core\frame.py,pandas\core\dtypes\concat.py,pandas-dev/pandas
pandas\core\frame.py,pandas\core\arraylike.py,pandas-dev/pandas
pandas\core\frame.py,pandas\io\formats\style.py,pandas-dev/pandas
pandas\core\frame.py,pandas\core\arrays\sparse\__init__.py,pandas-dev/pandas
pandas\core\frame.py,pandas\io\formats\info.py,pandas-dev/pandas
pandas\core\frame.py,pandas\_libs\tslibs\__init__.py,pandas-dev/pandas
pandas\core\frame.py,pandas\core\internals\__init__.py,pandas-dev/pandas
pandas\core\frame.py,pandas\io\feather_format.py,pandas-dev/pandas
pandas\core\frame.py,pandas\io\parquet.py,pandas-dev/pandas
pandas\core\frame.py,pandas\core\construction.py,pandas-dev/pandas
pandas\core\frame.py,pandas\io\formats\__init__.py,pandas-dev/pandas
pandas\core\frame.py,pandas\util\_decorators.py,pandas-dev/pandas
pandas\core\frame.py,pandas\core\dtypes\cast.py,pandas-dev/pandas
pandas\core\frame.py,pandas\io\formats\xml.py,pandas-dev/pandas
pandas\core\frame.py,pandas\core\dtypes\missing.py,pandas-dev/pandas
pandas\core\frame.py,pandas\core\series.py,pandas-dev/pandas
pandas\core\generic.py,pandas\compat\numpy\__init__.py,pandas-dev/pandas
pandas\core\generic.py,pandas\core\arrays\__init__.py,pandas-dev/pandas
pandas\core\generic.py,pandas\io\formats\printing.py,pandas-dev/pandas
pandas\core\generic.py,pandas\core\computation\parsing.py,pandas-dev/pandas
pandas\core\generic.py,pandas\io\formats\excel.py,pandas-dev/pandas
pandas\core\generic.py,pandas\io\formats\style.py,pandas-dev/pandas
pandas\core\generic.py,pandas\core\resample.py,pandas-dev/pandas
pandas\core\generic.py,pandas\compat\__init__.py,pandas-dev/pandas
pandas\core\generic.py,pandas\core\internals\__init__.py,pandas-dev/pandas
pandas\core\generic.py,pandas\io\pickle.py,pandas-dev/pandas
pandas\core\generic.py,pandas\_config\config.py,pandas-dev/pandas
pandas\core\generic.py,pandas\compat\_optional.py,pandas-dev/pandas
pandas\core\generic.py,pandas\core\dtypes\astype.py,pandas-dev/pandas
pandas\core\generic.py,pandas\core\array_algos\replace.py,pandas-dev/pandas
pandas\core\generic.py,pandas\core\methods\describe.py,pandas-dev/pandas
pandas\core\generic.py,pandas\_libs\tslibs\__init__.py,pandas-dev/pandas
pandas\core\generic.py,pandas\io\__init__.py,pandas-dev/pandas
pandas\core\generic.py,pandas\io\json\__init__.py,pandas-dev/pandas
pandas\core\generic.py,pandas\core\sorting.py,pandas-dev/pandas
pandas\core\generic.py,pandas\__init__.py,pandas-dev/pandas
pandas\core\generic.py,pandas\core\dtypes\inference.py,pandas-dev/pandas
pandas\core\generic.py,pandas\api\typing\__init__.py,pandas-dev/pandas
pandas\core\generic.py,pandas\compat\_constants.py,pandas-dev/pandas
pandas\core\generic.py,pandas\errors\__init__.py,pandas-dev/pandas
pandas\core\generic.py,pandas\util\_exceptions.py,pandas-dev/pandas
pandas\core\generic.py,pandas\util\_validators.py,pandas-dev/pandas
pandas\core\generic.py,pandas\core\dtypes\cast.py,pandas-dev/pandas
pandas\core\generic.py,pandas\core\dtypes\common.py,pandas-dev/pandas
pandas\core\generic.py,pandas\core\dtypes\dtypes.py,pandas-dev/pandas
pandas\core\generic.py,pandas\core\dtypes\generic.py,pandas-dev/pandas
pandas\core\generic.py,pandas\core\dtypes\missing.py,pandas-dev/pandas
pandas\core\generic.py,pandas\core\__init__.py,pandas-dev/pandas
pandas\core\generic.py,pandas\core\indexes\api.py,pandas-dev/pandas
pandas\core\generic.py,pandas\core\missing.py,pandas-dev/pandas
pandas\core\generic.py,pandas\errors\cow.py,pandas-dev/pandas
pandas\core\generic.py,pandas\core\base.py,pandas-dev/pandas
pandas\core\generic.py,pandas\core\reshape\concat.py,pandas-dev/pandas
pandas\core\generic.py,pandas\core\window\__init__.py,pandas-dev/pandas
pandas\core\generic.py,pandas\io\formats\format.py,pandas-dev/pandas
pandas\core\generic.py,pandas\_typing.py,pandas-dev/pandas
pandas\core\generic.py,pandas\_libs\__init__.py,pandas-dev/pandas
pandas\core\generic.py,pandas\util\_decorators.py,pandas-dev/pandas
pandas\core\generic.py,pandas\core\construction.py,pandas-dev/pandas
pandas\core\generic.py,pandas\core\flags.py,pandas-dev/pandas
pandas\core\generic.py,pandas\core\indexers\objects.py,pandas-dev/pandas
pandas\core\generic.py,pandas\core\tools\datetimes.py,pandas-dev/pandas
pandas\core\indexing.py,pandas\__init__.py,pandas-dev/pandas
pandas\core\indexing.py,pandas\core\common.py,pandas-dev/pandas
pandas\core\indexing.py,pandas\core\arrays\__init__.py,pandas-dev/pandas
pandas\core\indexing.py,pandas\util\_exceptions.py,pandas-dev/pandas
pandas\core\indexing.py,pandas\compat\__init__.py,pandas-dev/pandas
pandas\core\indexing.py,pandas\core\dtypes\concat.py,pandas-dev/pandas
pandas\core\indexing.py,pandas\compat\numpy\__init__.py,pandas-dev/pandas
pandas\core\indexing.py,pandas\compat\_constants.py,pandas-dev/pandas
pandas\core\indexing.py,pandas\core\base.py,pandas-dev/pandas
pandas\core\indexing.py,pandas\_libs\__init__.py,pandas-dev/pandas
pandas\core\indexing.py,pandas\core\dtypes\generic.py,pandas-dev/pandas
pandas\core\indexing.py,pandas\core\dtypes\dtypes.py,pandas-dev/pandas
pandas\core\indexing.py,pandas\api\typing\__init__.py,pandas-dev/pandas
pandas\core\indexing.py,pandas\errors\__init__.py,pandas-dev/pandas
pandas\core\indexing.py,pandas\core\dtypes\cast.py,pandas-dev/pandas
pandas\core\indexing.py,pandas\core\dtypes\common.py,pandas-dev/pandas
pandas\core\indexing.py,pandas\core\dtypes\missing.py,pandas-dev/pandas
pandas\core\indexing.py,pandas\core\construction.py,pandas-dev/pandas
pandas\core\indexing.py,pandas\core\indexers\__init__.py,pandas-dev/pandas
pandas\core\indexing.py,pandas\errors\cow.py,pandas-dev/pandas
pandas\core\indexing.py,pandas\core\__init__.py,pandas-dev/pandas
pandas\core\indexing.py,pandas\_typing.py,pandas-dev/pandas
pandas\core\indexing.py,pandas\core\indexes\api.py,pandas-dev/pandas
pandas\core\missing.py,pandas\compat\pyarrow.py,pandas-dev/pandas
pandas\core\missing.py,pandas\api\typing\__init__.py,pandas-dev/pandas
pandas\core\missing.py,pandas\compat\_optional.py,pandas-dev/pandas
pandas\core\missing.py,pandas\compat\numpy\__init__.py,pandas-dev/pandas
pandas\core\missing.py,pandas\core\dtypes\cast.py,pandas-dev/pandas
pandas\core\missing.py,pandas\_libs\__init__.py,pandas-dev/pandas
pandas\core\missing.py,pandas\core\dtypes\common.py,pandas-dev/pandas
pandas\core\missing.py,pandas\core\dtypes\dtypes.py,pandas-dev/pandas
pandas\core\missing.py,pandas\core\dtypes\missing.py,pandas-dev/pandas
pandas\core\missing.py,pandas\_typing.py,pandas-dev/pandas
pandas\core\missing.py,pandas\__init__.py,pandas-dev/pandas
pandas\core\missing.py,pandas\_config\__init__.py,pandas-dev/pandas
pandas\core\nanops.py,pandas\_libs\__init__.py,pandas-dev/pandas
pandas\core\nanops.py,pandas\api\typing\__init__.py,pandas-dev/pandas
pandas\core\nanops.py,pandas\_libs\tslibs\__init__.py,pandas-dev/pandas
pandas\core\nanops.py,pandas\core\dtypes\common.py,pandas-dev/pandas
pandas\core\nanops.py,pandas\core\dtypes\missing.py,pandas-dev/pandas
pandas\core\nanops.py,pandas\compat\_optional.py,pandas-dev/pandas
pandas\core\nanops.py,pandas\_typing.py,pandas-dev/pandas
pandas\core\nanops.py,pandas\compat\numpy\__init__.py,pandas-dev/pandas
pandas\core\nanops.py,pandas\_config\config.py,pandas-dev/pandas
pandas\core\resample.py,pandas\util\_decorators.py,pandas-dev/pandas
pandas\core\resample.py,pandas\core\arrays\__init__.py,pandas-dev/pandas
pandas\core\resample.py,pandas\core\generic.py,pandas-dev/pandas
pandas\core\resample.py,pandas\util\_exceptions.py,pandas-dev/pandas
pandas\core\resample.py,pandas\core\groupby\grouper.py,pandas-dev/pandas
pandas\core\resample.py,pandas\core\indexes\api.py,pandas-dev/pandas
pandas\core\resample.py,pandas\core\reshape\concat.py,pandas-dev/pandas
pandas\core\resample.py,pandas\__init__.py,pandas-dev/pandas
pandas\core\resample.py,pandas\api\typing\__init__.py,pandas-dev/pandas
pandas\core\resample.py,pandas\_libs\tslibs\__init__.py,pandas-dev/pandas
pandas\core\resample.py,pandas\errors\__init__.py,pandas-dev/pandas
pandas\core\resample.py,pandas\core\dtypes\dtypes.py,pandas-dev/pandas
pandas\core\resample.py,pandas\core\dtypes\generic.py,pandas-dev/pandas
pandas\core\resample.py,pandas\core\base.py,pandas-dev/pandas
pandas\core\resample.py,pandas\core\groupby\groupby.py,pandas-dev/pandas
pandas\core\resample.py,pandas\core\groupby\ops.py,pandas-dev/pandas
pandas\core\resample.py,pandas\core\indexes\base.py,pandas-dev/pandas
pandas\core\resample.py,pandas\core\indexes\datetimes.py,pandas-dev/pandas
pandas\core\resample.py,pandas\core\indexes\period.py,pandas-dev/pandas
pandas\core\resample.py,pandas\core\indexes\timedeltas.py,pandas-dev/pandas
pandas\core\resample.py,pandas\core\algorithms.py,pandas-dev/pandas
pandas\core\resample.py,pandas\tseries\frequencies.py,pandas-dev/pandas
pandas\core\resample.py,pandas\tseries\offsets.py,pandas-dev/pandas
pandas\core\resample.py,pandas\_libs\__init__.py,pandas-dev/pandas
pandas\core\resample.py,pandas\_typing.py,pandas-dev/pandas
pandas\core\resample.py,pandas\compat\numpy\__init__.py,pandas-dev/pandas
pandas\core\resample.py,pandas\core\apply.py,pandas-dev/pandas
pandas\core\roperator.py,pandas\api\typing\__init__.py,pandas-dev/pandas
pandas\core\sample.py,pandas\compat\numpy\__init__.py,pandas-dev/pandas
pandas\core\sample.py,pandas\_typing.py,pandas-dev/pandas
pandas\core\sample.py,pandas\core\dtypes\generic.py,pandas-dev/pandas
pandas\core\sample.py,pandas\_libs\__init__.py,pandas-dev/pandas
pandas\core\sample.py,pandas\core\generic.py,pandas-dev/pandas
pandas\core\sample.py,pandas\api\typing\__init__.py,pandas-dev/pandas
pandas\core\series.py,pandas\_libs\__init__.py,pandas-dev/pandas
pandas\core\series.py,pandas\core\indexes\accessors.py,pandas-dev/pandas
pandas\core\series.py,pandas\core\tools\datetimes.py,pandas-dev/pandas
pandas\core\series.py,pandas\compat\numpy\__init__.py,pandas-dev/pandas
pandas\core\series.py,pandas\core\accessor.py,pandas-dev/pandas
pandas\core\series.py,pandas\core\arrays\__init__.py,pandas-dev/pandas
pandas\core\series.py,pandas\core\strings\accessor.py,pandas-dev/pandas
pandas\core\series.py,pandas\core\frame.py,pandas-dev/pandas
pandas\core\series.py,pandas\core\groupby\generic.py,pandas-dev/pandas
pandas\core\series.py,pandas\core\reshape\concat.py,pandas-dev/pandas
pandas\core\series.py,pandas\plotting\__init__.py,pandas-dev/pandas
pandas\core\series.py,pandas\api\typing\__init__.py,pandas-dev/pandas
pandas\core\series.py,pandas\compat\_constants.py,pandas-dev/pandas
pandas\core\series.py,pandas\errors\__init__.py,pandas-dev/pandas
pandas\core\series.py,pandas\errors\cow.py,pandas-dev/pandas
pandas\core\series.py,pandas\util\_decorators.py,pandas-dev/pandas
pandas\core\series.py,pandas\util\_exceptions.py,pandas-dev/pandas
pandas\core\series.py,pandas\util\_validators.py,pandas-dev/pandas
pandas\core\series.py,pandas\core\dtypes\cast.py,pandas-dev/pandas
pandas\core\series.py,pandas\compat\_optional.py,pandas-dev/pandas
pandas\core\series.py,pandas\core\apply.py,pandas-dev/pandas
pandas\core\series.py,pandas\core\internals\__init__.py,pandas-dev/pandas
pandas\core\series.py,pandas\core\reshape\reshape.py,pandas-dev/pandas
pandas\core\series.py,pandas\core\dtypes\common.py,pandas-dev/pandas
pandas\core\series.py,pandas\compat\__init__.py,pandas-dev/pandas
pandas\core\series.py,pandas\io\_util.py,pandas-dev/pandas
pandas\core\series.py,pandas\core\dtypes\dtypes.py,pandas-dev/pandas
pandas\core\series.py,pandas\core\dtypes\generic.py,pandas-dev/pandas
pandas\core\series.py,pandas\core\arrays\categorical.py,pandas-dev/pandas
pandas\core\series.py,pandas\core\dtypes\missing.py,pandas-dev/pandas
pandas\core\series.py,pandas\io\formats\format.py,pandas-dev/pandas
pandas\core\series.py,pandas\core\__init__.py,pandas-dev/pandas
pandas\core\series.py,pandas\core\dtypes\astype.py,pandas-dev/pandas
pandas\core\series.py,pandas\core\arrays\sparse\__init__.py,pandas-dev/pandas
pandas\core\series.py,pandas\core\arrays\arrow\__init__.py,pandas-dev/pandas
pandas\core\series.py,pandas\core\methods\__init__.py,pandas-dev/pandas
pandas\core\series.py,pandas\core\construction.py,pandas-dev/pandas
pandas\core\series.py,pandas\core\indexes\base.py,pandas-dev/pandas
pandas\core\series.py,pandas\core\indexers\__init__.py,pandas-dev/pandas
pandas\core\series.py,pandas\core\indexes\api.py,pandas-dev/pandas
pandas\core\series.py,pandas\core\generic.py,pandas-dev/pandas
pandas\core\series.py,pandas\core\sorting.py,pandas-dev/pandas
pandas\core\series.py,pandas\core\indexes\multi.py,pandas-dev/pandas
pandas\core\series.py,pandas\io\formats\info.py,pandas-dev/pandas
pandas\core\series.py,pandas\_typing.py,pandas-dev/pandas
pandas\core\series.py,pandas\core\dtypes\inference.py,pandas-dev/pandas
pandas\core\series.py,pandas\core\indexing.py,pandas-dev/pandas
pandas\core\sorting.py,pandas\compat\numpy\__init__.py,pandas-dev/pandas
pandas\core\sorting.py,pandas\core\dtypes\missing.py,pandas-dev/pandas
pandas\core\sorting.py,pandas\_libs\__init__.py,pandas-dev/pandas
pandas\core\sorting.py,pandas\api\typing\__init__.py,pandas-dev/pandas
pandas\core\sorting.py,pandas\core\dtypes\common.py,pandas-dev/pandas
pandas\core\sorting.py,pandas\core\dtypes\generic.py,pandas-dev/pandas
pandas\core\sorting.py,pandas\core\construction.py,pandas-dev/pandas
pandas\core\sorting.py,pandas\_typing.py,pandas-dev/pandas
pandas\core\sorting.py,pandas\__init__.py,pandas-dev/pandas
pandas\core\sorting.py,pandas\core\indexes\base.py,pandas-dev/pandas
pandas\core\sorting.py,pandas\core\arrays\__init__.py,pandas-dev/pandas
pandas\core\sorting.py,pandas\core\indexes\api.py,pandas-dev/pandas
pandas\errors\__init__.py,pandas\util\version\__init__.py,pandas-dev/pandas
pandas\errors\__init__.py,pandas\_libs\tslibs\__init__.py,pandas-dev/pandas
pandas\errors\__init__.py,pandas\_config\config.py,pandas-dev/pandas
pandas\io\api.py,pandas\io\clipboards.py,pandas-dev/pandas
pandas\io\api.py,pandas\io\excel\__init__.py,pandas-dev/pandas
pandas\io\api.py,pandas\io\html.py,pandas-dev/pandas
pandas\io\api.py,pandas\io\feather_format.py,pandas-dev/pandas
pandas\io\api.py,pandas\io\json\__init__.py,pandas-dev/pandas
pandas\io\api.py,pandas\io\orc.py,pandas-dev/pandas
pandas\io\api.py,pandas\io\parquet.py,pandas-dev/pandas
pandas\io\api.py,pandas\io\parsers\__init__.py,pandas-dev/pandas
pandas\io\api.py,pandas\io\pickle.py,pandas-dev/pandas
pandas\io\api.py,pandas\io\pytables.py,pandas-dev/pandas
pandas\io\api.py,pandas\io\sas\__init__.py,pandas-dev/pandas
pandas\io\api.py,pandas\io\xml.py,pandas-dev/pandas
pandas\io\api.py,pandas\io\stata.py,pandas-dev/pandas
pandas\io\api.py,pandas\io\iceberg.py,pandas-dev/pandas
pandas\io\api.py,pandas\io\spss.py,pandas-dev/pandas
pandas\io\api.py,pandas\io\sql.py,pandas-dev/pandas
pandas\io\clipboards.py,pandas\util\_exceptions.py,pandas-dev/pandas
pandas\io\clipboards.py,pandas\_config\config.py,pandas-dev/pandas
pandas\io\clipboards.py,pandas\api\typing\__init__.py,pandas-dev/pandas
pandas\io\clipboards.py,pandas\_libs\__init__.py,pandas-dev/pandas
pandas\io\clipboards.py,pandas\util\_decorators.py,pandas-dev/pandas
pandas\io\clipboards.py,pandas\util\_validators.py,pandas-dev/pandas
pandas\io\clipboards.py,pandas\core\dtypes\generic.py,pandas-dev/pandas
pandas\io\clipboards.py,pandas\_typing.py,pandas-dev/pandas
pandas\io\clipboards.py,pandas\io\clipboard\__init__.py,pandas-dev/pandas
pandas\io\clipboards.py,pandas\__init__.py,pandas-dev/pandas
pandas\io\clipboards.py,pandas\io\__init__.py,pandas-dev/pandas
pandas\io\clipboards.py,pandas\io\parsers\__init__.py,pandas-dev/pandas
pandas\io\common.py,pandas\util\_exceptions.py,pandas-dev/pandas
pandas\io\common.py,pandas\core\dtypes\generic.py,pandas-dev/pandas
pandas\io\common.py,pandas\__init__.py,pandas-dev/pandas
pandas\io\common.py,pandas\api\types\__init__.py,pandas-dev/pandas
pandas\io\common.py,pandas\io\__init__.py,pandas-dev/pandas
pandas\io\common.py,pandas\api\typing\__init__.py,pandas-dev/pandas
pandas\io\common.py,pandas\_typing.py,pandas-dev/pandas
pandas\io\common.py,pandas\core\dtypes\common.py,pandas-dev/pandas
pandas\io\common.py,pandas\compat\_optional.py,pandas-dev/pandas
pandas\io\feather_format.py,pandas\io\_util.py,pandas-dev/pandas
pandas\io\feather_format.py,pandas\core\arrays\arrow\extension_types.py,pandas-dev/pandas
pandas\io\feather_format.py,pandas\compat\_optional.py,pandas-dev/pandas
pandas\io\feather_format.py,pandas\api\typing\__init__.py,pandas-dev/pandas
pandas\io\feather_format.py,pandas\_libs\__init__.py,pandas-dev/pandas
pandas\io\feather_format.py,pandas\util\_validators.py,pandas-dev/pandas
pandas\io\feather_format.py,pandas\core\api.py,pandas-dev/pandas
pandas\io\feather_format.py,pandas\io\common.py,pandas-dev/pandas
pandas\io\feather_format.py,pandas\_typing.py,pandas-dev/pandas
pandas\io\feather_format.py,pandas\compat\pyarrow.py,pandas-dev/pandas
pandas\io\feather_format.py,pandas\util\_decorators.py,pandas-dev/pandas
pandas\io\html.py,pandas\core\series.py,pandas-dev/pandas
pandas\io\html.py,pandas\util\_decorators.py,pandas-dev/pandas
pandas\io\html.py,pandas\io\formats\printing.py,pandas-dev/pandas
pandas\io\html.py,pandas\compat\_optional.py,pandas-dev/pandas
pandas\io\html.py,pandas\core\indexes\base.py,pandas-dev/pandas
pandas\io\html.py,pandas\core\indexes\multi.py,pandas-dev/pandas
pandas\io\html.py,pandas\__init__.py,pandas-dev/pandas
pandas\io\html.py,pandas\core\dtypes\common.py,pandas-dev/pandas
pandas\io\html.py,pandas\_libs\__init__.py,pandas-dev/pandas
pandas\io\html.py,pandas\api\typing\__init__.py,pandas-dev/pandas
pandas\io\html.py,pandas\errors\__init__.py,pandas-dev/pandas
pandas\io\html.py,pandas\io\common.py,pandas-dev/pandas
pandas\io\html.py,pandas\io\parsers\__init__.py,pandas-dev/pandas
pandas\io\html.py,pandas\_typing.py,pandas-dev/pandas
pandas\io\html.py,pandas\util\_validators.py,pandas-dev/pandas
pandas\io\iceberg.py,pandas\api\typing\__init__.py,pandas-dev/pandas
pandas\io\iceberg.py,pandas\io\_util.py,pandas-dev/pandas
pandas\io\iceberg.py,pandas\compat\_optional.py,pandas-dev/pandas
pandas\io\iceberg.py,pandas\util\_decorators.py,pandas-dev/pandas
pandas\io\iceberg.py,pandas\__init__.py,pandas-dev/pandas
pandas\io\orc.py,pandas\io\__init__.py,pandas-dev/pandas
pandas\io\orc.py,pandas\compat\pyarrow.py,pandas-dev/pandas
pandas\io\orc.py,pandas\core\frame.py,pandas-dev/pandas
pandas\io\orc.py,pandas\api\typing\__init__.py,pandas-dev/pandas
pandas\io\orc.py,pandas\_libs\__init__.py,pandas-dev/pandas
pandas\io\orc.py,pandas\compat\_optional.py,pandas-dev/pandas
pandas\io\orc.py,pandas\util\_validators.py,pandas-dev/pandas
pandas\io\orc.py,pandas\core\indexes\api.py,pandas-dev/pandas
pandas\io\orc.py,pandas\io\common.py,pandas-dev/pandas
pandas\io\orc.py,pandas\io\_util.py,pandas-dev/pandas
pandas\io\orc.py,pandas\_typing.py,pandas-dev/pandas
pandas\io\orc.py,pandas\util\_decorators.py,pandas-dev/pandas
pandas\io\parquet.py,pandas\io\__init__.py,pandas-dev/pandas
pandas\io\parquet.py,pandas\_libs\__init__.py,pandas-dev/pandas
pandas\io\parquet.py,pandas\__init__.py,pandas-dev/pandas
pandas\io\parquet.py,pandas\io\_util.py,pandas-dev/pandas
pandas\io\parquet.py,pandas\_config\config.py,pandas-dev/pandas
pandas\io\parquet.py,pandas\compat\_optional.py,pandas-dev/pandas
pandas\io\parquet.py,pandas\compat\pyarrow.py,pandas-dev/pandas
pandas\io\parquet.py,pandas\core\arrays\arrow\extension_types.py,pandas-dev/pandas
pandas\io\parquet.py,pandas\api\typing\__init__.py,pandas-dev/pandas
pandas\io\parquet.py,pandas\errors\__init__.py,pandas-dev/pandas
pandas\io\parquet.py,pandas\io\common.py,pandas-dev/pandas
pandas\io\parquet.py,pandas\_typing.py,pandas-dev/pandas
pandas\io\parquet.py,pandas\util\_decorators.py,pandas-dev/pandas
pandas\io\parquet.py,pandas\io\json\__init__.py,pandas-dev/pandas
pandas\io\parquet.py,pandas\util\_exceptions.py,pandas-dev/pandas
pandas\io\parquet.py,pandas\util\_validators.py,pandas-dev/pandas
pandas\io\pickle.py,pandas\api\typing\__init__.py,pandas-dev/pandas
pandas\io\pickle.py,pandas\compat\__init__.py,pandas-dev/pandas
pandas\io\pickle.py,pandas\_typing.py,pandas-dev/pandas
pandas\io\pickle.py,pandas\__init__.py,pandas-dev/pandas
pandas\io\pickle.py,pandas\util\_decorators.py,pandas-dev/pandas
pandas\io\pickle.py,pandas\io\common.py,pandas-dev/pandas
pandas\io\pytables.py,pandas\api\typing\__init__.py,pandas-dev/pandas
pandas\io\pytables.py,pandas\_config\__init__.py,pandas-dev/pandas
pandas\io\pytables.py,pandas\_libs\__init__.py,pandas-dev/pandas
pandas\io\pytables.py,pandas\compat\__init__.py,pandas-dev/pandas
pandas\io\pytables.py,pandas\compat\_optional.py,pandas-dev/pandas
pandas\io\pytables.py,pandas\errors\__init__.py,pandas-dev/pandas
pandas\io\pytables.py,pandas\util\_decorators.py,pandas-dev/pandas
pandas\io\pytables.py,pandas\core\dtypes\common.py,pandas-dev/pandas
pandas\io\pytables.py,pandas\core\dtypes\dtypes.py,pandas-dev/pandas
pandas\io\pytables.py,pandas\_config\config.py,pandas-dev/pandas
pandas\io\pytables.py,pandas\core\arrays\datetimes.py,pandas-dev/pandas
pandas\io\pytables.py,pandas\util\_exceptions.py,pandas-dev/pandas
pandas\io\pytables.py,pandas\core\arrays\string_.py,pandas-dev/pandas
pandas\io\pytables.py,pandas\api\types\__init__.py,pandas-dev/pandas
pandas\io\pytables.py,pandas\compat\numpy\__init__.py,pandas-dev/pandas
pandas\io\pytables.py,pandas\core\common.py,pandas-dev/pandas
pandas\io\pytables.py,pandas\core\internals\__init__.py,pandas-dev/pandas
pandas\io\pytables.py,pandas\core\arrays\__init__.py,pandas-dev/pandas
pandas\io\pytables.py,pandas\io\common.py,pandas-dev/pandas
pandas\io\pytables.py,pandas\core\computation\pytables.py,pandas-dev/pandas
pandas\io\pytables.py,pandas\core\construction.py,pandas-dev/pandas
pandas\io\pytables.py,pandas\io\formats\printing.py,pandas-dev/pandas
pandas\io\pytables.py,pandas\_libs\tslibs\__init__.py,pandas-dev/pandas
pandas\io\pytables.py,pandas\__init__.py,pandas-dev/pandas
pandas\io\pytables.py,pandas\_typing.py,pandas-dev/pandas
pandas\io\pytables.py,pandas\core\dtypes\missing.py,pandas-dev/pandas
pandas\io\pytables.py,pandas\core\indexes\api.py,pandas-dev/pandas
pandas\io\pytables.py,pandas\compat\pickle_compat.py,pandas-dev/pandas
pandas\io\spss.py,pandas\api\typing\__init__.py,pandas-dev/pandas
pandas\io\spss.py,pandas\compat\_optional.py,pandas-dev/pandas
pandas\io\spss.py,pandas\core\dtypes\inference.py,pandas-dev/pandas
pandas\io\spss.py,pandas\io\common.py,pandas-dev/pandas
pandas\io\spss.py,pandas\_typing.py,pandas-dev/pandas
pandas\io\spss.py,pandas\__init__.py,pandas-dev/pandas
pandas\io\spss.py,pandas\util\_decorators.py,pandas-dev/pandas
pandas\io\spss.py,pandas\util\_validators.py,pandas-dev/pandas
pandas\io\spss.py,pandas\_libs\__init__.py,pandas-dev/pandas
pandas\io\sql.py,pandas\_typing.py,pandas-dev/pandas
pandas\io\sql.py,pandas\io\_util.py,pandas-dev/pandas
pandas\io\sql.py,pandas\compat\numpy\__init__.py,pandas-dev/pandas
pandas\io\sql.py,pandas\util\_decorators.py,pandas-dev/pandas
pandas\io\sql.py,pandas\core\arrays\string_.py,pandas-dev/pandas
pandas\io\sql.py,pandas\_config\__init__.py,pandas-dev/pandas
pandas\io\sql.py,pandas\util\_validators.py,pandas-dev/pandas
pandas\io\sql.py,pandas\core\arrays\__init__.py,pandas-dev/pandas
pandas\io\sql.py,pandas\api\typing\__init__.py,pandas-dev/pandas
pandas\io\sql.py,pandas\compat\_optional.py,pandas-dev/pandas
pandas\io\sql.py,pandas\errors\__init__.py,pandas-dev/pandas
pandas\io\sql.py,pandas\util\_exceptions.py,pandas-dev/pandas
pandas\io\sql.py,pandas\core\dtypes\common.py,pandas-dev/pandas
pandas\io\sql.py,pandas\core\api.py,pandas-dev/pandas
pandas\io\sql.py,pandas\core\base.py,pandas-dev/pandas
pandas\io\sql.py,pandas\core\internals\construction.py,pandas-dev/pandas
pandas\io\sql.py,pandas\core\dtypes\dtypes.py,pandas-dev/pandas
pandas\io\sql.py,pandas\core\common.py,pandas-dev/pandas
pandas\io\sql.py,pandas\__init__.py,pandas-dev/pandas
pandas\io\sql.py,pandas\compat\pyarrow.py,pandas-dev/pandas
pandas\io\sql.py,pandas\_config\config.py,pandas-dev/pandas
pandas\io\sql.py,pandas\core\dtypes\missing.py,pandas-dev/pandas
pandas\io\sql.py,pandas\core\tools\datetimes.py,pandas-dev/pandas
pandas\io\sql.py,pandas\_libs\__init__.py,pandas-dev/pandas
pandas\io\stata.py,pandas\compat\numpy\__init__.py,pandas-dev/pandas
pandas\io\stata.py,pandas\core\dtypes\base.py,pandas-dev/pandas
pandas\io\stata.py,pandas\io\common.py,pandas-dev/pandas
pandas\io\stata.py,pandas\_libs\__init__.py,pandas-dev/pandas
pandas\io\stata.py,pandas\core\dtypes\dtypes.py,pandas-dev/pandas
pandas\io\stata.py,pandas\api\types\__init__.py,pandas-dev/pandas
pandas\io\stata.py,pandas\io\__init__.py,pandas-dev/pandas
pandas\io\stata.py,pandas\core\frame.py,pandas-dev/pandas
pandas\io\stata.py,pandas\api\typing\__init__.py,pandas-dev/pandas
pandas\io\stata.py,pandas\errors\__init__.py,pandas-dev/pandas
pandas\io\stata.py,pandas\util\_decorators.py,pandas-dev/pandas
pandas\io\stata.py,pandas\core\dtypes\common.py,pandas-dev/pandas
pandas\io\stata.py,pandas\__init__.py,pandas-dev/pandas
pandas\io\stata.py,pandas\core\indexes\base.py,pandas-dev/pandas
pandas\io\stata.py,pandas\_typing.py,pandas-dev/pandas
pandas\io\stata.py,pandas\core\indexes\range.py,pandas-dev/pandas
pandas\io\stata.py,pandas\core\series.py,pandas-dev/pandas
pandas\io\stata.py,pandas\util\_exceptions.py,pandas-dev/pandas
pandas\io\xml.py,pandas\util\_decorators.py,pandas-dev/pandas
pandas\io\xml.py,pandas\util\_validators.py,pandas-dev/pandas
pandas\io\xml.py,pandas\_libs\__init__.py,pandas-dev/pandas
pandas\io\xml.py,pandas\io\__init__.py,pandas-dev/pandas
pandas\io\xml.py,pandas\api\typing\__init__.py,pandas-dev/pandas
pandas\io\xml.py,pandas\io\parsers\__init__.py,pandas-dev/pandas
pandas\io\xml.py,pandas\compat\_optional.py,pandas-dev/pandas
pandas\io\xml.py,pandas\__init__.py,pandas-dev/pandas
pandas\io\xml.py,pandas\errors\__init__.py,pandas-dev/pandas
pandas\io\xml.py,pandas\io\common.py,pandas-dev/pandas
pandas\io\xml.py,pandas\_typing.py,pandas-dev/pandas
pandas\io\xml.py,pandas\core\dtypes\common.py,pandas-dev/pandas
pandas\io\_util.py,pandas\compat\numpy\__init__.py,pandas-dev/pandas
pandas\io\_util.py,pandas\compat\_optional.py,pandas-dev/pandas
pandas\io\_util.py,pandas\__init__.py,pandas-dev/pandas
pandas\io\_util.py,pandas\compat\pyarrow.py,pandas-dev/pandas
pandas\io\_util.py,pandas\api\typing\__init__.py,pandas-dev/pandas
pandas\io\_util.py,pandas\_libs\tslibs\__init__.py,pandas-dev/pandas
pandas\io\_util.py,pandas\compat\__init__.py,pandas-dev/pandas
pandas\io\_util.py,pandas\core\dtypes\common.py,pandas-dev/pandas
pandas\io\_util.py,pandas\_typing.py,pandas-dev/pandas
pandas\io\_util.py,pandas\_libs\__init__.py,pandas-dev/pandas
pandas\io\_util.py,pandas\_config\__init__.py,pandas-dev/pandas
pandas\io\_util.py,pandas\core\arrays\integer.py,pandas-dev/pandas
pandas\io\__init__.py,pandas\api\typing\__init__.py,pandas-dev/pandas
pandas\plotting\_core.py,pandas\api\types\__init__.py,pandas-dev/pandas
pandas\plotting\_core.py,pandas\compat\numpy\__init__.py,pandas-dev/pandas
pandas\plotting\_core.py,pandas\api\typing\__init__.py,pandas-dev/pandas
pandas\plotting\_core.py,pandas\_config\config.py,pandas-dev/pandas
pandas\plotting\_core.py,pandas\core\dtypes\common.py,pandas-dev/pandas
pandas\plotting\_core.py,pandas\core\dtypes\generic.py,pandas-dev/pandas
pandas\plotting\_core.py,pandas\core\base.py,pandas-dev/pandas
pandas\plotting\_core.py,pandas\__init__.py,pandas-dev/pandas
pandas\plotting\_core.py,pandas\_typing.py,pandas-dev/pandas
pandas\plotting\_core.py,pandas\core\groupby\generic.py,pandas-dev/pandas
pandas\plotting\_core.py,pandas\util\_decorators.py,pandas-dev/pandas
pandas\plotting\_misc.py,pandas\compat\numpy\__init__.py,pandas-dev/pandas
pandas\plotting\_misc.py,pandas\plotting\_core.py,pandas-dev/pandas
pandas\plotting\_misc.py,pandas\api\typing\__init__.py,pandas-dev/pandas
pandas\plotting\_misc.py,pandas\util\_decorators.py,pandas-dev/pandas
pandas\plotting\_misc.py,pandas\__init__.py,pandas-dev/pandas
pandas\plotting\__init__.py,pandas\plotting\_core.py,pandas-dev/pandas
pandas\plotting\__init__.py,pandas\plotting\_misc.py,pandas-dev/pandas
pandas\tseries\api.py,pandas\_libs\tslibs\__init__.py,pandas-dev/pandas
pandas\tseries\api.py,pandas\tseries\frequencies.py,pandas-dev/pandas
pandas\tseries\api.py,pandas\tseries\__init__.py,pandas-dev/pandas
pandas\tseries\frequencies.py,pandas\errors\__init__.py,pandas-dev/pandas
pandas\tseries\frequencies.py,pandas\api\typing\__init__.py,pandas-dev/pandas
pandas\tseries\frequencies.py,pandas\core\arrays\datetimelike.py,pandas-dev/pandas
pandas\tseries\frequencies.py,pandas\core\api.py,pandas-dev/pandas
pandas\tseries\frequencies.py,pandas\util\_exceptions.py,pandas-dev/pandas
pandas\tseries\frequencies.py,pandas\_libs\__init__.py,pandas-dev/pandas
pandas\tseries\frequencies.py,pandas\_libs\tslibs\__init__.py,pandas-dev/pandas
pandas\tseries\frequencies.py,pandas\core\dtypes\generic.py,pandas-dev/pandas
pandas\tseries\frequencies.py,pandas\util\_decorators.py,pandas-dev/pandas
pandas\tseries\frequencies.py,pandas\core\dtypes\dtypes.py,pandas-dev/pandas
pandas\tseries\frequencies.py,pandas\core\dtypes\common.py,pandas-dev/pandas
pandas\tseries\frequencies.py,pandas\__init__.py,pandas-dev/pandas
pandas\tseries\frequencies.py,pandas\_typing.py,pandas-dev/pandas
pandas\tseries\frequencies.py,pandas\_config\__init__.py,pandas-dev/pandas
pandas\tseries\frequencies.py,pandas\compat\numpy\__init__.py,pandas-dev/pandas
pandas\tseries\frequencies.py,pandas\compat\pyarrow.py,pandas-dev/pandas
pandas\tseries\holiday.py,pandas\api\typing\__init__.py,pandas-dev/pandas
pandas\tseries\holiday.py,pandas\errors\__init__.py,pandas-dev/pandas
pandas\tseries\holiday.py,pandas\__init__.py,pandas-dev/pandas
pandas\tseries\holiday.py,pandas\tseries\offsets.py,pandas-dev/pandas
pandas\tseries\holiday.py,pandas\compat\numpy\__init__.py,pandas-dev/pandas
pandas\tseries\holiday.py,pandas\_libs\tslibs\__init__.py,pandas-dev/pandas
pandas\tseries\offsets.py,pandas\_libs\tslibs\__init__.py,pandas-dev/pandas
pandas\tseries\__init__.py,pandas\api\typing\__init__.py,pandas-dev/pandas
pandas\util\_decorators.py,pandas\errors\__init__.py,pandas-dev/pandas
pandas\util\_decorators.py,pandas\api\typing\__init__.py,pandas-dev/pandas
pandas\util\_decorators.py,pandas\_libs\__init__.py,pandas-dev/pandas
pandas\util\_decorators.py,pandas\_typing.py,pandas-dev/pandas
pandas\util\_decorators.py,pandas\util\_exceptions.py,pandas-dev/pandas
pandas\util\_doctools.py,pandas\__init__.py,pandas-dev/pandas
pandas\util\_doctools.py,pandas\compat\numpy\__init__.py,pandas-dev/pandas
pandas\util\_doctools.py,pandas\api\typing\__init__.py,pandas-dev/pandas
pandas\util\_exceptions.py,pandas\api\typing\__init__.py,pandas-dev/pandas
pandas\util\_exceptions.py,pandas\api\types\__init__.py,pandas-dev/pandas
pandas\util\_exceptions.py,pandas\__init__.py,pandas-dev/pandas
pandas\util\_print_versions.py,pandas\io\json\__init__.py,pandas-dev/pandas
pandas\util\_print_versions.py,pandas\api\typing\__init__.py,pandas-dev/pandas
pandas\util\_print_versions.py,pandas\_typing.py,pandas-dev/pandas
pandas\util\_print_versions.py,pandas\compat\_optional.py,pandas-dev/pandas
pandas\util\_print_versions.py,pandas\__init__.py,pandas-dev/pandas
pandas\util\_print_versions.py,pandas\util\_decorators.py,pandas-dev/pandas
pandas\util\_tester.py,pandas\util\_decorators.py,pandas-dev/pandas
pandas\util\_tester.py,pandas\compat\_optional.py,pandas-dev/pandas
pandas\util\_test_decorators.py,pandas\api\typing\__init__.py,pandas-dev/pandas
pandas\util\_test_decorators.py,pandas\compat\__init__.py,pandas-dev/pandas
pandas\util\_test_decorators.py,pandas\compat\_optional.py,pandas-dev/pandas
pandas\util\_test_decorators.py,pandas\_typing.py,pandas-dev/pandas
pandas\util\_validators.py,pandas\_typing.py,pandas-dev/pandas
pandas\util\_validators.py,pandas\_libs\__init__.py,pandas-dev/pandas
pandas\util\_validators.py,pandas\api\typing\__init__.py,pandas-dev/pandas
pandas\util\_validators.py,pandas\core\dtypes\common.py,pandas-dev/pandas
pandas\util\_validators.py,pandas\compat\numpy\__init__.py,pandas-dev/pandas
pandas\util\__init__.py,pandas\core\util\hashing.py,pandas-dev/pandas
pandas\util\__init__.py,pandas\util\_decorators.py,pandas-dev/pandas
pandas\_config\config.py,pandas\util\_exceptions.py,pandas-dev/pandas
pandas\_config\config.py,pandas\api\typing\__init__.py,pandas-dev/pandas
pandas\_config\config.py,pandas\_typing.py,pandas-dev/pandas
pandas\_config\dates.py,pandas\_config\__init__.py,pandas-dev/pandas
pandas\_config\display.py,pandas\_config\config.py,pandas-dev/pandas
pandas\_config\localization.py,pandas\_config\config.py,pandas-dev/pandas
pandas\_config\localization.py,pandas\api\typing\__init__.py,pandas-dev/pandas
pandas\_config\__init__.py,pandas\_config\display.py,pandas-dev/pandas
pandas\_config\__init__.py,pandas\_config\config.py,pandas-dev/pandas
pandas\_libs\__init__.py,pandas\_libs\tslibs\__init__.py,pandas-dev/pandas
pandas\_testing\asserters.py,pandas\__init__.py,pandas-dev/pandas
pandas\_testing\asserters.py,pandas\core\arrays\__init__.py,pandas-dev/pandas
pandas\_testing\asserters.py,pandas\api\typing\__init__.py,pandas-dev/pandas
pandas\_testing\asserters.py,pandas\util\_decorators.py,pandas-dev/pandas
pandas\_testing\asserters.py,pandas\core\dtypes\common.py,pandas-dev/pandas
pandas\_testing\asserters.py,pandas\core\dtypes\dtypes.py,pandas-dev/pandas
pandas\_testing\asserters.py,pandas\_typing.py,pandas-dev/pandas
pandas\_testing\asserters.py,pandas\io\formats\printing.py,pandas-dev/pandas
pandas\_testing\asserters.py,pandas\core\indexes\api.py,pandas-dev/pandas
pandas\_testing\asserters.py,pandas\_libs\__init__.py,pandas-dev/pandas
pandas\_testing\asserters.py,pandas\util\_exceptions.py,pandas-dev/pandas
pandas\_testing\asserters.py,pandas\compat\numpy\__init__.py,pandas-dev/pandas
pandas\_testing\asserters.py,pandas\core\dtypes\cast.py,pandas-dev/pandas
pandas\_testing\asserters.py,pandas\core\arrays\string_.py,pandas-dev/pandas
pandas\_testing\asserters.py,pandas\core\arrays\datetimelike.py,pandas-dev/pandas
pandas\_testing\asserters.py,pandas\_libs\tslibs\__init__.py,pandas-dev/pandas
pandas\_testing\asserters.py,pandas\core\dtypes\missing.py,pandas-dev/pandas
pandas\_testing\asserters.py,pandas\errors\__init__.py,pandas-dev/pandas
pandas\_testing\compat.py,pandas\api\typing\__init__.py,pandas-dev/pandas
pandas\_testing\compat.py,pandas\__init__.py,pandas-dev/pandas
pandas\_testing\compat.py,pandas\_typing.py,pandas-dev/pandas
pandas\_testing\contexts.py,asv_bench\benchmarks\io\csv.py,pandas-dev/pandas
pandas\_testing\contexts.py,pandas\_testing\__init__.py,pandas-dev/pandas
pandas\_testing\contexts.py,pandas\api\typing\__init__.py,pandas-dev/pandas
pandas\_testing\contexts.py,pandas\compat\__init__.py,pandas-dev/pandas
pandas\_testing\contexts.py,pandas\_typing.py,pandas-dev/pandas
pandas\_testing\contexts.py,pandas\errors\__init__.py,pandas-dev/pandas
pandas\_testing\contexts.py,pandas\io\common.py,pandas-dev/pandas
pandas\_testing\_io.py,pandas\io\__init__.py,pandas-dev/pandas
pandas\_testing\_io.py,pandas\__init__.py,pandas-dev/pandas
pandas\_testing\_io.py,pandas\api\typing\__init__.py,pandas-dev/pandas
pandas\_testing\_io.py,pandas\compat\_optional.py,pandas-dev/pandas
pandas\_testing\_warnings.py,pandas\api\typing\__init__.py,pandas-dev/pandas
pandas\_testing\_warnings.py,pandas\_libs\__init__.py,pandas-dev/pandas
pandas\_testing\__init__.py,pandas\_config\__init__.py,pandas-dev/pandas
pandas\_testing\__init__.py,pandas\compat\pyarrow.py,pandas-dev/pandas
pandas\_testing\__init__.py,pandas\core\arrays\_mixins.py,pandas-dev/pandas
pandas\_testing\__init__.py,pandas\compat\__init__.py,pandas-dev/pandas
pandas\_testing\__init__.py,pandas\core\construction.py,pandas-dev/pandas
pandas\_testing\__init__.py,pandas\_testing\asserters.py,pandas-dev/pandas
pandas\_testing\__init__.py,pandas\api\typing\__init__.py,pandas-dev/pandas
pandas\_testing\__init__.py,pandas\_config\localization.py,pandas-dev/pandas
pandas\_testing\__init__.py,pandas\__init__.py,pandas-dev/pandas
pandas\_testing\__init__.py,pandas\_testing\_io.py,pandas-dev/pandas
pandas\_testing\__init__.py,pandas\_testing\_warnings.py,pandas-dev/pandas
pandas\_testing\__init__.py,pandas\_testing\compat.py,pandas-dev/pandas
pandas\_testing\__init__.py,pandas\core\arrays\__init__.py,pandas-dev/pandas
pandas\_testing\__init__.py,pandas\_testing\contexts.py,pandas-dev/pandas
pandas\_testing\__init__.py,pandas\compat\numpy\__init__.py,pandas-dev/pandas
pandas\_testing\__init__.py,pandas\_typing.py,pandas-dev/pandas
pandas\util\version\__init__.py,pandas\api\typing\__init__.py,pandas-dev/pandas
pandas\plotting\_matplotlib\boxplot.py,pandas\core\common.py,pandas-dev/pandas
pandas\plotting\_matplotlib\boxplot.py,pandas\plotting\_matplotlib\style.py,pandas-dev/pandas
pandas\plotting\_matplotlib\boxplot.py,pandas\__init__.py,pandas-dev/pandas
pandas\plotting\_matplotlib\boxplot.py,pandas\core\dtypes\generic.py,pandas-dev/pandas
pandas\plotting\_matplotlib\boxplot.py,pandas\compat\numpy\__init__.py,pandas-dev/pandas
pandas\plotting\_matplotlib\boxplot.py,pandas\plotting\_matplotlib\groupby.py,pandas-dev/pandas
pandas\plotting\_matplotlib\boxplot.py,pandas\core\dtypes\common.py,pandas-dev/pandas
pandas\plotting\_matplotlib\boxplot.py,pandas\_typing.py,pandas-dev/pandas
pandas\plotting\_matplotlib\boxplot.py,pandas\api\typing\__init__.py,pandas-dev/pandas
pandas\plotting\_matplotlib\boxplot.py,pandas\plotting\_matplotlib\core.py,pandas-dev/pandas
pandas\plotting\_matplotlib\boxplot.py,pandas\plotting\_matplotlib\tools.py,pandas-dev/pandas
pandas\plotting\_matplotlib\boxplot.py,pandas\util\_exceptions.py,pandas-dev/pandas
pandas\plotting\_matplotlib\boxplot.py,pandas\_libs\__init__.py,pandas-dev/pandas
pandas\plotting\_matplotlib\boxplot.py,pandas\core\dtypes\missing.py,pandas-dev/pandas
pandas\plotting\_matplotlib\boxplot.py,pandas\io\formats\printing.py,pandas-dev/pandas
pandas\plotting\_matplotlib\boxplot.py,pandas\util\_decorators.py,pandas-dev/pandas
pandas\plotting\_matplotlib\converter.py,pandas\_typing.py,pandas-dev/pandas
pandas\plotting\_matplotlib\converter.py,pandas\api\typing\__init__.py,pandas-dev/pandas
pandas\plotting\_matplotlib\converter.py,pandas\_libs\tslibs\__init__.py,pandas-dev/pandas
pandas\plotting\_matplotlib\converter.py,pandas\core\dtypes\common.py,pandas-dev/pandas
pandas\plotting\_matplotlib\converter.py,pandas\__init__.py,pandas-dev/pandas
pandas\plotting\_matplotlib\converter.py,pandas\core\indexes\period.py,pandas-dev/pandas
pandas\plotting\_matplotlib\converter.py,pandas\core\indexes\datetimes.py,pandas-dev/pandas
pandas\plotting\_matplotlib\converter.py,pandas\_config\config.py,pandas-dev/pandas
pandas\plotting\_matplotlib\converter.py,pandas\core\common.py,pandas-dev/pandas
pandas\plotting\_matplotlib\converter.py,pandas\core\tools\datetimes.py,pandas-dev/pandas
pandas\plotting\_matplotlib\converter.py,pandas\_libs\__init__.py,pandas-dev/pandas
pandas\plotting\_matplotlib\converter.py,pandas\compat\numpy\__init__.py,pandas-dev/pandas
pandas\plotting\_matplotlib\core.py,pandas\util\_decorators.py,pandas-dev/pandas
pandas\plotting\_matplotlib\core.py,pandas\plotting\_matplotlib\timeseries.py,pandas-dev/pandas
pandas\plotting\_matplotlib\core.py,pandas\io\formats\printing.py,pandas-dev/pandas
pandas\plotting\_matplotlib\core.py,pandas\_libs\tslibs\__init__.py,pandas-dev/pandas
pandas\plotting\_matplotlib\core.py,pandas\__init__.py,pandas-dev/pandas
pandas\plotting\_matplotlib\core.py,pandas\plotting\_matplotlib\tools.py,pandas-dev/pandas
pandas\plotting\_matplotlib\core.py,pandas\core\dtypes\generic.py,pandas-dev/pandas
pandas\plotting\_matplotlib\core.py,pandas\api\typing\__init__.py,pandas-dev/pandas
pandas\plotting\_matplotlib\core.py,pandas\core\dtypes\common.py,pandas-dev/pandas
pandas\plotting\_matplotlib\core.py,pandas\core\dtypes\dtypes.py,pandas-dev/pandas
pandas\plotting\_matplotlib\core.py,pandas\plotting\_matplotlib\__init__.py,pandas-dev/pandas
pandas\plotting\_matplotlib\core.py,pandas\plotting\_matplotlib\converter.py,pandas-dev/pandas
pandas\plotting\_matplotlib\core.py,pandas\compat\numpy\__init__.py,pandas-dev/pandas
pandas\plotting\_matplotlib\core.py,pandas\plotting\_matplotlib\misc.py,pandas-dev/pandas
pandas\plotting\_matplotlib\core.py,pandas\_typing.py,pandas-dev/pandas
pandas\plotting\_matplotlib\core.py,pandas\plotting\_matplotlib\groupby.py,pandas-dev/pandas
pandas\plotting\_matplotlib\core.py,pandas\errors\__init__.py,pandas-dev/pandas
pandas\plotting\_matplotlib\core.py,pandas\util\_exceptions.py,pandas-dev/pandas
pandas\plotting\_matplotlib\core.py,pandas\core\dtypes\missing.py,pandas-dev/pandas
pandas\plotting\_matplotlib\core.py,pandas\_libs\__init__.py,pandas-dev/pandas
pandas\plotting\_matplotlib\core.py,pandas\plotting\_matplotlib\style.py,pandas-dev/pandas
pandas\plotting\_matplotlib\core.py,pandas\plotting\__init__.py,pandas-dev/pandas
pandas\plotting\_matplotlib\core.py,pandas\core\common.py,pandas-dev/pandas
pandas\plotting\_matplotlib\groupby.py,pandas\api\typing\__init__.py,pandas-dev/pandas
pandas\plotting\_matplotlib\groupby.py,pandas\__init__.py,pandas-dev/pandas
pandas\plotting\_matplotlib\groupby.py,pandas\compat\numpy\__init__.py,pandas-dev/pandas
pandas\plotting\_matplotlib\groupby.py,pandas\_typing.py,pandas-dev/pandas
pandas\plotting\_matplotlib\groupby.py,pandas\core\dtypes\missing.py,pandas-dev/pandas
pandas\plotting\_matplotlib\groupby.py,pandas\plotting\_matplotlib\misc.py,pandas-dev/pandas
pandas\plotting\_matplotlib\hist.py,pandas\__init__.py,pandas-dev/pandas
pandas\plotting\_matplotlib\hist.py,pandas\api\typing\__init__.py,pandas-dev/pandas
pandas\plotting\_matplotlib\hist.py,pandas\core\dtypes\common.py,pandas-dev/pandas
pandas\plotting\_matplotlib\hist.py,pandas\core\dtypes\generic.py,pandas-dev/pandas
pandas\plotting\_matplotlib\hist.py,pandas\core\dtypes\missing.py,pandas-dev/pandas
pandas\plotting\_matplotlib\hist.py,pandas\plotting\_matplotlib\core.py,pandas-dev/pandas
pandas\plotting\_matplotlib\hist.py,pandas\plotting\_matplotlib\groupby.py,pandas-dev/pandas
pandas\plotting\_matplotlib\hist.py,pandas\plotting\_matplotlib\tools.py,pandas-dev/pandas
pandas\plotting\_matplotlib\hist.py,pandas\core\dtypes\dtypes.py,pandas-dev/pandas
pandas\plotting\_matplotlib\hist.py,pandas\compat\numpy\__init__.py,pandas-dev/pandas
pandas\plotting\_matplotlib\hist.py,pandas\_typing.py,pandas-dev/pandas
pandas\plotting\_matplotlib\hist.py,pandas\plotting\_matplotlib\misc.py,pandas-dev/pandas
pandas\plotting\_matplotlib\hist.py,pandas\io\formats\printing.py,pandas-dev/pandas
pandas\plotting\_matplotlib\misc.py,pandas\compat\numpy\__init__.py,pandas-dev/pandas
pandas\plotting\_matplotlib\misc.py,pandas\plotting\_matplotlib\tools.py,pandas-dev/pandas
pandas\plotting\_matplotlib\misc.py,pandas\__init__.py,pandas-dev/pandas
pandas\plotting\_matplotlib\misc.py,pandas\plotting\_matplotlib\style.py,pandas-dev/pandas
pandas\plotting\_matplotlib\misc.py,pandas\core\dtypes\missing.py,pandas-dev/pandas
pandas\plotting\_matplotlib\misc.py,pandas\api\typing\__init__.py,pandas-dev/pandas
pandas\plotting\_matplotlib\misc.py,pandas\io\formats\printing.py,pandas-dev/pandas
pandas\plotting\_matplotlib\style.py,pandas\api\typing\__init__.py,pandas-dev/pandas
pandas\plotting\_matplotlib\style.py,pandas\util\_exceptions.py,pandas-dev/pandas
pandas\plotting\_matplotlib\style.py,pandas\_typing.py,pandas-dev/pandas
pandas\plotting\_matplotlib\style.py,pandas\compat\numpy\__init__.py,pandas-dev/pandas
pandas\plotting\_matplotlib\style.py,pandas\core\dtypes\common.py,pandas-dev/pandas
pandas\plotting\_matplotlib\timeseries.py,pandas\_typing.py,pandas-dev/pandas
pandas\plotting\_matplotlib\timeseries.py,pandas\api\typing\__init__.py,pandas-dev/pandas
pandas\plotting\_matplotlib\timeseries.py,pandas\_libs\tslibs\__init__.py,pandas-dev/pandas
pandas\plotting\_matplotlib\timeseries.py,pandas\core\dtypes\generic.py,pandas-dev/pandas
pandas\plotting\_matplotlib\timeseries.py,pandas\__init__.py,pandas-dev/pandas
pandas\plotting\_matplotlib\timeseries.py,pandas\io\formats\printing.py,pandas-dev/pandas
pandas\plotting\_matplotlib\timeseries.py,pandas\plotting\_matplotlib\converter.py,pandas-dev/pandas
pandas\plotting\_matplotlib\timeseries.py,pandas\tseries\frequencies.py,pandas-dev/pandas
pandas\plotting\_matplotlib\timeseries.py,pandas\compat\numpy\__init__.py,pandas-dev/pandas
pandas\plotting\_matplotlib\timeseries.py,pandas\plotting\_matplotlib\__init__.py,pandas-dev/pandas
pandas\plotting\_matplotlib\timeseries.py,pandas\core\dtypes\common.py,pandas-dev/pandas
pandas\plotting\_matplotlib\tools.py,pandas\compat\numpy\__init__.py,pandas-dev/pandas
pandas\plotting\_matplotlib\tools.py,pandas\util\_exceptions.py,pandas-dev/pandas
pandas\plotting\_matplotlib\tools.py,pandas\core\dtypes\generic.py,pandas-dev/pandas
pandas\plotting\_matplotlib\tools.py,pandas\core\dtypes\common.py,pandas-dev/pandas
pandas\plotting\_matplotlib\tools.py,pandas\__init__.py,pandas-dev/pandas
pandas\plotting\_matplotlib\tools.py,pandas\api\typing\__init__.py,pandas-dev/pandas
pandas\plotting\_matplotlib\__init__.py,pandas\api\typing\__init__.py,pandas-dev/pandas
pandas\plotting\_matplotlib\__init__.py,pandas\plotting\_matplotlib\hist.py,pandas-dev/pandas
pandas\plotting\_matplotlib\__init__.py,pandas\plotting\_matplotlib\core.py,pandas-dev/pandas
pandas\plotting\_matplotlib\__init__.py,pandas\plotting\_matplotlib\converter.py,pandas-dev/pandas
pandas\plotting\_matplotlib\__init__.py,pandas\plotting\_matplotlib\boxplot.py,pandas-dev/pandas
pandas\plotting\_matplotlib\__init__.py,pandas\plotting\_matplotlib\misc.py,pandas-dev/pandas
pandas\plotting\_matplotlib\__init__.py,pandas\plotting\_matplotlib\tools.py,pandas-dev/pandas
pandas\io\clipboard\__init__.py,pandas\util\_exceptions.py,pandas-dev/pandas
pandas\io\clipboard\__init__.py,pandas\errors\__init__.py,pandas-dev/pandas
pandas\io\clipboard\__init__.py,pandas\_config\localization.py,pandas-dev/pandas
pandas\io\excel\_base.py,pandas\compat\_optional.py,pandas-dev/pandas
pandas\io\excel\_base.py,pandas\util\_exceptions.py,pandas-dev/pandas
pandas\io\excel\_base.py,pandas\api\types\__init__.py,pandas-dev/pandas
pandas\io\excel\_base.py,pandas\core\frame.py,pandas-dev/pandas
pandas\io\excel\_base.py,pandas\io\excel\_odfreader.py,pandas-dev/pandas
pandas\io\excel\_base.py,pandas\_libs\__init__.py,pandas-dev/pandas
pandas\io\excel\_base.py,pandas\util\_validators.py,pandas-dev/pandas
pandas\io\excel\_base.py,pandas\io\excel\_xlrd.py,pandas-dev/pandas
pandas\io\excel\_base.py,pandas\io\excel\_openpyxl.py,pandas-dev/pandas
pandas\io\excel\_base.py,pandas\io\parsers\__init__.py,pandas-dev/pandas
pandas\io\excel\_base.py,pandas\io\excel\_pyxlsb.py,pandas-dev/pandas
pandas\io\excel\_base.py,pandas\api\typing\__init__.py,pandas-dev/pandas
pandas\io\excel\_base.py,pandas\errors\__init__.py,pandas-dev/pandas
pandas\io\excel\_base.py,pandas\util\_decorators.py,pandas-dev/pandas
pandas\io\excel\_base.py,pandas\core\dtypes\common.py,pandas-dev/pandas
pandas\io\excel\_base.py,pandas\io\common.py,pandas-dev/pandas
pandas\io\excel\_base.py,pandas\io\excel\_util.py,pandas-dev/pandas
pandas\io\excel\_base.py,pandas\io\parsers\readers.py,pandas-dev/pandas
pandas\io\excel\_base.py,pandas\_typing.py,pandas-dev/pandas
pandas\io\excel\_base.py,pandas\io\excel\_calamine.py,pandas-dev/pandas
pandas\io\excel\_base.py,pandas\_config\config.py,pandas-dev/pandas
pandas\io\excel\_calamine.py,pandas\io\excel\_base.py,pandas-dev/pandas
pandas\io\excel\_calamine.py,pandas\api\typing\__init__.py,pandas-dev/pandas
pandas\io\excel\_calamine.py,pandas\_typing.py,pandas-dev/pandas
pandas\io\excel\_calamine.py,pandas\compat\_optional.py,pandas-dev/pandas
pandas\io\excel\_odfreader.py,pandas\api\typing\__init__.py,pandas-dev/pandas
pandas\io\excel\_odfreader.py,pandas\_typing.py,pandas-dev/pandas
pandas\io\excel\_odfreader.py,pandas\__init__.py,pandas-dev/pandas
pandas\io\excel\_odfreader.py,pandas\compat\numpy\__init__.py,pandas-dev/pandas
pandas\io\excel\_odfreader.py,pandas\io\excel\_base.py,pandas-dev/pandas
pandas\io\excel\_odfreader.py,pandas\compat\_optional.py,pandas-dev/pandas
pandas\io\excel\_odfreader.py,pandas\_libs\tslibs\__init__.py,pandas-dev/pandas
pandas\io\excel\_odswriter.py,pandas\io\json\__init__.py,pandas-dev/pandas
pandas\io\excel\_odswriter.py,pandas\io\formats\excel.py,pandas-dev/pandas
pandas\io\excel\_odswriter.py,pandas\api\typing\__init__.py,pandas-dev/pandas
pandas\io\excel\_odswriter.py,pandas\io\excel\_util.py,pandas-dev/pandas
pandas\io\excel\_odswriter.py,pandas\_typing.py,pandas-dev/pandas
pandas\io\excel\_odswriter.py,pandas\io\excel\_base.py,pandas-dev/pandas
pandas\io\excel\_openpyxl.py,pandas\compat\_optional.py,pandas-dev/pandas
pandas\io\excel\_openpyxl.py,pandas\compat\numpy\__init__.py,pandas-dev/pandas
pandas\io\excel\_openpyxl.py,pandas\api\typing\__init__.py,pandas-dev/pandas
pandas\io\excel\_openpyxl.py,pandas\io\excel\_base.py,pandas-dev/pandas
pandas\io\excel\_openpyxl.py,pandas\io\excel\_util.py,pandas-dev/pandas
pandas\io\excel\_openpyxl.py,pandas\_typing.py,pandas-dev/pandas
pandas\io\excel\_pyxlsb.py,pandas\errors\__init__.py,pandas-dev/pandas
pandas\io\excel\_pyxlsb.py,pandas\api\typing\__init__.py,pandas-dev/pandas
pandas\io\excel\_pyxlsb.py,pandas\util\_exceptions.py,pandas-dev/pandas
pandas\io\excel\_pyxlsb.py,pandas\_typing.py,pandas-dev/pandas
pandas\io\excel\_pyxlsb.py,pandas\io\excel\_base.py,pandas-dev/pandas
pandas\io\excel\_pyxlsb.py,pandas\compat\_optional.py,pandas-dev/pandas
pandas\io\excel\_util.py,pandas\compat\_optional.py,pandas-dev/pandas
pandas\io\excel\_util.py,pandas\api\typing\__init__.py,pandas-dev/pandas
pandas\io\excel\_util.py,pandas\core\dtypes\common.py,pandas-dev/pandas
pandas\io\excel\_util.py,pandas\io\excel\_base.py,pandas-dev/pandas
pandas\io\excel\_xlrd.py,pandas\errors\__init__.py,pandas-dev/pandas
pandas\io\excel\_xlrd.py,pandas\compat\_optional.py,pandas-dev/pandas
pandas\io\excel\_xlrd.py,pandas\util\_exceptions.py,pandas-dev/pandas
pandas\io\excel\_xlrd.py,pandas\_typing.py,pandas-dev/pandas
pandas\io\excel\_xlrd.py,pandas\compat\numpy\__init__.py,pandas-dev/pandas
pandas\io\excel\_xlrd.py,pandas\api\typing\__init__.py,pandas-dev/pandas
pandas\io\excel\_xlrd.py,pandas\io\excel\_base.py,pandas-dev/pandas
pandas\io\excel\_xlsxwriter.py,pandas\io\json\__init__.py,pandas-dev/pandas
pandas\io\excel\_xlsxwriter.py,pandas\_typing.py,pandas-dev/pandas
pandas\io\excel\_xlsxwriter.py,pandas\api\typing\__init__.py,pandas-dev/pandas
pandas\io\excel\_xlsxwriter.py,pandas\io\excel\_util.py,pandas-dev/pandas
pandas\io\excel\_xlsxwriter.py,pandas\io\excel\_base.py,pandas-dev/pandas
pandas\io\excel\__init__.py,pandas\io\excel\_odswriter.py,pandas-dev/pandas
pandas\io\excel\__init__.py,pandas\io\excel\_base.py,pandas-dev/pandas
pandas\io\excel\__init__.py,pandas\io\excel\_openpyxl.py,pandas-dev/pandas
pandas\io\excel\__init__.py,pandas\io\excel\_xlsxwriter.py,pandas-dev/pandas
pandas\io\excel\__init__.py,pandas\io\excel\_util.py,pandas-dev/pandas
pandas\io\formats\console.py,pandas\_config\config.py,pandas-dev/pandas
pandas\io\formats\css.py,pandas\errors\__init__.py,pandas-dev/pandas
pandas\io\formats\css.py,pandas\util\_exceptions.py,pandas-dev/pandas
pandas\io\formats\css.py,pandas\api\typing\__init__.py,pandas-dev/pandas
pandas\io\formats\csvs.py,pandas\api\typing\__init__.py,pandas-dev/pandas
pandas\io\formats\csvs.py,pandas\util\_decorators.py,pandas-dev/pandas
pandas\io\formats\csvs.py,pandas\core\dtypes\generic.py,pandas-dev/pandas
pandas\io\formats\csvs.py,pandas\core\dtypes\missing.py,pandas-dev/pandas
pandas\io\formats\csvs.py,pandas\core\indexes\api.py,pandas-dev/pandas
pandas\io\formats\csvs.py,pandas\io\common.py,pandas-dev/pandas
pandas\io\formats\csvs.py,pandas\_typing.py,pandas-dev/pandas
pandas\io\formats\csvs.py,asv_bench\benchmarks\io\csv.py,pandas-dev/pandas
pandas\io\formats\csvs.py,pandas\compat\numpy\__init__.py,pandas-dev/pandas
pandas\io\formats\csvs.py,pandas\io\formats\format.py,pandas-dev/pandas
pandas\io\formats\csvs.py,pandas\_libs\__init__.py,pandas-dev/pandas
pandas\io\formats\excel.py,pandas\io\excel\__init__.py,pandas-dev/pandas
pandas\io\formats\excel.py,pandas\__init__.py,pandas-dev/pandas
pandas\io\formats\excel.py,pandas\io\formats\_color_data.py,pandas-dev/pandas
pandas\io\formats\excel.py,pandas\compat\numpy\__init__.py,pandas-dev/pandas
pandas\io\formats\excel.py,pandas\api\typing\__init__.py,pandas-dev/pandas
pandas\io\formats\excel.py,pandas\core\dtypes\common.py,pandas-dev/pandas
pandas\io\formats\excel.py,pandas\io\formats\css.py,pandas-dev/pandas
pandas\io\formats\excel.py,pandas\_typing.py,pandas-dev/pandas
pandas\io\formats\excel.py,pandas\core\dtypes\__init__.py,pandas-dev/pandas
pandas\io\formats\excel.py,pandas\core\common.py,pandas-dev/pandas
pandas\io\formats\excel.py,pandas\_libs\__init__.py,pandas-dev/pandas
pandas\io\formats\excel.py,pandas\io\formats\format.py,pandas-dev/pandas
pandas\io\formats\excel.py,pandas\util\_exceptions.py,pandas-dev/pandas
pandas\io\formats\format.py,asv_bench\benchmarks\io\csv.py,pandas-dev/pandas
pandas\io\formats\format.py,pandas\io\formats\csvs.py,pandas-dev/pandas
pandas\io\formats\format.py,pandas\core\indexes\datetimes.py,pandas-dev/pandas
pandas\io\formats\format.py,pandas\core\indexes\timedeltas.py,pandas-dev/pandas
pandas\io\formats\format.py,pandas\io\formats\__init__.py,pandas-dev/pandas
pandas\io\formats\format.py,pandas\core\common.py,pandas-dev/pandas
pandas\io\formats\format.py,pandas\io\formats\string.py,pandas-dev/pandas
pandas\io\formats\format.py,pandas\io\common.py,pandas-dev/pandas
pandas\io\formats\format.py,pandas\api\typing\__init__.py,pandas-dev/pandas
pandas\io\formats\format.py,pandas\_config\config.py,pandas-dev/pandas
pandas\io\formats\format.py,pandas\_libs\tslibs\__init__.py,pandas-dev/pandas
pandas\io\formats\format.py,pandas\util\_exceptions.py,pandas-dev/pandas
pandas\io\formats\format.py,pandas\core\dtypes\common.py,pandas-dev/pandas
pandas\io\formats\format.py,pandas\core\dtypes\dtypes.py,pandas-dev/pandas
pandas\io\formats\format.py,pandas\core\dtypes\missing.py,pandas-dev/pandas
pandas\io\formats\format.py,pandas\core\arrays\__init__.py,pandas-dev/pandas
pandas\io\formats\format.py,pandas\io\formats\html.py,pandas-dev/pandas
pandas\io\formats\format.py,pandas\_libs\__init__.py,pandas-dev/pandas
pandas\io\formats\format.py,pandas\util\_decorators.py,pandas-dev/pandas
pandas\io\formats\format.py,pandas\core\indexes\api.py,pandas-dev/pandas
pandas\io\formats\format.py,pandas\core\indexes\multi.py,pandas-dev/pandas
pandas\io\formats\format.py,pandas\compat\numpy\__init__.py,pandas-dev/pandas
pandas\io\formats\format.py,pandas\_typing.py,pandas-dev/pandas
pandas\io\formats\format.py,pandas\errors\__init__.py,pandas-dev/pandas
pandas\io\formats\format.py,pandas\io\__init__.py,pandas-dev/pandas
pandas\io\formats\format.py,pandas\__init__.py,pandas-dev/pandas
pandas\io\formats\format.py,pandas\core\base.py,pandas-dev/pandas
pandas\io\formats\html.py,pandas\__init__.py,pandas-dev/pandas
pandas\io\formats\html.py,pandas\api\typing\__init__.py,pandas-dev/pandas
pandas\io\formats\html.py,pandas\_libs\__init__.py,pandas-dev/pandas
pandas\io\formats\html.py,pandas\io\common.py,pandas-dev/pandas
pandas\io\formats\html.py,pandas\io\formats\format.py,pandas-dev/pandas
pandas\io\formats\html.py,pandas\io\formats\printing.py,pandas-dev/pandas
pandas\io\formats\html.py,pandas\_config\config.py,pandas-dev/pandas
pandas\io\formats\info.py,pandas\core\frame.py,pandas-dev/pandas
pandas\io\formats\info.py,pandas\_config\config.py,pandas-dev/pandas
pandas\io\formats\info.py,pandas\io\formats\__init__.py,pandas-dev/pandas
pandas\io\formats\info.py,pandas\_typing.py,pandas-dev/pandas
pandas\io\formats\info.py,pandas\__init__.py,pandas-dev/pandas
pandas\io\formats\info.py,pandas\api\typing\__init__.py,pandas-dev/pandas
pandas\io\formats\info.py,pandas\io\formats\printing.py,pandas-dev/pandas
pandas\io\formats\printing.py,pandas\api\typing\__init__.py,pandas-dev/pandas
pandas\io\formats\printing.py,pandas\core\dtypes\generic.py,pandas-dev/pandas
pandas\io\formats\printing.py,pandas\core\dtypes\inference.py,pandas-dev/pandas
pandas\io\formats\printing.py,pandas\core\dtypes\missing.py,pandas-dev/pandas
pandas\io\formats\printing.py,pandas\io\formats\console.py,pandas-dev/pandas
pandas\io\formats\printing.py,pandas\_typing.py,pandas-dev/pandas
pandas\io\formats\printing.py,pandas\compat\numpy\__init__.py,pandas-dev/pandas
pandas\io\formats\printing.py,pandas\io\formats\format.py,pandas-dev/pandas
pandas\io\formats\printing.py,pandas\_config\config.py,pandas-dev/pandas
pandas\io\formats\string.py,pandas\compat\numpy\__init__.py,pandas-dev/pandas
pandas\io\formats\string.py,pandas\api\typing\__init__.py,pandas-dev/pandas
pandas\io\formats\string.py,pandas\io\formats\printing.py,pandas-dev/pandas
pandas\io\formats\string.py,pandas\io\formats\format.py,pandas-dev/pandas
pandas\io\formats\style.py,pandas\compat\numpy\__init__.py,pandas-dev/pandas
pandas\io\formats\style.py,pandas\io\formats\format.py,pandas-dev/pandas
pandas\io\formats\style.py,pandas\io\formats\excel.py,pandas-dev/pandas
pandas\io\formats\style.py,pandas\api\typing\__init__.py,pandas-dev/pandas
pandas\io\formats\style.py,pandas\__init__.py,pandas-dev/pandas
pandas\io\formats\style.py,pandas\core\frame.py,pandas-dev/pandas
pandas\io\formats\style.py,pandas\io\formats\style_render.py,pandas-dev/pandas
pandas\io\formats\style.py,pandas\_typing.py,pandas-dev/pandas
pandas\io\formats\style.py,pandas\_config\config.py,pandas-dev/pandas
pandas\io\formats\style.py,pandas\core\common.py,pandas-dev/pandas
pandas\io\formats\style.py,pandas\compat\_optional.py,pandas-dev/pandas
pandas\io\formats\style.py,pandas\core\generic.py,pandas-dev/pandas
pandas\io\formats\style_render.py,pandas\_typing.py,pandas-dev/pandas
pandas\io\formats\style_render.py,pandas\api\typing\__init__.py,pandas-dev/pandas
pandas\io\formats\style_render.py,pandas\_config\config.py,pandas-dev/pandas
pandas\io\formats\style_render.py,pandas\_libs\__init__.py,pandas-dev/pandas
pandas\io\formats\style_render.py,pandas\compat\_optional.py,pandas-dev/pandas
pandas\io\formats\style_render.py,pandas\core\dtypes\common.py,pandas-dev/pandas
pandas\io\formats\style_render.py,pandas\core\dtypes\generic.py,pandas-dev/pandas
pandas\io\formats\style_render.py,pandas\compat\numpy\__init__.py,pandas-dev/pandas
pandas\io\formats\style_render.py,pandas\__init__.py,pandas-dev/pandas
pandas\io\formats\style_render.py,pandas\core\common.py,pandas-dev/pandas
pandas\io\formats\style_render.py,pandas\api\types\__init__.py,pandas-dev/pandas
pandas\io\formats\xml.py,pandas\io\__init__.py,pandas-dev/pandas
pandas\io\formats\xml.py,pandas\errors\__init__.py,pandas-dev/pandas
pandas\io\formats\xml.py,pandas\api\typing\__init__.py,pandas-dev/pandas
pandas\io\formats\xml.py,pandas\_typing.py,pandas-dev/pandas
pandas\io\formats\xml.py,pandas\io\xml.py,pandas-dev/pandas
pandas\io\formats\xml.py,pandas\core\dtypes\missing.py,pandas-dev/pandas
pandas\io\formats\xml.py,pandas\util\_decorators.py,pandas-dev/pandas
pandas\io\formats\xml.py,pandas\core\dtypes\common.py,pandas-dev/pandas
pandas\io\formats\xml.py,pandas\__init__.py,pandas-dev/pandas
pandas\io\formats\xml.py,pandas\io\common.py,pandas-dev/pandas
pandas\io\formats\__init__.py,pandas\api\typing\__init__.py,pandas-dev/pandas
pandas\io\json\_json.py,pandas\_typing.py,pandas-dev/pandas
pandas\io\json\_json.py,pandas\io\parsers\readers.py,pandas-dev/pandas
pandas\io\json\_json.py,pandas\api\types\__init__.py,pandas-dev/pandas
pandas\io\json\_json.py,pandas\compat\_optional.py,pandas-dev/pandas
pandas\io\json\_json.py,pandas\core\reshape\concat.py,pandas-dev/pandas
pandas\io\json\_json.py,pandas\util\_validators.py,pandas-dev/pandas
pandas\io\json\_json.py,pandas\_libs\__init__.py,pandas-dev/pandas
pandas\io\json\_json.py,pandas\io\json\_normalize.py,pandas-dev/pandas
pandas\io\json\_json.py,pandas\core\dtypes\dtypes.py,pandas-dev/pandas
pandas\io\json\_json.py,pandas\api\typing\__init__.py,pandas-dev/pandas
pandas\io\json\_json.py,pandas\errors\__init__.py,pandas-dev/pandas
pandas\io\json\_json.py,pandas\core\dtypes\common.py,pandas-dev/pandas
pandas\io\json\_json.py,pandas\__init__.py,pandas-dev/pandas
pandas\io\json\_json.py,pandas\io\common.py,pandas-dev/pandas
pandas\io\json\_json.py,pandas\io\json\_table_schema.py,pandas-dev/pandas
pandas\io\json\_json.py,pandas\util\_exceptions.py,pandas-dev/pandas
pandas\io\json\_json.py,pandas\_config\__init__.py,pandas-dev/pandas
pandas\io\json\_json.py,pandas\io\_util.py,pandas-dev/pandas
pandas\io\json\_json.py,pandas\_libs\tslibs\__init__.py,pandas-dev/pandas
pandas\io\json\_json.py,pandas\util\_decorators.py,pandas-dev/pandas
pandas\io\json\_json.py,pandas\core\generic.py,pandas-dev/pandas
pandas\io\json\_json.py,pandas\compat\numpy\__init__.py,pandas-dev/pandas
pandas\io\json\_normalize.py,pandas\_libs\__init__.py,pandas-dev/pandas
pandas\io\json\_normalize.py,pandas\api\typing\__init__.py,pandas-dev/pandas
pandas\io\json\_normalize.py,pandas\core\dtypes\common.py,pandas-dev/pandas
pandas\io\json\_normalize.py,pandas\__init__.py,pandas-dev/pandas
pandas\io\json\_normalize.py,pandas\_typing.py,pandas-dev/pandas
pandas\io\json\_normalize.py,pandas\compat\numpy\__init__.py,pandas-dev/pandas
pandas\io\json\_normalize.py,pandas\util\_decorators.py,pandas-dev/pandas
pandas\io\json\_table_schema.py,pandas\_libs\tslibs\__init__.py,pandas-dev/pandas
pandas\io\json\_table_schema.py,pandas\__init__.py,pandas-dev/pandas
pandas\io\json\_table_schema.py,pandas\api\typing\__init__.py,pandas-dev/pandas
pandas\io\json\_table_schema.py,pandas\_config\__init__.py,pandas-dev/pandas
pandas\io\json\_table_schema.py,pandas\_libs\__init__.py,pandas-dev/pandas
pandas\io\json\_table_schema.py,pandas\util\_exceptions.py,pandas-dev/pandas
pandas\io\json\_table_schema.py,pandas\core\dtypes\base.py,pandas-dev/pandas
pandas\io\json\_table_schema.py,pandas\core\dtypes\common.py,pandas-dev/pandas
pandas\io\json\_table_schema.py,pandas\core\dtypes\dtypes.py,pandas-dev/pandas
pandas\io\json\_table_schema.py,pandas\_typing.py,pandas-dev/pandas
pandas\io\json\_table_schema.py,pandas\core\common.py,pandas-dev/pandas
pandas\io\json\_table_schema.py,pandas\core\indexes\multi.py,pandas-dev/pandas
pandas\io\json\_table_schema.py,pandas\tseries\frequencies.py,pandas-dev/pandas
pandas\io\json\__init__.py,pandas\io\json\_json.py,pandas-dev/pandas
pandas\io\json\__init__.py,pandas\io\json\_table_schema.py,pandas-dev/pandas
pandas\io\parsers\arrow_parser_wrapper.py,pandas\core\dtypes\dtypes.py,pandas-dev/pandas
pandas\io\parsers\arrow_parser_wrapper.py,pandas\core\arrays\arrow\array.py,pandas-dev/pandas
pandas\io\parsers\arrow_parser_wrapper.py,pandas\_config\__init__.py,pandas-dev/pandas
pandas\io\parsers\arrow_parser_wrapper.py,pandas\io\_util.py,pandas-dev/pandas
pandas\io\parsers\arrow_parser_wrapper.py,pandas\compat\pyarrow.py,pandas-dev/pandas
pandas\io\parsers\arrow_parser_wrapper.py,pandas\_libs\__init__.py,pandas-dev/pandas
pandas\io\parsers\arrow_parser_wrapper.py,pandas\core\dtypes\inference.py,pandas-dev/pandas
pandas\io\parsers\arrow_parser_wrapper.py,pandas\io\common.py,pandas-dev/pandas
pandas\io\parsers\arrow_parser_wrapper.py,pandas\_typing.py,pandas-dev/pandas
pandas\io\parsers\arrow_parser_wrapper.py,pandas\compat\_optional.py,pandas-dev/pandas
pandas\io\parsers\arrow_parser_wrapper.py,pandas\api\typing\__init__.py,pandas-dev/pandas
pandas\io\parsers\arrow_parser_wrapper.py,pandas\errors\__init__.py,pandas-dev/pandas
pandas\io\parsers\arrow_parser_wrapper.py,pandas\util\_exceptions.py,pandas-dev/pandas
pandas\io\parsers\arrow_parser_wrapper.py,pandas\core\dtypes\common.py,pandas-dev/pandas
pandas\io\parsers\arrow_parser_wrapper.py,pandas\io\parsers\base_parser.py,pandas-dev/pandas
pandas\io\parsers\arrow_parser_wrapper.py,pandas\__init__.py,pandas-dev/pandas
pandas\io\parsers\base_parser.py,pandas\util\_exceptions.py,pandas-dev/pandas
pandas\io\parsers\base_parser.py,pandas\core\__init__.py,pandas-dev/pandas
pandas\io\parsers\base_parser.py,pandas\_libs\__init__.py,pandas-dev/pandas
pandas\io\parsers\base_parser.py,pandas\core\series.py,pandas-dev/pandas
pandas\io\parsers\base_parser.py,pandas\io\common.py,pandas-dev/pandas
pandas\io\parsers\base_parser.py,asv_bench\benchmarks\io\csv.py,pandas-dev/pandas
pandas\io\parsers\base_parser.py,pandas\api\typing\__init__.py,pandas-dev/pandas
pandas\io\parsers\base_parser.py,pandas\errors\__init__.py,pandas-dev/pandas
pandas\io\parsers\base_parser.py,pandas\core\dtypes\common.py,pandas-dev/pandas
pandas\io\parsers\base_parser.py,pandas\core\arrays\__init__.py,pandas-dev/pandas
pandas\io\parsers\base_parser.py,pandas\__init__.py,pandas-dev/pandas
pandas\io\parsers\base_parser.py,pandas\core\indexes\api.py,pandas-dev/pandas
pandas\io\parsers\base_parser.py,pandas\core\tools\__init__.py,pandas-dev/pandas
pandas\io\parsers\base_parser.py,pandas\_typing.py,pandas-dev/pandas
pandas\io\parsers\base_parser.py,pandas\core\dtypes\missing.py,pandas-dev/pandas
pandas\io\parsers\base_parser.py,pandas\compat\_optional.py,pandas-dev/pandas
pandas\io\parsers\base_parser.py,pandas\compat\numpy\__init__.py,pandas-dev/pandas
pandas\io\parsers\c_parser_wrapper.py,pandas\io\parsers\base_parser.py,pandas-dev/pandas
pandas\io\parsers\c_parser_wrapper.py,pandas\_libs\__init__.py,pandas-dev/pandas
pandas\io\parsers\c_parser_wrapper.py,pandas\core\dtypes\concat.py,pandas-dev/pandas
pandas\io\parsers\c_parser_wrapper.py,pandas\io\common.py,pandas-dev/pandas
pandas\io\parsers\c_parser_wrapper.py,pandas\_typing.py,pandas-dev/pandas
pandas\io\parsers\c_parser_wrapper.py,pandas\__init__.py,pandas-dev/pandas
pandas\io\parsers\c_parser_wrapper.py,pandas\core\arrays\string_arrow.py,pandas-dev/pandas
pandas\io\parsers\c_parser_wrapper.py,pandas\errors\__init__.py,pandas-dev/pandas
pandas\io\parsers\c_parser_wrapper.py,pandas\core\arrays\string_.py,pandas-dev/pandas
pandas\io\parsers\c_parser_wrapper.py,pandas\compat\_optional.py,pandas-dev/pandas
pandas\io\parsers\c_parser_wrapper.py,pandas\api\typing\__init__.py,pandas-dev/pandas
pandas\io\parsers\c_parser_wrapper.py,pandas\core\indexes\api.py,pandas-dev/pandas
pandas\io\parsers\c_parser_wrapper.py,pandas\core\arrays\arrow\array.py,pandas-dev/pandas
pandas\io\parsers\c_parser_wrapper.py,pandas\core\dtypes\common.py,pandas-dev/pandas
pandas\io\parsers\c_parser_wrapper.py,pandas\core\dtypes\dtypes.py,pandas-dev/pandas
pandas\io\parsers\c_parser_wrapper.py,pandas\compat\numpy\__init__.py,pandas-dev/pandas
pandas\io\parsers\c_parser_wrapper.py,pandas\compat\pyarrow.py,pandas-dev/pandas
pandas\io\parsers\c_parser_wrapper.py,pandas\util\_exceptions.py,pandas-dev/pandas
pandas\io\parsers\python_parser.py,pandas\core\indexes\api.py,pandas-dev/pandas
pandas\io\parsers\python_parser.py,pandas\util\_exceptions.py,pandas-dev/pandas
pandas\io\parsers\python_parser.py,pandas\util\_decorators.py,pandas-dev/pandas
pandas\io\parsers\python_parser.py,pandas\core\arrays\boolean.py,pandas-dev/pandas
pandas\io\parsers\python_parser.py,pandas\_libs\__init__.py,pandas-dev/pandas
pandas\io\parsers\python_parser.py,pandas\api\typing\__init__.py,pandas-dev/pandas
pandas\io\parsers\python_parser.py,pandas\errors\__init__.py,pandas-dev/pandas
pandas\io\parsers\python_parser.py,pandas\core\dtypes\common.py,pandas-dev/pandas
pandas\io\parsers\python_parser.py,pandas\core\dtypes\dtypes.py,pandas-dev/pandas
pandas\io\parsers\python_parser.py,pandas\core\arrays\__init__.py,pandas-dev/pandas
pandas\io\parsers\python_parser.py,pandas\io\common.py,pandas-dev/pandas
pandas\io\parsers\python_parser.py,pandas\io\parsers\base_parser.py,pandas-dev/pandas
pandas\io\parsers\python_parser.py,pandas\_typing.py,pandas-dev/pandas
pandas\io\parsers\python_parser.py,pandas\__init__.py,pandas-dev/pandas
pandas\io\parsers\python_parser.py,asv_bench\benchmarks\io\csv.py,pandas-dev/pandas
pandas\io\parsers\python_parser.py,pandas\compat\numpy\__init__.py,pandas-dev/pandas
pandas\io\parsers\python_parser.py,pandas\core\dtypes\astype.py,pandas-dev/pandas
pandas\io\parsers\python_parser.py,pandas\core\__init__.py,pandas-dev/pandas
pandas\io\parsers\python_parser.py,pandas\io\__init__.py,pandas-dev/pandas
pandas\io\parsers\readers.py,pandas\util\_exceptions.py,pandas-dev/pandas
pandas\io\parsers\readers.py,pandas\io\parsers\arrow_parser_wrapper.py,pandas-dev/pandas
pandas\io\parsers\readers.py,pandas\io\parsers\python_parser.py,pandas-dev/pandas
pandas\io\parsers\readers.py,pandas\core\dtypes\inference.py,pandas-dev/pandas
pandas\io\parsers\readers.py,pandas\io\__init__.py,pandas-dev/pandas
pandas\io\parsers\readers.py,pandas\io\parsers\c_parser_wrapper.py,pandas-dev/pandas
pandas\io\parsers\readers.py,pandas\_libs\__init__.py,pandas-dev/pandas
pandas\io\parsers\readers.py,pandas\core\frame.py,pandas-dev/pandas
pandas\io\parsers\readers.py,pandas\_typing.py,pandas-dev/pandas
pandas\io\parsers\readers.py,pandas\core\dtypes\dtypes.py,pandas-dev/pandas
pandas\io\parsers\readers.py,pandas\core\internals\managers.py,pandas-dev/pandas
pandas\io\parsers\readers.py,asv_bench\benchmarks\io\csv.py,pandas-dev/pandas
pandas\io\parsers\readers.py,pandas\api\typing\__init__.py,pandas-dev/pandas
pandas\io\parsers\readers.py,pandas\errors\__init__.py,pandas-dev/pandas
pandas\io\parsers\readers.py,pandas\util\_decorators.py,pandas-dev/pandas
pandas\io\parsers\readers.py,pandas\core\dtypes\common.py,pandas-dev/pandas
pandas\io\parsers\readers.py,pandas\core\arrays\__init__.py,pandas-dev/pandas
pandas\io\parsers\readers.py,pandas\core\indexes\api.py,pandas-dev/pandas
pandas\io\parsers\readers.py,pandas\core\internals\api.py,pandas-dev/pandas
pandas\io\parsers\readers.py,pandas\io\common.py,pandas-dev/pandas
pandas\io\parsers\readers.py,pandas\io\parsers\base_parser.py,pandas-dev/pandas
pandas\io\parsers\readers.py,pandas\api\types\__init__.py,pandas-dev/pandas
pandas\io\parsers\readers.py,pandas\_config\__init__.py,pandas-dev/pandas
pandas\io\parsers\readers.py,pandas\compat\_cpu.py,pandas-dev/pandas
pandas\io\parsers\readers.py,pandas\util\_validators.py,pandas-dev/pandas
pandas\io\parsers\readers.py,pandas\compat\numpy\__init__.py,pandas-dev/pandas
pandas\io\parsers\readers.py,pandas\__init__.py,pandas-dev/pandas
pandas\io\parsers\__init__.py,pandas\io\parsers\readers.py,pandas-dev/pandas
pandas\io\sas\sas7bdat.py,pandas\_libs\__init__.py,pandas-dev/pandas
pandas\io\sas\sas7bdat.py,pandas\errors\__init__.py,pandas-dev/pandas
pandas\io\sas\sas7bdat.py,pandas\__init__.py,pandas-dev/pandas
pandas\io\sas\sas7bdat.py,pandas\io\common.py,pandas-dev/pandas
pandas\io\sas\sas7bdat.py,pandas\_typing.py,pandas-dev/pandas
pandas\io\sas\sas7bdat.py,pandas\io\sas\sasreader.py,pandas-dev/pandas
pandas\io\sas\sas7bdat.py,pandas\compat\numpy\__init__.py,pandas-dev/pandas
pandas\io\sas\sas7bdat.py,pandas\_libs\tslibs\__init__.py,pandas-dev/pandas
pandas\io\sas\sas7bdat.py,pandas\util\_exceptions.py,pandas-dev/pandas
pandas\io\sas\sas7bdat.py,pandas\core\arrays\string_arrow.py,pandas-dev/pandas
pandas\io\sas\sas7bdat.py,pandas\_config\__init__.py,pandas-dev/pandas
pandas\io\sas\sas7bdat.py,pandas\compat\pyarrow.py,pandas-dev/pandas
pandas\io\sas\sas7bdat.py,pandas\core\arrays\string_.py,pandas-dev/pandas
pandas\io\sas\sas7bdat.py,pandas\io\sas\sas_constants.py,pandas-dev/pandas
pandas\io\sas\sas7bdat.py,pandas\compat\__init__.py,pandas-dev/pandas
pandas\io\sas\sas7bdat.py,pandas\api\typing\__init__.py,pandas-dev/pandas
pandas\io\sas\sasreader.py,pandas\api\typing\__init__.py,pandas-dev/pandas
pandas\io\sas\sasreader.py,pandas\api\types\__init__.py,pandas-dev/pandas
pandas\io\sas\sasreader.py,pandas\_typing.py,pandas-dev/pandas
pandas\io\sas\sasreader.py,pandas\__init__.py,pandas-dev/pandas
pandas\io\sas\sasreader.py,pandas\io\sas\sas_xport.py,pandas-dev/pandas
pandas\io\sas\sasreader.py,pandas\io\sas\sas7bdat.py,pandas-dev/pandas
pandas\io\sas\sasreader.py,pandas\io\common.py,pandas-dev/pandas
pandas\io\sas\sasreader.py,pandas\util\_decorators.py,pandas-dev/pandas
pandas\io\sas\sasreader.py,pandas\_libs\__init__.py,pandas-dev/pandas
pandas\io\sas\sas_constants.py,pandas\api\typing\__init__.py,pandas-dev/pandas
pandas\io\sas\sas_xport.py,pandas\compat\numpy\__init__.py,pandas-dev/pandas
pandas\io\sas\sas_xport.py,pandas\__init__.py,pandas-dev/pandas
pandas\io\sas\sas_xport.py,pandas\api\typing\__init__.py,pandas-dev/pandas
pandas\io\sas\sas_xport.py,pandas\io\common.py,pandas-dev/pandas
pandas\io\sas\sas_xport.py,pandas\io\sas\sasreader.py,pandas-dev/pandas
pandas\io\sas\sas_xport.py,pandas\errors\__init__.py,pandas-dev/pandas
pandas\io\sas\sas_xport.py,pandas\_typing.py,pandas-dev/pandas
pandas\io\sas\sas_xport.py,pandas\_libs\__init__.py,pandas-dev/pandas
pandas\io\sas\sas_xport.py,pandas\util\_exceptions.py,pandas-dev/pandas
pandas\io\sas\__init__.py,pandas\io\sas\sasreader.py,pandas-dev/pandas
pandas\core\arrays\base.py,pandas\_libs\__init__.py,pandas-dev/pandas
pandas\core\arrays\base.py,pandas\core\missing.py,pandas-dev/pandas
pandas\core\arrays\base.py,pandas\io\formats\printing.py,pandas-dev/pandas
pandas\core\arrays\base.py,pandas\core\dtypes\cast.py,pandas-dev/pandas
pandas\core\arrays\base.py,pandas\errors\__init__.py,pandas-dev/pandas
pandas\core\arrays\base.py,pandas\core\array_algos\quantile.py,pandas-dev/pandas
pandas\core\arrays\base.py,pandas\core\arrays\__init__.py,pandas-dev/pandas
pandas\core\arrays\base.py,pandas\core\arrays\string_.py,pandas-dev/pandas
pandas\core\arrays\base.py,pandas\compat\numpy\__init__.py,pandas-dev/pandas
pandas\core\arrays\base.py,pandas\compat\__init__.py,pandas-dev/pandas
pandas\core\arrays\base.py,pandas\core\dtypes\astype.py,pandas-dev/pandas
pandas\core\arrays\base.py,pandas\__init__.py,pandas-dev/pandas
pandas\core\arrays\base.py,pandas\api\typing\__init__.py,pandas-dev/pandas
pandas\core\arrays\base.py,pandas\util\_decorators.py,pandas-dev/pandas
pandas\core\arrays\base.py,pandas\util\_validators.py,pandas-dev/pandas
pandas\core\arrays\base.py,pandas\core\dtypes\common.py,pandas-dev/pandas
pandas\core\arrays\base.py,pandas\core\dtypes\generic.py,pandas-dev/pandas
pandas\core\arrays\base.py,pandas\core\algorithms.py,pandas-dev/pandas
pandas\core\arrays\base.py,pandas\core\__init__.py,pandas-dev/pandas
pandas\core\arrays\base.py,pandas\core\sorting.py,pandas-dev/pandas
pandas\core\arrays\base.py,pandas\_typing.py,pandas-dev/pandas
pandas\core\arrays\base.py,pandas\core\dtypes\missing.py,pandas-dev/pandas
pandas\core\arrays\base.py,pandas\util\_exceptions.py,pandas-dev/pandas
pandas\core\arrays\base.py,pandas\core\util\hashing.py,pandas-dev/pandas
pandas\core\arrays\base.py,pandas\core\groupby\ops.py,pandas-dev/pandas
pandas\core\arrays\base.py,pandas\core\dtypes\dtypes.py,pandas-dev/pandas
pandas\core\arrays\boolean.py,pandas\_typing.py,pandas-dev/pandas
pandas\core\arrays\boolean.py,pandas\_libs\__init__.py,pandas-dev/pandas
pandas\core\arrays\boolean.py,pandas\api\typing\__init__.py,pandas-dev/pandas
pandas\core\arrays\boolean.py,pandas\core\arrays\masked.py,pandas-dev/pandas
pandas\core\arrays\boolean.py,pandas\core\dtypes\dtypes.py,pandas-dev/pandas
pandas\core\arrays\boolean.py,pandas\core\arrays\__init__.py,pandas-dev/pandas
pandas\core\arrays\boolean.py,pandas\util\_decorators.py,pandas-dev/pandas
pandas\core\arrays\boolean.py,pandas\core\array_algos\__init__.py,pandas-dev/pandas
pandas\core\arrays\boolean.py,pandas\compat\numpy\__init__.py,pandas-dev/pandas
pandas\core\arrays\boolean.py,pandas\errors\__init__.py,pandas-dev/pandas
pandas\core\arrays\boolean.py,pandas\compat\pyarrow.py,pandas-dev/pandas
pandas\core\arrays\boolean.py,pandas\core\__init__.py,pandas-dev/pandas
pandas\core\arrays\boolean.py,pandas\core\dtypes\common.py,pandas-dev/pandas
pandas\core\arrays\boolean.py,pandas\core\dtypes\missing.py,pandas-dev/pandas
pandas\core\arrays\boolean.py,pandas\util\_exceptions.py,pandas-dev/pandas
pandas\core\arrays\categorical.py,pandas\core\algorithms.py,pandas-dev/pandas
pandas\core\arrays\categorical.py,pandas\io\formats\__init__.py,pandas-dev/pandas
pandas\core\arrays\categorical.py,pandas\api\typing\__init__.py,pandas-dev/pandas
pandas\core\arrays\categorical.py,pandas\_libs\__init__.py,pandas-dev/pandas
pandas\core\arrays\categorical.py,pandas\util\_exceptions.py,pandas-dev/pandas
pandas\core\arrays\categorical.py,pandas\core\dtypes\cast.py,pandas-dev/pandas
pandas\core\arrays\categorical.py,pandas\core\dtypes\common.py,pandas-dev/pandas
pandas\core\arrays\categorical.py,pandas\core\dtypes\dtypes.py,pandas-dev/pandas
pandas\core\arrays\categorical.py,pandas\core\dtypes\generic.py,pandas-dev/pandas
pandas\core\arrays\categorical.py,pandas\core\dtypes\missing.py,pandas-dev/pandas
pandas\core\arrays\categorical.py,pandas\core\__init__.py,pandas-dev/pandas
pandas\core\arrays\categorical.py,pandas\core\accessor.py,pandas-dev/pandas
pandas\core\arrays\categorical.py,pandas\core\base.py,pandas-dev/pandas
pandas\core\arrays\categorical.py,pandas\core\ops\common.py,pandas-dev/pandas
pandas\core\arrays\categorical.py,pandas\core\construction.py,pandas-dev/pandas
pandas\core\arrays\categorical.py,pandas\compat\pyarrow.py,pandas-dev/pandas
pandas\core\arrays\categorical.py,pandas\compat\numpy\__init__.py,pandas-dev/pandas
pandas\core\arrays\categorical.py,pandas\__init__.py,pandas-dev/pandas
pandas\core\arrays\categorical.py,pandas\core\arrays\__init__.py,pandas-dev/pandas
pandas\core\arrays\categorical.py,pandas\_typing.py,pandas-dev/pandas
pandas\core\arrays\categorical.py,pandas\core\sorting.py,pandas-dev/pandas
pandas\core\arrays\categorical.py,pandas\core\dtypes\concat.py,pandas-dev/pandas
pandas\core\arrays\categorical.py,pandas\core\reshape\concat.py,pandas-dev/pandas
pandas\core\arrays\categorical.py,pandas\core\common.py,pandas-dev/pandas
pandas\core\arrays\categorical.py,pandas\util\_validators.py,pandas-dev/pandas
pandas\core\arrays\categorical.py,pandas\core\groupby\ops.py,pandas-dev/pandas
pandas\core\arrays\categorical.py,pandas\errors\__init__.py,pandas-dev/pandas
pandas\core\arrays\categorical.py,asv_bench\benchmarks\io\csv.py,pandas-dev/pandas
pandas\core\arrays\categorical.py,pandas\core\arrays\_mixins.py,pandas-dev/pandas
pandas\core\arrays\categorical.py,pandas\core\util\hashing.py,pandas-dev/pandas
pandas\core\arrays\categorical.py,pandas\util\_decorators.py,pandas-dev/pandas
pandas\core\arrays\categorical.py,pandas\core\strings\object_array.py,pandas-dev/pandas
pandas\core\arrays\categorical.py,pandas\core\indexes\range.py,pandas-dev/pandas
pandas\core\arrays\categorical.py,pandas\_config\config.py,pandas-dev/pandas
pandas\core\arrays\datetimelike.py,pandas\core\arrays\__init__.py,pandas-dev/pandas
pandas\core\arrays\datetimelike.py,pandas\core\arrays\_mixins.py,pandas-dev/pandas
pandas\core\arrays\datetimelike.py,pandas\core\construction.py,pandas-dev/pandas
pandas\core\arrays\datetimelike.py,pandas\_config\config.py,pandas-dev/pandas
pandas\core\arrays\datetimelike.py,pandas\_libs\tslibs\__init__.py,pandas-dev/pandas
pandas\core\arrays\datetimelike.py,pandas\core\arrays\arrow\array.py,pandas-dev/pandas
pandas\core\arrays\datetimelike.py,pandas\tseries\__init__.py,pandas-dev/pandas
pandas\core\arrays\datetimelike.py,pandas\core\__init__.py,pandas-dev/pandas
pandas\core\arrays\datetimelike.py,pandas\__init__.py,pandas-dev/pandas
pandas\core\arrays\datetimelike.py,pandas\core\arrays\datetimes.py,pandas-dev/pandas
pandas\core\arrays\datetimelike.py,pandas\core\groupby\ops.py,pandas-dev/pandas
pandas\core\arrays\datetimelike.py,pandas\core\dtypes\common.py,pandas-dev/pandas
pandas\core\arrays\datetimelike.py,pandas\core\dtypes\missing.py,pandas-dev/pandas
pandas\core\arrays\datetimelike.py,pandas\core\ops\common.py,pandas-dev/pandas
pandas\core\arrays\datetimelike.py,pandas\core\dtypes\dtypes.py,pandas-dev/pandas
pandas\core\arrays\datetimelike.py,pandas\core\arrays\integer.py,pandas-dev/pandas
pandas\core\arrays\datetimelike.py,pandas\core\indexers\__init__.py,pandas-dev/pandas
pandas\core\arrays\datetimelike.py,pandas\_typing.py,pandas-dev/pandas
pandas\core\arrays\datetimelike.py,pandas\core\arrays\period.py,pandas-dev/pandas
pandas\core\arrays\datetimelike.py,pandas\compat\numpy\__init__.py,pandas-dev/pandas
pandas\core\arrays\datetimelike.py,pandas\core\arrays\base.py,pandas-dev/pandas
pandas\core\arrays\datetimelike.py,pandas\core\dtypes\generic.py,pandas-dev/pandas
pandas\core\arrays\datetimelike.py,pandas\_config\__init__.py,pandas-dev/pandas
pandas\core\arrays\datetimelike.py,pandas\core\array_algos\__init__.py,pandas-dev/pandas
pandas\core\arrays\datetimelike.py,pandas\core\arraylike.py,pandas-dev/pandas
pandas\core\arrays\datetimelike.py,pandas\core\algorithms.py,pandas-dev/pandas
pandas\core\arrays\datetimelike.py,pandas\util\_decorators.py,pandas-dev/pandas
pandas\core\arrays\datetimelike.py,pandas\api\typing\__init__.py,pandas-dev/pandas
pandas\core\arrays\datetimelike.py,pandas\_libs\__init__.py,pandas-dev/pandas
pandas\core\arrays\datetimelike.py,pandas\errors\__init__.py,pandas-dev/pandas
pandas\core\arrays\datetimelike.py,pandas\util\_exceptions.py,pandas-dev/pandas
pandas\core\arrays\datetimelike.py,pandas\core\dtypes\cast.py,pandas-dev/pandas
pandas\core\arrays\datetimelike.py,pandas\core\ops\invalid.py,pandas-dev/pandas
pandas\core\arrays\datetimes.py,pandas\core\common.py,pandas-dev/pandas
pandas\core\arrays\datetimes.py,pandas\compat\pyarrow.py,pandas-dev/pandas
pandas\core\arrays\datetimes.py,pandas\_libs\tslibs\__init__.py,pandas-dev/pandas
pandas\core\arrays\datetimes.py,pandas\compat\numpy\__init__.py,pandas-dev/pandas
pandas\core\arrays\datetimes.py,pandas\util\_decorators.py,pandas-dev/pandas
pandas\core\arrays\datetimes.py,pandas\core\arrays\string_arrow.py,pandas-dev/pandas
pandas\core\arrays\datetimes.py,pandas\errors\__init__.py,pandas-dev/pandas
pandas\core\arrays\datetimes.py,pandas\_typing.py,pandas-dev/pandas
pandas\core\arrays\datetimes.py,pandas\_config\config.py,pandas-dev/pandas
pandas\core\arrays\datetimes.py,pandas\tseries\frequencies.py,pandas-dev/pandas
pandas\core\arrays\datetimes.py,pandas\__init__.py,pandas-dev/pandas
pandas\core\arrays\datetimes.py,pandas\core\arrays\__init__.py,pandas-dev/pandas
pandas\core\arrays\datetimes.py,pandas\util\_exceptions.py,pandas-dev/pandas
pandas\core\arrays\datetimes.py,pandas\_config\__init__.py,pandas-dev/pandas
pandas\core\arrays\datetimes.py,pandas\tseries\offsets.py,pandas-dev/pandas
pandas\core\arrays\datetimes.py,pandas\core\arrays\string_.py,pandas-dev/pandas
pandas\core\arrays\datetimes.py,pandas\core\dtypes\common.py,pandas-dev/pandas
pandas\core\arrays\datetimes.py,pandas\core\dtypes\dtypes.py,pandas-dev/pandas
pandas\core\arrays\datetimes.py,pandas\api\typing\__init__.py,pandas-dev/pandas
pandas\core\arrays\datetimes.py,pandas\_libs\__init__.py,pandas-dev/pandas
pandas\core\arrays\datetimes.py,pandas\util\_validators.py,pandas-dev/pandas
pandas\core\arrays\datetimes.py,pandas\core\arrays\_ranges.py,pandas-dev/pandas
pandas\core\arrays\floating.py,pandas\util\_decorators.py,pandas-dev/pandas
pandas\core\arrays\floating.py,pandas\api\typing\__init__.py,pandas-dev/pandas
pandas\core\arrays\floating.py,pandas\core\dtypes\base.py,pandas-dev/pandas
pandas\core\arrays\floating.py,pandas\core\arrays\numeric.py,pandas-dev/pandas
pandas\core\arrays\floating.py,pandas\compat\numpy\__init__.py,pandas-dev/pandas
pandas\core\arrays\floating.py,pandas\core\dtypes\common.py,pandas-dev/pandas
pandas\core\arrays\integer.py,pandas\util\_decorators.py,pandas-dev/pandas
pandas\core\arrays\integer.py,pandas\api\typing\__init__.py,pandas-dev/pandas
pandas\core\arrays\integer.py,pandas\core\dtypes\base.py,pandas-dev/pandas
pandas\core\arrays\integer.py,pandas\core\arrays\numeric.py,pandas-dev/pandas
pandas\core\arrays\integer.py,pandas\compat\numpy\__init__.py,pandas-dev/pandas
pandas\core\arrays\integer.py,pandas\core\dtypes\common.py,pandas-dev/pandas
pandas\core\arrays\interval.py,pandas\core\common.py,pandas-dev/pandas
pandas\core\arrays\interval.py,pandas\compat\pyarrow.py,pandas-dev/pandas
pandas\core\arrays\interval.py,pandas\util\_decorators.py,pandas-dev/pandas
pandas\core\arrays\interval.py,pandas\__init__.py,pandas-dev/pandas
pandas\core\arrays\interval.py,pandas\core\arrays\__init__.py,pandas-dev/pandas
pandas\core\arrays\interval.py,pandas\core\__init__.py,pandas-dev/pandas
pandas\core\arrays\interval.py,pandas\core\arrays\timedeltas.py,pandas-dev/pandas
pandas\core\arrays\interval.py,pandas\compat\numpy\__init__.py,pandas-dev/pandas
pandas\core\arrays\interval.py,pandas\core\arrays\datetimes.py,pandas-dev/pandas
pandas\core\arrays\interval.py,pandas\core\arrays\base.py,pandas-dev/pandas
pandas\core\arrays\interval.py,pandas\core\dtypes\dtypes.py,pandas-dev/pandas
pandas\core\arrays\interval.py,pandas\core\dtypes\missing.py,pandas-dev/pandas
pandas\core\arrays\interval.py,pandas\api\typing\__init__.py,pandas-dev/pandas
pandas\core\arrays\interval.py,pandas\_libs\__init__.py,pandas-dev/pandas
pandas\core\arrays\interval.py,pandas\_typing.py,pandas-dev/pandas
pandas\core\arrays\interval.py,pandas\errors\__init__.py,pandas-dev/pandas
pandas\core\arrays\interval.py,pandas\core\dtypes\common.py,pandas-dev/pandas
pandas\core\arrays\interval.py,pandas\core\dtypes\generic.py,pandas-dev/pandas
pandas\core\arrays\interval.py,pandas\core\algorithms.py,pandas-dev/pandas
pandas\core\arrays\interval.py,pandas\core\dtypes\cast.py,pandas-dev/pandas
pandas\core\arrays\interval.py,pandas\core\ops\__init__.py,pandas-dev/pandas
pandas\core\arrays\interval.py,pandas\util\_exceptions.py,pandas-dev/pandas
pandas\core\arrays\interval.py,pandas\core\construction.py,pandas-dev/pandas
pandas\core\arrays\interval.py,pandas\core\indexers\__init__.py,pandas-dev/pandas
pandas\core\arrays\interval.py,pandas\core\util\hashing.py,pandas-dev/pandas
pandas\core\arrays\interval.py,pandas\core\arrays\arrow\extension_types.py,pandas-dev/pandas
pandas\core\arrays\interval.py,pandas\core\indexes\base.py,pandas-dev/pandas
pandas\core\arrays\masked.py,pandas\compat\pyarrow.py,pandas-dev/pandas
pandas\core\arrays\masked.py,pandas\core\arrays\__init__.py,pandas-dev/pandas
pandas\core\arrays\masked.py,pandas\util\_exceptions.py,pandas-dev/pandas
pandas\core\arrays\masked.py,pandas\core\array_algos\transforms.py,pandas-dev/pandas
pandas\core\arrays\masked.py,pandas\core\algorithms.py,pandas-dev/pandas
pandas\core\arrays\masked.py,pandas\core\arrays\_utils.py,pandas-dev/pandas
pandas\core\arrays\masked.py,pandas\_libs\__init__.py,pandas-dev/pandas
pandas\core\arrays\masked.py,pandas\core\array_algos\quantile.py,pandas-dev/pandas
pandas\core\arrays\masked.py,pandas\_libs\tslibs\__init__.py,pandas-dev/pandas
pandas\core\arrays\masked.py,pandas\__init__.py,pandas-dev/pandas
pandas\core\arrays\masked.py,pandas\core\ops\__init__.py,pandas-dev/pandas
pandas\core\arrays\masked.py,pandas\core\array_algos\__init__.py,pandas-dev/pandas
pandas\core\arrays\masked.py,pandas\core\dtypes\dtypes.py,pandas-dev/pandas
pandas\core\arrays\masked.py,pandas\api\typing\__init__.py,pandas-dev/pandas
pandas\core\arrays\masked.py,pandas\_config\__init__.py,pandas-dev/pandas
pandas\core\arrays\masked.py,pandas\compat\__init__.py,pandas-dev/pandas
pandas\core\arrays\masked.py,pandas\errors\__init__.py,pandas-dev/pandas
pandas\core\arrays\masked.py,pandas\core\dtypes\cast.py,pandas-dev/pandas
pandas\core\arrays\masked.py,pandas\core\dtypes\common.py,pandas-dev/pandas
pandas\core\arrays\masked.py,pandas\core\dtypes\missing.py,pandas-dev/pandas
pandas\core\arrays\masked.py,pandas\core\__init__.py,pandas-dev/pandas
pandas\core\arrays\masked.py,pandas\core\dtypes\base.py,pandas-dev/pandas
pandas\core\arrays\masked.py,pandas\compat\numpy\__init__.py,pandas-dev/pandas
pandas\core\arrays\masked.py,pandas\arrays\__init__.py,pandas-dev/pandas
pandas\core\arrays\masked.py,pandas\core\construction.py,pandas-dev/pandas
pandas\core\arrays\masked.py,pandas\_typing.py,pandas-dev/pandas
pandas\core\arrays\masked.py,pandas\core\dtypes\astype.py,pandas-dev/pandas
pandas\core\arrays\masked.py,pandas\core\arraylike.py,pandas-dev/pandas
pandas\core\arrays\masked.py,pandas\core\util\hashing.py,pandas-dev/pandas
pandas\core\arrays\masked.py,pandas\core\groupby\ops.py,pandas-dev/pandas
pandas\core\arrays\masked.py,pandas\core\indexers\__init__.py,pandas-dev/pandas
pandas\core\arrays\masked.py,pandas\core\arrays\base.py,pandas-dev/pandas
pandas\core\arrays\numeric.py,pandas\compat\pyarrow.py,pandas-dev/pandas
pandas\core\arrays\numeric.py,pandas\core\tools\numeric.py,pandas-dev/pandas
pandas\core\arrays\numeric.py,pandas\_libs\__init__.py,pandas-dev/pandas
pandas\core\arrays\numeric.py,pandas\api\typing\__init__.py,pandas-dev/pandas
pandas\core\arrays\numeric.py,pandas\core\dtypes\common.py,pandas-dev/pandas
pandas\core\arrays\numeric.py,pandas\core\arrays\masked.py,pandas-dev/pandas
pandas\core\arrays\numeric.py,pandas\errors\__init__.py,pandas-dev/pandas
pandas\core\arrays\numeric.py,pandas\_typing.py,pandas-dev/pandas
pandas\core\arrays\numeric.py,pandas\core\dtypes\dtypes.py,pandas-dev/pandas
pandas\core\arrays\numeric.py,pandas\compat\numpy\__init__.py,pandas-dev/pandas
pandas\core\arrays\numeric.py,pandas\core\arrays\arrow\_arrow_utils.py,pandas-dev/pandas
pandas\core\arrays\numeric.py,pandas\_config\__init__.py,pandas-dev/pandas
pandas\core\arrays\numeric.py,pandas\util\_decorators.py,pandas-dev/pandas
pandas\core\arrays\numpy_.py,pandas\core\strings\object_array.py,pandas-dev/pandas
pandas\core\arrays\numpy_.py,pandas\util\_decorators.py,pandas-dev/pandas
pandas\core\arrays\numpy_.py,pandas\arrays\__init__.py,pandas-dev/pandas
pandas\core\arrays\numpy_.py,pandas\__init__.py,pandas-dev/pandas
pandas\core\arrays\numpy_.py,pandas\compat\numpy\__init__.py,pandas-dev/pandas
pandas\core\arrays\numpy_.py,pandas\_libs\__init__.py,pandas-dev/pandas
pandas\core\arrays\numpy_.py,pandas\errors\__init__.py,pandas-dev/pandas
pandas\core\arrays\numpy_.py,pandas\core\dtypes\common.py,pandas-dev/pandas
pandas\core\arrays\numpy_.py,pandas\core\arrays\base.py,pandas-dev/pandas
pandas\core\arrays\numpy_.py,pandas\core\arraylike.py,pandas-dev/pandas
pandas\core\arrays\numpy_.py,pandas\_libs\tslibs\__init__.py,pandas-dev/pandas
pandas\core\arrays\numpy_.py,pandas\core\dtypes\dtypes.py,pandas-dev/pandas
pandas\core\arrays\numpy_.py,pandas\core\construction.py,pandas-dev/pandas
pandas\core\arrays\numpy_.py,pandas\core\arrays\_mixins.py,pandas-dev/pandas
pandas\core\arrays\numpy_.py,pandas\api\typing\__init__.py,pandas-dev/pandas
pandas\core\arrays\numpy_.py,pandas\core\dtypes\astype.py,pandas-dev/pandas
pandas\core\arrays\numpy_.py,pandas\core\dtypes\cast.py,pandas-dev/pandas
pandas\core\arrays\numpy_.py,pandas\core\dtypes\missing.py,pandas-dev/pandas
pandas\core\arrays\numpy_.py,pandas\core\__init__.py,pandas-dev/pandas
pandas\core\arrays\numpy_.py,pandas\_typing.py,pandas-dev/pandas
pandas\core\arrays\numpy_.py,pandas\core\arrays\__init__.py,pandas-dev/pandas
pandas\core\arrays\period.py,pandas\core\construction.py,pandas-dev/pandas
pandas\core\arrays\period.py,pandas\core\dtypes\dtypes.py,pandas-dev/pandas
pandas\core\arrays\period.py,pandas\errors\__init__.py,pandas-dev/pandas
pandas\core\arrays\period.py,pandas\core\dtypes\generic.py,pandas-dev/pandas
pandas\core\arrays\period.py,pandas\core\dtypes\missing.py,pandas-dev/pandas
pandas\core\arrays\period.py,pandas\api\typing\__init__.py,pandas-dev/pandas
pandas\core\arrays\period.py,pandas\_libs\__init__.py,pandas-dev/pandas
pandas\core\arrays\period.py,pandas\_libs\tslibs\__init__.py,pandas-dev/pandas
pandas\core\arrays\period.py,pandas\util\_decorators.py,pandas-dev/pandas
pandas\core\arrays\period.py,pandas\core\dtypes\common.py,pandas-dev/pandas
pandas\core\arrays\period.py,pandas\core\arrays\__init__.py,pandas-dev/pandas
pandas\core\arrays\period.py,pandas\compat\pyarrow.py,pandas-dev/pandas
pandas\core\arrays\period.py,pandas\_typing.py,pandas-dev/pandas
pandas\core\arrays\period.py,pandas\compat\numpy\__init__.py,pandas-dev/pandas
pandas\core\arrays\period.py,pandas\core\arrays\arrow\extension_types.py,pandas-dev/pandas
pandas\core\arrays\period.py,pandas\util\_exceptions.py,pandas-dev/pandas
pandas\core\arrays\period.py,pandas\core\common.py,pandas-dev/pandas
pandas\core\arrays\string_.py,pandas\__init__.py,pandas-dev/pandas
pandas\core\arrays\string_.py,pandas\core\arrays\string_arrow.py,pandas-dev/pandas
pandas\core\arrays\string_.py,pandas\compat\pyarrow.py,pandas-dev/pandas
pandas\core\arrays\string_.py,pandas\util\_exceptions.py,pandas-dev/pandas
pandas\core\arrays\string_.py,pandas\core\construction.py,pandas-dev/pandas
pandas\core\arrays\string_.py,pandas\_libs\__init__.py,pandas-dev/pandas
pandas\core\arrays\string_.py,pandas\compat\numpy\__init__.py,pandas-dev/pandas
pandas\core\arrays\string_.py,pandas\io\formats\__init__.py,pandas-dev/pandas
pandas\core\arrays\string_.py,pandas\errors\__init__.py,pandas-dev/pandas
pandas\core\arrays\string_.py,pandas\core\arrays\base.py,pandas-dev/pandas
pandas\core\arrays\string_.py,pandas\core\dtypes\base.py,pandas-dev/pandas
pandas\core\arrays\string_.py,pandas\core\__init__.py,pandas-dev/pandas
pandas\core\arrays\string_.py,pandas\api\typing\__init__.py,pandas-dev/pandas
pandas\core\arrays\string_.py,pandas\compat\__init__.py,pandas-dev/pandas
pandas\core\arrays\string_.py,pandas\util\_decorators.py,pandas-dev/pandas
pandas\core\arrays\string_.py,pandas\core\dtypes\common.py,pandas-dev/pandas
pandas\core\arrays\string_.py,pandas\core\array_algos\__init__.py,pandas-dev/pandas
pandas\core\arrays\string_.py,pandas\core\arrays\floating.py,pandas-dev/pandas
pandas\core\arrays\string_.py,pandas\core\arrays\integer.py,pandas-dev/pandas
pandas\core\arrays\string_.py,pandas\core\algorithms.py,pandas-dev/pandas
pandas\core\arrays\string_.py,pandas\_config\config.py,pandas-dev/pandas
pandas\core\arrays\string_.py,pandas\_config\__init__.py,pandas-dev/pandas
pandas\core\arrays\string_.py,pandas\core\arrays\numpy_.py,pandas-dev/pandas
pandas\core\arrays\string_.py,pandas\core\missing.py,pandas-dev/pandas
pandas\core\arrays\string_.py,pandas\core\arrays\masked.py,pandas-dev/pandas
pandas\core\arrays\string_.py,pandas\arrays\__init__.py,pandas-dev/pandas
pandas\core\arrays\string_.py,pandas\_typing.py,pandas-dev/pandas
pandas\core\arrays\string_.py,pandas\core\indexers\__init__.py,pandas-dev/pandas
pandas\core\arrays\string_arrow.py,pandas\core\arrays\boolean.py,pandas-dev/pandas
pandas\core\arrays\string_arrow.py,pandas\core\dtypes\dtypes.py,pandas-dev/pandas
pandas\core\arrays\string_arrow.py,pandas\compat\pyarrow.py,pandas-dev/pandas
pandas\core\arrays\string_arrow.py,pandas\util\_decorators.py,pandas-dev/pandas
pandas\core\arrays\string_arrow.py,pandas\core\dtypes\cast.py,pandas-dev/pandas
pandas\core\arrays\string_arrow.py,pandas\core\arrays\numeric.py,pandas-dev/pandas
pandas\core\arrays\string_arrow.py,pandas\core\arrays\masked.py,pandas-dev/pandas
pandas\core\arrays\string_arrow.py,pandas\core\arrays\arrow\__init__.py,pandas-dev/pandas
pandas\core\arrays\string_arrow.py,pandas\compat\numpy\__init__.py,pandas-dev/pandas
pandas\core\arrays\string_arrow.py,pandas\core\arrays\string_.py,pandas-dev/pandas
pandas\core\arrays\string_arrow.py,pandas\api\typing\__init__.py,pandas-dev/pandas
pandas\core\arrays\string_arrow.py,pandas\_libs\__init__.py,pandas-dev/pandas
pandas\core\arrays\string_arrow.py,pandas\compat\__init__.py,pandas-dev/pandas
pandas\core\arrays\string_arrow.py,pandas\core\dtypes\common.py,pandas-dev/pandas
pandas\core\arrays\string_arrow.py,pandas\core\arrays\floating.py,pandas-dev/pandas
pandas\core\arrays\string_arrow.py,pandas\core\strings\object_array.py,pandas-dev/pandas
pandas\core\arrays\string_arrow.py,pandas\_typing.py,pandas-dev/pandas
pandas\core\arrays\string_arrow.py,pandas\__init__.py,pandas-dev/pandas
pandas\core\arrays\string_arrow.py,pandas\core\arrays\_arrow_string_mixins.py,pandas-dev/pandas
pandas\core\arrays\string_arrow.py,pandas\util\_validators.py,pandas-dev/pandas
pandas\core\arrays\string_arrow.py,pandas\core\dtypes\missing.py,pandas-dev/pandas
pandas\core\arrays\string_arrow.py,pandas\core\arrays\integer.py,pandas-dev/pandas
pandas\core\arrays\timedeltas.py,pandas\_typing.py,pandas-dev/pandas
pandas\core\arrays\timedeltas.py,pandas\core\array_algos\__init__.py,pandas-dev/pandas
pandas\core\arrays\timedeltas.py,pandas\compat\numpy\__init__.py,pandas-dev/pandas
pandas\core\arrays\timedeltas.py,pandas\core\arrays\integer.py,pandas-dev/pandas
pandas\core\arrays\timedeltas.py,pandas\_libs\tslibs\__init__.py,pandas-dev/pandas
pandas\core\arrays\timedeltas.py,pandas\core\arrays\__init__.py,pandas-dev/pandas
pandas\core\arrays\timedeltas.py,pandas\core\arrays\_ranges.py,pandas-dev/pandas
pandas\core\arrays\timedeltas.py,pandas\core\common.py,pandas-dev/pandas
pandas\core\arrays\timedeltas.py,pandas\io\formats\format.py,pandas-dev/pandas
pandas\core\arrays\timedeltas.py,pandas\core\ops\common.py,pandas-dev/pandas
pandas\core\arrays\timedeltas.py,pandas\util\_decorators.py,pandas-dev/pandas
pandas\core\arrays\timedeltas.py,pandas\core\construction.py,pandas-dev/pandas
pandas\core\arrays\timedeltas.py,pandas\__init__.py,pandas-dev/pandas
pandas\core\arrays\timedeltas.py,pandas\core\dtypes\missing.py,pandas-dev/pandas
pandas\core\arrays\timedeltas.py,pandas\api\typing\__init__.py,pandas-dev/pandas
pandas\core\arrays\timedeltas.py,pandas\_libs\__init__.py,pandas-dev/pandas
pandas\core\arrays\timedeltas.py,pandas\errors\__init__.py,pandas-dev/pandas
pandas\core\arrays\timedeltas.py,pandas\core\dtypes\common.py,pandas-dev/pandas
pandas\core\arrays\timedeltas.py,pandas\core\dtypes\dtypes.py,pandas-dev/pandas
pandas\core\arrays\timedeltas.py,pandas\core\__init__.py,pandas-dev/pandas
pandas\core\arrays\timedeltas.py,pandas\util\_validators.py,pandas-dev/pandas
pandas\core\arrays\_arrow_string_mixins.py,pandas\api\typing\__init__.py,pandas-dev/pandas
pandas\core\arrays\_arrow_string_mixins.py,pandas\_libs\__init__.py,pandas-dev/pandas
pandas\core\arrays\_arrow_string_mixins.py,pandas\compat\__init__.py,pandas-dev/pandas
pandas\core\arrays\_arrow_string_mixins.py,pandas\_typing.py,pandas-dev/pandas
pandas\core\arrays\_arrow_string_mixins.py,pandas\__init__.py,pandas-dev/pandas
pandas\core\arrays\_arrow_string_mixins.py,pandas\compat\numpy\__init__.py,pandas-dev/pandas
pandas\core\arrays\_arrow_string_mixins.py,pandas\compat\pyarrow.py,pandas-dev/pandas
pandas\core\arrays\_mixins.py,pandas\_libs\__init__.py,pandas-dev/pandas
pandas\core\arrays\_mixins.py,pandas\core\dtypes\cast.py,pandas-dev/pandas
pandas\core\arrays\_mixins.py,pandas\core\dtypes\missing.py,pandas-dev/pandas
pandas\core\arrays\_mixins.py,pandas\__init__.py,pandas-dev/pandas
pandas\core\arrays\_mixins.py,pandas\core\array_algos\transforms.py,pandas-dev/pandas
pandas\core\arrays\_mixins.py,pandas\core\algorithms.py,pandas-dev/pandas
pandas\core\arrays\_mixins.py,pandas\api\typing\__init__.py,pandas-dev/pandas
pandas\core\arrays\_mixins.py,pandas\util\_validators.py,pandas-dev/pandas
pandas\core\arrays\_mixins.py,pandas\core\dtypes\dtypes.py,pandas-dev/pandas
pandas\core\arrays\_mixins.py,pandas\core\indexers\__init__.py,pandas-dev/pandas
pandas\core\arrays\_mixins.py,pandas\core\array_algos\quantile.py,pandas-dev/pandas
pandas\core\arrays\_mixins.py,pandas\_typing.py,pandas-dev/pandas
pandas\core\arrays\_mixins.py,pandas\core\arrays\__init__.py,pandas-dev/pandas
pandas\core\arrays\_mixins.py,pandas\core\construction.py,pandas-dev/pandas
pandas\core\arrays\_mixins.py,pandas\core\__init__.py,pandas-dev/pandas
pandas\core\arrays\_mixins.py,pandas\_libs\tslibs\__init__.py,pandas-dev/pandas
pandas\core\arrays\_mixins.py,pandas\core\arrays\base.py,pandas-dev/pandas
pandas\core\arrays\_mixins.py,pandas\core\dtypes\common.py,pandas-dev/pandas
pandas\core\arrays\_mixins.py,pandas\compat\numpy\__init__.py,pandas-dev/pandas
pandas\core\arrays\_mixins.py,pandas\errors\__init__.py,pandas-dev/pandas
pandas\core\arrays\_mixins.py,pandas\core\sorting.py,pandas-dev/pandas
pandas\core\arrays\_mixins.py,pandas\core\util\hashing.py,pandas-dev/pandas
pandas\core\arrays\_ranges.py,pandas\_libs\tslibs\__init__.py,pandas-dev/pandas
pandas\core\arrays\_ranges.py,pandas\core\construction.py,pandas-dev/pandas
pandas\core\arrays\_ranges.py,pandas\_libs\__init__.py,pandas-dev/pandas
pandas\core\arrays\_ranges.py,pandas\_typing.py,pandas-dev/pandas
pandas\core\arrays\_ranges.py,pandas\compat\numpy\__init__.py,pandas-dev/pandas
pandas\core\arrays\_ranges.py,pandas\api\typing\__init__.py,pandas-dev/pandas
pandas\core\arrays\_utils.py,pandas\_config\__init__.py,pandas-dev/pandas
pandas\core\arrays\_utils.py,pandas\api\typing\__init__.py,pandas-dev/pandas
pandas\core\arrays\_utils.py,pandas\_libs\__init__.py,pandas-dev/pandas
pandas\core\arrays\_utils.py,pandas\core\dtypes\common.py,pandas-dev/pandas
pandas\core\arrays\_utils.py,pandas\_typing.py,pandas-dev/pandas
pandas\core\arrays\_utils.py,pandas\errors\__init__.py,pandas-dev/pandas
pandas\core\arrays\_utils.py,pandas\core\arrays\base.py,pandas-dev/pandas
pandas\core\arrays\_utils.py,pandas\compat\numpy\__init__.py,pandas-dev/pandas
pandas\core\arrays\_utils.py,pandas\core\dtypes\cast.py,pandas-dev/pandas
pandas\core\arrays\__init__.py,pandas\core\arrays\arrow\__init__.py,pandas-dev/pandas
pandas\core\arrays\__init__.py,pandas\core\arrays\datetimes.py,pandas-dev/pandas
pandas\core\arrays\__init__.py,pandas\core\arrays\base.py,pandas-dev/pandas
pandas\core\arrays\__init__.py,pandas\core\arrays\integer.py,pandas-dev/pandas
pandas\core\arrays\__init__.py,pandas\core\arrays\masked.py,pandas-dev/pandas
pandas\core\arrays\__init__.py,pandas\core\arrays\numpy_.py,pandas-dev/pandas
pandas\core\arrays\__init__.py,pandas\core\arrays\period.py,pandas-dev/pandas
pandas\core\arrays\__init__.py,pandas\core\arrays\sparse\__init__.py,pandas-dev/pandas
pandas\core\arrays\__init__.py,pandas\core\arrays\string_.py,pandas-dev/pandas
pandas\core\arrays\__init__.py,pandas\core\arrays\interval.py,pandas-dev/pandas
pandas\core\arrays\__init__.py,pandas\core\arrays\string_arrow.py,pandas-dev/pandas
pandas\core\arrays\__init__.py,pandas\core\arrays\timedeltas.py,pandas-dev/pandas
pandas\core\arrays\__init__.py,pandas\core\arrays\categorical.py,pandas-dev/pandas
pandas\core\arrays\__init__.py,pandas\core\arrays\floating.py,pandas-dev/pandas
pandas\core\arrays\__init__.py,pandas\core\arrays\boolean.py,pandas-dev/pandas
pandas\core\array_algos\datetimelike_accumulations.py,pandas\core\dtypes\missing.py,pandas-dev/pandas
pandas\core\array_algos\datetimelike_accumulations.py,pandas\_libs\__init__.py,pandas-dev/pandas
pandas\core\array_algos\datetimelike_accumulations.py,pandas\compat\numpy\__init__.py,pandas-dev/pandas
pandas\core\array_algos\datetimelike_accumulations.py,pandas\api\typing\__init__.py,pandas-dev/pandas
pandas\core\array_algos\datetimelike_accumulations.py,pandas\_libs\tslibs\__init__.py,pandas-dev/pandas
pandas\core\array_algos\masked_accumulations.py,pandas\api\typing\__init__.py,pandas-dev/pandas
pandas\core\array_algos\masked_accumulations.py,pandas\_typing.py,pandas-dev/pandas
pandas\core\array_algos\masked_accumulations.py,pandas\compat\numpy\__init__.py,pandas-dev/pandas
pandas\core\array_algos\masked_reductions.py,pandas\_libs\__init__.py,pandas-dev/pandas
pandas\core\array_algos\masked_reductions.py,pandas\core\nanops.py,pandas-dev/pandas
pandas\core\array_algos\masked_reductions.py,pandas\_typing.py,pandas-dev/pandas
pandas\core\array_algos\masked_reductions.py,pandas\compat\numpy\__init__.py,pandas-dev/pandas
pandas\core\array_algos\masked_reductions.py,pandas\api\typing\__init__.py,pandas-dev/pandas
pandas\core\array_algos\putmask.py,pandas\api\typing\__init__.py,pandas-dev/pandas
pandas\core\array_algos\putmask.py,pandas\_libs\__init__.py,pandas-dev/pandas
pandas\core\array_algos\putmask.py,pandas\_typing.py,pandas-dev/pandas
pandas\core\array_algos\putmask.py,pandas\__init__.py,pandas-dev/pandas
pandas\core\array_algos\putmask.py,pandas\core\dtypes\common.py,pandas-dev/pandas
pandas\core\array_algos\putmask.py,pandas\compat\numpy\__init__.py,pandas-dev/pandas
pandas\core\array_algos\putmask.py,pandas\core\dtypes\cast.py,pandas-dev/pandas
pandas\core\array_algos\putmask.py,pandas\core\arrays\__init__.py,pandas-dev/pandas
pandas\core\array_algos\quantile.py,pandas\api\typing\__init__.py,pandas-dev/pandas
pandas\core\array_algos\quantile.py,pandas\compat\numpy\__init__.py,pandas-dev/pandas
pandas\core\array_algos\quantile.py,pandas\core\dtypes\missing.py,pandas-dev/pandas
pandas\core\array_algos\quantile.py,pandas\_typing.py,pandas-dev/pandas
pandas\core\array_algos\replace.py,pandas\compat\numpy\__init__.py,pandas-dev/pandas
pandas\core\array_algos\replace.py,pandas\api\typing\__init__.py,pandas-dev/pandas
pandas\core\array_algos\replace.py,pandas\core\dtypes\common.py,pandas-dev/pandas
pandas\core\array_algos\replace.py,pandas\core\dtypes\missing.py,pandas-dev/pandas
pandas\core\array_algos\replace.py,pandas\_typing.py,pandas-dev/pandas
pandas\core\array_algos\take.py,pandas\core\dtypes\cast.py,pandas-dev/pandas
pandas\core\array_algos\take.py,pandas\core\arrays\base.py,pandas-dev/pandas
pandas\core\array_algos\take.py,pandas\api\typing\__init__.py,pandas-dev/pandas
pandas\core\array_algos\take.py,pandas\_libs\__init__.py,pandas-dev/pandas
pandas\core\array_algos\take.py,pandas\util\_exceptions.py,pandas-dev/pandas
pandas\core\array_algos\take.py,pandas\core\dtypes\common.py,pandas-dev/pandas
pandas\core\array_algos\take.py,pandas\core\dtypes\missing.py,pandas-dev/pandas
pandas\core\array_algos\take.py,pandas\core\construction.py,pandas-dev/pandas
pandas\core\array_algos\take.py,pandas\_typing.py,pandas-dev/pandas
pandas\core\array_algos\take.py,pandas\core\arrays\_mixins.py,pandas-dev/pandas
pandas\core\array_algos\take.py,pandas\compat\numpy\__init__.py,pandas-dev/pandas
pandas\core\array_algos\take.py,pandas\errors\__init__.py,pandas-dev/pandas
pandas\core\array_algos\transforms.py,pandas\api\typing\__init__.py,pandas-dev/pandas
pandas\core\array_algos\transforms.py,pandas\compat\numpy\__init__.py,pandas-dev/pandas
pandas\core\array_algos\transforms.py,pandas\_typing.py,pandas-dev/pandas
pandas\core\computation\align.py,pandas\compat\numpy\__init__.py,pandas-dev/pandas
pandas\core\computation\align.py,pandas\errors\__init__.py,pandas-dev/pandas
pandas\core\computation\align.py,pandas\core\common.py,pandas-dev/pandas
pandas\core\computation\align.py,pandas\__init__.py,pandas-dev/pandas
pandas\core\computation\align.py,pandas\api\typing\__init__.py,pandas-dev/pandas
pandas\core\computation\align.py,pandas\util\_exceptions.py,pandas-dev/pandas
pandas\core\computation\align.py,pandas\core\dtypes\generic.py,pandas-dev/pandas
pandas\core\computation\align.py,pandas\core\base.py,pandas-dev/pandas
pandas\core\computation\align.py,pandas\core\computation\common.py,pandas-dev/pandas
pandas\core\computation\align.py,pandas\core\indexes\api.py,pandas-dev/pandas
pandas\core\computation\align.py,pandas\_config\config.py,pandas-dev/pandas
pandas\core\computation\align.py,pandas\_typing.py,pandas-dev/pandas
pandas\core\computation\align.py,pandas\core\generic.py,pandas-dev/pandas
pandas\core\computation\api.py,pandas\core\computation\eval.py,pandas-dev/pandas
pandas\core\computation\check.py,pandas\util\version\__init__.py,pandas-dev/pandas
pandas\core\computation\check.py,pandas\util\_exceptions.py,pandas-dev/pandas
pandas\core\computation\check.py,pandas\compat\_optional.py,pandas-dev/pandas
pandas\core\computation\common.py,pandas\api\typing\__init__.py,pandas-dev/pandas
pandas\core\computation\common.py,pandas\core\dtypes\cast.py,pandas-dev/pandas
pandas\core\computation\common.py,pandas\core\dtypes\common.py,pandas-dev/pandas
pandas\core\computation\common.py,pandas\compat\numpy\__init__.py,pandas-dev/pandas
pandas\core\computation\common.py,pandas\_config\config.py,pandas-dev/pandas
pandas\core\computation\common.py,pandas\_typing.py,pandas-dev/pandas
pandas\core\computation\engines.py,pandas\core\computation\expr.py,pandas-dev/pandas
pandas\core\computation\engines.py,pandas\core\computation\align.py,pandas-dev/pandas
pandas\core\computation\engines.py,pandas\errors\__init__.py,pandas-dev/pandas
pandas\core\computation\engines.py,pandas\core\computation\ops.py,pandas-dev/pandas
pandas\core\computation\engines.py,pandas\io\formats\__init__.py,pandas-dev/pandas
pandas\core\computation\engines.py,pandas\api\typing\__init__.py,pandas-dev/pandas
pandas\core\computation\eval.py,pandas\errors\__init__.py,pandas-dev/pandas
pandas\core\computation\eval.py,pandas\api\typing\__init__.py,pandas-dev/pandas
pandas\core\computation\eval.py,pandas\util\_exceptions.py,pandas-dev/pandas
pandas\core\computation\eval.py,pandas\core\dtypes\common.py,pandas-dev/pandas
pandas\core\computation\eval.py,pandas\core\computation\engines.py,pandas-dev/pandas
pandas\core\computation\eval.py,pandas\core\computation\expr.py,pandas-dev/pandas
pandas\core\computation\eval.py,pandas\core\computation\parsing.py,pandas-dev/pandas
pandas\core\computation\eval.py,pandas\core\computation\scope.py,pandas-dev/pandas
pandas\core\computation\eval.py,pandas\core\generic.py,pandas-dev/pandas
pandas\core\computation\eval.py,pandas\util\_validators.py,pandas-dev/pandas
pandas\core\computation\eval.py,pandas\core\computation\ops.py,pandas-dev/pandas
pandas\core\computation\eval.py,pandas\core\computation\expressions.py,pandas-dev/pandas
pandas\core\computation\eval.py,pandas\io\formats\printing.py,pandas-dev/pandas
pandas\core\computation\eval.py,pandas\_libs\__init__.py,pandas-dev/pandas
pandas\core\computation\eval.py,pandas\core\computation\check.py,pandas-dev/pandas
pandas\core\computation\eval.py,pandas\util\_decorators.py,pandas-dev/pandas
pandas\core\computation\expr.py,pandas\core\common.py,pandas-dev/pandas
pandas\core\computation\expr.py,pandas\__init__.py,pandas-dev/pandas
pandas\core\computation\expr.py,pandas\api\typing\__init__.py,pandas-dev/pandas
pandas\core\computation\expr.py,pandas\errors\__init__.py,pandas-dev/pandas
pandas\core\computation\expr.py,pandas\core\computation\ops.py,pandas-dev/pandas
pandas\core\computation\expr.py,pandas\core\computation\parsing.py,pandas-dev/pandas
pandas\core\computation\expr.py,pandas\core\computation\scope.py,pandas-dev/pandas
pandas\core\computation\expr.py,pandas\io\formats\__init__.py,pandas-dev/pandas
pandas\core\computation\expr.py,pandas\compat\numpy\__init__.py,pandas-dev/pandas
pandas\core\computation\expr.py,pandas\core\dtypes\common.py,pandas-dev/pandas
pandas\core\computation\expressions.py,pandas\core\__init__.py,pandas-dev/pandas
pandas\core\computation\expressions.py,pandas\core\computation\check.py,pandas-dev/pandas
pandas\core\computation\expressions.py,pandas\util\_exceptions.py,pandas-dev/pandas
pandas\core\computation\expressions.py,pandas\_typing.py,pandas-dev/pandas
pandas\core\computation\expressions.py,pandas\compat\numpy\__init__.py,pandas-dev/pandas
pandas\core\computation\expressions.py,pandas\_config\config.py,pandas-dev/pandas
pandas\core\computation\expressions.py,pandas\api\typing\__init__.py,pandas-dev/pandas
pandas\core\computation\ops.py,pandas\core\common.py,pandas-dev/pandas
pandas\core\computation\ops.py,pandas\core\computation\eval.py,pandas-dev/pandas
pandas\core\computation\ops.py,pandas\api\typing\__init__.py,pandas-dev/pandas
pandas\core\computation\ops.py,pandas\_libs\tslibs\__init__.py,pandas-dev/pandas
pandas\core\computation\ops.py,pandas\core\dtypes\common.py,pandas-dev/pandas
pandas\core\computation\ops.py,pandas\core\dtypes\dtypes.py,pandas-dev/pandas
pandas\core\computation\ops.py,pandas\core\computation\common.py,pandas-dev/pandas
pandas\core\computation\ops.py,pandas\core\computation\scope.py,pandas-dev/pandas
pandas\core\computation\ops.py,pandas\io\formats\printing.py,pandas-dev/pandas
pandas\core\computation\ops.py,pandas\compat\numpy\__init__.py,pandas-dev/pandas
pandas\core\computation\parsing.py,pandas\api\typing\__init__.py,pandas-dev/pandas
pandas\core\computation\parsing.py,pandas\io\__init__.py,pandas-dev/pandas
pandas\core\computation\pytables.py,pandas\core\common.py,pandas-dev/pandas
pandas\core\computation\pytables.py,pandas\_libs\__init__.py,pandas-dev/pandas
pandas\core\computation\pytables.py,pandas\api\typing\__init__.py,pandas-dev/pandas
pandas\core\computation\pytables.py,pandas\_libs\tslibs\__init__.py,pandas-dev/pandas
pandas\core\computation\pytables.py,pandas\errors\__init__.py,pandas-dev/pandas
pandas\core\computation\pytables.py,pandas\core\dtypes\common.py,pandas-dev/pandas
pandas\core\computation\pytables.py,pandas\core\computation\__init__.py,pandas-dev/pandas
pandas\core\computation\pytables.py,pandas\core\computation\ops.py,pandas-dev/pandas
pandas\core\computation\pytables.py,pandas\core\construction.py,pandas-dev/pandas
pandas\core\computation\pytables.py,pandas\compat\numpy\__init__.py,pandas-dev/pandas
pandas\core\computation\pytables.py,pandas\core\computation\expr.py,pandas-dev/pandas
pandas\core\computation\pytables.py,pandas\core\indexes\base.py,pandas-dev/pandas
pandas\core\computation\pytables.py,pandas\_typing.py,pandas-dev/pandas
pandas\core\computation\pytables.py,pandas\core\computation\common.py,pandas-dev/pandas
pandas\core\computation\pytables.py,pandas\io\formats\printing.py,pandas-dev/pandas
pandas\core\computation\scope.py,pandas\io\__init__.py,pandas-dev/pandas
pandas\core\computation\scope.py,pandas\api\typing\__init__.py,pandas-dev/pandas
pandas\core\computation\scope.py,pandas\_libs\tslibs\__init__.py,pandas-dev/pandas
pandas\core\computation\scope.py,pandas\compat\numpy\__init__.py,pandas-dev/pandas
pandas\core\computation\scope.py,pandas\errors\__init__.py,pandas-dev/pandas
pandas\core\dtypes\api.py,pandas\core\dtypes\common.py,pandas-dev/pandas
pandas\core\dtypes\astype.py,pandas\_libs\__init__.py,pandas-dev/pandas
pandas\core\dtypes\astype.py,pandas\api\typing\__init__.py,pandas-dev/pandas
pandas\core\dtypes\astype.py,pandas\core\dtypes\common.py,pandas-dev/pandas
pandas\core\dtypes\astype.py,pandas\errors\__init__.py,pandas-dev/pandas
pandas\core\dtypes\astype.py,pandas\core\dtypes\dtypes.py,pandas-dev/pandas
pandas\core\dtypes\astype.py,pandas\_typing.py,pandas-dev/pandas
pandas\core\dtypes\astype.py,pandas\core\arrays\__init__.py,pandas-dev/pandas
pandas\core\dtypes\astype.py,pandas\core\construction.py,pandas-dev/pandas
pandas\core\dtypes\astype.py,pandas\compat\numpy\__init__.py,pandas-dev/pandas
pandas\core\dtypes\astype.py,pandas\core\arrays\string_.py,pandas-dev/pandas
pandas\core\dtypes\astype.py,pandas\_libs\tslibs\__init__.py,pandas-dev/pandas
pandas\core\dtypes\base.py,pandas\api\typing\__init__.py,pandas-dev/pandas
pandas\core\dtypes\base.py,pandas\_libs\__init__.py,pandas-dev/pandas
pandas\core\dtypes\base.py,pandas\errors\__init__.py,pandas-dev/pandas
pandas\core\dtypes\base.py,pandas\util\_decorators.py,pandas-dev/pandas
pandas\core\dtypes\base.py,pandas\core\dtypes\generic.py,pandas-dev/pandas
pandas\core\dtypes\base.py,pandas\_typing.py,pandas-dev/pandas
pandas\core\dtypes\base.py,pandas\__init__.py,pandas-dev/pandas
pandas\core\dtypes\base.py,pandas\compat\numpy\__init__.py,pandas-dev/pandas
pandas\core\dtypes\base.py,pandas\core\arrays\__init__.py,pandas-dev/pandas
pandas\core\dtypes\cast.py,pandas\__init__.py,pandas-dev/pandas
pandas\core\dtypes\cast.py,pandas\core\arrays\floating.py,pandas-dev/pandas
pandas\core\dtypes\cast.py,pandas\compat\pyarrow.py,pandas-dev/pandas
pandas\core\dtypes\cast.py,pandas\core\arrays\__init__.py,pandas-dev/pandas
pandas\core\dtypes\cast.py,pandas\core\arrays\string_.py,pandas-dev/pandas
pandas\core\dtypes\cast.py,pandas\core\arrays\datetimes.py,pandas-dev/pandas
pandas\core\dtypes\cast.py,pandas\core\dtypes\missing.py,pandas-dev/pandas
pandas\core\dtypes\cast.py,pandas\_libs\tslibs\__init__.py,pandas-dev/pandas
pandas\core\dtypes\cast.py,pandas\core\arrays\timedeltas.py,pandas-dev/pandas
pandas\core\dtypes\cast.py,pandas\_typing.py,pandas-dev/pandas
pandas\core\dtypes\cast.py,pandas\core\arrays\integer.py,pandas-dev/pandas
pandas\core\dtypes\cast.py,pandas\core\arrays\arrow\array.py,pandas-dev/pandas
pandas\core\dtypes\cast.py,pandas\api\typing\__init__.py,pandas-dev/pandas
pandas\core\dtypes\cast.py,pandas\_config\__init__.py,pandas-dev/pandas
pandas\core\dtypes\cast.py,pandas\_libs\__init__.py,pandas-dev/pandas
pandas\core\dtypes\cast.py,pandas\errors\__init__.py,pandas-dev/pandas
pandas\core\dtypes\cast.py,pandas\core\dtypes\common.py,pandas-dev/pandas
pandas\core\dtypes\cast.py,pandas\core\dtypes\dtypes.py,pandas-dev/pandas
pandas\core\dtypes\cast.py,pandas\io\_util.py,pandas-dev/pandas
pandas\core\dtypes\cast.py,pandas\compat\numpy\__init__.py,pandas-dev/pandas
pandas\core\dtypes\cast.py,pandas\core\dtypes\generic.py,pandas-dev/pandas
pandas\core\dtypes\cast.py,pandas\core\dtypes\inference.py,pandas-dev/pandas
pandas\core\dtypes\common.py,pandas\api\typing\__init__.py,pandas-dev/pandas
pandas\core\dtypes\common.py,pandas\_config\__init__.py,pandas-dev/pandas
pandas\core\dtypes\common.py,pandas\_libs\__init__.py,pandas-dev/pandas
pandas\core\dtypes\common.py,pandas\util\_decorators.py,pandas-dev/pandas
pandas\core\dtypes\common.py,pandas\util\_exceptions.py,pandas-dev/pandas
pandas\core\dtypes\common.py,pandas\core\dtypes\base.py,pandas-dev/pandas
pandas\core\dtypes\common.py,pandas\core\dtypes\dtypes.py,pandas-dev/pandas
pandas\core\dtypes\common.py,pandas\core\dtypes\generic.py,pandas-dev/pandas
pandas\core\dtypes\common.py,pandas\compat\numpy\__init__.py,pandas-dev/pandas
pandas\core\dtypes\common.py,pandas\core\dtypes\inference.py,pandas-dev/pandas
pandas\core\dtypes\common.py,pandas\_typing.py,pandas-dev/pandas
pandas\core\dtypes\common.py,pandas\core\arrays\string_.py,pandas-dev/pandas
pandas\core\dtypes\common.py,pandas\_libs\tslibs\__init__.py,pandas-dev/pandas
pandas\core\dtypes\common.py,pandas\errors\__init__.py,pandas-dev/pandas
pandas\core\dtypes\concat.py,pandas\core\arrays\categorical.py,pandas-dev/pandas
pandas\core\dtypes\concat.py,pandas\api\typing\__init__.py,pandas-dev/pandas
pandas\core\dtypes\concat.py,pandas\_libs\__init__.py,pandas-dev/pandas
pandas\core\dtypes\concat.py,pandas\core\dtypes\cast.py,pandas-dev/pandas
pandas\core\dtypes\concat.py,pandas\core\dtypes\dtypes.py,pandas-dev/pandas
pandas\core\dtypes\concat.py,pandas\core\dtypes\generic.py,pandas-dev/pandas
pandas\core\dtypes\concat.py,pandas\_typing.py,pandas-dev/pandas
pandas\core\dtypes\concat.py,pandas\__init__.py,pandas-dev/pandas
pandas\core\dtypes\concat.py,pandas\compat\numpy\__init__.py,pandas-dev/pandas
pandas\core\dtypes\concat.py,pandas\core\arrays\__init__.py,pandas-dev/pandas
pandas\core\dtypes\concat.py,pandas\util\_decorators.py,pandas-dev/pandas
pandas\core\dtypes\concat.py,pandas\core\dtypes\astype.py,pandas-dev/pandas
pandas\core\dtypes\concat.py,pandas\core\algorithms.py,pandas-dev/pandas
pandas\core\dtypes\dtypes.py,pandas\compat\pyarrow.py,pandas-dev/pandas
pandas\core\dtypes\dtypes.py,pandas\core\dtypes\missing.py,pandas-dev/pandas
pandas\core\dtypes\dtypes.py,pandas\_libs\__init__.py,pandas-dev/pandas
pandas\core\dtypes\dtypes.py,pandas\__init__.py,pandas-dev/pandas
pandas\core\dtypes\dtypes.py,pandas\core\arrays\__init__.py,pandas-dev/pandas
pandas\core\dtypes\dtypes.py,pandas\core\dtypes\cast.py,pandas-dev/pandas
pandas\core\dtypes\dtypes.py,pandas\core\arrays\integer.py,pandas-dev/pandas
pandas\core\dtypes\dtypes.py,pandas\core\dtypes\common.py,pandas-dev/pandas
pandas\core\dtypes\dtypes.py,pandas\_libs\tslibs\__init__.py,pandas-dev/pandas
pandas\core\dtypes\dtypes.py,pandas\core\indexes\base.py,pandas-dev/pandas
pandas\core\dtypes\dtypes.py,pandas\core\arrays\arrow\__init__.py,pandas-dev/pandas
pandas\core\dtypes\dtypes.py,pandas\_typing.py,pandas-dev/pandas
pandas\core\dtypes\dtypes.py,pandas\core\arrays\sparse\array.py,pandas-dev/pandas
pandas\core\dtypes\dtypes.py,pandas\util\_exceptions.py,pandas-dev/pandas
pandas\core\dtypes\dtypes.py,pandas\_config\config.py,pandas-dev/pandas
pandas\core\dtypes\dtypes.py,pandas\core\construction.py,pandas-dev/pandas
pandas\core\dtypes\dtypes.py,pandas\core\dtypes\base.py,pandas-dev/pandas
pandas\core\dtypes\dtypes.py,pandas\api\typing\__init__.py,pandas-dev/pandas
pandas\core\dtypes\dtypes.py,pandas\compat\__init__.py,pandas-dev/pandas
pandas\core\dtypes\dtypes.py,pandas\util\_decorators.py,pandas-dev/pandas
pandas\core\dtypes\dtypes.py,pandas\core\dtypes\generic.py,pandas-dev/pandas
pandas\core\dtypes\dtypes.py,pandas\core\dtypes\inference.py,pandas-dev/pandas
pandas\core\dtypes\dtypes.py,pandas\core\arrays\arrow\_arrow_utils.py,pandas-dev/pandas
pandas\core\dtypes\dtypes.py,pandas\core\util\hashing.py,pandas-dev/pandas
pandas\core\dtypes\dtypes.py,pandas\errors\__init__.py,pandas-dev/pandas
pandas\core\dtypes\dtypes.py,pandas\core\arrays\boolean.py,pandas-dev/pandas
pandas\core\dtypes\dtypes.py,pandas\core\arrays\floating.py,pandas-dev/pandas
pandas\core\dtypes\dtypes.py,pandas\core\dtypes\astype.py,pandas-dev/pandas
pandas\core\dtypes\dtypes.py,pandas\compat\numpy\__init__.py,pandas-dev/pandas
pandas\core\dtypes\generic.py,pandas\api\typing\__init__.py,pandas-dev/pandas
pandas\core\dtypes\generic.py,pandas\__init__.py,pandas-dev/pandas
pandas\core\dtypes\generic.py,pandas\core\generic.py,pandas-dev/pandas
pandas\core\dtypes\generic.py,pandas\core\arrays\__init__.py,pandas-dev/pandas
pandas\core\dtypes\inference.py,pandas\api\typing\__init__.py,pandas-dev/pandas
pandas\core\dtypes\inference.py,pandas\util\_decorators.py,pandas-dev/pandas
pandas\core\dtypes\inference.py,pandas\compat\numpy\__init__.py,pandas-dev/pandas
pandas\core\dtypes\inference.py,pandas\_libs\__init__.py,pandas-dev/pandas
pandas\core\dtypes\missing.py,pandas\core\algorithms.py,pandas-dev/pandas
pandas\core\dtypes\missing.py,pandas\_libs\__init__.py,pandas-dev/pandas
pandas\core\dtypes\missing.py,pandas\_libs\tslibs\__init__.py,pandas-dev/pandas
pandas\core\dtypes\missing.py,pandas\compat\numpy\__init__.py,pandas-dev/pandas
pandas\core\dtypes\missing.py,pandas\core\indexes\base.py,pandas-dev/pandas
pandas\core\dtypes\missing.py,pandas\util\_decorators.py,pandas-dev/pandas
pandas\core\dtypes\missing.py,pandas\api\typing\__init__.py,pandas-dev/pandas
pandas\core\dtypes\missing.py,pandas\core\dtypes\common.py,pandas-dev/pandas
pandas\core\dtypes\missing.py,pandas\core\dtypes\dtypes.py,pandas-dev/pandas
pandas\core\dtypes\missing.py,pandas\core\dtypes\generic.py,pandas-dev/pandas
pandas\core\dtypes\missing.py,pandas\_typing.py,pandas-dev/pandas
pandas\core\dtypes\missing.py,pandas\core\construction.py,pandas-dev/pandas
pandas\core\dtypes\missing.py,pandas\__init__.py,pandas-dev/pandas
pandas\core\groupby\base.py,pandas\api\typing\__init__.py,pandas-dev/pandas
pandas\core\groupby\categorical.py,pandas\compat\numpy\__init__.py,pandas-dev/pandas
pandas\core\groupby\categorical.py,pandas\core\arrays\categorical.py,pandas-dev/pandas
pandas\core\groupby\categorical.py,pandas\core\algorithms.py,pandas-dev/pandas
pandas\core\groupby\generic.py,pandas\core\common.py,pandas-dev/pandas
pandas\core\groupby\generic.py,pandas\api\typing\__init__.py,pandas-dev/pandas
pandas\core\groupby\generic.py,pandas\errors\__init__.py,pandas-dev/pandas
pandas\core\groupby\generic.py,pandas\core\dtypes\common.py,pandas-dev/pandas
pandas\core\groupby\generic.py,pandas\core\dtypes\dtypes.py,pandas-dev/pandas
pandas\core\groupby\generic.py,pandas\core\dtypes\missing.py,pandas-dev/pandas
pandas\core\groupby\generic.py,pandas\core\apply.py,pandas-dev/pandas
pandas\core\groupby\generic.py,pandas\core\groupby\groupby.py,pandas-dev/pandas
pandas\core\groupby\generic.py,pandas\core\indexes\api.py,pandas-dev/pandas
pandas\core\groupby\generic.py,pandas\compat\numpy\__init__.py,pandas-dev/pandas
pandas\core\groupby\generic.py,pandas\core\series.py,pandas-dev/pandas
pandas\core\groupby\generic.py,pandas\_libs\__init__.py,pandas-dev/pandas
pandas\core\groupby\generic.py,pandas\__init__.py,pandas-dev/pandas
pandas\core\groupby\generic.py,pandas\core\reshape\merge.py,pandas-dev/pandas
pandas\core\groupby\generic.py,pandas\core\reshape\concat.py,pandas-dev/pandas
pandas\core\groupby\generic.py,pandas\core\sorting.py,pandas-dev/pandas
pandas\core\groupby\generic.py,pandas\core\__init__.py,pandas-dev/pandas
pandas\core\groupby\generic.py,pandas\core\util\numba_.py,pandas-dev/pandas
pandas\core\groupby\generic.py,pandas\plotting\__init__.py,pandas-dev/pandas
pandas\core\groupby\generic.py,pandas\core\dtypes\inference.py,pandas-dev/pandas
pandas\core\groupby\generic.py,pandas\util\_exceptions.py,pandas-dev/pandas
pandas\core\groupby\generic.py,pandas\core\frame.py,pandas-dev/pandas
pandas\core\groupby\generic.py,pandas\core\reshape\tile.py,pandas-dev/pandas
pandas\core\groupby\generic.py,pandas\util\_decorators.py,pandas-dev/pandas
pandas\core\groupby\generic.py,pandas\core\groupby\__init__.py,pandas-dev/pandas
pandas\core\groupby\generic.py,pandas\_typing.py,pandas-dev/pandas
pandas\core\groupby\groupby.py,pandas\core\_numba\__init__.py,pandas-dev/pandas
pandas\core\groupby\groupby.py,pandas\core\internals\blocks.py,pandas-dev/pandas
pandas\core\groupby\groupby.py,pandas\core\_numba\kernels\__init__.py,pandas-dev/pandas
pandas\core\groupby\groupby.py,pandas\core\resample.py,pandas-dev/pandas
pandas\core\groupby\groupby.py,pandas\core\window\__init__.py,pandas-dev/pandas
pandas\core\groupby\groupby.py,pandas\core\arrays\string_.py,pandas-dev/pandas
pandas\core\groupby\groupby.py,pandas\util\_decorators.py,pandas-dev/pandas
pandas\core\groupby\groupby.py,pandas\core\frame.py,pandas-dev/pandas
pandas\core\groupby\groupby.py,pandas\core\groupby\generic.py,pandas-dev/pandas
pandas\core\groupby\groupby.py,pandas\_libs\__init__.py,pandas-dev/pandas
pandas\core\groupby\groupby.py,pandas\core\indexers\objects.py,pandas-dev/pandas
pandas\core\groupby\groupby.py,pandas\core\generic.py,pandas-dev/pandas
pandas\core\groupby\groupby.py,pandas\core\series.py,pandas-dev/pandas
pandas\core\groupby\groupby.py,pandas\core\arrays\__init__.py,pandas-dev/pandas
pandas\core\groupby\groupby.py,pandas\core\sorting.py,pandas-dev/pandas
pandas\core\groupby\groupby.py,pandas\core\base.py,pandas-dev/pandas
pandas\core\groupby\groupby.py,pandas\core\groupby\__init__.py,pandas-dev/pandas
pandas\core\groupby\groupby.py,pandas\core\groupby\indexing.py,pandas-dev/pandas
pandas\core\groupby\groupby.py,pandas\api\typing\__init__.py,pandas-dev/pandas
pandas\core\groupby\groupby.py,pandas\_typing.py,pandas-dev/pandas
pandas\core\groupby\groupby.py,pandas\errors\__init__.py,pandas-dev/pandas
pandas\core\groupby\groupby.py,pandas\core\dtypes\cast.py,pandas-dev/pandas
pandas\core\groupby\groupby.py,pandas\core\dtypes\common.py,pandas-dev/pandas
pandas\core\groupby\groupby.py,pandas\core\dtypes\missing.py,pandas-dev/pandas
pandas\core\groupby\groupby.py,pandas\core\__init__.py,pandas-dev/pandas
pandas\core\groupby\groupby.py,pandas\core\groupby\grouper.py,pandas-dev/pandas
pandas\core\groupby\groupby.py,pandas\core\indexes\api.py,pandas-dev/pandas
pandas\core\groupby\groupby.py,pandas\core\util\numba_.py,pandas-dev/pandas
pandas\core\groupby\groupby.py,pandas\compat\numpy\__init__.py,pandas-dev/pandas
pandas\core\groupby\groupby.py,pandas\_libs\tslibs\__init__.py,pandas-dev/pandas
pandas\core\groupby\groupby.py,pandas\core\arrays\string_arrow.py,pandas-dev/pandas
pandas\core\groupby\groupby.py,pandas\core\reshape\concat.py,pandas-dev/pandas
pandas\core\groupby\groupby.py,pandas\core\common.py,pandas-dev/pandas
pandas\core\groupby\groupby.py,pandas\util\_exceptions.py,pandas-dev/pandas
pandas\core\groupby\grouper.py,pandas\core\common.py,pandas-dev/pandas
pandas\core\groupby\grouper.py,pandas\core\resample.py,pandas-dev/pandas
pandas\core\groupby\grouper.py,pandas\core\series.py,pandas-dev/pandas
pandas\core\groupby\grouper.py,pandas\util\_exceptions.py,pandas-dev/pandas
pandas\core\groupby\grouper.py,pandas\_typing.py,pandas-dev/pandas
pandas\core\groupby\grouper.py,pandas\_libs\__init__.py,pandas-dev/pandas
pandas\core\groupby\grouper.py,pandas\api\typing\__init__.py,pandas-dev/pandas
pandas\core\groupby\grouper.py,pandas\errors\__init__.py,pandas-dev/pandas
pandas\core\groupby\grouper.py,pandas\util\_decorators.py,pandas-dev/pandas
pandas\core\groupby\grouper.py,pandas\core\dtypes\common.py,pandas-dev/pandas
pandas\core\groupby\grouper.py,pandas\core\arrays\__init__.py,pandas-dev/pandas
pandas\core\groupby\grouper.py,pandas\core\groupby\categorical.py,pandas-dev/pandas
pandas\core\groupby\grouper.py,pandas\core\indexes\api.py,pandas-dev/pandas
pandas\core\groupby\grouper.py,pandas\io\formats\printing.py,pandas-dev/pandas
pandas\core\groupby\grouper.py,pandas\core\groupby\__init__.py,pandas-dev/pandas
pandas\core\groupby\grouper.py,pandas\core\__init__.py,pandas-dev/pandas
pandas\core\groupby\grouper.py,pandas\_libs\tslibs\__init__.py,pandas-dev/pandas
pandas\core\groupby\grouper.py,pandas\compat\numpy\__init__.py,pandas-dev/pandas
pandas\core\groupby\grouper.py,pandas\core\dtypes\dtypes.py,pandas-dev/pandas
pandas\core\groupby\grouper.py,pandas\core\generic.py,pandas-dev/pandas
pandas\core\groupby\grouper.py,pandas\core\frame.py,pandas-dev/pandas
pandas\core\groupby\indexing.py,pandas\api\typing\__init__.py,pandas-dev/pandas
pandas\core\groupby\indexing.py,pandas\util\_decorators.py,pandas-dev/pandas
pandas\core\groupby\indexing.py,pandas\core\dtypes\common.py,pandas-dev/pandas
pandas\core\groupby\indexing.py,pandas\_typing.py,pandas-dev/pandas
pandas\core\groupby\indexing.py,pandas\__init__.py,pandas-dev/pandas
pandas\core\groupby\indexing.py,pandas\core\groupby\__init__.py,pandas-dev/pandas
pandas\core\groupby\indexing.py,pandas\compat\numpy\__init__.py,pandas-dev/pandas
pandas\core\groupby\indexing.py,pandas\util\_exceptions.py,pandas-dev/pandas
pandas\core\groupby\indexing.py,pandas\errors\__init__.py,pandas-dev/pandas
pandas\core\groupby\numba_.py,pandas\_typing.py,pandas-dev/pandas
pandas\core\groupby\numba_.py,pandas\api\typing\__init__.py,pandas-dev/pandas
pandas\core\groupby\numba_.py,pandas\compat\_optional.py,pandas-dev/pandas
pandas\core\groupby\numba_.py,pandas\core\util\numba_.py,pandas-dev/pandas
pandas\core\groupby\numba_.py,pandas\compat\numpy\__init__.py,pandas-dev/pandas
pandas\core\groupby\ops.py,pandas\core\groupby\__init__.py,pandas-dev/pandas
pandas\core\groupby\ops.py,pandas\util\_exceptions.py,pandas-dev/pandas
pandas\core\groupby\ops.py,pandas\core\generic.py,pandas-dev/pandas
pandas\core\groupby\ops.py,pandas\compat\numpy\__init__.py,pandas-dev/pandas
pandas\core\groupby\ops.py,pandas\core\frame.py,pandas-dev/pandas
pandas\core\groupby\ops.py,pandas\api\typing\__init__.py,pandas-dev/pandas
pandas\core\groupby\ops.py,pandas\_libs\__init__.py,pandas-dev/pandas
pandas\core\groupby\ops.py,pandas\_typing.py,pandas-dev/pandas
pandas\core\groupby\ops.py,pandas\errors\__init__.py,pandas-dev/pandas
pandas\core\groupby\ops.py,pandas\core\dtypes\cast.py,pandas-dev/pandas
pandas\core\groupby\ops.py,pandas\core\dtypes\common.py,pandas-dev/pandas
pandas\core\groupby\ops.py,pandas\core\dtypes\missing.py,pandas-dev/pandas
pandas\core\groupby\ops.py,pandas\core\indexes\api.py,pandas-dev/pandas
pandas\core\groupby\ops.py,pandas\core\sorting.py,pandas-dev/pandas
pandas\core\groupby\ops.py,pandas\core\series.py,pandas-dev/pandas
pandas\core\groupby\ops.py,pandas\core\arrays\__init__.py,pandas-dev/pandas
pandas\core\groupby\ops.py,pandas\util\_decorators.py,pandas-dev/pandas
pandas\core\groupby\__init__.py,pandas\core\groupby\generic.py,pandas-dev/pandas
pandas\core\groupby\__init__.py,pandas\core\groupby\groupby.py,pandas-dev/pandas
pandas\core\groupby\__init__.py,pandas\core\groupby\grouper.py,pandas-dev/pandas
pandas\core\indexers\objects.py,pandas\core\dtypes\common.py,pandas-dev/pandas
pandas\core\indexers\objects.py,pandas\_libs\tslibs\__init__.py,pandas-dev/pandas
pandas\core\indexers\objects.py,pandas\util\_decorators.py,pandas-dev/pandas
pandas\core\indexers\objects.py,pandas\core\indexes\datetimes.py,pandas-dev/pandas
pandas\core\indexers\objects.py,pandas\tseries\offsets.py,pandas-dev/pandas
pandas\core\indexers\objects.py,pandas\compat\numpy\__init__.py,pandas-dev/pandas
pandas\core\indexers\objects.py,pandas\_libs\window\__init__.py,pandas-dev/pandas
pandas\core\indexers\utils.py,pandas\api\typing\__init__.py,pandas-dev/pandas
pandas\core\indexers\utils.py,pandas\core\dtypes\common.py,pandas-dev/pandas
pandas\core\indexers\utils.py,pandas\_libs\__init__.py,pandas-dev/pandas
pandas\core\indexers\utils.py,pandas\core\dtypes\generic.py,pandas-dev/pandas
pandas\core\indexers\utils.py,pandas\_typing.py,pandas-dev/pandas
pandas\core\indexers\utils.py,pandas\core\frame.py,pandas-dev/pandas
pandas\core\indexers\utils.py,pandas\core\indexes\base.py,pandas-dev/pandas
pandas\core\indexers\utils.py,pandas\core\construction.py,pandas-dev/pandas
pandas\core\indexers\utils.py,pandas\compat\numpy\__init__.py,pandas-dev/pandas
pandas\core\indexers\utils.py,pandas\util\_decorators.py,pandas-dev/pandas
pandas\core\indexers\utils.py,pandas\core\dtypes\dtypes.py,pandas-dev/pandas
pandas\core\indexers\__init__.py,pandas\core\indexers\utils.py,pandas-dev/pandas
pandas\core\indexes\accessors.py,pandas\core\dtypes\generic.py,pandas-dev/pandas
pandas\core\indexes\accessors.py,pandas\util\_exceptions.py,pandas-dev/pandas
pandas\core\indexes\accessors.py,pandas\compat\numpy\__init__.py,pandas-dev/pandas
pandas\core\indexes\accessors.py,pandas\__init__.py,pandas-dev/pandas
pandas\core\indexes\accessors.py,pandas\core\arrays\arrow\array.py,pandas-dev/pandas
pandas\core\indexes\accessors.py,pandas\core\indexes\datetimes.py,pandas-dev/pandas
pandas\core\indexes\accessors.py,pandas\_libs\__init__.py,pandas-dev/pandas
pandas\core\indexes\accessors.py,pandas\core\indexes\timedeltas.py,pandas-dev/pandas
pandas\core\indexes\accessors.py,pandas\errors\__init__.py,pandas-dev/pandas
pandas\core\indexes\accessors.py,pandas\core\base.py,pandas-dev/pandas
pandas\core\indexes\accessors.py,pandas\api\typing\__init__.py,pandas-dev/pandas
pandas\core\indexes\accessors.py,pandas\core\dtypes\common.py,pandas-dev/pandas
pandas\core\indexes\accessors.py,pandas\core\dtypes\dtypes.py,pandas-dev/pandas
pandas\core\indexes\accessors.py,pandas\core\accessor.py,pandas-dev/pandas
pandas\core\indexes\accessors.py,pandas\core\arrays\__init__.py,pandas-dev/pandas
pandas\core\indexes\accessors.py,pandas\tseries\__init__.py,pandas-dev/pandas
pandas\core\indexes\api.py,pandas\errors\__init__.py,pandas-dev/pandas
pandas\core\indexes\api.py,pandas\api\typing\__init__.py,pandas-dev/pandas
pandas\core\indexes\api.py,pandas\_libs\__init__.py,pandas-dev/pandas
pandas\core\indexes\api.py,pandas\core\dtypes\cast.py,pandas-dev/pandas
pandas\core\indexes\api.py,pandas\core\indexes\base.py,pandas-dev/pandas
pandas\core\indexes\api.py,pandas\core\indexes\datetimes.py,pandas-dev/pandas
pandas\core\indexes\api.py,pandas\core\indexes\interval.py,pandas-dev/pandas
pandas\core\indexes\api.py,pandas\core\indexes\multi.py,pandas-dev/pandas
pandas\core\indexes\api.py,pandas\core\indexes\period.py,pandas-dev/pandas
pandas\core\indexes\api.py,pandas\core\indexes\range.py,pandas-dev/pandas
pandas\core\indexes\api.py,pandas\compat\numpy\__init__.py,pandas-dev/pandas
pandas\core\indexes\api.py,pandas\_typing.py,pandas-dev/pandas
pandas\core\indexes\api.py,pandas\core\algorithms.py,pandas-dev/pandas
pandas\core\indexes\api.py,pandas\core\indexes\timedeltas.py,pandas-dev/pandas
pandas\core\indexes\api.py,pandas\core\indexes\category.py,pandas-dev/pandas
pandas\core\indexes\base.py,pandas\compat\pyarrow.py,pandas-dev/pandas
pandas\core\indexes\base.py,pandas\__init__.py,pandas-dev/pandas
pandas\core\indexes\base.py,pandas\core\indexes\api.py,pandas-dev/pandas
pandas\core\indexes\base.py,pandas\core\dtypes\concat.py,pandas-dev/pandas
pandas\core\indexes\base.py,pandas\core\indexes\frozen.py,pandas-dev/pandas
pandas\core\indexes\base.py,pandas\compat\numpy\__init__.py,pandas-dev/pandas
pandas\core\indexes\base.py,pandas\core\__init__.py,pandas-dev/pandas
pandas\core\indexes\base.py,pandas\core\dtypes\common.py,pandas-dev/pandas
pandas\core\indexes\base.py,pandas\core\indexes\range.py,pandas-dev/pandas
pandas\core\indexes\base.py,pandas\core\indexes\multi.py,pandas-dev/pandas
pandas\core\indexes\base.py,pandas\_libs\__init__.py,pandas-dev/pandas
pandas\core\indexes\base.py,pandas\util\_decorators.py,pandas-dev/pandas
pandas\core\indexes\base.py,pandas\core\ops\__init__.py,pandas-dev/pandas
pandas\core\indexes\base.py,pandas\core\construction.py,pandas-dev/pandas
pandas\core\indexes\base.py,pandas\core\arrays\numpy_.py,pandas-dev/pandas
pandas\core\indexes\base.py,pandas\core\algorithms.py,pandas-dev/pandas
pandas\core\indexes\base.py,pandas\core\array_algos\putmask.py,pandas-dev/pandas
pandas\core\indexes\base.py,pandas\core\strings\accessor.py,pandas-dev/pandas
pandas\core\indexes\base.py,pandas\core\indexes\period.py,pandas-dev/pandas
pandas\core\indexes\base.py,pandas\core\base.py,pandas-dev/pandas
pandas\core\indexes\base.py,pandas\core\dtypes\missing.py,pandas-dev/pandas
pandas\core\indexes\base.py,pandas\core\dtypes\cast.py,pandas-dev/pandas
pandas\core\indexes\base.py,pandas\core\reshape\merge.py,pandas-dev/pandas
pandas\core\indexes\base.py,pandas\_config\__init__.py,pandas-dev/pandas
pandas\core\indexes\base.py,pandas\errors\__init__.py,pandas-dev/pandas
pandas\core\indexes\base.py,pandas\io\formats\printing.py,pandas-dev/pandas
pandas\core\indexes\base.py,pandas\io\formats\format.py,pandas-dev/pandas
pandas\core\indexes\base.py,pandas\core\common.py,pandas-dev/pandas
pandas\core\indexes\base.py,pandas\core\arrays\string_.py,pandas-dev/pandas
pandas\core\indexes\base.py,pandas\core\dtypes\generic.py,pandas-dev/pandas
pandas\core\indexes\base.py,pandas\core\dtypes\astype.py,pandas-dev/pandas
pandas\core\indexes\base.py,pandas\core\dtypes\inference.py,pandas-dev/pandas
pandas\core\indexes\base.py,pandas\api\typing\__init__.py,pandas-dev/pandas
pandas\core\indexes\base.py,pandas\_libs\tslibs\__init__.py,pandas-dev/pandas
pandas\core\indexes\base.py,pandas\core\sorting.py,pandas-dev/pandas
pandas\core\indexes\base.py,pandas\core\accessor.py,pandas-dev/pandas
pandas\core\indexes\base.py,pandas\core\missing.py,pandas-dev/pandas
pandas\core\indexes\base.py,pandas\_config\config.py,pandas-dev/pandas
pandas\core\indexes\base.py,pandas\core\arrays\__init__.py,pandas-dev/pandas
pandas\core\indexes\base.py,pandas\core\dtypes\dtypes.py,pandas-dev/pandas
pandas\core\indexes\base.py,pandas\core\indexers\__init__.py,pandas-dev/pandas
pandas\core\indexes\base.py,pandas\_typing.py,pandas-dev/pandas
pandas\core\indexes\base.py,pandas\util\_exceptions.py,pandas-dev/pandas
pandas\core\indexes\base.py,pandas\core\arrays\floating.py,pandas-dev/pandas
pandas\core\indexes\category.py,pandas\__init__.py,pandas-dev/pandas
pandas\core\indexes\category.py,pandas\_typing.py,pandas-dev/pandas
pandas\core\indexes\category.py,pandas\api\typing\__init__.py,pandas-dev/pandas
pandas\core\indexes\category.py,pandas\_libs\__init__.py,pandas-dev/pandas
pandas\core\indexes\category.py,pandas\util\_decorators.py,pandas-dev/pandas
pandas\core\indexes\category.py,pandas\core\dtypes\missing.py,pandas-dev/pandas
pandas\core\indexes\category.py,pandas\core\arrays\categorical.py,pandas-dev/pandas
pandas\core\indexes\category.py,pandas\core\construction.py,pandas-dev/pandas
pandas\core\indexes\category.py,pandas\core\indexes\base.py,pandas-dev/pandas
pandas\core\indexes\category.py,pandas\core\indexes\extension.py,pandas-dev/pandas
pandas\core\indexes\category.py,pandas\compat\numpy\__init__.py,pandas-dev/pandas
pandas\core\indexes\category.py,pandas\core\indexes\multi.py,pandas-dev/pandas
pandas\core\indexes\category.py,pandas\core\dtypes\common.py,pandas-dev/pandas
pandas\core\indexes\category.py,pandas\core\dtypes\dtypes.py,pandas-dev/pandas
pandas\core\indexes\datetimelike.py,pandas\core\construction.py,pandas-dev/pandas
pandas\core\indexes\datetimelike.py,pandas\core\common.py,pandas-dev/pandas
pandas\core\indexes\datetimelike.py,pandas\_libs\tslibs\__init__.py,pandas-dev/pandas
pandas\core\indexes\datetimelike.py,pandas\_typing.py,pandas-dev/pandas
pandas\core\indexes\datetimelike.py,pandas\core\indexes\base.py,pandas-dev/pandas
pandas\core\indexes\datetimelike.py,pandas\compat\numpy\__init__.py,pandas-dev/pandas
pandas\core\indexes\datetimelike.py,pandas\core\__init__.py,pandas-dev/pandas
pandas\core\indexes\datetimelike.py,pandas\core\indexers\__init__.py,pandas-dev/pandas
pandas\core\indexes\datetimelike.py,pandas\core\dtypes\concat.py,pandas-dev/pandas
pandas\core\indexes\datetimelike.py,pandas\core\indexes\extension.py,pandas-dev/pandas
pandas\core\indexes\datetimelike.py,pandas\core\tools\timedeltas.py,pandas-dev/pandas
pandas\core\indexes\datetimelike.py,pandas\__init__.py,pandas-dev/pandas
pandas\core\indexes\datetimelike.py,pandas\tseries\__init__.py,pandas-dev/pandas
pandas\core\indexes\datetimelike.py,pandas\core\indexes\range.py,pandas-dev/pandas
pandas\core\indexes\datetimelike.py,pandas\core\arrays\__init__.py,pandas-dev/pandas
pandas\core\indexes\datetimelike.py,pandas\api\typing\__init__.py,pandas-dev/pandas
pandas\core\indexes\datetimelike.py,pandas\_libs\__init__.py,pandas-dev/pandas
pandas\core\indexes\datetimelike.py,pandas\errors\__init__.py,pandas-dev/pandas
pandas\core\indexes\datetimelike.py,pandas\util\_decorators.py,pandas-dev/pandas
pandas\core\indexes\datetimelike.py,pandas\core\dtypes\common.py,pandas-dev/pandas
pandas\core\indexes\datetimelike.py,pandas\core\dtypes\dtypes.py,pandas-dev/pandas
pandas\core\indexes\datetimelike.py,pandas\util\_exceptions.py,pandas-dev/pandas
pandas\core\indexes\datetimes.py,pandas\errors\__init__.py,pandas-dev/pandas
pandas\core\indexes\datetimes.py,pandas\core\indexes\datetimelike.py,pandas-dev/pandas
pandas\core\indexes\datetimes.py,pandas\tseries\frequencies.py,pandas-dev/pandas
pandas\core\indexes\datetimes.py,pandas\compat\numpy\__init__.py,pandas-dev/pandas
pandas\core\indexes\datetimes.py,pandas\compat\pyarrow.py,pandas-dev/pandas
pandas\core\indexes\datetimes.py,pandas\_libs\tslibs\__init__.py,pandas-dev/pandas
pandas\core\indexes\datetimes.py,pandas\core\indexes\extension.py,pandas-dev/pandas
pandas\core\indexes\datetimes.py,pandas\core\api.py,pandas-dev/pandas
pandas\core\indexes\datetimes.py,pandas\core\dtypes\dtypes.py,pandas-dev/pandas
pandas\core\indexes\datetimes.py,pandas\core\dtypes\generic.py,pandas-dev/pandas
pandas\core\indexes\datetimes.py,pandas\core\tools\times.py,pandas-dev/pandas
pandas\core\indexes\datetimes.py,pandas\core\indexes\api.py,pandas-dev/pandas
pandas\core\indexes\datetimes.py,pandas\util\_exceptions.py,pandas-dev/pandas
pandas\core\indexes\datetimes.py,pandas\io\formats\format.py,pandas-dev/pandas
pandas\core\indexes\datetimes.py,pandas\core\dtypes\missing.py,pandas-dev/pandas
pandas\core\indexes\datetimes.py,pandas\core\common.py,pandas-dev/pandas
pandas\core\indexes\datetimes.py,pandas\api\typing\__init__.py,pandas-dev/pandas
pandas\core\indexes\datetimes.py,pandas\_libs\__init__.py,pandas-dev/pandas
pandas\core\indexes\datetimes.py,pandas\util\_decorators.py,pandas-dev/pandas
pandas\core\indexes\datetimes.py,pandas\core\indexes\base.py,pandas-dev/pandas
pandas\core\indexes\datetimes.py,pandas\core\arrays\datetimes.py,pandas-dev/pandas
pandas\core\indexes\datetimes.py,pandas\_typing.py,pandas-dev/pandas
pandas\core\indexes\datetimes.py,pandas\core\dtypes\common.py,pandas-dev/pandas
pandas\core\indexes\extension.py,pandas\compat\numpy\__init__.py,pandas-dev/pandas
pandas\core\indexes\extension.py,pandas\core\indexes\base.py,pandas-dev/pandas
pandas\core\indexes\extension.py,pandas\util\_decorators.py,pandas-dev/pandas
pandas\core\indexes\extension.py,pandas\api\typing\__init__.py,pandas-dev/pandas
pandas\core\indexes\extension.py,pandas\_typing.py,pandas-dev/pandas
pandas\core\indexes\extension.py,pandas\core\arrays\__init__.py,pandas-dev/pandas
pandas\core\indexes\extension.py,pandas\core\arrays\_mixins.py,pandas-dev/pandas
pandas\core\indexes\extension.py,pandas\core\dtypes\generic.py,pandas-dev/pandas
pandas\core\indexes\frozen.py,pandas\util\_decorators.py,pandas-dev/pandas
pandas\core\indexes\frozen.py,pandas\api\typing\__init__.py,pandas-dev/pandas
pandas\core\indexes\frozen.py,pandas\core\base.py,pandas-dev/pandas
pandas\core\indexes\frozen.py,pandas\io\formats\printing.py,pandas-dev/pandas
pandas\core\indexes\interval.py,pandas\core\indexes\datetimes.py,pandas-dev/pandas
pandas\core\indexes\interval.py,pandas\util\_exceptions.py,pandas-dev/pandas
pandas\core\indexes\interval.py,pandas\core\arrays\interval.py,pandas-dev/pandas
pandas\core\indexes\interval.py,pandas\core\indexers\__init__.py,pandas-dev/pandas
pandas\core\indexes\interval.py,pandas\core\indexes\multi.py,pandas-dev/pandas
pandas\core\indexes\interval.py,pandas\_libs\__init__.py,pandas-dev/pandas
pandas\core\indexes\interval.py,pandas\core\common.py,pandas-dev/pandas
pandas\core\indexes\interval.py,pandas\core\indexes\base.py,pandas-dev/pandas
pandas\core\indexes\interval.py,pandas\api\typing\__init__.py,pandas-dev/pandas
pandas\core\indexes\interval.py,pandas\_libs\tslibs\__init__.py,pandas-dev/pandas
pandas\core\indexes\interval.py,pandas\util\_decorators.py,pandas-dev/pandas
pandas\core\indexes\interval.py,pandas\core\dtypes\cast.py,pandas-dev/pandas
pandas\core\indexes\interval.py,pandas\core\dtypes\common.py,pandas-dev/pandas
pandas\core\indexes\interval.py,pandas\core\dtypes\dtypes.py,pandas-dev/pandas
pandas\core\indexes\interval.py,pandas\core\dtypes\missing.py,pandas-dev/pandas
pandas\core\indexes\interval.py,pandas\core\arrays\datetimelike.py,pandas-dev/pandas
pandas\core\indexes\interval.py,pandas\compat\numpy\__init__.py,pandas-dev/pandas
pandas\core\indexes\interval.py,pandas\errors\__init__.py,pandas-dev/pandas
pandas\core\indexes\interval.py,pandas\_typing.py,pandas-dev/pandas
pandas\core\indexes\interval.py,pandas\core\algorithms.py,pandas-dev/pandas
pandas\core\indexes\interval.py,pandas\core\indexes\timedeltas.py,pandas-dev/pandas
pandas\core\indexes\interval.py,pandas\core\indexes\extension.py,pandas-dev/pandas
pandas\core\indexes\multi.py,pandas\core\arrays\categorical.py,pandas-dev/pandas
pandas\core\indexes\multi.py,pandas\core\arrays\__init__.py,pandas-dev/pandas
pandas\core\indexes\multi.py,pandas\core\ops\invalid.py,pandas-dev/pandas
pandas\core\indexes\multi.py,pandas\__init__.py,pandas-dev/pandas
pandas\core\indexes\multi.py,pandas\core\dtypes\common.py,pandas-dev/pandas
pandas\core\indexes\multi.py,pandas\compat\numpy\__init__.py,pandas-dev/pandas
pandas\core\indexes\multi.py,pandas\core\indexes\frozen.py,pandas-dev/pandas
pandas\core\indexes\multi.py,pandas\core\dtypes\cast.py,pandas-dev/pandas
pandas\core\indexes\multi.py,pandas\core\common.py,pandas-dev/pandas
pandas\core\indexes\multi.py,pandas\io\formats\printing.py,pandas-dev/pandas
pandas\core\indexes\multi.py,pandas\core\indexes\base.py,pandas-dev/pandas
pandas\core\indexes\multi.py,pandas\util\_exceptions.py,pandas-dev/pandas
pandas\core\indexes\multi.py,pandas\api\typing\__init__.py,pandas-dev/pandas
pandas\core\indexes\multi.py,pandas\_libs\__init__.py,pandas-dev/pandas
pandas\core\indexes\multi.py,pandas\errors\__init__.py,pandas-dev/pandas
pandas\core\indexes\multi.py,pandas\util\_decorators.py,pandas-dev/pandas
pandas\core\indexes\multi.py,pandas\core\dtypes\generic.py,pandas-dev/pandas
pandas\core\indexes\multi.py,pandas\core\dtypes\dtypes.py,pandas-dev/pandas
pandas\core\indexes\multi.py,pandas\core\dtypes\missing.py,pandas-dev/pandas
pandas\core\indexes\multi.py,pandas\core\algorithms.py,pandas-dev/pandas
pandas\core\indexes\multi.py,pandas\_config\config.py,pandas-dev/pandas
pandas\core\indexes\multi.py,pandas\core\array_algos\putmask.py,pandas-dev/pandas
pandas\core\indexes\multi.py,pandas\core\construction.py,pandas-dev/pandas
pandas\core\indexes\multi.py,pandas\_typing.py,pandas-dev/pandas
pandas\core\indexes\multi.py,pandas\core\sorting.py,pandas-dev/pandas
pandas\core\indexes\period.py,pandas\util\_exceptions.py,pandas-dev/pandas
pandas\core\indexes\period.py,pandas\core\indexes\extension.py,pandas-dev/pandas
pandas\core\indexes\period.py,pandas\compat\numpy\__init__.py,pandas-dev/pandas
pandas\core\indexes\period.py,pandas\_libs\tslibs\__init__.py,pandas-dev/pandas
pandas\core\indexes\period.py,pandas\core\dtypes\missing.py,pandas-dev/pandas
pandas\core\indexes\period.py,pandas\errors\__init__.py,pandas-dev/pandas
pandas\core\indexes\period.py,pandas\core\dtypes\dtypes.py,pandas-dev/pandas
pandas\core\indexes\period.py,pandas\core\common.py,pandas-dev/pandas
pandas\core\indexes\period.py,pandas\_libs\__init__.py,pandas-dev/pandas
pandas\core\indexes\period.py,pandas\api\typing\__init__.py,pandas-dev/pandas
pandas\core\indexes\period.py,pandas\util\_decorators.py,pandas-dev/pandas
pandas\core\indexes\period.py,pandas\core\dtypes\common.py,pandas-dev/pandas
pandas\core\indexes\period.py,pandas\core\indexes\datetimelike.py,pandas-dev/pandas
pandas\core\indexes\period.py,pandas\core\arrays\period.py,pandas-dev/pandas
pandas\core\indexes\period.py,pandas\core\indexes\datetimes.py,pandas-dev/pandas
pandas\core\indexes\period.py,pandas\core\indexes\base.py,pandas-dev/pandas
pandas\core\indexes\period.py,pandas\_typing.py,pandas-dev/pandas
pandas\core\indexes\period.py,pandas\core\dtypes\generic.py,pandas-dev/pandas
pandas\core\indexes\range.py,pandas\core\construction.py,pandas-dev/pandas
pandas\core\indexes\range.py,pandas\core\common.py,pandas-dev/pandas
pandas\core\indexes\range.py,pandas\util\_exceptions.py,pandas-dev/pandas
pandas\core\indexes\range.py,pandas\__init__.py,pandas-dev/pandas
pandas\core\indexes\range.py,pandas\compat\numpy\__init__.py,pandas-dev/pandas
pandas\core\indexes\range.py,pandas\core\indexers\__init__.py,pandas-dev/pandas
pandas\core\indexes\range.py,pandas\core\indexes\base.py,pandas-dev/pandas
pandas\core\indexes\range.py,pandas\core\dtypes\base.py,pandas-dev/pandas
pandas\core\indexes\range.py,pandas\core\arrays\__init__.py,pandas-dev/pandas
pandas\core\indexes\range.py,pandas\_libs\__init__.py,pandas-dev/pandas
pandas\core\indexes\range.py,pandas\errors\__init__.py,pandas-dev/pandas
pandas\core\indexes\range.py,pandas\core\ops\common.py,pandas-dev/pandas
pandas\core\indexes\range.py,pandas\api\typing\__init__.py,pandas-dev/pandas
pandas\core\indexes\range.py,pandas\util\_decorators.py,pandas-dev/pandas
pandas\core\indexes\range.py,pandas\core\dtypes\common.py,pandas-dev/pandas
pandas\core\indexes\range.py,pandas\core\__init__.py,pandas-dev/pandas
pandas\core\indexes\range.py,pandas\_typing.py,pandas-dev/pandas
pandas\core\indexes\range.py,pandas\core\dtypes\generic.py,pandas-dev/pandas
pandas\core\indexes\timedeltas.py,pandas\_libs\tslibs\__init__.py,pandas-dev/pandas
pandas\core\indexes\timedeltas.py,pandas\core\arrays\timedeltas.py,pandas-dev/pandas
pandas\core\indexes\timedeltas.py,pandas\core\dtypes\dtypes.py,pandas-dev/pandas
pandas\core\indexes\timedeltas.py,pandas\_libs\__init__.py,pandas-dev/pandas
pandas\core\indexes\timedeltas.py,pandas\core\common.py,pandas-dev/pandas
pandas\core\indexes\timedeltas.py,pandas\util\_decorators.py,pandas-dev/pandas
pandas\core\indexes\timedeltas.py,pandas\core\dtypes\generic.py,pandas-dev/pandas
pandas\core\indexes\timedeltas.py,pandas\core\indexes\base.py,pandas-dev/pandas
pandas\core\indexes\timedeltas.py,pandas\api\typing\__init__.py,pandas-dev/pandas
pandas\core\indexes\timedeltas.py,pandas\core\dtypes\common.py,pandas-dev/pandas
pandas\core\indexes\timedeltas.py,pandas\core\indexes\extension.py,pandas-dev/pandas
pandas\core\indexes\timedeltas.py,pandas\core\roperator.py,pandas-dev/pandas
pandas\core\indexes\timedeltas.py,pandas\_typing.py,pandas-dev/pandas
pandas\core\indexes\timedeltas.py,pandas\core\indexes\datetimelike.py,pandas-dev/pandas
pandas\core\indexes\timedeltas.py,pandas\core\dtypes\missing.py,pandas-dev/pandas
pandas\core\interchange\buffer.py,pandas\api\typing\__init__.py,pandas-dev/pandas
pandas\core\interchange\buffer.py,pandas\compat\numpy\__init__.py,pandas-dev/pandas
pandas\core\interchange\buffer.py,pandas\core\interchange\dataframe_protocol.py,pandas-dev/pandas
pandas\core\interchange\buffer.py,pandas\compat\pyarrow.py,pandas-dev/pandas
pandas\core\interchange\column.py,pandas\__init__.py,pandas-dev/pandas
pandas\core\interchange\column.py,pandas\_config\__init__.py,pandas-dev/pandas
pandas\core\interchange\column.py,pandas\api\typing\__init__.py,pandas-dev/pandas
pandas\core\interchange\column.py,pandas\_libs\__init__.py,pandas-dev/pandas
pandas\core\interchange\column.py,pandas\errors\__init__.py,pandas-dev/pandas
pandas\core\interchange\column.py,pandas\core\dtypes\dtypes.py,pandas-dev/pandas
pandas\core\interchange\column.py,pandas\api\types\__init__.py,pandas-dev/pandas
pandas\core\interchange\column.py,pandas\core\interchange\buffer.py,pandas-dev/pandas
pandas\core\interchange\column.py,pandas\core\interchange\dataframe_protocol.py,pandas-dev/pandas
pandas\core\interchange\column.py,pandas\compat\numpy\__init__.py,pandas-dev/pandas
pandas\core\interchange\column.py,pandas\core\interchange\utils.py,pandas-dev/pandas
pandas\core\interchange\column.py,pandas\_libs\tslibs\__init__.py,pandas-dev/pandas
pandas\core\interchange\column.py,pandas\util\_decorators.py,pandas-dev/pandas
pandas\core\interchange\dataframe.py,pandas\core\interchange\utils.py,pandas-dev/pandas
pandas\core\interchange\dataframe.py,pandas\__init__.py,pandas-dev/pandas
pandas\core\interchange\dataframe.py,pandas\core\interchange\column.py,pandas-dev/pandas
pandas\core\interchange\dataframe.py,pandas\core\interchange\dataframe_protocol.py,pandas-dev/pandas
pandas\core\interchange\dataframe.py,pandas\api\typing\__init__.py,pandas-dev/pandas
pandas\core\interchange\dataframe_protocol.py,pandas\util\_decorators.py,pandas-dev/pandas
pandas\core\interchange\dataframe_protocol.py,pandas\api\typing\__init__.py,pandas-dev/pandas
pandas\core\interchange\from_dataframe.py,pandas\__init__.py,pandas-dev/pandas
pandas\core\interchange\from_dataframe.py,pandas\util\_decorators.py,pandas-dev/pandas
pandas\core\interchange\from_dataframe.py,pandas\api\typing\__init__.py,pandas-dev/pandas
pandas\core\interchange\from_dataframe.py,pandas\compat\_optional.py,pandas-dev/pandas
pandas\core\interchange\from_dataframe.py,pandas\core\interchange\dataframe_protocol.py,pandas-dev/pandas
pandas\core\interchange\from_dataframe.py,pandas\core\interchange\utils.py,pandas-dev/pandas
pandas\core\interchange\from_dataframe.py,pandas\compat\numpy\__init__.py,pandas-dev/pandas
pandas\core\interchange\from_dataframe.py,pandas\util\_exceptions.py,pandas-dev/pandas
pandas\core\interchange\from_dataframe.py,pandas\_config\__init__.py,pandas-dev/pandas
pandas\core\interchange\from_dataframe.py,pandas\errors\__init__.py,pandas-dev/pandas
pandas\core\interchange\utils.py,pandas\api\typing\__init__.py,pandas-dev/pandas
pandas\core\interchange\utils.py,pandas\compat\pyarrow.py,pandas-dev/pandas
pandas\core\interchange\utils.py,pandas\core\dtypes\dtypes.py,pandas-dev/pandas
pandas\core\interchange\utils.py,pandas\compat\numpy\__init__.py,pandas-dev/pandas
pandas\core\interchange\utils.py,pandas\__init__.py,pandas-dev/pandas
pandas\core\interchange\utils.py,pandas\_libs\__init__.py,pandas-dev/pandas
pandas\core\interchange\utils.py,pandas\_typing.py,pandas-dev/pandas
pandas\core\internals\api.py,pandas\core\internals\blocks.py,pandas-dev/pandas
pandas\core\internals\api.py,pandas\_libs\__init__.py,pandas-dev/pandas
pandas\core\internals\api.py,pandas\core\dtypes\common.py,pandas-dev/pandas
pandas\core\internals\api.py,pandas\core\dtypes\dtypes.py,pandas-dev/pandas
pandas\core\internals\api.py,pandas\core\arrays\__init__.py,pandas-dev/pandas
pandas\core\internals\api.py,pandas\core\construction.py,pandas-dev/pandas
pandas\core\internals\api.py,pandas\_typing.py,pandas-dev/pandas
pandas\core\internals\api.py,pandas\compat\numpy\__init__.py,pandas-dev/pandas
pandas\core\internals\api.py,pandas\errors\__init__.py,pandas-dev/pandas
pandas\core\internals\api.py,pandas\api\typing\__init__.py,pandas-dev/pandas
pandas\core\internals\blocks.py,pandas\core\algorithms.py,pandas-dev/pandas
pandas\core\internals\blocks.py,pandas\core\array_algos\replace.py,pandas-dev/pandas
pandas\core\internals\blocks.py,pandas\core\computation\__init__.py,pandas-dev/pandas
pandas\core\internals\blocks.py,pandas\core\array_algos\putmask.py,pandas-dev/pandas
pandas\core\internals\blocks.py,pandas\util\_exceptions.py,pandas-dev/pandas
pandas\core\internals\blocks.py,pandas\core\indexes\base.py,pandas-dev/pandas
pandas\core\internals\blocks.py,pandas\core\arrays\string_.py,pandas-dev/pandas
pandas\core\internals\blocks.py,pandas\core\api.py,pandas-dev/pandas
pandas\core\internals\blocks.py,pandas\core\dtypes\common.py,pandas-dev/pandas
pandas\core\internals\blocks.py,pandas\util\_decorators.py,pandas-dev/pandas
pandas\core\internals\blocks.py,pandas\core\__init__.py,pandas-dev/pandas
pandas\core\internals\blocks.py,pandas\_libs\__init__.py,pandas-dev/pandas
pandas\core\internals\blocks.py,pandas\core\base.py,pandas-dev/pandas
pandas\core\internals\blocks.py,pandas\core\array_algos\quantile.py,pandas-dev/pandas
pandas\core\internals\blocks.py,pandas\core\dtypes\inference.py,pandas-dev/pandas
pandas\core\internals\blocks.py,pandas\api\typing\__init__.py,pandas-dev/pandas
pandas\core\internals\blocks.py,pandas\errors\__init__.py,pandas-dev/pandas
pandas\core\internals\blocks.py,pandas\core\dtypes\astype.py,pandas-dev/pandas
pandas\core\internals\blocks.py,pandas\core\dtypes\cast.py,pandas-dev/pandas
pandas\core\internals\blocks.py,pandas\core\dtypes\missing.py,pandas-dev/pandas
pandas\core\internals\blocks.py,pandas\core\dtypes\generic.py,pandas-dev/pandas
pandas\core\internals\blocks.py,pandas\core\dtypes\dtypes.py,pandas-dev/pandas
pandas\core\internals\blocks.py,pandas\core\arrays\_mixins.py,pandas-dev/pandas
pandas\core\internals\blocks.py,pandas\core\common.py,pandas-dev/pandas
pandas\core\internals\blocks.py,pandas\util\_validators.py,pandas-dev/pandas
pandas\core\internals\blocks.py,pandas\compat\numpy\__init__.py,pandas-dev/pandas
pandas\core\internals\blocks.py,pandas\_typing.py,pandas-dev/pandas
pandas\core\internals\blocks.py,pandas\core\indexers\__init__.py,pandas-dev/pandas
pandas\core\internals\blocks.py,pandas\core\array_algos\transforms.py,pandas-dev/pandas
pandas\core\internals\blocks.py,pandas\core\construction.py,pandas-dev/pandas
pandas\core\internals\blocks.py,pandas\core\arrays\__init__.py,pandas-dev/pandas
pandas\core\internals\concat.py,pandas\core\construction.py,pandas-dev/pandas
pandas\core\internals\concat.py,pandas\api\typing\__init__.py,pandas-dev/pandas
pandas\core\internals\concat.py,pandas\_libs\__init__.py,pandas-dev/pandas
pandas\core\internals\concat.py,pandas\core\dtypes\cast.py,pandas-dev/pandas
pandas\core\internals\concat.py,pandas\core\dtypes\common.py,pandas-dev/pandas
pandas\core\internals\concat.py,pandas\core\dtypes\concat.py,pandas-dev/pandas
pandas\core\internals\concat.py,pandas\core\dtypes\dtypes.py,pandas-dev/pandas
pandas\core\internals\concat.py,pandas\core\arrays\__init__.py,pandas-dev/pandas
pandas\core\internals\concat.py,pandas\core\internals\blocks.py,pandas-dev/pandas
pandas\core\internals\concat.py,pandas\compat\numpy\__init__.py,pandas-dev/pandas
pandas\core\internals\concat.py,pandas\core\internals\managers.py,pandas-dev/pandas
pandas\core\internals\concat.py,pandas\__init__.py,pandas-dev/pandas
pandas\core\internals\concat.py,pandas\util\_decorators.py,pandas-dev/pandas
pandas\core\internals\concat.py,pandas\_typing.py,pandas-dev/pandas
pandas\core\internals\construction.py,pandas\compat\numpy\__init__.py,pandas-dev/pandas
pandas\core\internals\construction.py,pandas\errors\__init__.py,pandas-dev/pandas
pandas\core\internals\construction.py,pandas\core\dtypes\missing.py,pandas-dev/pandas
pandas\core\internals\construction.py,pandas\core\__init__.py,pandas-dev/pandas
pandas\core\internals\construction.py,pandas\api\typing\__init__.py,pandas-dev/pandas
pandas\core\internals\construction.py,pandas\core\dtypes\cast.py,pandas-dev/pandas
pandas\core\internals\construction.py,pandas\core\dtypes\common.py,pandas-dev/pandas
pandas\core\internals\construction.py,pandas\core\dtypes\dtypes.py,pandas-dev/pandas
pandas\core\internals\construction.py,pandas\core\dtypes\generic.py,pandas-dev/pandas
pandas\core\internals\construction.py,pandas\core\construction.py,pandas-dev/pandas
pandas\core\internals\construction.py,pandas\core\indexes\api.py,pandas-dev/pandas
pandas\core\internals\construction.py,pandas\core\internals\blocks.py,pandas-dev/pandas
pandas\core\internals\construction.py,pandas\core\internals\managers.py,pandas-dev/pandas
pandas\core\internals\construction.py,pandas\_typing.py,pandas-dev/pandas
pandas\core\internals\construction.py,pandas\_config\__init__.py,pandas-dev/pandas
pandas\core\internals\construction.py,pandas\core\arrays\string_.py,pandas-dev/pandas
pandas\core\internals\construction.py,pandas\util\_exceptions.py,pandas-dev/pandas
pandas\core\internals\construction.py,pandas\__init__.py,pandas-dev/pandas
pandas\core\internals\construction.py,pandas\core\arrays\__init__.py,pandas-dev/pandas
pandas\core\internals\construction.py,pandas\_libs\__init__.py,pandas-dev/pandas
pandas\core\internals\construction.py,pandas\core\dtypes\astype.py,pandas-dev/pandas
pandas\core\internals\managers.py,pandas\core\indexes\api.py,pandas-dev/pandas
pandas\core\internals\managers.py,pandas\api\typing\__init__.py,pandas-dev/pandas
pandas\core\internals\managers.py,pandas\_libs\__init__.py,pandas-dev/pandas
pandas\core\internals\managers.py,pandas\errors\__init__.py,pandas-dev/pandas
pandas\core\internals\managers.py,pandas\core\dtypes\cast.py,pandas-dev/pandas
pandas\core\internals\managers.py,pandas\core\dtypes\common.py,pandas-dev/pandas
pandas\core\internals\managers.py,pandas\core\dtypes\dtypes.py,pandas-dev/pandas
pandas\core\internals\managers.py,pandas\core\dtypes\generic.py,pandas-dev/pandas
pandas\core\internals\managers.py,pandas\core\dtypes\missing.py,pandas-dev/pandas
pandas\core\internals\managers.py,pandas\core\construction.py,pandas-dev/pandas
pandas\core\internals\managers.py,pandas\core\internals\blocks.py,pandas-dev/pandas
pandas\core\internals\managers.py,pandas\core\internals\ops.py,pandas-dev/pandas
pandas\core\internals\managers.py,pandas\_typing.py,pandas-dev/pandas
pandas\core\internals\managers.py,pandas\api\extensions\__init__.py,pandas-dev/pandas
pandas\core\internals\managers.py,pandas\util\_exceptions.py,pandas-dev/pandas
pandas\core\internals\managers.py,pandas\_config\config.py,pandas-dev/pandas
pandas\core\internals\managers.py,pandas\util\_decorators.py,pandas-dev/pandas
pandas\core\internals\managers.py,pandas\core\indexers\__init__.py,pandas-dev/pandas
pandas\core\internals\managers.py,pandas\compat\numpy\__init__.py,pandas-dev/pandas
pandas\core\internals\managers.py,pandas\core\arrays\__init__.py,pandas-dev/pandas
pandas\core\internals\managers.py,pandas\core\base.py,pandas-dev/pandas
pandas\core\internals\managers.py,pandas\core\algorithms.py,pandas-dev/pandas
pandas\core\internals\managers.py,pandas\_libs\tslibs\__init__.py,pandas-dev/pandas
pandas\core\internals\managers.py,pandas\core\arrays\_mixins.py,pandas-dev/pandas
pandas\core\internals\managers.py,pandas\util\_validators.py,pandas-dev/pandas
pandas\core\internals\ops.py,pandas\api\typing\__init__.py,pandas-dev/pandas
pandas\core\internals\ops.py,pandas\_libs\__init__.py,pandas-dev/pandas
pandas\core\internals\ops.py,pandas\core\internals\blocks.py,pandas-dev/pandas
pandas\core\internals\ops.py,pandas\_typing.py,pandas-dev/pandas
pandas\core\internals\ops.py,pandas\core\dtypes\common.py,pandas-dev/pandas
pandas\core\internals\ops.py,pandas\core\internals\managers.py,pandas-dev/pandas
pandas\core\internals\__init__.py,pandas\core\internals\api.py,pandas-dev/pandas
pandas\core\internals\__init__.py,pandas\core\internals\managers.py,pandas-dev/pandas
pandas\core\internals\__init__.py,pandas\errors\__init__.py,pandas-dev/pandas
pandas\core\internals\__init__.py,pandas\core\internals\blocks.py,pandas-dev/pandas
pandas\core\internals\__init__.py,pandas\core\internals\concat.py,pandas-dev/pandas
pandas\core\methods\describe.py,pandas\compat\pyarrow.py,pandas-dev/pandas
pandas\core\methods\describe.py,pandas\io\formats\format.py,pandas-dev/pandas
pandas\core\methods\describe.py,pandas\util\_validators.py,pandas-dev/pandas
pandas\core\methods\describe.py,pandas\core\arrays\floating.py,pandas-dev/pandas
pandas\core\methods\describe.py,pandas\__init__.py,pandas-dev/pandas
pandas\core\methods\describe.py,pandas\compat\numpy\__init__.py,pandas-dev/pandas
pandas\core\methods\describe.py,pandas\core\reshape\concat.py,pandas-dev/pandas
pandas\core\methods\describe.py,pandas\errors\__init__.py,pandas-dev/pandas
pandas\core\methods\describe.py,pandas\_typing.py,pandas-dev/pandas
pandas\core\methods\describe.py,pandas\api\typing\__init__.py,pandas-dev/pandas
pandas\core\methods\describe.py,pandas\core\dtypes\common.py,pandas-dev/pandas
pandas\core\methods\describe.py,pandas\core\dtypes\dtypes.py,pandas-dev/pandas
pandas\core\methods\describe.py,pandas\util\_exceptions.py,pandas-dev/pandas
pandas\core\methods\selectn.py,pandas\api\typing\__init__.py,pandas-dev/pandas
pandas\core\methods\selectn.py,pandas\core\dtypes\common.py,pandas-dev/pandas
pandas\core\methods\selectn.py,pandas\core\indexes\api.py,pandas-dev/pandas
pandas\core\methods\selectn.py,pandas\_typing.py,pandas-dev/pandas
pandas\core\methods\selectn.py,pandas\__init__.py,pandas-dev/pandas
pandas\core\methods\selectn.py,pandas\core\reshape\concat.py,pandas-dev/pandas
pandas\core\methods\selectn.py,pandas\compat\numpy\__init__.py,pandas-dev/pandas
pandas\core\methods\selectn.py,pandas\core\dtypes\dtypes.py,pandas-dev/pandas
pandas\core\methods\selectn.py,pandas\_libs\__init__.py,pandas-dev/pandas
pandas\core\methods\to_dict.py,pandas\__init__.py,pandas-dev/pandas
pandas\core\methods\to_dict.py,pandas\api\typing\__init__.py,pandas-dev/pandas
pandas\core\methods\to_dict.py,pandas\_libs\__init__.py,pandas-dev/pandas
pandas\core\methods\to_dict.py,pandas\core\dtypes\cast.py,pandas-dev/pandas
pandas\core\methods\to_dict.py,pandas\core\dtypes\dtypes.py,pandas-dev/pandas
pandas\core\methods\to_dict.py,pandas\core\__init__.py,pandas-dev/pandas
pandas\core\methods\to_dict.py,pandas\_typing.py,pandas-dev/pandas
pandas\core\methods\to_dict.py,pandas\compat\numpy\__init__.py,pandas-dev/pandas
pandas\core\methods\to_dict.py,pandas\util\_exceptions.py,pandas-dev/pandas
pandas\core\ops\array_ops.py,pandas\compat\numpy\__init__.py,pandas-dev/pandas
pandas\core\ops\array_ops.py,pandas\core\arrays\__init__.py,pandas-dev/pandas
pandas\core\ops\array_ops.py,pandas\core\ops\__init__.py,pandas-dev/pandas
pandas\core\ops\array_ops.py,pandas\_typing.py,pandas-dev/pandas
pandas\core\ops\array_ops.py,pandas\api\typing\__init__.py,pandas-dev/pandas
pandas\core\ops\array_ops.py,pandas\_libs\__init__.py,pandas-dev/pandas
pandas\core\ops\array_ops.py,pandas\_libs\tslibs\__init__.py,pandas-dev/pandas
pandas\core\ops\array_ops.py,pandas\core\dtypes\cast.py,pandas-dev/pandas
pandas\core\ops\array_ops.py,pandas\core\dtypes\common.py,pandas-dev/pandas
pandas\core\ops\array_ops.py,pandas\core\dtypes\generic.py,pandas-dev/pandas
pandas\core\ops\array_ops.py,pandas\core\dtypes\missing.py,pandas-dev/pandas
pandas\core\ops\array_ops.py,pandas\core\construction.py,pandas-dev/pandas
pandas\core\ops\array_ops.py,pandas\core\ops\invalid.py,pandas-dev/pandas
pandas\core\ops\array_ops.py,pandas\core\ops\dispatch.py,pandas-dev/pandas
pandas\core\ops\array_ops.py,pandas\core\__init__.py,pandas-dev/pandas
pandas\core\ops\array_ops.py,pandas\core\computation\__init__.py,pandas-dev/pandas
pandas\core\ops\common.py,pandas\compat\numpy\__init__.py,pandas-dev/pandas
pandas\core\ops\common.py,pandas\_libs\__init__.py,pandas-dev/pandas
pandas\core\ops\common.py,pandas\api\typing\__init__.py,pandas-dev/pandas
pandas\core\ops\common.py,pandas\util\_exceptions.py,pandas-dev/pandas
pandas\core\ops\common.py,pandas\core\dtypes\generic.py,pandas-dev/pandas
pandas\core\ops\common.py,pandas\core\construction.py,pandas-dev/pandas
pandas\core\ops\common.py,pandas\_typing.py,pandas-dev/pandas
pandas\core\ops\common.py,pandas\errors\__init__.py,pandas-dev/pandas
pandas\core\ops\dispatch.py,pandas\api\typing\__init__.py,pandas-dev/pandas
pandas\core\ops\dispatch.py,pandas\core\dtypes\generic.py,pandas-dev/pandas
pandas\core\ops\dispatch.py,pandas\_typing.py,pandas-dev/pandas
pandas\core\ops\invalid.py,pandas\_typing.py,pandas-dev/pandas
pandas\core\ops\invalid.py,pandas\api\typing\__init__.py,pandas-dev/pandas
pandas\core\ops\invalid.py,pandas\compat\numpy\__init__.py,pandas-dev/pandas
pandas\core\ops\mask_ops.py,pandas\api\typing\__init__.py,pandas-dev/pandas
pandas\core\ops\mask_ops.py,pandas\_typing.py,pandas-dev/pandas
pandas\core\ops\mask_ops.py,pandas\_libs\__init__.py,pandas-dev/pandas
pandas\core\ops\mask_ops.py,pandas\compat\numpy\__init__.py,pandas-dev/pandas
pandas\core\ops\missing.py,pandas\core\__init__.py,pandas-dev/pandas
pandas\core\ops\missing.py,pandas\compat\numpy\__init__.py,pandas-dev/pandas
pandas\core\ops\__init__.py,pandas\core\ops\array_ops.py,pandas-dev/pandas
pandas\core\ops\__init__.py,pandas\core\ops\invalid.py,pandas-dev/pandas
pandas\core\ops\__init__.py,pandas\core\ops\common.py,pandas-dev/pandas
pandas\core\ops\__init__.py,pandas\core\ops\mask_ops.py,pandas-dev/pandas
pandas\core\ops\__init__.py,pandas\core\roperator.py,pandas-dev/pandas
pandas\core\reshape\api.py,pandas\core\reshape\concat.py,pandas-dev/pandas
pandas\core\reshape\api.py,pandas\core\reshape\melt.py,pandas-dev/pandas
pandas\core\reshape\api.py,pandas\core\reshape\merge.py,pandas-dev/pandas
pandas\core\reshape\api.py,pandas\core\reshape\pivot.py,pandas-dev/pandas
pandas\core\reshape\api.py,pandas\core\reshape\encoding.py,pandas-dev/pandas
pandas\core\reshape\api.py,pandas\core\reshape\tile.py,pandas-dev/pandas
pandas\core\reshape\concat.py,pandas\api\types\__init__.py,pandas-dev/pandas
pandas\core\reshape\concat.py,pandas\util\_exceptions.py,pandas-dev/pandas
pandas\core\reshape\concat.py,pandas\core\internals\__init__.py,pandas-dev/pandas
pandas\core\reshape\concat.py,pandas\core\dtypes\missing.py,pandas-dev/pandas
pandas\core\reshape\concat.py,pandas\errors\__init__.py,pandas-dev/pandas
pandas\core\reshape\concat.py,pandas\api\typing\__init__.py,pandas-dev/pandas
pandas\core\reshape\concat.py,pandas\core\dtypes\common.py,pandas-dev/pandas
pandas\core\reshape\concat.py,pandas\core\dtypes\generic.py,pandas-dev/pandas
pandas\core\reshape\concat.py,pandas\core\arrays\categorical.py,pandas-dev/pandas
pandas\core\reshape\concat.py,pandas\core\indexes\datetimes.py,pandas-dev/pandas
pandas\core\reshape\concat.py,pandas\core\indexes\api.py,pandas-dev/pandas
pandas\core\reshape\concat.py,pandas\_typing.py,pandas-dev/pandas
pandas\core\reshape\concat.py,pandas\__init__.py,pandas-dev/pandas
pandas\core\reshape\concat.py,pandas\_libs\__init__.py,pandas-dev/pandas
pandas\core\reshape\concat.py,pandas\util\_decorators.py,pandas-dev/pandas
pandas\core\reshape\concat.py,pandas\core\dtypes\concat.py,pandas-dev/pandas
pandas\core\reshape\concat.py,pandas\compat\numpy\__init__.py,pandas-dev/pandas
pandas\core\reshape\concat.py,pandas\core\common.py,pandas-dev/pandas
pandas\core\reshape\encoding.py,pandas\compat\pyarrow.py,pandas-dev/pandas
pandas\core\reshape\encoding.py,pandas\core\dtypes\common.py,pandas-dev/pandas
pandas\core\reshape\encoding.py,pandas\core\dtypes\dtypes.py,pandas-dev/pandas
pandas\core\reshape\encoding.py,pandas\core\indexes\api.py,pandas-dev/pandas
pandas\core\reshape\encoding.py,pandas\_typing.py,pandas-dev/pandas
pandas\core\reshape\encoding.py,pandas\core\reshape\concat.py,pandas-dev/pandas
pandas\core\reshape\encoding.py,pandas\core\series.py,pandas-dev/pandas
pandas\core\reshape\encoding.py,pandas\core\arrays\categorical.py,pandas-dev/pandas
pandas\core\reshape\encoding.py,pandas\_libs\__init__.py,pandas-dev/pandas
pandas\core\reshape\encoding.py,pandas\compat\numpy\__init__.py,pandas-dev/pandas
pandas\core\reshape\encoding.py,pandas\util\_decorators.py,pandas-dev/pandas
pandas\core\reshape\encoding.py,pandas\core\arrays\__init__.py,pandas-dev/pandas
pandas\core\reshape\encoding.py,pandas\core\arrays\string_.py,pandas-dev/pandas
pandas\core\reshape\encoding.py,pandas\core\frame.py,pandas-dev/pandas
pandas\core\reshape\encoding.py,pandas\api\typing\__init__.py,pandas-dev/pandas
pandas\core\reshape\melt.py,pandas\_typing.py,pandas-dev/pandas
pandas\core\reshape\melt.py,pandas\api\typing\__init__.py,pandas-dev/pandas
pandas\core\reshape\melt.py,pandas\core\dtypes\common.py,pandas-dev/pandas
pandas\core\reshape\melt.py,pandas\core\dtypes\missing.py,pandas-dev/pandas
pandas\core\reshape\melt.py,pandas\core\indexes\api.py,pandas-dev/pandas
pandas\core\reshape\melt.py,pandas\core\reshape\concat.py,pandas-dev/pandas
pandas\core\reshape\melt.py,pandas\core\tools\numeric.py,pandas-dev/pandas
pandas\core\reshape\melt.py,pandas\compat\numpy\__init__.py,pandas-dev/pandas
pandas\core\reshape\melt.py,pandas\core\algorithms.py,pandas-dev/pandas
pandas\core\reshape\melt.py,pandas\core\dtypes\concat.py,pandas-dev/pandas
pandas\core\reshape\melt.py,pandas\util\_decorators.py,pandas-dev/pandas
pandas\core\reshape\melt.py,pandas\__init__.py,pandas-dev/pandas
pandas\core\reshape\merge.py,pandas\api\types\__init__.py,pandas-dev/pandas
pandas\core\reshape\merge.py,pandas\core\algorithms.py,pandas-dev/pandas
pandas\core\reshape\merge.py,pandas\errors\__init__.py,pandas-dev/pandas
pandas\core\reshape\merge.py,pandas\core\reshape\concat.py,pandas-dev/pandas
pandas\core\reshape\merge.py,pandas\_typing.py,pandas-dev/pandas
pandas\core\reshape\merge.py,pandas\compat\pyarrow.py,pandas-dev/pandas
pandas\core\reshape\merge.py,pandas\core\dtypes\cast.py,pandas-dev/pandas
pandas\core\reshape\merge.py,pandas\core\indexes\frozen.py,pandas-dev/pandas
pandas\core\reshape\merge.py,pandas\core\arrays\__init__.py,pandas-dev/pandas
pandas\core\reshape\merge.py,pandas\core\arrays\string_.py,pandas-dev/pandas
pandas\core\reshape\merge.py,pandas\core\__init__.py,pandas-dev/pandas
pandas\core\reshape\merge.py,pandas\compat\numpy\__init__.py,pandas-dev/pandas
pandas\core\reshape\merge.py,pandas\_libs\__init__.py,pandas-dev/pandas
pandas\core\reshape\merge.py,pandas\util\_exceptions.py,pandas-dev/pandas
pandas\core\reshape\merge.py,pandas\__init__.py,pandas-dev/pandas
pandas\core\reshape\merge.py,pandas\core\indexes\api.py,pandas-dev/pandas
pandas\core\reshape\merge.py,pandas\core\indexes\base.py,pandas-dev/pandas
pandas\core\reshape\merge.py,pandas\core\common.py,pandas-dev/pandas
pandas\core\reshape\merge.py,pandas\api\typing\__init__.py,pandas-dev/pandas
pandas\core\reshape\merge.py,pandas\util\_decorators.py,pandas-dev/pandas
pandas\core\reshape\merge.py,pandas\core\dtypes\common.py,pandas-dev/pandas
pandas\core\reshape\merge.py,pandas\core\dtypes\dtypes.py,pandas-dev/pandas
pandas\core\reshape\merge.py,pandas\core\dtypes\generic.py,pandas-dev/pandas
pandas\core\reshape\merge.py,pandas\core\dtypes\missing.py,pandas-dev/pandas
pandas\core\reshape\merge.py,pandas\core\construction.py,pandas-dev/pandas
pandas\core\reshape\merge.py,pandas\core\sorting.py,pandas-dev/pandas
pandas\core\reshape\merge.py,pandas\core\dtypes\base.py,pandas-dev/pandas
pandas\core\reshape\pivot.py,pandas\core\groupby\__init__.py,pandas-dev/pandas
pandas\core\reshape\pivot.py,pandas\__init__.py,pandas-dev/pandas
pandas\core\reshape\pivot.py,pandas\core\common.py,pandas-dev/pandas
pandas\core\reshape\pivot.py,pandas\_libs\__init__.py,pandas-dev/pandas
pandas\core\reshape\pivot.py,pandas\core\series.py,pandas-dev/pandas
pandas\core\reshape\pivot.py,pandas\core\dtypes\dtypes.py,pandas-dev/pandas
pandas\core\reshape\pivot.py,pandas\api\typing\__init__.py,pandas-dev/pandas
pandas\core\reshape\pivot.py,pandas\core\dtypes\common.py,pandas-dev/pandas
pandas\core\reshape\pivot.py,pandas\core\dtypes\generic.py,pandas-dev/pandas
pandas\core\reshape\pivot.py,pandas\core\indexes\api.py,pandas-dev/pandas
pandas\core\reshape\pivot.py,pandas\_typing.py,pandas-dev/pandas
pandas\core\reshape\pivot.py,pandas\core\reshape\concat.py,pandas-dev/pandas
pandas\core\reshape\pivot.py,pandas\util\_decorators.py,pandas-dev/pandas
pandas\core\reshape\pivot.py,pandas\compat\numpy\__init__.py,pandas-dev/pandas
pandas\core\reshape\pivot.py,pandas\core\dtypes\cast.py,pandas-dev/pandas
pandas\core\reshape\reshape.py,pandas\_config\config.py,pandas-dev/pandas
pandas\core\reshape\reshape.py,pandas\util\_decorators.py,pandas-dev/pandas
pandas\core\reshape\reshape.py,pandas\core\indexes\frozen.py,pandas-dev/pandas
pandas\core\reshape\reshape.py,pandas\compat\numpy\__init__.py,pandas-dev/pandas
pandas\core\reshape\reshape.py,pandas\_libs\__init__.py,pandas-dev/pandas
pandas\core\reshape\reshape.py,pandas\core\arrays\__init__.py,pandas-dev/pandas
pandas\core\reshape\reshape.py,pandas\core\sorting.py,pandas-dev/pandas
pandas\core\reshape\reshape.py,pandas\api\typing\__init__.py,pandas-dev/pandas
pandas\core\reshape\reshape.py,pandas\errors\__init__.py,pandas-dev/pandas
pandas\core\reshape\reshape.py,pandas\core\dtypes\cast.py,pandas-dev/pandas
pandas\core\reshape\reshape.py,pandas\core\dtypes\common.py,pandas-dev/pandas
pandas\core\reshape\reshape.py,pandas\core\dtypes\missing.py,pandas-dev/pandas
pandas\core\reshape\reshape.py,pandas\core\arrays\categorical.py,pandas-dev/pandas
pandas\core\reshape\reshape.py,pandas\core\algorithms.py,pandas-dev/pandas
pandas\core\reshape\reshape.py,pandas\core\indexes\api.py,pandas-dev/pandas
pandas\core\reshape\reshape.py,pandas\core\series.py,pandas-dev/pandas
pandas\core\reshape\reshape.py,pandas\_typing.py,pandas-dev/pandas
pandas\core\reshape\reshape.py,pandas\core\arrays\_mixins.py,pandas-dev/pandas
pandas\core\reshape\reshape.py,pandas\core\dtypes\dtypes.py,pandas-dev/pandas
pandas\core\reshape\reshape.py,pandas\util\_exceptions.py,pandas-dev/pandas
pandas\core\reshape\reshape.py,pandas\core\frame.py,pandas-dev/pandas
pandas\core\reshape\reshape.py,pandas\core\construction.py,pandas-dev/pandas
pandas\core\reshape\reshape.py,pandas\core\reshape\concat.py,pandas-dev/pandas
pandas\core\reshape\tile.py,pandas\core\algorithms.py,pandas-dev/pandas
pandas\core\reshape\tile.py,pandas\core\arrays\datetimelike.py,pandas-dev/pandas
pandas\core\reshape\tile.py,pandas\api\typing\__init__.py,pandas-dev/pandas
pandas\core\reshape\tile.py,pandas\_libs\__init__.py,pandas-dev/pandas
pandas\core\reshape\tile.py,pandas\core\dtypes\common.py,pandas-dev/pandas
pandas\core\reshape\tile.py,pandas\core\dtypes\dtypes.py,pandas-dev/pandas
pandas\core\reshape\tile.py,pandas\core\dtypes\generic.py,pandas-dev/pandas
pandas\core\reshape\tile.py,pandas\core\dtypes\missing.py,pandas-dev/pandas
pandas\core\reshape\tile.py,pandas\__init__.py,pandas-dev/pandas
pandas\core\reshape\tile.py,pandas\_typing.py,pandas-dev/pandas
pandas\core\reshape\tile.py,pandas\compat\numpy\__init__.py,pandas-dev/pandas
pandas\core\reshape\tile.py,pandas\util\_decorators.py,pandas-dev/pandas
pandas\core\reshape\tile.py,pandas\core\col.py,pandas-dev/pandas
pandas\core\sparse\api.py,pandas\core\dtypes\dtypes.py,pandas-dev/pandas
pandas\core\sparse\api.py,pandas\core\arrays\sparse\__init__.py,pandas-dev/pandas
pandas\core\strings\accessor.py,pandas\_config\__init__.py,pandas-dev/pandas
pandas\core\strings\accessor.py,pandas\core\arrays\__init__.py,pandas-dev/pandas
pandas\core\strings\accessor.py,pandas\core\arrays\string_.py,pandas-dev/pandas
pandas\core\strings\accessor.py,pandas\_libs\__init__.py,pandas-dev/pandas
pandas\core\strings\accessor.py,pandas\core\frame.py,pandas-dev/pandas
pandas\core\strings\accessor.py,pandas\compat\pyarrow.py,pandas-dev/pandas
pandas\core\strings\accessor.py,pandas\api\typing\__init__.py,pandas-dev/pandas
pandas\core\strings\accessor.py,pandas\core\dtypes\common.py,pandas-dev/pandas
pandas\core\strings\accessor.py,pandas\core\dtypes\dtypes.py,pandas-dev/pandas
pandas\core\strings\accessor.py,pandas\core\dtypes\generic.py,pandas-dev/pandas
pandas\core\strings\accessor.py,pandas\__init__.py,pandas-dev/pandas
pandas\core\strings\accessor.py,pandas\_typing.py,pandas-dev/pandas
pandas\core\strings\accessor.py,pandas\core\base.py,pandas-dev/pandas
pandas\core\strings\accessor.py,pandas\util\_exceptions.py,pandas-dev/pandas
pandas\core\strings\accessor.py,pandas\core\arrays\arrow\array.py,pandas-dev/pandas
pandas\core\strings\accessor.py,pandas\compat\numpy\__init__.py,pandas-dev/pandas
pandas\core\strings\accessor.py,pandas\core\construction.py,pandas-dev/pandas
pandas\core\strings\accessor.py,pandas\core\dtypes\missing.py,pandas-dev/pandas
pandas\core\strings\object_array.py,pandas\_libs\__init__.py,pandas-dev/pandas
pandas\core\strings\object_array.py,pandas\api\typing\__init__.py,pandas-dev/pandas
pandas\core\strings\object_array.py,pandas\core\dtypes\missing.py,pandas-dev/pandas
pandas\core\strings\object_array.py,pandas\_typing.py,pandas-dev/pandas
pandas\core\strings\object_array.py,pandas\util\_validators.py,pandas-dev/pandas
pandas\core\strings\object_array.py,pandas\__init__.py,pandas-dev/pandas
pandas\core\strings\object_array.py,pandas\compat\numpy\__init__.py,pandas-dev/pandas
pandas\core\strings\object_array.py,pandas\core\arrays\string_.py,pandas-dev/pandas
pandas\core\strings\object_array.py,pandas\core\dtypes\common.py,pandas-dev/pandas
pandas\core\tools\datetimes.py,pandas\core\indexes\datetimes.py,pandas-dev/pandas
pandas\core\tools\datetimes.py,pandas\core\algorithms.py,pandas-dev/pandas
pandas\core\tools\datetimes.py,pandas\__init__.py,pandas-dev/pandas
pandas\core\tools\datetimes.py,pandas\util\_decorators.py,pandas-dev/pandas
pandas\core\tools\datetimes.py,pandas\core\arrays\base.py,pandas-dev/pandas
pandas\core\tools\datetimes.py,pandas\core\tools\timedeltas.py,pandas-dev/pandas
pandas\core\tools\datetimes.py,pandas\_typing.py,pandas-dev/pandas
pandas\core\tools\datetimes.py,pandas\_libs\tslibs\__init__.py,pandas-dev/pandas
pandas\core\tools\datetimes.py,pandas\api\typing\__init__.py,pandas-dev/pandas
pandas\core\tools\datetimes.py,pandas\_libs\__init__.py,pandas-dev/pandas
pandas\core\tools\datetimes.py,pandas\core\dtypes\common.py,pandas-dev/pandas
pandas\core\tools\datetimes.py,pandas\core\dtypes\dtypes.py,pandas-dev/pandas
pandas\core\tools\datetimes.py,pandas\compat\numpy\__init__.py,pandas-dev/pandas
pandas\core\tools\datetimes.py,pandas\core\dtypes\generic.py,pandas-dev/pandas
pandas\core\tools\datetimes.py,pandas\arrays\__init__.py,pandas-dev/pandas
pandas\core\tools\datetimes.py,pandas\core\arrays\datetimes.py,pandas-dev/pandas
pandas\core\tools\datetimes.py,pandas\core\indexes\base.py,pandas-dev/pandas
pandas\core\tools\datetimes.py,pandas\core\arrays\__init__.py,pandas-dev/pandas
pandas\core\tools\datetimes.py,pandas\core\construction.py,pandas-dev/pandas
pandas\core\tools\datetimes.py,pandas\util\_exceptions.py,pandas-dev/pandas
pandas\core\tools\numeric.py,pandas\util\_validators.py,pandas-dev/pandas
pandas\core\tools\numeric.py,pandas\core\arrays\__init__.py,pandas-dev/pandas
pandas\core\tools\numeric.py,pandas\api\typing\__init__.py,pandas-dev/pandas
pandas\core\tools\numeric.py,pandas\_libs\tslibs\__init__.py,pandas-dev/pandas
pandas\core\tools\numeric.py,pandas\_libs\__init__.py,pandas-dev/pandas
pandas\core\tools\numeric.py,pandas\core\dtypes\cast.py,pandas-dev/pandas
pandas\core\tools\numeric.py,pandas\core\dtypes\common.py,pandas-dev/pandas
pandas\core\tools\numeric.py,pandas\core\dtypes\dtypes.py,pandas-dev/pandas
pandas\core\tools\numeric.py,pandas\core\dtypes\generic.py,pandas-dev/pandas
pandas\core\tools\numeric.py,pandas\_typing.py,pandas-dev/pandas
pandas\core\tools\numeric.py,pandas\compat\numpy\__init__.py,pandas-dev/pandas
pandas\core\tools\numeric.py,pandas\__init__.py,pandas-dev/pandas
pandas\core\tools\numeric.py,pandas\util\_decorators.py,pandas-dev/pandas
pandas\core\tools\numeric.py,pandas\core\arrays\string_.py,pandas-dev/pandas
pandas\core\tools\timedeltas.py,pandas\__init__.py,pandas-dev/pandas
pandas\core\tools\timedeltas.py,pandas\api\typing\__init__.py,pandas-dev/pandas
pandas\core\tools\timedeltas.py,pandas\_libs\tslibs\__init__.py,pandas-dev/pandas
pandas\core\tools\timedeltas.py,pandas\_libs\__init__.py,pandas-dev/pandas
pandas\core\tools\timedeltas.py,pandas\core\dtypes\common.py,pandas-dev/pandas
pandas\core\tools\timedeltas.py,pandas\core\dtypes\dtypes.py,pandas-dev/pandas
pandas\core\tools\timedeltas.py,pandas\core\dtypes\generic.py,pandas-dev/pandas
pandas\core\tools\timedeltas.py,pandas\core\arrays\timedeltas.py,pandas-dev/pandas
pandas\core\tools\timedeltas.py,pandas\compat\numpy\__init__.py,pandas-dev/pandas
pandas\core\tools\timedeltas.py,pandas\_typing.py,pandas-dev/pandas
pandas\core\tools\timedeltas.py,pandas\util\_decorators.py,pandas-dev/pandas
pandas\core\tools\times.py,pandas\_libs\__init__.py,pandas-dev/pandas
pandas\core\tools\times.py,pandas\core\dtypes\generic.py,pandas-dev/pandas
pandas\core\tools\times.py,pandas\core\dtypes\missing.py,pandas-dev/pandas
pandas\core\tools\times.py,pandas\compat\numpy\__init__.py,pandas-dev/pandas
pandas\core\tools\times.py,pandas\api\typing\__init__.py,pandas-dev/pandas
pandas\core\tools\times.py,pandas\_typing.py,pandas-dev/pandas
pandas\core\util\hashing.py,pandas\_libs\__init__.py,pandas-dev/pandas
pandas\core\util\hashing.py,pandas\core\dtypes\dtypes.py,pandas-dev/pandas
pandas\core\util\hashing.py,pandas\core\dtypes\generic.py,pandas-dev/pandas
pandas\core\util\hashing.py,pandas\_typing.py,pandas-dev/pandas
pandas\core\util\hashing.py,pandas\__init__.py,pandas-dev/pandas
pandas\core\util\hashing.py,pandas\compat\numpy\__init__.py,pandas-dev/pandas
pandas\core\util\hashing.py,pandas\core\dtypes\common.py,pandas-dev/pandas
pandas\core\util\hashing.py,pandas\api\typing\__init__.py,pandas-dev/pandas
pandas\core\util\numba_.py,pandas\api\types\__init__.py,pandas-dev/pandas
pandas\core\util\numba_.py,pandas\compat\_optional.py,pandas-dev/pandas
pandas\core\util\numba_.py,pandas\compat\numpy\__init__.py,pandas-dev/pandas
pandas\core\util\numba_.py,pandas\errors\__init__.py,pandas-dev/pandas
pandas\core\util\numba_.py,pandas\api\typing\__init__.py,pandas-dev/pandas
pandas\core\window\common.py,pandas\compat\numpy\__init__.py,pandas-dev/pandas
pandas\core\window\common.py,pandas\api\typing\__init__.py,pandas-dev/pandas
pandas\core\window\common.py,pandas\core\dtypes\generic.py,pandas-dev/pandas
pandas\core\window\common.py,pandas\__init__.py,pandas-dev/pandas
pandas\core\window\common.py,pandas\core\indexes\api.py,pandas-dev/pandas
pandas\core\window\ewm.py,pandas\core\dtypes\missing.py,pandas-dev/pandas
pandas\core\window\ewm.py,pandas\core\generic.py,pandas-dev/pandas
pandas\core\window\ewm.py,pandas\core\dtypes\generic.py,pandas-dev/pandas
pandas\core\window\ewm.py,pandas\compat\numpy\__init__.py,pandas-dev/pandas
pandas\core\window\ewm.py,pandas\__init__.py,pandas-dev/pandas
pandas\core\window\ewm.py,pandas\core\util\numba_.py,pandas-dev/pandas
pandas\core\window\ewm.py,pandas\core\window\online.py,pandas-dev/pandas
pandas\core\window\ewm.py,pandas\api\typing\__init__.py,pandas-dev/pandas
pandas\core\window\ewm.py,pandas\core\dtypes\common.py,pandas-dev/pandas
pandas\core\window\ewm.py,pandas\core\indexers\objects.py,pandas-dev/pandas
pandas\core\window\ewm.py,pandas\core\window\numba_.py,pandas-dev/pandas
pandas\core\window\ewm.py,pandas\core\window\rolling.py,pandas-dev/pandas
pandas\core\window\ewm.py,pandas\_typing.py,pandas-dev/pandas
pandas\core\window\ewm.py,pandas\core\arrays\datetimelike.py,pandas-dev/pandas
pandas\core\window\ewm.py,pandas\util\_decorators.py,pandas-dev/pandas
pandas\core\window\ewm.py,pandas\_libs\tslibs\__init__.py,pandas-dev/pandas
pandas\core\window\ewm.py,pandas\core\dtypes\dtypes.py,pandas-dev/pandas
pandas\core\window\ewm.py,pandas\core\__init__.py,pandas-dev/pandas
pandas\core\window\ewm.py,pandas\_libs\window\__init__.py,pandas-dev/pandas
pandas\core\window\ewm.py,pandas\core\window\common.py,pandas-dev/pandas
pandas\core\window\expanding.py,pandas\api\typing\__init__.py,pandas-dev/pandas
pandas\core\window\expanding.py,pandas\core\window\rolling.py,pandas-dev/pandas
pandas\core\window\expanding.py,pandas\core\indexers\objects.py,pandas-dev/pandas
pandas\core\window\expanding.py,pandas\_typing.py,pandas-dev/pandas
pandas\core\window\expanding.py,pandas\__init__.py,pandas-dev/pandas
pandas\core\window\expanding.py,pandas\core\generic.py,pandas-dev/pandas
pandas\core\window\expanding.py,pandas\util\_decorators.py,pandas-dev/pandas
pandas\core\window\numba_.py,pandas\core\util\numba_.py,pandas-dev/pandas
pandas\core\window\numba_.py,pandas\api\typing\__init__.py,pandas-dev/pandas
pandas\core\window\numba_.py,pandas\_typing.py,pandas-dev/pandas
pandas\core\window\numba_.py,pandas\compat\numpy\__init__.py,pandas-dev/pandas
pandas\core\window\numba_.py,pandas\compat\_optional.py,pandas-dev/pandas
pandas\core\window\online.py,pandas\api\typing\__init__.py,pandas-dev/pandas
pandas\core\window\online.py,pandas\compat\numpy\__init__.py,pandas-dev/pandas
pandas\core\window\online.py,pandas\compat\_optional.py,pandas-dev/pandas
pandas\core\window\rolling.py,pandas\core\common.py,pandas-dev/pandas
pandas\core\window\rolling.py,pandas\util\_decorators.py,pandas-dev/pandas
pandas\core\window\rolling.py,pandas\core\generic.py,pandas-dev/pandas
pandas\core\window\rolling.py,pandas\__init__.py,pandas-dev/pandas
pandas\core\window\rolling.py,pandas\core\_numba\kernels\__init__.py,pandas-dev/pandas
pandas\core\window\rolling.py,pandas\core\dtypes\missing.py,pandas-dev/pandas
pandas\core\window\rolling.py,pandas\core\_numba\__init__.py,pandas-dev/pandas
pandas\core\window\rolling.py,pandas\errors\__init__.py,pandas-dev/pandas
pandas\core\window\rolling.py,pandas\core\base.py,pandas-dev/pandas
pandas\core\window\rolling.py,pandas\core\groupby\ops.py,pandas-dev/pandas
pandas\core\window\rolling.py,pandas\_libs\window\__init__.py,pandas-dev/pandas
pandas\core\window\rolling.py,pandas\core\arrays\__init__.py,pandas-dev/pandas
pandas\core\window\rolling.py,pandas\core\arrays\datetimelike.py,pandas-dev/pandas
pandas\core\window\rolling.py,pandas\api\typing\__init__.py,pandas-dev/pandas
pandas\core\window\rolling.py,pandas\_libs\tslibs\__init__.py,pandas-dev/pandas
pandas\core\window\rolling.py,pandas\core\dtypes\common.py,pandas-dev/pandas
pandas\core\window\rolling.py,pandas\core\dtypes\generic.py,pandas-dev/pandas
pandas\core\window\rolling.py,pandas\core\apply.py,pandas-dev/pandas
pandas\core\window\rolling.py,pandas\core\indexers\objects.py,pandas-dev/pandas
pandas\core\window\rolling.py,pandas\core\indexes\api.py,pandas-dev/pandas
pandas\core\window\rolling.py,pandas\core\util\numba_.py,pandas-dev/pandas
pandas\core\window\rolling.py,pandas\core\window\common.py,pandas-dev/pandas
pandas\core\window\rolling.py,pandas\core\window\numba_.py,pandas-dev/pandas
pandas\core\window\rolling.py,pandas\core\dtypes\dtypes.py,pandas-dev/pandas
pandas\core\window\rolling.py,pandas\core\algorithms.py,pandas-dev/pandas
pandas\core\window\rolling.py,pandas\_typing.py,pandas-dev/pandas
pandas\core\window\rolling.py,pandas\compat\_optional.py,pandas-dev/pandas
pandas\core\window\rolling.py,pandas\core\reshape\concat.py,pandas-dev/pandas
pandas\core\window\rolling.py,pandas\compat\numpy\__init__.py,pandas-dev/pandas
pandas\core\window\__init__.py,pandas\core\window\ewm.py,pandas-dev/pandas
pandas\core\window\__init__.py,pandas\core\window\expanding.py,pandas-dev/pandas
pandas\core\window\__init__.py,pandas\core\window\rolling.py,pandas-dev/pandas
pandas\core\_numba\executor.py,pandas\compat\numpy\__init__.py,pandas-dev/pandas
pandas\core\_numba\executor.py,pandas\compat\_optional.py,pandas-dev/pandas
pandas\core\_numba\executor.py,pandas\_typing.py,pandas-dev/pandas
pandas\core\_numba\executor.py,pandas\api\typing\__init__.py,pandas-dev/pandas
pandas\core\_numba\executor.py,pandas\core\util\numba_.py,pandas-dev/pandas
pandas\core\_numba\extensions.py,pandas\compat\numpy\__init__.py,pandas-dev/pandas
pandas\core\_numba\extensions.py,pandas\api\typing\__init__.py,pandas-dev/pandas
pandas\core\_numba\extensions.py,pandas\_libs\__init__.py,pandas-dev/pandas
pandas\core\_numba\extensions.py,pandas\core\indexes\base.py,pandas-dev/pandas
pandas\core\_numba\extensions.py,pandas\core\indexing.py,pandas-dev/pandas
pandas\core\_numba\extensions.py,pandas\core\series.py,pandas-dev/pandas
pandas\core\_numba\extensions.py,pandas\core\internals\__init__.py,pandas-dev/pandas
pandas\core\_numba\kernels\mean_.py,pandas\core\_numba\kernels\sum_.py,pandas-dev/pandas
pandas\core\_numba\kernels\mean_.py,pandas\core\_numba\kernels\shared.py,pandas-dev/pandas
pandas\core\_numba\kernels\mean_.py,pandas\_typing.py,pandas-dev/pandas
pandas\core\_numba\kernels\mean_.py,pandas\compat\numpy\__init__.py,pandas-dev/pandas
pandas\core\_numba\kernels\mean_.py,pandas\api\typing\__init__.py,pandas-dev/pandas
pandas\core\_numba\kernels\min_max_.py,pandas\api\typing\__init__.py,pandas-dev/pandas
pandas\core\_numba\kernels\min_max_.py,pandas\compat\numpy\__init__.py,pandas-dev/pandas
pandas\core\_numba\kernels\min_max_.py,pandas\_typing.py,pandas-dev/pandas
pandas\core\_numba\kernels\shared.py,pandas\api\typing\__init__.py,pandas-dev/pandas
pandas\core\_numba\kernels\shared.py,pandas\compat\numpy\__init__.py,pandas-dev/pandas
pandas\core\_numba\kernels\sum_.py,pandas\compat\numpy\__init__.py,pandas-dev/pandas
pandas\core\_numba\kernels\sum_.py,pandas\api\typing\__init__.py,pandas-dev/pandas
pandas\core\_numba\kernels\sum_.py,pandas\core\_numba\kernels\shared.py,pandas-dev/pandas
pandas\core\_numba\kernels\sum_.py,pandas\_typing.py,pandas-dev/pandas
pandas\core\_numba\kernels\var_.py,pandas\_typing.py,pandas-dev/pandas
pandas\core\_numba\kernels\var_.py,pandas\compat\numpy\__init__.py,pandas-dev/pandas
pandas\core\_numba\kernels\var_.py,pandas\api\typing\__init__.py,pandas-dev/pandas
pandas\core\_numba\kernels\var_.py,pandas\core\_numba\kernels\shared.py,pandas-dev/pandas
pandas\core\_numba\kernels\__init__.py,pandas\core\_numba\kernels\mean_.py,pandas-dev/pandas
pandas\core\_numba\kernels\__init__.py,pandas\core\_numba\kernels\sum_.py,pandas-dev/pandas
pandas\core\_numba\kernels\__init__.py,pandas\core\_numba\kernels\var_.py,pandas-dev/pandas
pandas\core\_numba\kernels\__init__.py,pandas\core\_numba\kernels\min_max_.py,pandas-dev/pandas
pandas\core\arrays\arrow\accessors.py,pandas\__init__.py,pandas-dev/pandas
pandas\core\arrays\arrow\accessors.py,pandas\compat\__init__.py,pandas-dev/pandas
pandas\core\arrays\arrow\accessors.py,pandas\api\typing\__init__.py,pandas-dev/pandas
pandas\core\arrays\arrow\accessors.py,pandas\core\dtypes\dtypes.py,pandas-dev/pandas
pandas\core\arrays\arrow\accessors.py,pandas\compat\pyarrow.py,pandas-dev/pandas
pandas\core\arrays\arrow\accessors.py,pandas\core\dtypes\common.py,pandas-dev/pandas
pandas\core\arrays\arrow\array.py,pandas\core\common.py,pandas-dev/pandas
pandas\core\arrays\arrow\array.py,pandas\core\arrays\base.py,pandas-dev/pandas
pandas\core\arrays\arrow\array.py,pandas\core\arrays\string_.py,pandas-dev/pandas
pandas\core\arrays\arrow\array.py,pandas\_config\__init__.py,pandas-dev/pandas
pandas\core\arrays\arrow\array.py,pandas\core\arrays\_utils.py,pandas-dev/pandas
pandas\core\arrays\arrow\array.py,pandas\core\tools\timedeltas.py,pandas-dev/pandas
pandas\core\arrays\arrow\array.py,pandas\_libs\__init__.py,pandas-dev/pandas
pandas\core\arrays\arrow\array.py,pandas\core\arrays\masked.py,pandas-dev/pandas
pandas\core\arrays\arrow\array.py,pandas\core\tools\datetimes.py,pandas-dev/pandas
pandas\core\arrays\arrow\array.py,pandas\core\util\hashing.py,pandas-dev/pandas
pandas\core\arrays\arrow\array.py,pandas\core\arrays\timedeltas.py,pandas-dev/pandas
pandas\core\arrays\arrow\array.py,pandas\core\dtypes\common.py,pandas-dev/pandas
pandas\core\arrays\arrow\array.py,pandas\api\typing\__init__.py,pandas-dev/pandas
pandas\core\arrays\arrow\array.py,pandas\_libs\tslibs\__init__.py,pandas-dev/pandas
pandas\core\arrays\arrow\array.py,pandas\compat\__init__.py,pandas-dev/pandas
pandas\core\arrays\arrow\array.py,pandas\errors\__init__.py,pandas-dev/pandas
pandas\core\arrays\arrow\array.py,pandas\util\_decorators.py,pandas-dev/pandas
pandas\core\arrays\arrow\array.py,pandas\core\dtypes\cast.py,pandas-dev/pandas
pandas\core\arrays\arrow\array.py,pandas\core\dtypes\dtypes.py,pandas-dev/pandas
pandas\core\arrays\arrow\array.py,pandas\core\dtypes\generic.py,pandas-dev/pandas
pandas\core\arrays\arrow\array.py,pandas\core\construction.py,pandas-dev/pandas
pandas\core\arrays\arrow\array.py,pandas\core\arrays\datetimes.py,pandas-dev/pandas
pandas\core\arrays\arrow\array.py,pandas\__init__.py,pandas-dev/pandas
pandas\core\arrays\arrow\array.py,pandas\compat\pyarrow.py,pandas-dev/pandas
pandas\core\arrays\arrow\array.py,pandas\core\tools\times.py,pandas-dev/pandas
pandas\core\arrays\arrow\array.py,pandas\core\tools\numeric.py,pandas-dev/pandas
pandas\core\arrays\arrow\array.py,pandas\core\nanops.py,pandas-dev/pandas
pandas\core\arrays\arrow\array.py,pandas\compat\numpy\__init__.py,pandas-dev/pandas
pandas\core\arrays\arrow\array.py,pandas\util\_exceptions.py,pandas-dev/pandas
pandas\core\arrays\arrow\array.py,pandas\core\dtypes\missing.py,pandas-dev/pandas
pandas\core\arrays\arrow\array.py,pandas\tseries\frequencies.py,pandas-dev/pandas
pandas\core\arrays\arrow\array.py,pandas\io\_util.py,pandas-dev/pandas
pandas\core\arrays\arrow\array.py,pandas\core\__init__.py,pandas-dev/pandas
pandas\core\arrays\arrow\array.py,pandas\core\arrays\_arrow_string_mixins.py,pandas-dev/pandas
pandas\core\arrays\arrow\array.py,pandas\core\arraylike.py,pandas-dev/pandas
pandas\core\arrays\arrow\array.py,pandas\_typing.py,pandas-dev/pandas
pandas\core\arrays\arrow\array.py,pandas\core\indexers\__init__.py,pandas-dev/pandas
pandas\core\arrays\arrow\extension_types.py,pandas\io\json\__init__.py,pandas-dev/pandas
pandas\core\arrays\arrow\extension_types.py,pandas\compat\pyarrow.py,pandas-dev/pandas
pandas\core\arrays\arrow\extension_types.py,pandas\core\dtypes\dtypes.py,pandas-dev/pandas
pandas\core\arrays\arrow\extension_types.py,pandas\api\typing\__init__.py,pandas-dev/pandas
pandas\core\arrays\arrow\extension_types.py,pandas\_typing.py,pandas-dev/pandas
pandas\core\arrays\arrow\extension_types.py,pandas\core\arrays\interval.py,pandas-dev/pandas
pandas\core\arrays\arrow\_arrow_utils.py,pandas\compat\numpy\__init__.py,pandas-dev/pandas
pandas\core\arrays\arrow\_arrow_utils.py,pandas\compat\pyarrow.py,pandas-dev/pandas
pandas\core\arrays\arrow\__init__.py,pandas\core\arrays\arrow\accessors.py,pandas-dev/pandas
pandas\core\arrays\arrow\__init__.py,pandas\core\arrays\arrow\array.py,pandas-dev/pandas
pandas\core\arrays\sparse\accessor.py,pandas\core\arrays\sparse\scipy_sparse.py,pandas-dev/pandas
pandas\core\arrays\sparse\accessor.py,pandas\compat\_optional.py,pandas-dev/pandas
pandas\core\arrays\sparse\accessor.py,pandas\core\accessor.py,pandas-dev/pandas
pandas\core\arrays\sparse\accessor.py,pandas\core\arrays\sparse\array.py,pandas-dev/pandas
pandas\core\arrays\sparse\accessor.py,pandas\core\dtypes\dtypes.py,pandas-dev/pandas
pandas\core\arrays\sparse\accessor.py,pandas\__init__.py,pandas-dev/pandas
pandas\core\arrays\sparse\accessor.py,pandas\compat\numpy\__init__.py,pandas-dev/pandas
pandas\core\arrays\sparse\accessor.py,pandas\_libs\__init__.py,pandas-dev/pandas
pandas\core\arrays\sparse\accessor.py,pandas\core\indexes\api.py,pandas-dev/pandas
pandas\core\arrays\sparse\accessor.py,pandas\core\dtypes\cast.py,pandas-dev/pandas
pandas\core\arrays\sparse\accessor.py,pandas\api\typing\__init__.py,pandas-dev/pandas
pandas\core\arrays\sparse\array.py,pandas\compat\numpy\__init__.py,pandas-dev/pandas
pandas\core\arrays\sparse\array.py,pandas\_libs\__init__.py,pandas-dev/pandas
pandas\core\arrays\sparse\array.py,pandas\core\__init__.py,pandas-dev/pandas
pandas\core\arrays\sparse\array.py,pandas\core\indexers\__init__.py,pandas-dev/pandas
pandas\core\arrays\sparse\array.py,pandas\core\arraylike.py,pandas-dev/pandas
pandas\core\arrays\sparse\array.py,pandas\_typing.py,pandas-dev/pandas
pandas\core\arrays\sparse\array.py,pandas\api\typing\__init__.py,pandas-dev/pandas
pandas\core\arrays\sparse\array.py,pandas\core\dtypes\astype.py,pandas-dev/pandas
pandas\core\arrays\sparse\array.py,pandas\core\arrays\__init__.py,pandas-dev/pandas
pandas\core\arrays\sparse\array.py,pandas\core\base.py,pandas-dev/pandas
pandas\core\arrays\sparse\array.py,pandas\core\algorithms.py,pandas-dev/pandas
pandas\core\arrays\sparse\array.py,pandas\core\construction.py,pandas-dev/pandas
pandas\core\arrays\sparse\array.py,pandas\core\groupby\ops.py,pandas-dev/pandas
pandas\core\arrays\sparse\array.py,pandas\_libs\tslibs\__init__.py,pandas-dev/pandas
pandas\core\arrays\sparse\array.py,pandas\errors\__init__.py,pandas-dev/pandas
pandas\core\arrays\sparse\array.py,pandas\util\_decorators.py,pandas-dev/pandas
pandas\core\arrays\sparse\array.py,pandas\util\_validators.py,pandas-dev/pandas
pandas\core\arrays\sparse\array.py,pandas\core\dtypes\cast.py,pandas-dev/pandas
pandas\core\arrays\sparse\array.py,pandas\core\dtypes\common.py,pandas-dev/pandas
pandas\core\arrays\sparse\array.py,pandas\core\dtypes\dtypes.py,pandas-dev/pandas
pandas\core\arrays\sparse\array.py,pandas\core\dtypes\generic.py,pandas-dev/pandas
pandas\core\arrays\sparse\array.py,pandas\_config\config.py,pandas-dev/pandas
pandas\core\arrays\sparse\array.py,pandas\__init__.py,pandas-dev/pandas
pandas\core\arrays\sparse\array.py,pandas\core\ops\array_ops.py,pandas-dev/pandas
pandas\core\arrays\sparse\array.py,pandas\core\nanops.py,pandas-dev/pandas
pandas\core\arrays\sparse\array.py,pandas\core\common.py,pandas-dev/pandas
pandas\core\arrays\sparse\array.py,pandas\core\dtypes\missing.py,pandas-dev/pandas
pandas\core\arrays\sparse\array.py,pandas\util\_exceptions.py,pandas-dev/pandas
pandas\core\arrays\sparse\scipy_sparse.py,pandas\compat\numpy\__init__.py,pandas-dev/pandas
pandas\core\arrays\sparse\scipy_sparse.py,pandas\core\algorithms.py,pandas-dev/pandas
pandas\core\arrays\sparse\scipy_sparse.py,pandas\_libs\__init__.py,pandas-dev/pandas
pandas\core\arrays\sparse\scipy_sparse.py,pandas\core\dtypes\missing.py,pandas-dev/pandas
pandas\core\arrays\sparse\scipy_sparse.py,pandas\_typing.py,pandas-dev/pandas
pandas\core\arrays\sparse\scipy_sparse.py,pandas\core\indexes\api.py,pandas-dev/pandas
pandas\core\arrays\sparse\scipy_sparse.py,pandas\__init__.py,pandas-dev/pandas
pandas\core\arrays\sparse\scipy_sparse.py,pandas\api\typing\__init__.py,pandas-dev/pandas
pandas\core\arrays\sparse\scipy_sparse.py,pandas\core\series.py,pandas-dev/pandas
pandas\core\arrays\sparse\__init__.py,pandas\core\arrays\sparse\accessor.py,pandas-dev/pandas
pandas\core\arrays\sparse\__init__.py,pandas\core\arrays\sparse\array.py,pandas-dev/pandas
pandas\compat\numpy\function.py,pandas\api\typing\__init__.py,pandas-dev/pandas
pandas\compat\numpy\function.py,pandas\_libs\__init__.py,pandas-dev/pandas
pandas\compat\numpy\function.py,pandas\compat\numpy\__init__.py,pandas-dev/pandas
pandas\compat\numpy\function.py,pandas\util\_validators.py,pandas-dev/pandas
pandas\compat\numpy\function.py,pandas\_typing.py,pandas-dev/pandas
pandas\compat\numpy\function.py,pandas\errors\__init__.py,pandas-dev/pandas
pandas\compat\numpy\__init__.py,pandas\util\version\__init__.py,pandas-dev/pandas
pandas\api\executors\__init__.py,pandas\core\apply.py,pandas-dev/pandas
pandas\api\extensions\__init__.py,pandas\_libs\__init__.py,pandas-dev/pandas
pandas\api\extensions\__init__.py,pandas\core\dtypes\base.py,pandas-dev/pandas
pandas\api\extensions\__init__.py,pandas\core\algorithms.py,pandas-dev/pandas
pandas\api\extensions\__init__.py,pandas\core\accessor.py,pandas-dev/pandas
pandas\api\extensions\__init__.py,pandas\core\arrays\__init__.py,pandas-dev/pandas
pandas\api\indexers\__init__.py,pandas\core\indexers\__init__.py,pandas-dev/pandas
pandas\api\indexers\__init__.py,pandas\core\indexers\objects.py,pandas-dev/pandas
pandas\api\interchange\__init__.py,pandas\core\interchange\dataframe_protocol.py,pandas-dev/pandas
pandas\api\interchange\__init__.py,pandas\core\interchange\from_dataframe.py,pandas-dev/pandas
pandas\api\types\__init__.py,pandas\_libs\__init__.py,pandas-dev/pandas
pandas\api\types\__init__.py,pandas\core\dtypes\api.py,pandas-dev/pandas
pandas\api\types\__init__.py,pandas\core\dtypes\dtypes.py,pandas-dev/pandas
pandas\api\types\__init__.py,pandas\core\dtypes\concat.py,pandas-dev/pandas
pandas\api\typing\aliases.py,pandas\_typing.py,pandas-dev/pandas
pandas\api\typing\__init__.py,pandas\io\stata.py,pandas-dev/pandas
pandas\api\typing\__init__.py,pandas\_libs\__init__.py,pandas-dev/pandas
pandas\api\typing\__init__.py,pandas\core\col.py,pandas-dev/pandas
pandas\api\typing\__init__.py,pandas\core\groupby\__init__.py,pandas-dev/pandas
pandas\api\typing\__init__.py,pandas\core\resample.py,pandas-dev/pandas
pandas\api\typing\__init__.py,pandas\core\window\__init__.py,pandas-dev/pandas
pandas\api\typing\__init__.py,pandas\io\json\_json.py,pandas-dev/pandas
pandas\api\typing\__init__.py,pandas\core\indexes\frozen.py,pandas-dev/pandas
pandas\api\typing\__init__.py,pandas\io\sas\sasreader.py,pandas-dev/pandas
doc\scripts\eval_performance.py,pandas\__init__.py,pandas-dev/pandas
doc\scripts\eval_performance.py,pandas\compat\numpy\__init__.py,pandas-dev/pandas
doc\source\conf.py,doc\source\signature_overrides.py,pandas-dev/pandas
doc\source\conf.py,pandas\__init__.py,pandas-dev/pandas
doc\source\signature_overrides.py,pandas\__init__.py,pandas-dev/pandas
doc\sphinxext\contributors.py,doc\sphinxext\announce.py,pandas-dev/pandas
asv_bench\benchmarks\algorithms.py,pandas\__init__.py,pandas-dev/pandas
asv_bench\benchmarks\algorithms.py,asv_bench\benchmarks\pandas_vb_common.py,pandas-dev/pandas
asv_bench\benchmarks\algorithms.py,pandas\compat\numpy\__init__.py,pandas-dev/pandas
asv_bench\benchmarks\arithmetic.py,pandas\compat\numpy\__init__.py,pandas-dev/pandas
asv_bench\benchmarks\arithmetic.py,pandas\__init__.py,pandas-dev/pandas
asv_bench\benchmarks\arithmetic.py,pandas\core\computation\expressions.py,pandas-dev/pandas
asv_bench\benchmarks\arithmetic.py,pandas\tseries\holiday.py,pandas-dev/pandas
asv_bench\benchmarks\arithmetic.py,asv_bench\benchmarks\pandas_vb_common.py,pandas-dev/pandas
asv_bench\benchmarks\array.py,pandas\compat\numpy\__init__.py,pandas-dev/pandas
asv_bench\benchmarks\array.py,pandas\compat\pyarrow.py,pandas-dev/pandas
asv_bench\benchmarks\array.py,pandas\__init__.py,pandas-dev/pandas
asv_bench\benchmarks\attrs_caching.py,pandas\compat\numpy\__init__.py,pandas-dev/pandas
asv_bench\benchmarks\attrs_caching.py,pandas\__init__.py,pandas-dev/pandas
asv_bench\benchmarks\attrs_caching.py,pandas\core\construction.py,pandas-dev/pandas
asv_bench\benchmarks\attrs_caching.py,asv_bench\benchmarks\pandas_vb_common.py,pandas-dev/pandas
asv_bench\benchmarks\boolean.py,pandas\compat\numpy\__init__.py,pandas-dev/pandas
asv_bench\benchmarks\boolean.py,pandas\__init__.py,pandas-dev/pandas
asv_bench\benchmarks\categoricals.py,pandas\io\formats\string.py,pandas-dev/pandas
asv_bench\benchmarks\categoricals.py,pandas\compat\numpy\__init__.py,pandas-dev/pandas
asv_bench\benchmarks\categoricals.py,pandas\__init__.py,pandas-dev/pandas
asv_bench\benchmarks\categoricals.py,asv_bench\benchmarks\pandas_vb_common.py,pandas-dev/pandas
asv_bench\benchmarks\categoricals.py,pandas\api\types\__init__.py,pandas-dev/pandas
asv_bench\benchmarks\ctors.py,pandas\compat\numpy\__init__.py,pandas-dev/pandas
asv_bench\benchmarks\ctors.py,pandas\__init__.py,pandas-dev/pandas
asv_bench\benchmarks\ctors.py,asv_bench\benchmarks\pandas_vb_common.py,pandas-dev/pandas
asv_bench\benchmarks\dtypes.py,pandas\io\formats\string.py,pandas-dev/pandas
asv_bench\benchmarks\dtypes.py,pandas\__init__.py,pandas-dev/pandas
asv_bench\benchmarks\dtypes.py,pandas\compat\numpy\__init__.py,pandas-dev/pandas
asv_bench\benchmarks\dtypes.py,pandas\api\types\__init__.py,pandas-dev/pandas
asv_bench\benchmarks\dtypes.py,asv_bench\benchmarks\pandas_vb_common.py,pandas-dev/pandas
asv_bench\benchmarks\dtypes.py,pandas\_testing\__init__.py,pandas-dev/pandas
asv_bench\benchmarks\eval.py,pandas\compat\numpy\__init__.py,pandas-dev/pandas
asv_bench\benchmarks\eval.py,pandas\__init__.py,pandas-dev/pandas
asv_bench\benchmarks\eval.py,pandas\core\computation\expressions.py,pandas-dev/pandas
asv_bench\benchmarks\eval.py,asv_bench\benchmarks\pandas_vb_common.py,pandas-dev/pandas
asv_bench\benchmarks\finalize.py,pandas\__init__.py,pandas-dev/pandas
asv_bench\benchmarks\frame_ctor.py,pandas\compat\numpy\__init__.py,pandas-dev/pandas
asv_bench\benchmarks\frame_ctor.py,pandas\__init__.py,pandas-dev/pandas
asv_bench\benchmarks\frame_ctor.py,pandas\core\__init__.py,pandas-dev/pandas
asv_bench\benchmarks\frame_ctor.py,pandas\tseries\offsets.py,pandas-dev/pandas
asv_bench\benchmarks\frame_ctor.py,asv_bench\benchmarks\pandas_vb_common.py,pandas-dev/pandas
asv_bench\benchmarks\frame_methods.py,pandas\io\formats\string.py,pandas-dev/pandas
asv_bench\benchmarks\frame_methods.py,pandas\compat\numpy\__init__.py,pandas-dev/pandas
asv_bench\benchmarks\frame_methods.py,pandas\__init__.py,pandas-dev/pandas
asv_bench\benchmarks\frame_methods.py,asv_bench\benchmarks\pandas_vb_common.py,pandas-dev/pandas
asv_bench\benchmarks\gil.py,pandas\compat\numpy\__init__.py,pandas-dev/pandas
asv_bench\benchmarks\gil.py,pandas\__init__.py,pandas-dev/pandas
asv_bench\benchmarks\gil.py,pandas\_libs\__init__.py,pandas-dev/pandas
asv_bench\benchmarks\gil.py,asv_bench\benchmarks\pandas_vb_common.py,pandas-dev/pandas
asv_bench\benchmarks\gil.py,pandas\core\algorithms.py,pandas-dev/pandas
asv_bench\benchmarks\groupby.py,pandas\compat\pyarrow.py,pandas-dev/pandas
asv_bench\benchmarks\groupby.py,pandas\api\types\__init__.py,pandas-dev/pandas
asv_bench\benchmarks\groupby.py,pandas\__init__.py,pandas-dev/pandas
asv_bench\benchmarks\groupby.py,asv_bench\benchmarks\pandas_vb_common.py,pandas-dev/pandas
asv_bench\benchmarks\groupby.py,pandas\compat\numpy\__init__.py,pandas-dev/pandas
asv_bench\benchmarks\groupby.py,pandas\io\formats\string.py,pandas-dev/pandas
asv_bench\benchmarks\hash_functions.py,pandas\compat\numpy\__init__.py,pandas-dev/pandas
asv_bench\benchmarks\hash_functions.py,pandas\__init__.py,pandas-dev/pandas
asv_bench\benchmarks\indexing.py,pandas\__init__.py,pandas-dev/pandas
asv_bench\benchmarks\indexing.py,asv_bench\benchmarks\pandas_vb_common.py,pandas-dev/pandas
asv_bench\benchmarks\indexing.py,pandas\compat\numpy\__init__.py,pandas-dev/pandas
asv_bench\benchmarks\indexing_engines.py,pandas\compat\numpy\__init__.py,pandas-dev/pandas
asv_bench\benchmarks\indexing_engines.py,pandas\_libs\__init__.py,pandas-dev/pandas
asv_bench\benchmarks\indexing_engines.py,pandas\core\arrays\__init__.py,pandas-dev/pandas
asv_bench\benchmarks\index_cached_properties.py,pandas\__init__.py,pandas-dev/pandas
asv_bench\benchmarks\index_object.py,pandas\__init__.py,pandas-dev/pandas
asv_bench\benchmarks\index_object.py,pandas\compat\numpy\__init__.py,pandas-dev/pandas
asv_bench\benchmarks\index_object.py,asv_bench\benchmarks\pandas_vb_common.py,pandas-dev/pandas
asv_bench\benchmarks\inference.py,pandas\compat\numpy\__init__.py,pandas-dev/pandas
asv_bench\benchmarks\inference.py,asv_bench\benchmarks\pandas_vb_common.py,pandas-dev/pandas
asv_bench\benchmarks\inference.py,pandas\__init__.py,pandas-dev/pandas
asv_bench\benchmarks\join_merge.py,pandas\io\formats\string.py,pandas-dev/pandas
asv_bench\benchmarks\join_merge.py,pandas\compat\numpy\__init__.py,pandas-dev/pandas
asv_bench\benchmarks\join_merge.py,pandas\__init__.py,pandas-dev/pandas
asv_bench\benchmarks\join_merge.py,asv_bench\benchmarks\pandas_vb_common.py,pandas-dev/pandas
asv_bench\benchmarks\libs.py,pandas\compat\numpy\__init__.py,pandas-dev/pandas
asv_bench\benchmarks\libs.py,pandas\_libs\__init__.py,pandas-dev/pandas
asv_bench\benchmarks\libs.py,asv_bench\benchmarks\pandas_vb_common.py,pandas-dev/pandas
asv_bench\benchmarks\libs.py,pandas\__init__.py,pandas-dev/pandas
asv_bench\benchmarks\libs.py,pandas\util\__init__.py,pandas-dev/pandas
asv_bench\benchmarks\multiindex_object.py,pandas\io\formats\string.py,pandas-dev/pandas
asv_bench\benchmarks\multiindex_object.py,pandas\compat\numpy\__init__.py,pandas-dev/pandas
asv_bench\benchmarks\multiindex_object.py,asv_bench\benchmarks\pandas_vb_common.py,pandas-dev/pandas
asv_bench\benchmarks\multiindex_object.py,pandas\__init__.py,pandas-dev/pandas
asv_bench\benchmarks\pandas_vb_common.py,pandas\compat\numpy\__init__.py,pandas-dev/pandas
asv_bench\benchmarks\pandas_vb_common.py,pandas\_testing\__init__.py,pandas-dev/pandas
asv_bench\benchmarks\pandas_vb_common.py,pandas\__init__.py,pandas-dev/pandas
asv_bench\benchmarks\pandas_vb_common.py,pandas\util\__init__.py,pandas-dev/pandas
asv_bench\benchmarks\period.py,pandas\__init__.py,pandas-dev/pandas
asv_bench\benchmarks\period.py,pandas\tseries\frequencies.py,pandas-dev/pandas
asv_bench\benchmarks\plotting.py,pandas\compat\numpy\__init__.py,pandas-dev/pandas
asv_bench\benchmarks\plotting.py,pandas\__init__.py,pandas-dev/pandas
asv_bench\benchmarks\plotting.py,asv_bench\benchmarks\pandas_vb_common.py,pandas-dev/pandas
asv_bench\benchmarks\plotting.py,pandas\plotting\__init__.py,pandas-dev/pandas
asv_bench\benchmarks\plotting.py,pandas\plotting\_core.py,pandas-dev/pandas
asv_bench\benchmarks\reindex.py,pandas\compat\numpy\__init__.py,pandas-dev/pandas
asv_bench\benchmarks\reindex.py,pandas\__init__.py,pandas-dev/pandas
asv_bench\benchmarks\reindex.py,asv_bench\benchmarks\pandas_vb_common.py,pandas-dev/pandas
asv_bench\benchmarks\replace.py,pandas\compat\numpy\__init__.py,pandas-dev/pandas
asv_bench\benchmarks\replace.py,asv_bench\benchmarks\pandas_vb_common.py,pandas-dev/pandas
asv_bench\benchmarks\replace.py,pandas\__init__.py,pandas-dev/pandas
asv_bench\benchmarks\reshape.py,pandas\io\formats\string.py,pandas-dev/pandas
asv_bench\benchmarks\reshape.py,pandas\compat\numpy\__init__.py,pandas-dev/pandas
asv_bench\benchmarks\reshape.py,pandas\__init__.py,pandas-dev/pandas
asv_bench\benchmarks\reshape.py,pandas\api\types\__init__.py,pandas-dev/pandas
asv_bench\benchmarks\reshape.py,asv_bench\benchmarks\pandas_vb_common.py,pandas-dev/pandas
asv_bench\benchmarks\rolling.py,pandas\__init__.py,pandas-dev/pandas
asv_bench\benchmarks\rolling.py,asv_bench\benchmarks\pandas_vb_common.py,pandas-dev/pandas
asv_bench\benchmarks\rolling.py,pandas\compat\numpy\__init__.py,pandas-dev/pandas
asv_bench\benchmarks\series_methods.py,pandas\__init__.py,pandas-dev/pandas
asv_bench\benchmarks\series_methods.py,pandas\compat\numpy\__init__.py,pandas-dev/pandas
asv_bench\benchmarks\series_methods.py,asv_bench\benchmarks\pandas_vb_common.py,pandas-dev/pandas
asv_bench\benchmarks\sparse.py,pandas\compat\numpy\__init__.py,pandas-dev/pandas
asv_bench\benchmarks\sparse.py,pandas\__init__.py,pandas-dev/pandas
asv_bench\benchmarks\sparse.py,asv_bench\benchmarks\pandas_vb_common.py,pandas-dev/pandas
asv_bench\benchmarks\sparse.py,pandas\arrays\__init__.py,pandas-dev/pandas
asv_bench\benchmarks\stat_ops.py,pandas\compat\numpy\__init__.py,pandas-dev/pandas
asv_bench\benchmarks\stat_ops.py,pandas\__init__.py,pandas-dev/pandas
asv_bench\benchmarks\stat_ops.py,asv_bench\benchmarks\pandas_vb_common.py,pandas-dev/pandas
asv_bench\benchmarks\strftime.py,pandas\compat\numpy\__init__.py,pandas-dev/pandas
asv_bench\benchmarks\strftime.py,pandas\__init__.py,pandas-dev/pandas
asv_bench\benchmarks\strings.py,pandas\compat\numpy\__init__.py,pandas-dev/pandas
asv_bench\benchmarks\strings.py,pandas\__init__.py,pandas-dev/pandas
asv_bench\benchmarks\strings.py,pandas\arrays\__init__.py,pandas-dev/pandas
asv_bench\benchmarks\timedelta.py,pandas\__init__.py,pandas-dev/pandas
asv_bench\benchmarks\timeseries.py,pandas\compat\numpy\__init__.py,pandas-dev/pandas
asv_bench\benchmarks\timeseries.py,pandas\__init__.py,pandas-dev/pandas
asv_bench\benchmarks\timeseries.py,pandas\plotting\_matplotlib\converter.py,pandas-dev/pandas
asv_bench\benchmarks\timeseries.py,asv_bench\benchmarks\pandas_vb_common.py,pandas-dev/pandas
asv_bench\benchmarks\timeseries.py,pandas\tseries\frequencies.py,pandas-dev/pandas
asv_bench\benchmarks\timeseries.py,pandas\tseries\__init__.py,pandas-dev/pandas
asv_bench\benchmarks\algos\isin.py,pandas\compat\numpy\__init__.py,pandas-dev/pandas
asv_bench\benchmarks\algos\isin.py,pandas\__init__.py,pandas-dev/pandas
asv_bench\benchmarks\io\csv.py,pandas\compat\numpy\__init__.py,pandas-dev/pandas
asv_bench\benchmarks\io\csv.py,pandas\io\formats\string.py,pandas-dev/pandas
asv_bench\benchmarks\io\csv.py,pandas\io\__init__.py,pandas-dev/pandas
asv_bench\benchmarks\io\csv.py,pandas\__init__.py,pandas-dev/pandas
asv_bench\benchmarks\io\csv.py,asv_bench\benchmarks\pandas_vb_common.py,pandas-dev/pandas
asv_bench\benchmarks\io\excel.py,pandas\compat\numpy\__init__.py,pandas-dev/pandas
asv_bench\benchmarks\io\excel.py,pandas\io\__init__.py,pandas-dev/pandas
asv_bench\benchmarks\io\excel.py,pandas\__init__.py,pandas-dev/pandas
asv_bench\benchmarks\io\excel.py,asv_bench\benchmarks\pandas_vb_common.py,pandas-dev/pandas
asv_bench\benchmarks\io\hdf.py,pandas\compat\numpy\__init__.py,pandas-dev/pandas
asv_bench\benchmarks\io\hdf.py,pandas\__init__.py,pandas-dev/pandas
asv_bench\benchmarks\io\hdf.py,asv_bench\benchmarks\pandas_vb_common.py,pandas-dev/pandas
asv_bench\benchmarks\io\json.py,pandas\compat\numpy\__init__.py,pandas-dev/pandas
asv_bench\benchmarks\io\json.py,pandas\__init__.py,pandas-dev/pandas
asv_bench\benchmarks\io\json.py,asv_bench\benchmarks\pandas_vb_common.py,pandas-dev/pandas
asv_bench\benchmarks\io\parsers.py,pandas\_libs\tslibs\__init__.py,pandas-dev/pandas
asv_bench\benchmarks\io\pickle.py,pandas\compat\numpy\__init__.py,pandas-dev/pandas
asv_bench\benchmarks\io\pickle.py,pandas\__init__.py,pandas-dev/pandas
asv_bench\benchmarks\io\pickle.py,asv_bench\benchmarks\pandas_vb_common.py,pandas-dev/pandas
asv_bench\benchmarks\io\sas.py,pandas\__init__.py,pandas-dev/pandas
asv_bench\benchmarks\io\sql.py,pandas\compat\numpy\__init__.py,pandas-dev/pandas
asv_bench\benchmarks\io\sql.py,pandas\__init__.py,pandas-dev/pandas
asv_bench\benchmarks\io\sql.py,asv_bench\benchmarks\pandas_vb_common.py,pandas-dev/pandas
asv_bench\benchmarks\io\stata.py,pandas\compat\numpy\__init__.py,pandas-dev/pandas
asv_bench\benchmarks\io\stata.py,asv_bench\benchmarks\pandas_vb_common.py,pandas-dev/pandas
asv_bench\benchmarks\io\stata.py,pandas\__init__.py,pandas-dev/pandas
asv_bench\benchmarks\io\style.py,pandas\compat\numpy\__init__.py,pandas-dev/pandas
asv_bench\benchmarks\io\style.py,pandas\__init__.py,pandas-dev/pandas
asv_bench\benchmarks\tslibs\fields.py,pandas\compat\numpy\__init__.py,pandas-dev/pandas
asv_bench\benchmarks\tslibs\fields.py,asv_bench\benchmarks\tslibs\tslib.py,pandas-dev/pandas
asv_bench\benchmarks\tslibs\fields.py,pandas\_libs\tslibs\__init__.py,pandas-dev/pandas
asv_bench\benchmarks\tslibs\fields.py,asv_bench\benchmarks\pandas_vb_common.py,pandas-dev/pandas
asv_bench\benchmarks\tslibs\normalize.py,pandas\_libs\tslibs\__init__.py,pandas-dev/pandas
asv_bench\benchmarks\tslibs\normalize.py,pandas\__init__.py,pandas-dev/pandas
asv_bench\benchmarks\tslibs\normalize.py,asv_bench\benchmarks\tslibs\tslib.py,pandas-dev/pandas
asv_bench\benchmarks\tslibs\offsets.py,pandas\tseries\holiday.py,pandas-dev/pandas
asv_bench\benchmarks\tslibs\offsets.py,pandas\compat\numpy\__init__.py,pandas-dev/pandas
asv_bench\benchmarks\tslibs\offsets.py,pandas\tseries\frequencies.py,pandas-dev/pandas
asv_bench\benchmarks\tslibs\offsets.py,pandas\__init__.py,pandas-dev/pandas
asv_bench\benchmarks\tslibs\period.py,pandas\compat\numpy\__init__.py,pandas-dev/pandas
asv_bench\benchmarks\tslibs\period.py,pandas\_libs\tslibs\__init__.py,pandas-dev/pandas
asv_bench\benchmarks\tslibs\period.py,asv_bench\benchmarks\tslibs\tslib.py,pandas-dev/pandas
asv_bench\benchmarks\tslibs\period.py,pandas\tseries\frequencies.py,pandas-dev/pandas
asv_bench\benchmarks\tslibs\resolution.py,pandas\compat\numpy\__init__.py,pandas-dev/pandas
asv_bench\benchmarks\tslibs\resolution.py,pandas\_libs\tslibs\__init__.py,pandas-dev/pandas
asv_bench\benchmarks\tslibs\resolution.py,asv_bench\benchmarks\tslibs\tslib.py,pandas-dev/pandas
asv_bench\benchmarks\tslibs\timedelta.py,pandas\compat\numpy\__init__.py,pandas-dev/pandas
asv_bench\benchmarks\tslibs\timedelta.py,pandas\__init__.py,pandas-dev/pandas
asv_bench\benchmarks\tslibs\timestamp.py,pandas\compat\numpy\__init__.py,pandas-dev/pandas
asv_bench\benchmarks\tslibs\timestamp.py,asv_bench\benchmarks\tslibs\tslib.py,pandas-dev/pandas
asv_bench\benchmarks\tslibs\timestamp.py,pandas\__init__.py,pandas-dev/pandas
asv_bench\benchmarks\tslibs\tslib.py,pandas\_libs\__init__.py,pandas-dev/pandas
asv_bench\benchmarks\tslibs\tslib.py,pandas\compat\numpy\__init__.py,pandas-dev/pandas
asv_bench\benchmarks\tslibs\tslib.py,pandas\_libs\tslibs\__init__.py,pandas-dev/pandas
asv_bench\benchmarks\tslibs\tz_convert.py,pandas\compat\numpy\__init__.py,pandas-dev/pandas
asv_bench\benchmarks\tslibs\tz_convert.py,pandas\_libs\tslibs\__init__.py,pandas-dev/pandas
asv_bench\benchmarks\tslibs\tz_convert.py,asv_bench\benchmarks\tslibs\tslib.py,pandas-dev/pandas
benchmarks\benchmark_array_xd.py,src\datasets\io\json.py,huggingface/datasets
benchmarks\benchmark_array_xd.py,src\datasets\__init__.py,huggingface/datasets
benchmarks\benchmark_array_xd.py,src\datasets\arrow_writer.py,huggingface/datasets
benchmarks\benchmark_array_xd.py,src\datasets\features\__init__.py,huggingface/datasets
benchmarks\benchmark_array_xd.py,benchmarks\utils.py,huggingface/datasets
benchmarks\benchmark_getitem_100B.py,src\datasets\io\json.py,huggingface/datasets
benchmarks\benchmark_getitem_100B.py,src\datasets\__init__.py,huggingface/datasets
benchmarks\benchmark_getitem_100B.py,benchmarks\utils.py,huggingface/datasets
benchmarks\benchmark_indices_mapping.py,src\datasets\io\json.py,huggingface/datasets
benchmarks\benchmark_indices_mapping.py,src\datasets\__init__.py,huggingface/datasets
benchmarks\benchmark_indices_mapping.py,benchmarks\utils.py,huggingface/datasets
benchmarks\benchmark_iterating.py,src\datasets\io\json.py,huggingface/datasets
benchmarks\benchmark_iterating.py,src\datasets\__init__.py,huggingface/datasets
benchmarks\benchmark_iterating.py,benchmarks\utils.py,huggingface/datasets
benchmarks\benchmark_map_filter.py,src\datasets\io\json.py,huggingface/datasets
benchmarks\benchmark_map_filter.py,src\datasets\__init__.py,huggingface/datasets
benchmarks\benchmark_map_filter.py,benchmarks\utils.py,huggingface/datasets
benchmarks\format.py,src\datasets\io\json.py,huggingface/datasets
benchmarks\utils.py,src\datasets\__init__.py,huggingface/datasets
benchmarks\utils.py,src\datasets\arrow_writer.py,huggingface/datasets
benchmarks\utils.py,src\datasets\features\features.py,huggingface/datasets
src\datasets\arrow_dataset.py,src\datasets\features\features.py,huggingface/datasets
src\datasets\arrow_dataset.py,src\datasets\fingerprint.py,huggingface/datasets
src\datasets\arrow_dataset.py,src\datasets\utils\metadata.py,huggingface/datasets
src\datasets\arrow_dataset.py,src\datasets\io\json.py,huggingface/datasets
src\datasets\arrow_dataset.py,src\datasets\formatting\formatting.py,huggingface/datasets
src\datasets\arrow_dataset.py,benchmarks\utils.py,huggingface/datasets
src\datasets\arrow_dataset.py,src\datasets\io\csv.py,huggingface/datasets
src\datasets\arrow_dataset.py,src\datasets\utils\json.py,huggingface/datasets
src\datasets\arrow_dataset.py,src\datasets\io\sql.py,huggingface/datasets
src\datasets\arrow_dataset.py,src\datasets\arrow_writer.py,huggingface/datasets
src\datasets\arrow_dataset.py,src\datasets\data_files.py,huggingface/datasets
src\datasets\arrow_dataset.py,src\datasets\naming.py,huggingface/datasets
src\datasets\arrow_dataset.py,src\datasets\search.py,huggingface/datasets
src\datasets\arrow_dataset.py,src\datasets\packaged_modules\pandas\pandas.py,huggingface/datasets
src\datasets\arrow_dataset.py,src\datasets\dataset_dict.py,huggingface/datasets
src\datasets\arrow_dataset.py,src\datasets\utils\tqdm.py,huggingface/datasets
src\datasets\arrow_dataset.py,src\datasets\filesystems\__init__.py,huggingface/datasets
src\datasets\arrow_dataset.py,src\datasets\io\text.py,huggingface/datasets
src\datasets\arrow_dataset.py,src\datasets\inspect.py,huggingface/datasets
src\datasets\arrow_dataset.py,src\datasets\io\spark.py,huggingface/datasets
src\datasets\arrow_dataset.py,src\datasets\download\streaming_download_manager.py,huggingface/datasets
src\datasets\arrow_dataset.py,src\datasets\io\generator.py,huggingface/datasets
src\datasets\arrow_dataset.py,src\datasets\utils\typing.py,huggingface/datasets
src\datasets\arrow_dataset.py,src\datasets\table.py,huggingface/datasets
src\datasets\arrow_dataset.py,src\datasets\utils\py_utils.py,huggingface/datasets
src\datasets\arrow_dataset.py,src\datasets\splits.py,huggingface/datasets
src\datasets\arrow_dataset.py,src\datasets\utils\stratify.py,huggingface/datasets
src\datasets\arrow_dataset.py,src\datasets\iterable_dataset.py,huggingface/datasets
src\datasets\arrow_dataset.py,src\datasets\io\parquet.py,huggingface/datasets
src\datasets\arrow_dataset.py,src\datasets\utils\file_utils.py,huggingface/datasets
src\datasets\arrow_dataset.py,src\datasets\utils\tf_utils.py,huggingface/datasets
src\datasets\arrow_dataset.py,src\datasets\arrow_reader.py,huggingface/datasets
src\datasets\arrow_dataset.py,src\datasets\info.py,huggingface/datasets
src\datasets\arrow_dataset.py,src\datasets\utils\info_utils.py,huggingface/datasets
src\datasets\arrow_reader.py,src\datasets\utils\tqdm.py,huggingface/datasets
src\datasets\arrow_reader.py,src\datasets\download\download_config.py,huggingface/datasets
src\datasets\arrow_reader.py,src\datasets\table.py,huggingface/datasets
src\datasets\arrow_reader.py,benchmarks\utils.py,huggingface/datasets
src\datasets\arrow_reader.py,src\datasets\info.py,huggingface/datasets
src\datasets\arrow_reader.py,src\datasets\splits.py,huggingface/datasets
src\datasets\arrow_reader.py,src\datasets\utils\typing.py,huggingface/datasets
src\datasets\arrow_reader.py,src\datasets\naming.py,huggingface/datasets
src\datasets\arrow_writer.py,src\datasets\features\features.py,huggingface/datasets
src\datasets\arrow_writer.py,src\datasets\info.py,huggingface/datasets
src\datasets\arrow_writer.py,src\datasets\utils\json.py,huggingface/datasets
src\datasets\arrow_writer.py,src\datasets\table.py,huggingface/datasets
src\datasets\arrow_writer.py,benchmarks\utils.py,huggingface/datasets
src\datasets\arrow_writer.py,src\datasets\io\json.py,huggingface/datasets
src\datasets\arrow_writer.py,src\datasets\utils\typing.py,huggingface/datasets
src\datasets\arrow_writer.py,src\datasets\utils\py_utils.py,huggingface/datasets
src\datasets\arrow_writer.py,src\datasets\io\__init__.py,huggingface/datasets
src\datasets\arrow_writer.py,src\datasets\filesystems\__init__.py,huggingface/datasets
src\datasets\builder.py,src\datasets\io\abc.py,huggingface/datasets
src\datasets\builder.py,src\datasets\table.py,huggingface/datasets
src\datasets\builder.py,src\datasets\utils\tqdm.py,huggingface/datasets
src\datasets\builder.py,src\datasets\download\download_manager.py,huggingface/datasets
src\datasets\builder.py,src\datasets\naming.py,huggingface/datasets
src\datasets\builder.py,src\datasets\utils\file_utils.py,huggingface/datasets
src\datasets\builder.py,src\datasets\download\streaming_download_manager.py,huggingface/datasets
src\datasets\builder.py,src\datasets\splits.py,huggingface/datasets
src\datasets\builder.py,src\datasets\utils\info_utils.py,huggingface/datasets
src\datasets\builder.py,src\datasets\inspect.py,huggingface/datasets
src\datasets\builder.py,src\datasets\dataset_dict.py,huggingface/datasets
src\datasets\builder.py,src\datasets\utils\_filelock.py,huggingface/datasets
src\datasets\builder.py,src\datasets\utils\sharding.py,huggingface/datasets
src\datasets\builder.py,src\datasets\utils\_dill.py,huggingface/datasets
src\datasets\builder.py,src\datasets\download\download_config.py,huggingface/datasets
src\datasets\builder.py,src\datasets\info.py,huggingface/datasets
src\datasets\builder.py,src\datasets\packaged_modules\__init__.py,huggingface/datasets
src\datasets\builder.py,src\datasets\arrow_writer.py,huggingface/datasets
src\datasets\builder.py,benchmarks\utils.py,huggingface/datasets
src\datasets\builder.py,src\datasets\utils\track.py,huggingface/datasets
src\datasets\builder.py,src\datasets\data_files.py,huggingface/datasets
src\datasets\builder.py,src\datasets\fingerprint.py,huggingface/datasets
src\datasets\builder.py,src\datasets\load.py,huggingface/datasets
src\datasets\builder.py,src\datasets\features\features.py,huggingface/datasets
src\datasets\builder.py,src\datasets\arrow_dataset.py,huggingface/datasets
src\datasets\builder.py,src\datasets\arrow_reader.py,huggingface/datasets
src\datasets\builder.py,src\datasets\exceptions.py,huggingface/datasets
src\datasets\builder.py,src\datasets\filesystems\__init__.py,huggingface/datasets
src\datasets\builder.py,src\datasets\iterable_dataset.py,huggingface/datasets
src\datasets\builder.py,src\datasets\streaming.py,huggingface/datasets
src\datasets\builder.py,src\datasets\utils\py_utils.py,huggingface/datasets
src\datasets\builder.py,src\datasets\utils\typing.py,huggingface/datasets
src\datasets\combine.py,src\datasets\arrow_dataset.py,huggingface/datasets
src\datasets\combine.py,src\datasets\utils\typing.py,huggingface/datasets
src\datasets\combine.py,src\datasets\dataset_dict.py,huggingface/datasets
src\datasets\combine.py,src\datasets\iterable_dataset.py,huggingface/datasets
src\datasets\combine.py,benchmarks\utils.py,huggingface/datasets
src\datasets\combine.py,src\datasets\utils\py_utils.py,huggingface/datasets
src\datasets\combine.py,src\datasets\info.py,huggingface/datasets
src\datasets\combine.py,src\datasets\splits.py,huggingface/datasets
src\datasets\config.py,src\datasets\utils\logging.py,huggingface/datasets
src\datasets\config.py,src\datasets\utils\typing.py,huggingface/datasets
src\datasets\dataset_dict.py,src\datasets\io\json.py,huggingface/datasets
src\datasets\dataset_dict.py,src\datasets\arrow_dataset.py,huggingface/datasets
src\datasets\dataset_dict.py,src\datasets\features\features.py,huggingface/datasets
src\datasets\dataset_dict.py,src\datasets\io\csv.py,huggingface/datasets
src\datasets\dataset_dict.py,src\datasets\utils\typing.py,huggingface/datasets
src\datasets\dataset_dict.py,src\datasets\iterable_dataset.py,huggingface/datasets
src\datasets\dataset_dict.py,src\datasets\naming.py,huggingface/datasets
src\datasets\dataset_dict.py,src\datasets\splits.py,huggingface/datasets
src\datasets\dataset_dict.py,src\datasets\table.py,huggingface/datasets
src\datasets\dataset_dict.py,benchmarks\utils.py,huggingface/datasets
src\datasets\dataset_dict.py,src\datasets\io\text.py,huggingface/datasets
src\datasets\dataset_dict.py,src\datasets\utils\doc_utils.py,huggingface/datasets
src\datasets\dataset_dict.py,src\datasets\io\parquet.py,huggingface/datasets
src\datasets\data_files.py,benchmarks\utils.py,huggingface/datasets
src\datasets\data_files.py,src\datasets\utils\file_utils.py,huggingface/datasets
src\datasets\data_files.py,src\datasets\utils\tqdm.py,huggingface/datasets
src\datasets\data_files.py,src\datasets\utils\py_utils.py,huggingface/datasets
src\datasets\data_files.py,src\datasets\utils\typing.py,huggingface/datasets
src\datasets\data_files.py,src\datasets\download\__init__.py,huggingface/datasets
src\datasets\data_files.py,src\datasets\naming.py,huggingface/datasets
src\datasets\data_files.py,src\datasets\splits.py,huggingface/datasets
src\datasets\distributed.py,src\datasets\utils\typing.py,huggingface/datasets
src\datasets\distributed.py,src\datasets\arrow_dataset.py,huggingface/datasets
src\datasets\distributed.py,src\datasets\iterable_dataset.py,huggingface/datasets
src\datasets\exceptions.py,src\datasets\utils\typing.py,huggingface/datasets
src\datasets\exceptions.py,src\datasets\utils\track.py,huggingface/datasets
src\datasets\exceptions.py,src\datasets\table.py,huggingface/datasets
src\datasets\fingerprint.py,src\datasets\inspect.py,huggingface/datasets
src\datasets\fingerprint.py,src\datasets\utils\typing.py,huggingface/datasets
src\datasets\fingerprint.py,src\datasets\utils\_dill.py,huggingface/datasets
src\datasets\fingerprint.py,src\datasets\utils\logging.py,huggingface/datasets
src\datasets\fingerprint.py,src\datasets\naming.py,huggingface/datasets
src\datasets\fingerprint.py,src\datasets\arrow_dataset.py,huggingface/datasets
src\datasets\hub.py,src\datasets\config.py,huggingface/datasets
src\datasets\hub.py,src\datasets\load.py,huggingface/datasets
src\datasets\hub.py,src\datasets\utils\typing.py,huggingface/datasets
src\datasets\hub.py,src\datasets\info.py,huggingface/datasets
src\datasets\hub.py,src\datasets\utils\metadata.py,huggingface/datasets
src\datasets\hub.py,src\datasets\__init__.py,huggingface/datasets
src\datasets\info.py,src\datasets\io\json.py,huggingface/datasets
src\datasets\info.py,src\datasets\utils\py_utils.py,huggingface/datasets
src\datasets\info.py,src\datasets\features\features.py,huggingface/datasets
src\datasets\info.py,benchmarks\utils.py,huggingface/datasets
src\datasets\info.py,src\datasets\utils\logging.py,huggingface/datasets
src\datasets\info.py,src\datasets\splits.py,huggingface/datasets
src\datasets\info.py,src\datasets\utils\typing.py,huggingface/datasets
src\datasets\inspect.py,src\datasets\utils\typing.py,huggingface/datasets
src\datasets\inspect.py,src\datasets\download\download_manager.py,huggingface/datasets
src\datasets\inspect.py,src\datasets\info.py,huggingface/datasets
src\datasets\inspect.py,src\datasets\load.py,huggingface/datasets
src\datasets\inspect.py,src\datasets\utils\version.py,huggingface/datasets
src\datasets\inspect.py,src\datasets\utils\logging.py,huggingface/datasets
src\datasets\inspect.py,src\datasets\download\download_config.py,huggingface/datasets
src\datasets\inspect.py,src\datasets\download\streaming_download_manager.py,huggingface/datasets
src\datasets\iterable_dataset.py,src\datasets\features\features.py,huggingface/datasets
src\datasets\iterable_dataset.py,src\datasets\formatting\formatting.py,huggingface/datasets
src\datasets\iterable_dataset.py,src\datasets\table.py,huggingface/datasets
src\datasets\iterable_dataset.py,src\datasets\utils\py_utils.py,huggingface/datasets
src\datasets\iterable_dataset.py,src\datasets\utils\typing.py,huggingface/datasets
src\datasets\iterable_dataset.py,src\datasets\io\generator.py,huggingface/datasets
src\datasets\iterable_dataset.py,benchmarks\utils.py,huggingface/datasets
src\datasets\iterable_dataset.py,src\datasets\builder.py,huggingface/datasets
src\datasets\iterable_dataset.py,src\datasets\io\spark.py,huggingface/datasets
src\datasets\iterable_dataset.py,src\datasets\io\text.py,huggingface/datasets
src\datasets\iterable_dataset.py,src\datasets\io\json.py,huggingface/datasets
src\datasets\iterable_dataset.py,src\datasets\info.py,huggingface/datasets
src\datasets\iterable_dataset.py,src\datasets\io\parquet.py,huggingface/datasets
src\datasets\iterable_dataset.py,src\datasets\naming.py,huggingface/datasets
src\datasets\iterable_dataset.py,src\datasets\splits.py,huggingface/datasets
src\datasets\iterable_dataset.py,src\datasets\utils\logging.py,huggingface/datasets
src\datasets\iterable_dataset.py,src\datasets\io\csv.py,huggingface/datasets
src\datasets\iterable_dataset.py,src\datasets\arrow_writer.py,huggingface/datasets
src\datasets\iterable_dataset.py,src\datasets\inspect.py,huggingface/datasets
src\datasets\iterable_dataset.py,src\datasets\packaged_modules\pandas\pandas.py,huggingface/datasets
src\datasets\iterable_dataset.py,src\datasets\arrow_dataset.py,huggingface/datasets
src\datasets\iterable_dataset.py,src\datasets\utils\sharding.py,huggingface/datasets
src\datasets\load.py,src\datasets\inspect.py,huggingface/datasets
src\datasets\load.py,src\datasets\splits.py,huggingface/datasets
src\datasets\load.py,src\datasets\builder.py,huggingface/datasets
src\datasets\load.py,src\datasets\data_files.py,huggingface/datasets
src\datasets\load.py,src\datasets\features\features.py,huggingface/datasets
src\datasets\load.py,src\datasets\packaged_modules\__init__.py,huggingface/datasets
src\datasets\load.py,src\datasets\utils\file_utils.py,huggingface/datasets
src\datasets\load.py,src\datasets\utils\logging.py,huggingface/datasets
src\datasets\load.py,src\datasets\utils\typing.py,huggingface/datasets
src\datasets\load.py,src\datasets\fingerprint.py,huggingface/datasets
src\datasets\load.py,benchmarks\utils.py,huggingface/datasets
src\datasets\load.py,src\datasets\io\json.py,huggingface/datasets
src\datasets\load.py,src\datasets\dataset_dict.py,huggingface/datasets
src\datasets\load.py,src\datasets\info.py,huggingface/datasets
src\datasets\load.py,src\datasets\arrow_dataset.py,huggingface/datasets
src\datasets\load.py,src\datasets\download\download_config.py,huggingface/datasets
src\datasets\load.py,src\datasets\iterable_dataset.py,huggingface/datasets
src\datasets\load.py,src\datasets\utils\metadata.py,huggingface/datasets
src\datasets\load.py,src\datasets\download\download_manager.py,huggingface/datasets
src\datasets\load.py,src\datasets\utils\hub.py,huggingface/datasets
src\datasets\load.py,src\datasets\utils\version.py,huggingface/datasets
src\datasets\load.py,src\datasets\download\streaming_download_manager.py,huggingface/datasets
src\datasets\load.py,src\datasets\naming.py,huggingface/datasets
src\datasets\load.py,src\datasets\exceptions.py,huggingface/datasets
src\datasets\load.py,src\datasets\utils\info_utils.py,huggingface/datasets
src\datasets\search.py,src\datasets\features\features.py,huggingface/datasets
src\datasets\search.py,src\datasets\arrow_dataset.py,huggingface/datasets
src\datasets\search.py,src\datasets\utils\typing.py,huggingface/datasets
src\datasets\search.py,benchmarks\utils.py,huggingface/datasets
src\datasets\splits.py,src\datasets\io\abc.py,huggingface/datasets
src\datasets\splits.py,src\datasets\utils\typing.py,huggingface/datasets
src\datasets\splits.py,src\datasets\naming.py,huggingface/datasets
src\datasets\splits.py,src\datasets\arrow_reader.py,huggingface/datasets
src\datasets\splits.py,src\datasets\utils\py_utils.py,huggingface/datasets
src\datasets\streaming.py,src\datasets\utils\file_utils.py,huggingface/datasets
src\datasets\streaming.py,src\datasets\utils\typing.py,huggingface/datasets
src\datasets\streaming.py,src\datasets\download\download_config.py,huggingface/datasets
src\datasets\streaming.py,src\datasets\utils\logging.py,huggingface/datasets
src\datasets\streaming.py,src\datasets\builder.py,huggingface/datasets
src\datasets\streaming.py,src\datasets\utils\patching.py,huggingface/datasets
src\datasets\table.py,src\datasets\features\features.py,huggingface/datasets
src\datasets\table.py,src\datasets\utils\logging.py,huggingface/datasets
src\datasets\table.py,src\datasets\utils\typing.py,huggingface/datasets
src\datasets\__init__.py,benchmarks\utils.py,huggingface/datasets
src\datasets\__init__.py,src\datasets\arrow_dataset.py,huggingface/datasets
src\datasets\__init__.py,src\datasets\builder.py,huggingface/datasets
src\datasets\__init__.py,src\datasets\dataset_dict.py,huggingface/datasets
src\datasets\__init__.py,src\datasets\download\__init__.py,huggingface/datasets
src\datasets\__init__.py,src\datasets\arrow_reader.py,huggingface/datasets
src\datasets\__init__.py,src\datasets\info.py,huggingface/datasets
src\datasets\__init__.py,src\datasets\inspect.py,huggingface/datasets
src\datasets\__init__.py,src\datasets\iterable_dataset.py,huggingface/datasets
src\datasets\__init__.py,src\datasets\load.py,huggingface/datasets
src\datasets\__init__.py,src\datasets\splits.py,huggingface/datasets
src\datasets\__init__.py,src\datasets\combine.py,huggingface/datasets
src\datasets\__init__.py,src\datasets\features\features.py,huggingface/datasets
src\datasets\__init__.py,src\datasets\fingerprint.py,huggingface/datasets
src\datasets\commands\datasets_cli.py,src\datasets\commands\delete_from_hub.py,huggingface/datasets
src\datasets\commands\datasets_cli.py,src\datasets\commands\env.py,huggingface/datasets
src\datasets\commands\datasets_cli.py,src\datasets\utils\logging.py,huggingface/datasets
src\datasets\commands\datasets_cli.py,src\datasets\commands\test.py,huggingface/datasets
src\datasets\commands\delete_from_hub.py,src\datasets\commands\__init__.py,huggingface/datasets
src\datasets\commands\delete_from_hub.py,src\datasets\hub.py,huggingface/datasets
src\datasets\commands\delete_from_hub.py,src\datasets\utils\typing.py,huggingface/datasets
src\datasets\commands\env.py,src\datasets\packaged_modules\pandas\pandas.py,huggingface/datasets
src\datasets\commands\env.py,src\datasets\__init__.py,huggingface/datasets
src\datasets\commands\env.py,src\datasets\commands\__init__.py,huggingface/datasets
src\datasets\commands\test.py,src\datasets\utils\logging.py,huggingface/datasets
src\datasets\commands\test.py,src\datasets\config.py,huggingface/datasets
src\datasets\commands\test.py,src\datasets\commands\__init__.py,huggingface/datasets
src\datasets\commands\test.py,src\datasets\info.py,huggingface/datasets
src\datasets\commands\test.py,src\datasets\load.py,huggingface/datasets
src\datasets\commands\test.py,src\datasets\utils\info_utils.py,huggingface/datasets
src\datasets\commands\test.py,src\datasets\builder.py,huggingface/datasets
src\datasets\commands\test.py,src\datasets\download\download_manager.py,huggingface/datasets
src\datasets\commands\__init__.py,src\datasets\io\abc.py,huggingface/datasets
src\datasets\download\download_config.py,src\datasets\utils\typing.py,huggingface/datasets
src\datasets\download\download_manager.py,src\datasets\io\__init__.py,huggingface/datasets
src\datasets\download\download_manager.py,src\datasets\utils\logging.py,huggingface/datasets
src\datasets\download\download_manager.py,src\datasets\utils\file_utils.py,huggingface/datasets
src\datasets\download\download_manager.py,src\datasets\utils\info_utils.py,huggingface/datasets
src\datasets\download\download_manager.py,src\datasets\utils\py_utils.py,huggingface/datasets
src\datasets\download\download_manager.py,benchmarks\utils.py,huggingface/datasets
src\datasets\download\download_manager.py,src\datasets\download\download_config.py,huggingface/datasets
src\datasets\download\download_manager.py,src\datasets\utils\typing.py,huggingface/datasets
src\datasets\download\download_manager.py,src\datasets\utils\track.py,huggingface/datasets
src\datasets\download\download_manager.py,src\datasets\utils\tqdm.py,huggingface/datasets
src\datasets\download\streaming_download_manager.py,src\datasets\io\__init__.py,huggingface/datasets
src\datasets\download\streaming_download_manager.py,src\datasets\utils\typing.py,huggingface/datasets
src\datasets\download\streaming_download_manager.py,src\datasets\utils\py_utils.py,huggingface/datasets
src\datasets\download\streaming_download_manager.py,src\datasets\utils\file_utils.py,huggingface/datasets
src\datasets\download\streaming_download_manager.py,src\datasets\utils\logging.py,huggingface/datasets
src\datasets\download\streaming_download_manager.py,src\datasets\download\download_config.py,huggingface/datasets
src\datasets\download\__init__.py,src\datasets\download\download_config.py,huggingface/datasets
src\datasets\download\__init__.py,src\datasets\download\streaming_download_manager.py,huggingface/datasets
src\datasets\download\__init__.py,src\datasets\download\download_manager.py,huggingface/datasets
src\datasets\features\audio.py,src\datasets\io\__init__.py,huggingface/datasets
src\datasets\features\audio.py,src\datasets\utils\py_utils.py,huggingface/datasets
src\datasets\features\audio.py,src\datasets\utils\typing.py,huggingface/datasets
src\datasets\features\audio.py,src\datasets\features\features.py,huggingface/datasets
src\datasets\features\audio.py,src\datasets\download\download_config.py,huggingface/datasets
src\datasets\features\audio.py,src\datasets\utils\file_utils.py,huggingface/datasets
src\datasets\features\audio.py,src\datasets\table.py,huggingface/datasets
src\datasets\features\audio.py,src\datasets\features\_torchcodec.py,huggingface/datasets
src\datasets\features\features.py,src\datasets\features\image.py,huggingface/datasets
src\datasets\features\features.py,src\datasets\table.py,huggingface/datasets
src\datasets\features\features.py,src\datasets\features\video.py,huggingface/datasets
src\datasets\features\features.py,src\datasets\naming.py,huggingface/datasets
src\datasets\features\features.py,benchmarks\utils.py,huggingface/datasets
src\datasets\features\features.py,src\datasets\features\mesh.py,huggingface/datasets
src\datasets\features\features.py,src\datasets\utils\json.py,huggingface/datasets
src\datasets\features\features.py,src\datasets\packaged_modules\pandas\pandas.py,huggingface/datasets
src\datasets\features\features.py,src\datasets\utils\py_utils.py,huggingface/datasets
src\datasets\features\features.py,src\datasets\features\pdf.py,huggingface/datasets
src\datasets\features\features.py,src\datasets\utils\typing.py,huggingface/datasets
src\datasets\features\features.py,src\datasets\features\nifti.py,huggingface/datasets
src\datasets\features\features.py,src\datasets\io\json.py,huggingface/datasets
src\datasets\features\features.py,src\datasets\features\audio.py,huggingface/datasets
src\datasets\features\features.py,src\datasets\features\translation.py,huggingface/datasets
src\datasets\features\image.py,src\datasets\table.py,huggingface/datasets
src\datasets\features\image.py,src\datasets\download\download_config.py,huggingface/datasets
src\datasets\features\image.py,src\datasets\utils\typing.py,huggingface/datasets
src\datasets\features\image.py,src\datasets\utils\file_utils.py,huggingface/datasets
src\datasets\features\image.py,src\datasets\io\__init__.py,huggingface/datasets
src\datasets\features\image.py,src\datasets\utils\py_utils.py,huggingface/datasets
src\datasets\features\image.py,src\datasets\features\features.py,huggingface/datasets
src\datasets\features\mesh.py,src\datasets\io\__init__.py,huggingface/datasets
src\datasets\features\mesh.py,src\datasets\download\download_config.py,huggingface/datasets
src\datasets\features\mesh.py,src\datasets\table.py,huggingface/datasets
src\datasets\features\mesh.py,src\datasets\utils\py_utils.py,huggingface/datasets
src\datasets\features\mesh.py,src\datasets\features\features.py,huggingface/datasets
src\datasets\features\mesh.py,src\datasets\utils\file_utils.py,huggingface/datasets
src\datasets\features\mesh.py,src\datasets\utils\typing.py,huggingface/datasets
src\datasets\features\nifti.py,src\datasets\download\download_config.py,huggingface/datasets
src\datasets\features\nifti.py,src\datasets\table.py,huggingface/datasets
src\datasets\features\nifti.py,src\datasets\features\features.py,huggingface/datasets
src\datasets\features\nifti.py,src\datasets\utils\py_utils.py,huggingface/datasets
src\datasets\features\nifti.py,src\datasets\utils\typing.py,huggingface/datasets
src\datasets\features\nifti.py,src\datasets\utils\file_utils.py,huggingface/datasets
src\datasets\features\pdf.py,src\datasets\io\__init__.py,huggingface/datasets
src\datasets\features\pdf.py,src\datasets\download\download_config.py,huggingface/datasets
src\datasets\features\pdf.py,src\datasets\table.py,huggingface/datasets
src\datasets\features\pdf.py,src\datasets\utils\py_utils.py,huggingface/datasets
src\datasets\features\pdf.py,src\datasets\features\features.py,huggingface/datasets
src\datasets\features\pdf.py,src\datasets\utils\file_utils.py,huggingface/datasets
src\datasets\features\pdf.py,src\datasets\utils\typing.py,huggingface/datasets
src\datasets\features\translation.py,src\datasets\utils\typing.py,huggingface/datasets
src\datasets\features\translation.py,src\datasets\features\features.py,huggingface/datasets
src\datasets\features\video.py,src\datasets\utils\typing.py,huggingface/datasets
src\datasets\features\video.py,src\datasets\download\download_config.py,huggingface/datasets
src\datasets\features\video.py,src\datasets\table.py,huggingface/datasets
src\datasets\features\video.py,src\datasets\features\features.py,huggingface/datasets
src\datasets\features\video.py,src\datasets\utils\file_utils.py,huggingface/datasets
src\datasets\features\video.py,src\datasets\utils\py_utils.py,huggingface/datasets
src\datasets\features\__init__.py,src\datasets\features\image.py,huggingface/datasets
src\datasets\features\__init__.py,src\datasets\features\audio.py,huggingface/datasets
src\datasets\features\__init__.py,src\datasets\features\nifti.py,huggingface/datasets
src\datasets\features\__init__.py,src\datasets\features\pdf.py,huggingface/datasets
src\datasets\features\__init__.py,src\datasets\features\translation.py,huggingface/datasets
src\datasets\features\__init__.py,src\datasets\features\video.py,huggingface/datasets
src\datasets\features\__init__.py,src\datasets\features\mesh.py,huggingface/datasets
src\datasets\features\__init__.py,src\datasets\features\features.py,huggingface/datasets
src\datasets\filesystems\compression.py,src\datasets\utils\typing.py,huggingface/datasets
src\datasets\filesystems\__init__.py,src\datasets\io\__init__.py,huggingface/datasets
src\datasets\filesystems\__init__.py,src\datasets\utils\typing.py,huggingface/datasets
src\datasets\formatting\formatting.py,src\datasets\utils\typing.py,huggingface/datasets
src\datasets\formatting\formatting.py,src\datasets\features\features.py,huggingface/datasets
src\datasets\formatting\formatting.py,src\datasets\table.py,huggingface/datasets
src\datasets\formatting\formatting.py,src\datasets\packaged_modules\pandas\pandas.py,huggingface/datasets
src\datasets\formatting\formatting.py,src\datasets\utils\py_utils.py,huggingface/datasets
src\datasets\formatting\jax_formatter.py,src\datasets\utils\logging.py,huggingface/datasets
src\datasets\formatting\jax_formatter.py,src\datasets\utils\typing.py,huggingface/datasets
src\datasets\formatting\jax_formatter.py,src\datasets\utils\py_utils.py,huggingface/datasets
src\datasets\formatting\jax_formatter.py,src\datasets\formatting\formatting.py,huggingface/datasets
src\datasets\formatting\np_formatter.py,src\datasets\formatting\formatting.py,huggingface/datasets
src\datasets\formatting\np_formatter.py,src\datasets\utils\py_utils.py,huggingface/datasets
src\datasets\formatting\polars_formatter.py,src\datasets\features\features.py,huggingface/datasets
src\datasets\formatting\polars_formatter.py,src\datasets\utils\typing.py,huggingface/datasets
src\datasets\formatting\polars_formatter.py,src\datasets\utils\py_utils.py,huggingface/datasets
src\datasets\formatting\polars_formatter.py,src\datasets\formatting\formatting.py,huggingface/datasets
src\datasets\formatting\tf_formatter.py,src\datasets\utils\typing.py,huggingface/datasets
src\datasets\formatting\tf_formatter.py,src\datasets\formatting\formatting.py,huggingface/datasets
src\datasets\formatting\tf_formatter.py,src\datasets\utils\py_utils.py,huggingface/datasets
src\datasets\formatting\torch_formatter.py,src\datasets\utils\typing.py,huggingface/datasets
src\datasets\formatting\torch_formatter.py,src\datasets\formatting\formatting.py,huggingface/datasets
src\datasets\formatting\torch_formatter.py,src\datasets\utils\py_utils.py,huggingface/datasets
src\datasets\formatting\__init__.py,src\datasets\utils\typing.py,huggingface/datasets
src\datasets\formatting\__init__.py,src\datasets\formatting\formatting.py,huggingface/datasets
src\datasets\formatting\__init__.py,src\datasets\formatting\np_formatter.py,huggingface/datasets
src\datasets\formatting\__init__.py,benchmarks\utils.py,huggingface/datasets
src\datasets\formatting\__init__.py,src\datasets\formatting\polars_formatter.py,huggingface/datasets
src\datasets\formatting\__init__.py,src\datasets\formatting\torch_formatter.py,huggingface/datasets
src\datasets\formatting\__init__.py,src\datasets\formatting\tf_formatter.py,huggingface/datasets
src\datasets\formatting\__init__.py,src\datasets\formatting\jax_formatter.py,huggingface/datasets
src\datasets\io\abc.py,src\datasets\utils\typing.py,huggingface/datasets
src\datasets\io\csv.py,benchmarks\utils.py,huggingface/datasets
src\datasets\io\csv.py,src\datasets\utils\typing.py,huggingface/datasets
src\datasets\io\csv.py,src\datasets\formatting\formatting.py,huggingface/datasets
src\datasets\io\csv.py,src\datasets\packaged_modules\csv\csv.py,huggingface/datasets
src\datasets\io\csv.py,src\datasets\io\abc.py,huggingface/datasets
src\datasets\io\generator.py,src\datasets\utils\typing.py,huggingface/datasets
src\datasets\io\generator.py,src\datasets\io\abc.py,huggingface/datasets
src\datasets\io\generator.py,src\datasets\packaged_modules\generator\generator.py,huggingface/datasets
src\datasets\io\json.py,src\datasets\utils\typing.py,huggingface/datasets
src\datasets\io\json.py,src\datasets\packaged_modules\json\json.py,huggingface/datasets
src\datasets\io\json.py,benchmarks\utils.py,huggingface/datasets
src\datasets\io\json.py,src\datasets\io\abc.py,huggingface/datasets
src\datasets\io\json.py,src\datasets\formatting\formatting.py,huggingface/datasets
src\datasets\io\json.py,src\datasets\utils\json.py,huggingface/datasets
src\datasets\io\parquet.py,src\datasets\io\json.py,huggingface/datasets
src\datasets\io\parquet.py,src\datasets\formatting\formatting.py,huggingface/datasets
src\datasets\io\parquet.py,src\datasets\utils\typing.py,huggingface/datasets
src\datasets\io\parquet.py,src\datasets\features\features.py,huggingface/datasets
src\datasets\io\parquet.py,src\datasets\packaged_modules\__init__.py,huggingface/datasets
src\datasets\io\parquet.py,benchmarks\utils.py,huggingface/datasets
src\datasets\io\parquet.py,src\datasets\arrow_writer.py,huggingface/datasets
src\datasets\io\parquet.py,src\datasets\packaged_modules\parquet\parquet.py,huggingface/datasets
src\datasets\io\parquet.py,src\datasets\io\abc.py,huggingface/datasets
src\datasets\io\spark.py,src\datasets\utils\typing.py,huggingface/datasets
src\datasets\io\spark.py,src\datasets\download\__init__.py,huggingface/datasets
src\datasets\io\spark.py,src\datasets\io\abc.py,huggingface/datasets
src\datasets\io\spark.py,src\datasets\packaged_modules\spark\spark.py,huggingface/datasets
src\datasets\io\sql.py,src\datasets\utils\typing.py,huggingface/datasets
src\datasets\io\sql.py,src\datasets\formatting\formatting.py,huggingface/datasets
src\datasets\io\sql.py,src\datasets\io\abc.py,huggingface/datasets
src\datasets\io\sql.py,src\datasets\packaged_modules\sql\sql.py,huggingface/datasets
src\datasets\io\sql.py,benchmarks\utils.py,huggingface/datasets
src\datasets\io\text.py,src\datasets\utils\typing.py,huggingface/datasets
src\datasets\io\text.py,src\datasets\packaged_modules\text\text.py,huggingface/datasets
src\datasets\io\text.py,src\datasets\io\abc.py,huggingface/datasets
src\datasets\packaged_modules\__init__.py,src\datasets\packaged_modules\xml\xml.py,huggingface/datasets
src\datasets\packaged_modules\__init__.py,src\datasets\utils\typing.py,huggingface/datasets
src\datasets\packaged_modules\__init__.py,src\datasets\packaged_modules\hdf5\hdf5.py,huggingface/datasets
src\datasets\packaged_modules\__init__.py,src\datasets\packaged_modules\pdffolder\pdffolder.py,huggingface/datasets
src\datasets\packaged_modules\__init__.py,src\datasets\packaged_modules\vortex\vortex.py,huggingface/datasets
src\datasets\packaged_modules\__init__.py,src\datasets\packaged_modules\niftifolder\niftifolder.py,huggingface/datasets
src\datasets\packaged_modules\__init__.py,src\datasets\packaged_modules\audiofolder\audiofolder.py,huggingface/datasets
src\datasets\packaged_modules\__init__.py,src\datasets\packaged_modules\webdataset\webdataset.py,huggingface/datasets
src\datasets\packaged_modules\__init__.py,src\datasets\io\parquet.py,huggingface/datasets
src\datasets\packaged_modules\__init__.py,src\datasets\packaged_modules\arrow\arrow.py,huggingface/datasets
src\datasets\packaged_modules\__init__.py,src\datasets\packaged_modules\lance\lance.py,huggingface/datasets
src\datasets\packaged_modules\__init__.py,src\datasets\io\json.py,huggingface/datasets
src\datasets\packaged_modules\__init__.py,src\datasets\packaged_modules\meshfolder\meshfolder.py,huggingface/datasets
src\datasets\packaged_modules\__init__.py,src\datasets\packaged_modules\conll\conll.py,huggingface/datasets
src\datasets\packaged_modules\__init__.py,src\datasets\inspect.py,huggingface/datasets
src\datasets\packaged_modules\__init__.py,src\datasets\io\csv.py,huggingface/datasets
src\datasets\packaged_modules\__init__.py,src\datasets\packaged_modules\tsfile\tsfile.py,huggingface/datasets
src\datasets\packaged_modules\__init__.py,src\datasets\packaged_modules\eval\eval.py,huggingface/datasets
src\datasets\packaged_modules\__init__.py,src\datasets\packaged_modules\imagefolder\imagefolder.py,huggingface/datasets
src\datasets\packaged_modules\__init__.py,src\datasets\packaged_modules\videofolder\videofolder.py,huggingface/datasets
src\datasets\packaged_modules\__init__.py,src\datasets\io\text.py,huggingface/datasets
src\datasets\packaged_modules\__init__.py,src\datasets\packaged_modules\cache\cache.py,huggingface/datasets
src\datasets\packaged_modules\__init__.py,src\datasets\packaged_modules\iceberg\iceberg.py,huggingface/datasets
src\datasets\packaged_modules\__init__.py,src\datasets\io\sql.py,huggingface/datasets
src\datasets\packaged_modules\__init__.py,src\datasets\packaged_modules\pandas\pandas.py,huggingface/datasets
src\datasets\parallel\parallel.py,benchmarks\utils.py,huggingface/datasets
src\datasets\parallel\parallel.py,src\datasets\utils\tqdm.py,huggingface/datasets
src\datasets\parallel\__init__.py,src\datasets\parallel\parallel.py,huggingface/datasets
src\datasets\utils\deprecation_utils.py,src\datasets\inspect.py,huggingface/datasets
src\datasets\utils\deprecation_utils.py,src\datasets\utils\typing.py,huggingface/datasets
src\datasets\utils\deprecation_utils.py,src\datasets\utils\logging.py,huggingface/datasets
src\datasets\utils\doc_utils.py,src\datasets\utils\typing.py,huggingface/datasets
src\datasets\utils\experimental.py,src\datasets\utils\typing.py,huggingface/datasets
src\datasets\utils\extract.py,src\datasets\utils\_filelock.py,huggingface/datasets
src\datasets\utils\extract.py,src\datasets\utils\file_utils.py,huggingface/datasets
src\datasets\utils\extract.py,src\datasets\io\abc.py,huggingface/datasets
src\datasets\utils\extract.py,src\datasets\utils\typing.py,huggingface/datasets
src\datasets\utils\extract.py,src\datasets\utils\logging.py,huggingface/datasets
src\datasets\utils\filelock.py,src\datasets\utils\_filelock.py,huggingface/datasets
src\datasets\utils\file_utils.py,src\datasets\io\__init__.py,huggingface/datasets
src\datasets\utils\file_utils.py,src\datasets\utils\track.py,huggingface/datasets
src\datasets\utils\file_utils.py,src\datasets\utils\_filelock.py,huggingface/datasets
src\datasets\utils\file_utils.py,src\datasets\packaged_modules\pandas\pandas.py,huggingface/datasets
src\datasets\utils\file_utils.py,src\datasets\utils\extract.py,huggingface/datasets
src\datasets\utils\file_utils.py,src\datasets\io\json.py,huggingface/datasets
src\datasets\utils\file_utils.py,src\datasets\packaged_modules\xml\xml.py,huggingface/datasets
src\datasets\utils\file_utils.py,src\datasets\filesystems\__init__.py,huggingface/datasets
src\datasets\utils\file_utils.py,src\datasets\utils\typing.py,huggingface/datasets
src\datasets\utils\file_utils.py,src\datasets\download\download_config.py,huggingface/datasets
src\datasets\utils\info_utils.py,src\datasets\utils\typing.py,huggingface/datasets
src\datasets\utils\info_utils.py,src\datasets\exceptions.py,huggingface/datasets
src\datasets\utils\info_utils.py,src\datasets\utils\logging.py,huggingface/datasets
src\datasets\utils\json.py,src\datasets\packaged_modules\pandas\pandas.py,huggingface/datasets
src\datasets\utils\json.py,src\datasets\features\features.py,huggingface/datasets
src\datasets\utils\json.py,src\datasets\utils\typing.py,huggingface/datasets
src\datasets\utils\logging.py,src\datasets\utils\tqdm.py,huggingface/datasets
src\datasets\utils\logging.py,src\datasets\utils\typing.py,huggingface/datasets
src\datasets\utils\metadata.py,src\datasets\features\features.py,huggingface/datasets
src\datasets\utils\metadata.py,src\datasets\config.py,huggingface/datasets
src\datasets\utils\metadata.py,src\datasets\info.py,huggingface/datasets
src\datasets\utils\metadata.py,src\datasets\utils\typing.py,huggingface/datasets
src\datasets\utils\metadata.py,src\datasets\naming.py,huggingface/datasets
src\datasets\utils\metadata.py,src\datasets\utils\logging.py,huggingface/datasets
src\datasets\utils\patching.py,src\datasets\utils\logging.py,huggingface/datasets
src\datasets\utils\py_utils.py,src\datasets\parallel\parallel.py,huggingface/datasets
src\datasets\utils\py_utils.py,src\datasets\utils\tqdm.py,huggingface/datasets
src\datasets\utils\py_utils.py,src\datasets\utils\typing.py,huggingface/datasets
src\datasets\utils\py_utils.py,src\datasets\utils\_dill.py,huggingface/datasets
src\datasets\utils\tqdm.py,src\datasets\config.py,huggingface/datasets
src\datasets\utils\version.py,src\datasets\utils\typing.py,huggingface/datasets
src\datasets\utils\_dataset_viewer.py,src\datasets\utils\file_utils.py,huggingface/datasets
src\datasets\utils\_dataset_viewer.py,src\datasets\utils\logging.py,huggingface/datasets
src\datasets\utils\_dataset_viewer.py,src\datasets\utils\typing.py,huggingface/datasets
src\datasets\utils\_dataset_viewer.py,src\datasets\exceptions.py,huggingface/datasets
src\datasets\utils\_dill.py,src\datasets\fingerprint.py,huggingface/datasets
src\datasets\utils\_dill.py,src\datasets\io\__init__.py,huggingface/datasets
src\datasets\utils\_filelock.py,src\datasets\utils\filelock.py,huggingface/datasets
src\datasets\utils\__init__.py,src\datasets\utils\tqdm.py,huggingface/datasets
src\datasets\utils\__init__.py,src\datasets\utils\logging.py,huggingface/datasets
src\datasets\utils\__init__.py,src\datasets\utils\info_utils.py,huggingface/datasets
src\datasets\utils\__init__.py,src\datasets\utils\version.py,huggingface/datasets
src\datasets\utils\__init__.py,src\datasets\utils\experimental.py,huggingface/datasets
src\datasets\packaged_modules\arrow\arrow.py,src\datasets\__init__.py,huggingface/datasets
src\datasets\packaged_modules\arrow\arrow.py,src\datasets\table.py,huggingface/datasets
src\datasets\packaged_modules\arrow\arrow.py,src\datasets\builder.py,huggingface/datasets
src\datasets\packaged_modules\arrow\arrow.py,src\datasets\utils\typing.py,huggingface/datasets
src\datasets\packaged_modules\audiofolder\audiofolder.py,src\datasets\__init__.py,huggingface/datasets
src\datasets\packaged_modules\audiofolder\audiofolder.py,src\datasets\packaged_modules\folder_based_builder\folder_based_builder.py,huggingface/datasets
src\datasets\packaged_modules\cache\cache.py,src\datasets\io\json.py,huggingface/datasets
src\datasets\packaged_modules\cache\cache.py,src\datasets\__init__.py,huggingface/datasets
src\datasets\packaged_modules\cache\cache.py,src\datasets\config.py,huggingface/datasets
src\datasets\packaged_modules\cache\cache.py,src\datasets\utils\typing.py,huggingface/datasets
src\datasets\packaged_modules\cache\cache.py,src\datasets\data_files.py,huggingface/datasets
src\datasets\packaged_modules\cache\cache.py,src\datasets\naming.py,huggingface/datasets
src\datasets\packaged_modules\cache\cache.py,src\datasets\builder.py,huggingface/datasets
src\datasets\packaged_modules\conll\conll.py,src\datasets\__init__.py,huggingface/datasets
src\datasets\packaged_modules\conll\conll.py,src\datasets\builder.py,huggingface/datasets
src\datasets\packaged_modules\conll\conll.py,src\datasets\utils\typing.py,huggingface/datasets
src\datasets\packaged_modules\conll\conll.py,src\datasets\table.py,huggingface/datasets
src\datasets\packaged_modules\conll\conll.py,src\datasets\features\features.py,huggingface/datasets
src\datasets\packaged_modules\csv\csv.py,src\datasets\__init__.py,huggingface/datasets
src\datasets\packaged_modules\csv\csv.py,src\datasets\packaged_modules\pandas\pandas.py,huggingface/datasets
src\datasets\packaged_modules\csv\csv.py,src\datasets\config.py,huggingface/datasets
src\datasets\packaged_modules\csv\csv.py,src\datasets\utils\typing.py,huggingface/datasets
src\datasets\packaged_modules\csv\csv.py,src\datasets\builder.py,huggingface/datasets
src\datasets\packaged_modules\csv\csv.py,src\datasets\table.py,huggingface/datasets
src\datasets\packaged_modules\csv\csv.py,src\datasets\utils\py_utils.py,huggingface/datasets
src\datasets\packaged_modules\csv\csv.py,src\datasets\features\features.py,huggingface/datasets
src\datasets\packaged_modules\eval\eval.py,src\datasets\io\json.py,huggingface/datasets
src\datasets\packaged_modules\eval\eval.py,src\datasets\__init__.py,huggingface/datasets
src\datasets\packaged_modules\eval\eval.py,src\datasets\builder.py,huggingface/datasets
src\datasets\packaged_modules\eval\eval.py,src\datasets\utils\typing.py,huggingface/datasets
src\datasets\packaged_modules\folder_based_builder\folder_based_builder.py,src\datasets\io\__init__.py,huggingface/datasets
src\datasets\packaged_modules\folder_based_builder\folder_based_builder.py,src\datasets\__init__.py,huggingface/datasets
src\datasets\packaged_modules\folder_based_builder\folder_based_builder.py,src\datasets\utils\typing.py,huggingface/datasets
src\datasets\packaged_modules\folder_based_builder\folder_based_builder.py,src\datasets\features\features.py,huggingface/datasets
src\datasets\packaged_modules\folder_based_builder\folder_based_builder.py,src\datasets\builder.py,huggingface/datasets
src\datasets\packaged_modules\folder_based_builder\folder_based_builder.py,src\datasets\utils\file_utils.py,huggingface/datasets
src\datasets\packaged_modules\folder_based_builder\folder_based_builder.py,src\datasets\packaged_modules\pandas\pandas.py,huggingface/datasets
src\datasets\packaged_modules\generator\generator.py,src\datasets\__init__.py,huggingface/datasets
src\datasets\packaged_modules\generator\generator.py,src\datasets\utils\sharding.py,huggingface/datasets
src\datasets\packaged_modules\generator\generator.py,src\datasets\builder.py,huggingface/datasets
src\datasets\packaged_modules\generator\generator.py,src\datasets\utils\typing.py,huggingface/datasets
src\datasets\packaged_modules\hdf5\hdf5.py,src\datasets\__init__.py,huggingface/datasets
src\datasets\packaged_modules\hdf5\hdf5.py,src\datasets\builder.py,huggingface/datasets
src\datasets\packaged_modules\hdf5\hdf5.py,src\datasets\features\features.py,huggingface/datasets
src\datasets\packaged_modules\hdf5\hdf5.py,src\datasets\table.py,huggingface/datasets
src\datasets\packaged_modules\hdf5\hdf5.py,src\datasets\utils\typing.py,huggingface/datasets
src\datasets\packaged_modules\iceberg\iceberg.py,src\datasets\__init__.py,huggingface/datasets
src\datasets\packaged_modules\iceberg\iceberg.py,src\datasets\features\__init__.py,huggingface/datasets
src\datasets\packaged_modules\iceberg\iceberg.py,src\datasets\utils\typing.py,huggingface/datasets
src\datasets\packaged_modules\iceberg\iceberg.py,src\datasets\table.py,huggingface/datasets
src\datasets\packaged_modules\iceberg\iceberg.py,src\datasets\builder.py,huggingface/datasets
src\datasets\packaged_modules\imagefolder\imagefolder.py,src\datasets\__init__.py,huggingface/datasets
src\datasets\packaged_modules\imagefolder\imagefolder.py,src\datasets\packaged_modules\folder_based_builder\folder_based_builder.py,huggingface/datasets
src\datasets\packaged_modules\json\json.py,src\datasets\io\__init__.py,huggingface/datasets
src\datasets\packaged_modules\json\json.py,src\datasets\__init__.py,huggingface/datasets
src\datasets\packaged_modules\json\json.py,src\datasets\config.py,huggingface/datasets
src\datasets\packaged_modules\json\json.py,src\datasets\table.py,huggingface/datasets
src\datasets\packaged_modules\json\json.py,src\datasets\utils\json.py,huggingface/datasets
src\datasets\packaged_modules\json\json.py,src\datasets\builder.py,huggingface/datasets
src\datasets\packaged_modules\json\json.py,src\datasets\packaged_modules\pandas\pandas.py,huggingface/datasets
src\datasets\packaged_modules\json\json.py,src\datasets\utils\file_utils.py,huggingface/datasets
src\datasets\packaged_modules\json\json.py,src\datasets\utils\typing.py,huggingface/datasets
src\datasets\packaged_modules\lance\lance.py,src\datasets\__init__.py,huggingface/datasets
src\datasets\packaged_modules\lance\lance.py,src\datasets\utils\typing.py,huggingface/datasets
src\datasets\packaged_modules\lance\lance.py,src\datasets\utils\file_utils.py,huggingface/datasets
src\datasets\packaged_modules\lance\lance.py,src\datasets\builder.py,huggingface/datasets
src\datasets\packaged_modules\lance\lance.py,src\datasets\table.py,huggingface/datasets
src\datasets\packaged_modules\meshfolder\meshfolder.py,src\datasets\__init__.py,huggingface/datasets
src\datasets\packaged_modules\meshfolder\meshfolder.py,src\datasets\packaged_modules\folder_based_builder\folder_based_builder.py,huggingface/datasets
src\datasets\packaged_modules\niftifolder\niftifolder.py,src\datasets\__init__.py,huggingface/datasets
src\datasets\packaged_modules\niftifolder\niftifolder.py,src\datasets\packaged_modules\folder_based_builder\folder_based_builder.py,huggingface/datasets
src\datasets\packaged_modules\pandas\pandas.py,src\datasets\__init__.py,huggingface/datasets
src\datasets\packaged_modules\pandas\pandas.py,src\datasets\utils\typing.py,huggingface/datasets
src\datasets\packaged_modules\pandas\pandas.py,src\datasets\builder.py,huggingface/datasets
src\datasets\packaged_modules\pandas\pandas.py,src\datasets\table.py,huggingface/datasets
src\datasets\packaged_modules\parquet\parquet.py,src\datasets\__init__.py,huggingface/datasets
src\datasets\packaged_modules\parquet\parquet.py,src\datasets\config.py,huggingface/datasets
src\datasets\packaged_modules\parquet\parquet.py,src\datasets\table.py,huggingface/datasets
src\datasets\packaged_modules\parquet\parquet.py,src\datasets\builder.py,huggingface/datasets
src\datasets\packaged_modules\parquet\parquet.py,src\datasets\utils\typing.py,huggingface/datasets
src\datasets\packaged_modules\pdffolder\pdffolder.py,src\datasets\__init__.py,huggingface/datasets
src\datasets\packaged_modules\pdffolder\pdffolder.py,src\datasets\packaged_modules\folder_based_builder\folder_based_builder.py,huggingface/datasets
src\datasets\packaged_modules\spark\spark.py,src\datasets\filesystems\__init__.py,huggingface/datasets
src\datasets\packaged_modules\spark\spark.py,src\datasets\utils\typing.py,huggingface/datasets
src\datasets\packaged_modules\spark\spark.py,src\datasets\utils\py_utils.py,huggingface/datasets
src\datasets\packaged_modules\spark\spark.py,src\datasets\iterable_dataset.py,huggingface/datasets
src\datasets\packaged_modules\spark\spark.py,src\datasets\__init__.py,huggingface/datasets
src\datasets\packaged_modules\spark\spark.py,src\datasets\arrow_writer.py,huggingface/datasets
src\datasets\packaged_modules\spark\spark.py,src\datasets\utils\__init__.py,huggingface/datasets
src\datasets\packaged_modules\spark\spark.py,src\datasets\config.py,huggingface/datasets
src\datasets\packaged_modules\sql\sql.py,src\datasets\packaged_modules\pandas\pandas.py,huggingface/datasets
src\datasets\packaged_modules\sql\sql.py,src\datasets\__init__.py,huggingface/datasets
src\datasets\packaged_modules\sql\sql.py,src\datasets\config.py,huggingface/datasets
src\datasets\packaged_modules\sql\sql.py,src\datasets\utils\typing.py,huggingface/datasets
src\datasets\packaged_modules\sql\sql.py,src\datasets\builder.py,huggingface/datasets
src\datasets\packaged_modules\sql\sql.py,src\datasets\features\features.py,huggingface/datasets
src\datasets\packaged_modules\sql\sql.py,src\datasets\table.py,huggingface/datasets
src\datasets\packaged_modules\text\text.py,src\datasets\__init__.py,huggingface/datasets
src\datasets\packaged_modules\text\text.py,src\datasets\io\__init__.py,huggingface/datasets
src\datasets\packaged_modules\text\text.py,src\datasets\utils\typing.py,huggingface/datasets
src\datasets\packaged_modules\text\text.py,src\datasets\builder.py,huggingface/datasets
src\datasets\packaged_modules\text\text.py,src\datasets\features\features.py,huggingface/datasets
src\datasets\packaged_modules\text\text.py,src\datasets\table.py,huggingface/datasets
src\datasets\packaged_modules\tsfile\tsfile.py,src\datasets\__init__.py,huggingface/datasets
src\datasets\packaged_modules\tsfile\tsfile.py,src\datasets\builder.py,huggingface/datasets
src\datasets\packaged_modules\tsfile\tsfile.py,src\datasets\utils\typing.py,huggingface/datasets
src\datasets\packaged_modules\tsfile\tsfile.py,src\datasets\table.py,huggingface/datasets
src\datasets\packaged_modules\tsfile\tsfile.py,src\datasets\utils\tqdm.py,huggingface/datasets
src\datasets\packaged_modules\videofolder\videofolder.py,src\datasets\__init__.py,huggingface/datasets
src\datasets\packaged_modules\videofolder\videofolder.py,src\datasets\packaged_modules\folder_based_builder\folder_based_builder.py,huggingface/datasets
src\datasets\packaged_modules\vortex\vortex.py,src\datasets\__init__.py,huggingface/datasets
src\datasets\packaged_modules\vortex\vortex.py,src\datasets\utils\file_utils.py,huggingface/datasets
src\datasets\packaged_modules\vortex\vortex.py,src\datasets\utils\typing.py,huggingface/datasets
src\datasets\packaged_modules\vortex\vortex.py,src\datasets\table.py,huggingface/datasets
src\datasets\packaged_modules\vortex\vortex.py,src\datasets\builder.py,huggingface/datasets
src\datasets\packaged_modules\webdataset\webdataset.py,src\datasets\io\__init__.py,huggingface/datasets
src\datasets\packaged_modules\webdataset\webdataset.py,src\datasets\io\json.py,huggingface/datasets
src\datasets\packaged_modules\webdataset\webdataset.py,src\datasets\__init__.py,huggingface/datasets
src\datasets\packaged_modules\webdataset\webdataset.py,src\datasets\utils\typing.py,huggingface/datasets
src\datasets\packaged_modules\webdataset\webdataset.py,src\datasets\utils\file_utils.py,huggingface/datasets
src\datasets\packaged_modules\webdataset\webdataset.py,src\datasets\filesystems\__init__.py,huggingface/datasets
src\datasets\packaged_modules\webdataset\webdataset.py,src\datasets\builder.py,huggingface/datasets
src\datasets\packaged_modules\webdataset\webdataset.py,src\datasets\features\features.py,huggingface/datasets
src\datasets\packaged_modules\xml\xml.py,src\datasets\__init__.py,huggingface/datasets
src\datasets\packaged_modules\xml\xml.py,src\datasets\utils\typing.py,huggingface/datasets
src\datasets\packaged_modules\xml\xml.py,src\datasets\features\features.py,huggingface/datasets
src\datasets\packaged_modules\xml\xml.py,src\datasets\table.py,huggingface/datasets
doc\conf.py,networkx\__init__.py,networkx/networkx
networkx\conftest.py,networkx\__init__.py,networkx/networkx
networkx\convert.py,networkx\__init__.py,networkx/networkx
networkx\convert_matrix.py,networkx\__init__.py,networkx/networkx
networkx\relabel.py,networkx\__init__.py,networkx/networkx
networkx\__init__.py,networkx\relabel.py,networkx/networkx
networkx\__init__.py,networkx\classes\__init__.py,networkx/networkx
networkx\__init__.py,networkx\lazy_imports.py,networkx/networkx
networkx\__init__.py,networkx\linalg\__init__.py,networkx/networkx
networkx\__init__.py,networkx\generators\__init__.py,networkx/networkx
networkx\__init__.py,networkx\exception.py,networkx/networkx
networkx\__init__.py,networkx\drawing\__init__.py,networkx/networkx
networkx\__init__.py,networkx\convert.py,networkx/networkx
networkx\__init__.py,networkx\readwrite\__init__.py,networkx/networkx
networkx\__init__.py,networkx\algorithms\__init__.py,networkx/networkx
networkx\__init__.py,networkx\utils\__init__.py,networkx/networkx
networkx\__init__.py,networkx\convert_matrix.py,networkx/networkx
networkx\algorithms\asteroidal.py,networkx\__init__.py,networkx/networkx
networkx\algorithms\asteroidal.py,networkx\utils\__init__.py,networkx/networkx
networkx\algorithms\boundary.py,networkx\__init__.py,networkx/networkx
networkx\algorithms\bridges.py,networkx\utils\__init__.py,networkx/networkx
networkx\algorithms\bridges.py,networkx\__init__.py,networkx/networkx
networkx\algorithms\broadcasting.py,networkx\__init__.py,networkx/networkx
networkx\algorithms\broadcasting.py,networkx\utils\__init__.py,networkx/networkx
networkx\algorithms\chains.py,networkx\__init__.py,networkx/networkx
networkx\algorithms\chains.py,networkx\utils\__init__.py,networkx/networkx
networkx\algorithms\chordal.py,networkx\algorithms\components\__init__.py,networkx/networkx
networkx\algorithms\chordal.py,networkx\__init__.py,networkx/networkx
networkx\algorithms\chordal.py,networkx\utils\__init__.py,networkx/networkx
networkx\algorithms\clique.py,networkx\__init__.py,networkx/networkx
networkx\algorithms\clique.py,networkx\utils\__init__.py,networkx/networkx
networkx\algorithms\cluster.py,networkx\utils\__init__.py,networkx/networkx
networkx\algorithms\cluster.py,networkx\__init__.py,networkx/networkx
networkx\algorithms\communicability_alg.py,networkx\__init__.py,networkx/networkx
networkx\algorithms\communicability_alg.py,networkx\utils\__init__.py,networkx/networkx
networkx\algorithms\core.py,networkx\__init__.py,networkx/networkx
networkx\algorithms\covering.py,networkx\utils\__init__.py,networkx/networkx
networkx\algorithms\covering.py,networkx\__init__.py,networkx/networkx
networkx\algorithms\cuts.py,networkx\__init__.py,networkx/networkx
networkx\algorithms\cycles.py,networkx\__init__.py,networkx/networkx
networkx\algorithms\cycles.py,networkx\utils\__init__.py,networkx/networkx
networkx\algorithms\dag.py,networkx\__init__.py,networkx/networkx
networkx\algorithms\dag.py,networkx\utils\__init__.py,networkx/networkx
networkx\algorithms\distance_measures.py,networkx\utils\__init__.py,networkx/networkx
networkx\algorithms\distance_measures.py,networkx\__init__.py,networkx/networkx
networkx\algorithms\distance_regular.py,networkx\__init__.py,networkx/networkx
networkx\algorithms\distance_regular.py,networkx\utils\__init__.py,networkx/networkx
networkx\algorithms\distance_regular.py,networkx\algorithms\distance_measures.py,networkx/networkx
networkx\algorithms\dominance.py,networkx\__init__.py,networkx/networkx
networkx\algorithms\dominance.py,networkx\utils\__init__.py,networkx/networkx
networkx\algorithms\dominating.py,networkx\__init__.py,networkx/networkx
networkx\algorithms\d_separation.py,networkx\utils\__init__.py,networkx/networkx
networkx\algorithms\d_separation.py,networkx\__init__.py,networkx/networkx
networkx\algorithms\efficiency_measures.py,networkx\__init__.py,networkx/networkx
networkx\algorithms\efficiency_measures.py,networkx\utils\__init__.py,networkx/networkx
networkx\algorithms\euler.py,networkx\__init__.py,networkx/networkx
networkx\algorithms\euler.py,networkx\utils\__init__.py,networkx/networkx
networkx\algorithms\graphical.py,networkx\__init__.py,networkx/networkx
networkx\algorithms\graph_hashing.py,networkx\__init__.py,networkx/networkx
networkx\algorithms\hierarchy.py,networkx\__init__.py,networkx/networkx
networkx\algorithms\hybrid.py,networkx\__init__.py,networkx/networkx
networkx\algorithms\isolate.py,networkx\__init__.py,networkx/networkx
networkx\algorithms\link_prediction.py,networkx\__init__.py,networkx/networkx
networkx\algorithms\link_prediction.py,networkx\utils\__init__.py,networkx/networkx
networkx\algorithms\lowest_common_ancestors.py,networkx\__init__.py,networkx/networkx
networkx\algorithms\lowest_common_ancestors.py,networkx\utils\__init__.py,networkx/networkx
networkx\algorithms\matching.py,networkx\utils\__init__.py,networkx/networkx
networkx\algorithms\matching.py,networkx\__init__.py,networkx/networkx
networkx\algorithms\mis.py,networkx\__init__.py,networkx/networkx
networkx\algorithms\mis.py,networkx\utils\__init__.py,networkx/networkx
networkx\algorithms\moral.py,networkx\utils\__init__.py,networkx/networkx
networkx\algorithms\moral.py,networkx\__init__.py,networkx/networkx
networkx\algorithms\node_classification.py,networkx\__init__.py,networkx/networkx
networkx\algorithms\non_randomness.py,networkx\__init__.py,networkx/networkx
networkx\algorithms\non_randomness.py,networkx\utils\__init__.py,networkx/networkx
networkx\algorithms\perfect_graph.py,networkx\utils\decorators.py,networkx/networkx
networkx\algorithms\perfect_graph.py,networkx\__init__.py,networkx/networkx
networkx\algorithms\planarity.py,networkx\__init__.py,networkx/networkx
networkx\algorithms\planar_drawing.py,networkx\__init__.py,networkx/networkx
networkx\algorithms\polynomials.py,networkx\__init__.py,networkx/networkx
networkx\algorithms\polynomials.py,networkx\utils\__init__.py,networkx/networkx
networkx\algorithms\reciprocity.py,networkx\__init__.py,networkx/networkx
networkx\algorithms\reciprocity.py,networkx\utils\__init__.py,networkx/networkx
networkx\algorithms\regular.py,networkx\__init__.py,networkx/networkx
networkx\algorithms\regular.py,networkx\utils\__init__.py,networkx/networkx
networkx\algorithms\richclub.py,networkx\utils\__init__.py,networkx/networkx
networkx\algorithms\richclub.py,networkx\__init__.py,networkx/networkx
networkx\algorithms\similarity.py,networkx\utils\__init__.py,networkx/networkx
networkx\algorithms\similarity.py,networkx\__init__.py,networkx/networkx
networkx\algorithms\simple_paths.py,networkx\__init__.py,networkx/networkx
networkx\algorithms\simple_paths.py,networkx\utils\__init__.py,networkx/networkx
networkx\algorithms\simple_paths.py,networkx\algorithms\shortest_paths\weighted.py,networkx/networkx
networkx\algorithms\smallworld.py,networkx\utils\__init__.py,networkx/networkx
networkx\algorithms\smallworld.py,networkx\__init__.py,networkx/networkx
networkx\algorithms\smetric.py,networkx\__init__.py,networkx/networkx
networkx\algorithms\sparsifiers.py,networkx\utils\__init__.py,networkx/networkx
networkx\algorithms\sparsifiers.py,networkx\__init__.py,networkx/networkx
networkx\algorithms\structuralholes.py,networkx\__init__.py,networkx/networkx
networkx\algorithms\summarization.py,networkx\__init__.py,networkx/networkx
networkx\algorithms\swap.py,networkx\utils\__init__.py,networkx/networkx
networkx\algorithms\swap.py,networkx\__init__.py,networkx/networkx
networkx\algorithms\threshold.py,networkx\__init__.py,networkx/networkx
networkx\algorithms\threshold.py,networkx\utils\__init__.py,networkx/networkx
networkx\algorithms\time_dependent.py,networkx\__init__.py,networkx/networkx
networkx\algorithms\time_dependent.py,networkx\utils\__init__.py,networkx/networkx
networkx\algorithms\tournament.py,networkx\__init__.py,networkx/networkx
networkx\algorithms\tournament.py,networkx\utils\__init__.py,networkx/networkx
networkx\algorithms\triads.py,networkx\utils\__init__.py,networkx/networkx
networkx\algorithms\triads.py,networkx\__init__.py,networkx/networkx
networkx\algorithms\vitality.py,networkx\__init__.py,networkx/networkx
networkx\algorithms\voronoi.py,networkx\__init__.py,networkx/networkx
networkx\algorithms\voronoi.py,networkx\utils\__init__.py,networkx/networkx
networkx\algorithms\walks.py,networkx\__init__.py,networkx/networkx
networkx\algorithms\walks.py,networkx\utils\__init__.py,networkx/networkx
networkx\algorithms\wiener.py,networkx\__init__.py,networkx/networkx
networkx\algorithms\__init__.py,networkx\algorithms\dag.py,networkx/networkx
networkx\algorithms\__init__.py,networkx\algorithms\richclub.py,networkx/networkx
networkx\algorithms\__init__.py,networkx\algorithms\connectivity\__init__.py,networkx/networkx
networkx\algorithms\__init__.py,networkx\algorithms\non_randomness.py,networkx/networkx
networkx\algorithms\__init__.py,networkx\algorithms\time_dependent.py,networkx/networkx
networkx\algorithms\__init__.py,networkx\algorithms\flow\__init__.py,networkx/networkx
networkx\algorithms\__init__.py,networkx\algorithms\tree\branchings.py,networkx/networkx
networkx\algorithms\__init__.py,networkx\algorithms\bridges.py,networkx/networkx
networkx\algorithms\__init__.py,networkx\algorithms\triads.py,networkx/networkx
networkx\algorithms\__init__.py,networkx\algorithms\isomorphism\__init__.py,networkx/networkx
networkx\algorithms\__init__.py,networkx\algorithms\covering.py,networkx/networkx
networkx\algorithms\__init__.py,networkx\algorithms\summarization.py,networkx/networkx
networkx\algorithms\__init__.py,networkx\algorithms\tree\mst.py,networkx/networkx
networkx\algorithms\__init__.py,networkx\algorithms\dominating.py,networkx/networkx
networkx\algorithms\__init__.py,networkx\algorithms\smetric.py,networkx/networkx
networkx\algorithms\__init__.py,networkx\algorithms\assortativity\__init__.py,networkx/networkx
networkx\algorithms\__init__.py,networkx\algorithms\link_prediction.py,networkx/networkx
networkx\algorithms\__init__.py,networkx\algorithms\cluster.py,networkx/networkx
networkx\algorithms\__init__.py,networkx\algorithms\minors\__init__.py,networkx/networkx
networkx\algorithms\__init__.py,networkx\algorithms\d_separation.py,networkx/networkx
networkx\algorithms\__init__.py,networkx\algorithms\regular.py,networkx/networkx
networkx\algorithms\__init__.py,networkx\algorithms\efficiency_measures.py,networkx/networkx
networkx\algorithms\__init__.py,networkx\algorithms\structuralholes.py,networkx/networkx
networkx\algorithms\__init__.py,networkx\algorithms\broadcasting.py,networkx/networkx
networkx\algorithms\__init__.py,networkx\algorithms\mis.py,networkx/networkx
networkx\algorithms\__init__.py,networkx\algorithms\bipartite\__init__.py,networkx/networkx
networkx\algorithms\__init__.py,networkx\algorithms\coloring\__init__.py,networkx/networkx
networkx\algorithms\__init__.py,networkx\algorithms\graph_hashing.py,networkx/networkx
networkx\algorithms\__init__.py,networkx\algorithms\tree\decomposition.py,networkx/networkx
networkx\algorithms\__init__.py,networkx\algorithms\dominance.py,networkx/networkx
networkx\algorithms\__init__.py,networkx\algorithms\similarity.py,networkx/networkx
networkx\algorithms\__init__.py,networkx\algorithms\link_analysis\__init__.py,networkx/networkx
networkx\algorithms\__init__.py,networkx\algorithms\chordal.py,networkx/networkx
networkx\algorithms\__init__.py,networkx\algorithms\reciprocity.py,networkx/networkx
networkx\algorithms\__init__.py,networkx\algorithms\cuts.py,networkx/networkx
networkx\algorithms\__init__.py,networkx\algorithms\sparsifiers.py,networkx/networkx
networkx\algorithms\__init__.py,networkx\algorithms\tournament.py,networkx/networkx
networkx\algorithms\__init__.py,networkx\algorithms\smallworld.py,networkx/networkx
networkx\algorithms\__init__.py,networkx\algorithms\operators\__init__.py,networkx/networkx
networkx\algorithms\__init__.py,networkx\algorithms\boundary.py,networkx/networkx
networkx\algorithms\__init__.py,networkx\algorithms\moral.py,networkx/networkx
networkx\algorithms\__init__.py,networkx\algorithms\components\__init__.py,networkx/networkx
networkx\algorithms\__init__.py,networkx\algorithms\polynomials.py,networkx/networkx
networkx\algorithms\__init__.py,networkx\algorithms\tree\coding.py,networkx/networkx
networkx\algorithms\__init__.py,networkx\algorithms\distance_regular.py,networkx/networkx
networkx\algorithms\__init__.py,networkx\algorithms\simple_paths.py,networkx/networkx
networkx\algorithms\__init__.py,networkx\algorithms\graphical.py,networkx/networkx
networkx\algorithms\__init__.py,networkx\algorithms\planarity.py,networkx/networkx
networkx\algorithms\__init__.py,networkx\algorithms\vitality.py,networkx/networkx
networkx\algorithms\__init__.py,networkx\algorithms\centrality\__init__.py,networkx/networkx
networkx\algorithms\__init__.py,networkx\algorithms\matching.py,networkx/networkx
networkx\algorithms\__init__.py,networkx\algorithms\cycles.py,networkx/networkx
networkx\algorithms\__init__.py,networkx\algorithms\traversal\__init__.py,networkx/networkx
networkx\algorithms\__init__.py,networkx\algorithms\tree\recognition.py,networkx/networkx
networkx\algorithms\__init__.py,networkx\algorithms\euler.py,networkx/networkx
networkx\algorithms\__init__.py,networkx\algorithms\swap.py,networkx/networkx
networkx\algorithms\__init__.py,networkx\algorithms\lowest_common_ancestors.py,networkx/networkx
networkx\algorithms\__init__.py,networkx\algorithms\asteroidal.py,networkx/networkx
networkx\algorithms\__init__.py,networkx\algorithms\communicability_alg.py,networkx/networkx
networkx\algorithms\__init__.py,networkx\algorithms\perfect_graph.py,networkx/networkx
networkx\algorithms\__init__.py,networkx\algorithms\distance_measures.py,networkx/networkx
networkx\algorithms\__init__.py,networkx\algorithms\shortest_paths\__init__.py,networkx/networkx
networkx\algorithms\__init__.py,networkx\algorithms\hybrid.py,networkx/networkx
networkx\algorithms\__init__.py,networkx\algorithms\walks.py,networkx/networkx
networkx\algorithms\__init__.py,networkx\algorithms\chains.py,networkx/networkx
networkx\algorithms\__init__.py,networkx\algorithms\planar_drawing.py,networkx/networkx
networkx\algorithms\__init__.py,networkx\algorithms\isomorphism\vf2pp.py,networkx/networkx
networkx\algorithms\__init__.py,networkx\algorithms\core.py,networkx/networkx
networkx\algorithms\__init__.py,networkx\algorithms\voronoi.py,networkx/networkx
networkx\algorithms\__init__.py,networkx\algorithms\tree\operations.py,networkx/networkx
networkx\algorithms\__init__.py,networkx\algorithms\hierarchy.py,networkx/networkx
networkx\algorithms\__init__.py,networkx\algorithms\wiener.py,networkx/networkx
networkx\algorithms\__init__.py,networkx\algorithms\isolate.py,networkx/networkx
networkx\algorithms\__init__.py,networkx\algorithms\clique.py,networkx/networkx
networkx\classes\digraph.py,networkx\__init__.py,networkx/networkx
networkx\classes\digraph.py,networkx\classes\graph.py,networkx/networkx
networkx\classes\digraph.py,networkx\classes\reportviews.py,networkx/networkx
networkx\classes\digraph.py,networkx\classes\coreviews.py,networkx/networkx
networkx\classes\function.py,networkx\utils\__init__.py,networkx/networkx
networkx\classes\function.py,networkx\__init__.py,networkx/networkx
networkx\classes\graph.py,networkx\__init__.py,networkx/networkx
networkx\classes\graph.py,networkx\classes\reportviews.py,networkx/networkx
networkx\classes\graph.py,networkx\classes\coreviews.py,networkx/networkx
networkx\classes\graphviews.py,networkx\__init__.py,networkx/networkx
networkx\classes\graphviews.py,networkx\utils\__init__.py,networkx/networkx
networkx\classes\graphviews.py,networkx\classes\coreviews.py,networkx/networkx
networkx\classes\graphviews.py,networkx\classes\filters.py,networkx/networkx
networkx\classes\multidigraph.py,networkx\classes\coreviews.py,networkx/networkx
networkx\classes\multidigraph.py,networkx\__init__.py,networkx/networkx
networkx\classes\multidigraph.py,networkx\classes\digraph.py,networkx/networkx
networkx\classes\multidigraph.py,networkx\classes\reportviews.py,networkx/networkx
networkx\classes\multidigraph.py,networkx\classes\multigraph.py,networkx/networkx
networkx\classes\multigraph.py,networkx\__init__.py,networkx/networkx
networkx\classes\multigraph.py,networkx\classes\graph.py,networkx/networkx
networkx\classes\multigraph.py,networkx\classes\reportviews.py,networkx/networkx
networkx\classes\multigraph.py,networkx\classes\coreviews.py,networkx/networkx
networkx\classes\reportviews.py,networkx\__init__.py,networkx/networkx
networkx\classes\__init__.py,networkx\classes\digraph.py,networkx/networkx
networkx\classes\__init__.py,networkx\classes\multigraph.py,networkx/networkx
networkx\classes\__init__.py,networkx\classes\function.py,networkx/networkx
networkx\classes\__init__.py,networkx\classes\graphviews.py,networkx/networkx
networkx\classes\__init__.py,networkx\classes\graph.py,networkx/networkx
networkx\classes\__init__.py,networkx\classes\multidigraph.py,networkx/networkx
networkx\drawing\layout.py,networkx\__init__.py,networkx/networkx
networkx\drawing\layout.py,networkx\utils\__init__.py,networkx/networkx
networkx\drawing\nx_agraph.py,networkx\__init__.py,networkx/networkx
networkx\drawing\nx_latex.py,networkx\__init__.py,networkx/networkx
networkx\drawing\nx_pydot.py,networkx\__init__.py,networkx/networkx
networkx\drawing\nx_pydot.py,networkx\utils\__init__.py,networkx/networkx
networkx\drawing\nx_pylab.py,networkx\__init__.py,networkx/networkx
networkx\drawing\__init__.py,networkx\drawing\nx_latex.py,networkx/networkx
networkx\drawing\__init__.py,networkx\drawing\nx_pylab.py,networkx/networkx
networkx\drawing\__init__.py,networkx\drawing\layout.py,networkx/networkx
networkx\generators\atlas.py,networkx\__init__.py,networkx/networkx
networkx\generators\classic.py,networkx\classes\__init__.py,networkx/networkx
networkx\generators\classic.py,networkx\__init__.py,networkx/networkx
networkx\generators\classic.py,networkx\utils\__init__.py,networkx/networkx
networkx\generators\cographs.py,networkx\__init__.py,networkx/networkx
networkx\generators\cographs.py,networkx\utils\__init__.py,networkx/networkx
networkx\generators\community.py,networkx\utils\__init__.py,networkx/networkx
networkx\generators\community.py,networkx\__init__.py,networkx/networkx
networkx\generators\degree_seq.py,networkx\utils\__init__.py,networkx/networkx
networkx\generators\degree_seq.py,networkx\__init__.py,networkx/networkx
networkx\generators\directed.py,networkx\__init__.py,networkx/networkx
networkx\generators\directed.py,networkx\utils\__init__.py,networkx/networkx
networkx\generators\directed.py,networkx\generators\classic.py,networkx/networkx
networkx\generators\duplication.py,networkx\__init__.py,networkx/networkx
networkx\generators\duplication.py,networkx\utils\misc.py,networkx/networkx
networkx\generators\duplication.py,networkx\utils\__init__.py,networkx/networkx
networkx\generators\ego.py,networkx\__init__.py,networkx/networkx
networkx\generators\expanders.py,networkx\__init__.py,networkx/networkx
networkx\generators\geometric.py,networkx\utils\__init__.py,networkx/networkx
networkx\generators\geometric.py,networkx\__init__.py,networkx/networkx
networkx\generators\harary_graph.py,networkx\__init__.py,networkx/networkx
networkx\generators\internet_as_graphs.py,networkx\__init__.py,networkx/networkx
networkx\generators\internet_as_graphs.py,networkx\utils\__init__.py,networkx/networkx
networkx\generators\intersection.py,networkx\__init__.py,networkx/networkx
networkx\generators\intersection.py,networkx\utils\__init__.py,networkx/networkx
networkx\generators\intersection.py,networkx\algorithms\__init__.py,networkx/networkx
networkx\generators\interval_graph.py,networkx\__init__.py,networkx/networkx
networkx\generators\joint_degree_seq.py,networkx\__init__.py,networkx/networkx
networkx\generators\joint_degree_seq.py,networkx\utils\__init__.py,networkx/networkx
networkx\generators\lattice.py,networkx\generators\classic.py,networkx/networkx
networkx\generators\lattice.py,networkx\algorithms\operators\product.py,networkx/networkx
networkx\generators\lattice.py,networkx\classes\__init__.py,networkx/networkx
networkx\generators\lattice.py,networkx\relabel.py,networkx/networkx
networkx\generators\lattice.py,networkx\__init__.py,networkx/networkx
networkx\generators\lattice.py,networkx\utils\__init__.py,networkx/networkx
networkx\generators\line.py,networkx\__init__.py,networkx/networkx
networkx\generators\line.py,networkx\utils\__init__.py,networkx/networkx
networkx\generators\line.py,networkx\utils\decorators.py,networkx/networkx
networkx\generators\mycielski.py,networkx\__init__.py,networkx/networkx
networkx\generators\mycielski.py,networkx\utils\__init__.py,networkx/networkx
networkx\generators\nonisomorphic_trees.py,networkx\__init__.py,networkx/networkx
networkx\generators\random_clustered.py,networkx\__init__.py,networkx/networkx
networkx\generators\random_clustered.py,networkx\utils\__init__.py,networkx/networkx
networkx\generators\random_graphs.py,networkx\__init__.py,networkx/networkx
networkx\generators\random_graphs.py,networkx\utils\misc.py,networkx/networkx
networkx\generators\random_graphs.py,networkx\generators\degree_seq.py,networkx/networkx
networkx\generators\random_graphs.py,networkx\generators\classic.py,networkx/networkx
networkx\generators\random_graphs.py,networkx\utils\__init__.py,networkx/networkx
networkx\generators\small.py,networkx\__init__.py,networkx/networkx
networkx\generators\small.py,networkx\generators\classic.py,networkx/networkx
networkx\generators\social.py,networkx\__init__.py,networkx/networkx
networkx\generators\spectral_graph_forge.py,networkx\__init__.py,networkx/networkx
networkx\generators\spectral_graph_forge.py,networkx\utils\__init__.py,networkx/networkx
networkx\generators\stochastic.py,networkx\__init__.py,networkx/networkx
networkx\generators\stochastic.py,networkx\utils\__init__.py,networkx/networkx
networkx\generators\stochastic.py,networkx\classes\__init__.py,networkx/networkx
networkx\generators\sudoku.py,networkx\__init__.py,networkx/networkx
networkx\generators\time_series.py,networkx\__init__.py,networkx/networkx
networkx\generators\trees.py,networkx\utils\__init__.py,networkx/networkx
networkx\generators\trees.py,networkx\__init__.py,networkx/networkx
networkx\generators\triads.py,networkx\__init__.py,networkx/networkx
networkx\generators\triads.py,networkx\classes\__init__.py,networkx/networkx
networkx\generators\__init__.py,networkx\generators\community.py,networkx/networkx
networkx\generators\__init__.py,networkx\generators\internet_as_graphs.py,networkx/networkx
networkx\generators\__init__.py,networkx\generators\random_clustered.py,networkx/networkx
networkx\generators\__init__.py,networkx\generators\sudoku.py,networkx/networkx
networkx\generators\__init__.py,networkx\generators\interval_graph.py,networkx/networkx
networkx\generators\__init__.py,networkx\generators\degree_seq.py,networkx/networkx
networkx\generators\__init__.py,networkx\generators\random_graphs.py,networkx/networkx
networkx\generators\__init__.py,networkx\generators\social.py,networkx/networkx
networkx\generators\__init__.py,networkx\generators\joint_degree_seq.py,networkx/networkx
networkx\generators\__init__.py,networkx\generators\classic.py,networkx/networkx
networkx\generators\__init__.py,networkx\generators\geometric.py,networkx/networkx
networkx\generators\__init__.py,networkx\generators\mycielski.py,networkx/networkx
networkx\generators\__init__.py,networkx\generators\stochastic.py,networkx/networkx
networkx\generators\__init__.py,networkx\generators\harary_graph.py,networkx/networkx
networkx\generators\__init__.py,networkx\generators\nonisomorphic_trees.py,networkx/networkx
networkx\generators\__init__.py,networkx\generators\cographs.py,networkx/networkx
networkx\generators\__init__.py,networkx\generators\ego.py,networkx/networkx
networkx\generators\__init__.py,networkx\generators\lattice.py,networkx/networkx
networkx\generators\__init__.py,networkx\generators\small.py,networkx/networkx
networkx\generators\__init__.py,networkx\generators\triads.py,networkx/networkx
networkx\generators\__init__.py,networkx\generators\line.py,networkx/networkx
networkx\generators\__init__.py,networkx\generators\expanders.py,networkx/networkx
networkx\generators\__init__.py,networkx\generators\atlas.py,networkx/networkx
networkx\generators\__init__.py,networkx\generators\trees.py,networkx/networkx
networkx\generators\__init__.py,networkx\generators\directed.py,networkx/networkx
networkx\generators\__init__.py,networkx\generators\intersection.py,networkx/networkx
networkx\generators\__init__.py,networkx\generators\spectral_graph_forge.py,networkx/networkx
networkx\generators\__init__.py,networkx\generators\time_series.py,networkx/networkx
networkx\generators\__init__.py,networkx\generators\duplication.py,networkx/networkx
networkx\linalg\algebraicconnectivity.py,networkx\utils\__init__.py,networkx/networkx
networkx\linalg\algebraicconnectivity.py,networkx\__init__.py,networkx/networkx
networkx\linalg\attrmatrix.py,networkx\__init__.py,networkx/networkx
networkx\linalg\bethehessianmatrix.py,networkx\__init__.py,networkx/networkx
networkx\linalg\bethehessianmatrix.py,networkx\utils\__init__.py,networkx/networkx
networkx\linalg\graphmatrix.py,networkx\__init__.py,networkx/networkx
networkx\linalg\laplacianmatrix.py,networkx\utils\__init__.py,networkx/networkx
networkx\linalg\laplacianmatrix.py,networkx\__init__.py,networkx/networkx
networkx\linalg\modularitymatrix.py,networkx\__init__.py,networkx/networkx
networkx\linalg\modularitymatrix.py,networkx\utils\__init__.py,networkx/networkx
networkx\linalg\spectrum.py,networkx\__init__.py,networkx/networkx
networkx\linalg\__init__.py,networkx\linalg\bethehessianmatrix.py,networkx/networkx
networkx\linalg\__init__.py,networkx\linalg\modularitymatrix.py,networkx/networkx
networkx\linalg\__init__.py,networkx\linalg\graphmatrix.py,networkx/networkx
networkx\linalg\__init__.py,networkx\linalg\spectrum.py,networkx/networkx
networkx\linalg\__init__.py,networkx\linalg\laplacianmatrix.py,networkx/networkx
networkx\linalg\__init__.py,networkx\linalg\algebraicconnectivity.py,networkx/networkx
networkx\linalg\__init__.py,networkx\linalg\attrmatrix.py,networkx/networkx
networkx\readwrite\adjlist.py,networkx\__init__.py,networkx/networkx
networkx\readwrite\adjlist.py,networkx\utils\__init__.py,networkx/networkx
networkx\readwrite\edgelist.py,networkx\__init__.py,networkx/networkx
networkx\readwrite\edgelist.py,networkx\utils\__init__.py,networkx/networkx
networkx\readwrite\gexf.py,networkx\__init__.py,networkx/networkx
networkx\readwrite\gexf.py,networkx\utils\__init__.py,networkx/networkx
networkx\readwrite\gml.py,networkx\utils\__init__.py,networkx/networkx
networkx\readwrite\gml.py,networkx\__init__.py,networkx/networkx
networkx\readwrite\graph6.py,networkx\utils\__init__.py,networkx/networkx
networkx\readwrite\graph6.py,networkx\__init__.py,networkx/networkx
networkx\readwrite\graphml.py,networkx\__init__.py,networkx/networkx
networkx\readwrite\graphml.py,networkx\utils\__init__.py,networkx/networkx
networkx\readwrite\leda.py,networkx\__init__.py,networkx/networkx
networkx\readwrite\leda.py,networkx\utils\__init__.py,networkx/networkx
networkx\readwrite\multiline_adjlist.py,networkx\__init__.py,networkx/networkx
networkx\readwrite\multiline_adjlist.py,networkx\utils\__init__.py,networkx/networkx
networkx\readwrite\p2g.py,networkx\__init__.py,networkx/networkx
networkx\readwrite\p2g.py,networkx\utils\__init__.py,networkx/networkx
networkx\readwrite\pajek.py,networkx\utils\__init__.py,networkx/networkx
networkx\readwrite\pajek.py,networkx\__init__.py,networkx/networkx
networkx\readwrite\sparse6.py,networkx\__init__.py,networkx/networkx
networkx\readwrite\sparse6.py,networkx\readwrite\graph6.py,networkx/networkx
networkx\readwrite\sparse6.py,networkx\utils\__init__.py,networkx/networkx
networkx\readwrite\text.py,networkx\__init__.py,networkx/networkx
networkx\readwrite\text.py,networkx\utils\__init__.py,networkx/networkx
networkx\readwrite\__init__.py,networkx\readwrite\pajek.py,networkx/networkx
networkx\readwrite\__init__.py,networkx\readwrite\multiline_adjlist.py,networkx/networkx
networkx\readwrite\__init__.py,networkx\readwrite\sparse6.py,networkx/networkx
networkx\readwrite\__init__.py,networkx\readwrite\graph6.py,networkx/networkx
networkx\readwrite\__init__.py,networkx\readwrite\gml.py,networkx/networkx
networkx\readwrite\__init__.py,networkx\readwrite\gexf.py,networkx/networkx
networkx\readwrite\__init__.py,networkx\readwrite\json_graph\__init__.py,networkx/networkx
networkx\readwrite\__init__.py,networkx\readwrite\graphml.py,networkx/networkx
networkx\readwrite\__init__.py,networkx\readwrite\text.py,networkx/networkx
networkx\readwrite\__init__.py,networkx\readwrite\edgelist.py,networkx/networkx
networkx\readwrite\__init__.py,networkx\readwrite\adjlist.py,networkx/networkx
networkx\readwrite\__init__.py,networkx\readwrite\leda.py,networkx/networkx
networkx\utils\backends.py,networkx\__init__.py,networkx/networkx
networkx\utils\backends.py,networkx\utils\configs.py,networkx/networkx
networkx\utils\backends.py,networkx\utils\decorators.py,networkx/networkx
networkx\utils\configs.py,networkx\utils\backends.py,networkx/networkx
networkx\utils\decorators.py,networkx\utils\__init__.py,networkx/networkx
networkx\utils\decorators.py,networkx\__init__.py,networkx/networkx
networkx\utils\heaps.py,networkx\__init__.py,networkx/networkx
networkx\utils\misc.py,networkx\__init__.py,networkx/networkx
networkx\utils\random_sequence.py,networkx\__init__.py,networkx/networkx
networkx\utils\random_sequence.py,networkx\utils\__init__.py,networkx/networkx
networkx\utils\rcm.py,networkx\__init__.py,networkx/networkx
networkx\utils\rcm.py,networkx\utils\__init__.py,networkx/networkx
networkx\utils\union_find.py,networkx\utils\__init__.py,networkx/networkx
networkx\utils\__init__.py,networkx\utils\heaps.py,networkx/networkx
networkx\utils\__init__.py,networkx\utils\rcm.py,networkx/networkx
networkx\utils\__init__.py,networkx\utils\random_sequence.py,networkx/networkx
networkx\utils\__init__.py,networkx\utils\configs.py,networkx/networkx
networkx\utils\__init__.py,networkx\utils\union_find.py,networkx/networkx
networkx\utils\__init__.py,networkx\utils\decorators.py,networkx/networkx
networkx\utils\__init__.py,networkx\utils\misc.py,networkx/networkx
networkx\utils\__init__.py,networkx\utils\backends.py,networkx/networkx
networkx\readwrite\json_graph\adjacency.py,networkx\__init__.py,networkx/networkx
networkx\readwrite\json_graph\cytoscape.py,networkx\__init__.py,networkx/networkx
networkx\readwrite\json_graph\node_link.py,networkx\__init__.py,networkx/networkx
networkx\readwrite\json_graph\tree.py,networkx\__init__.py,networkx/networkx
networkx\readwrite\json_graph\__init__.py,networkx\readwrite\json_graph\node_link.py,networkx/networkx
networkx\readwrite\json_graph\__init__.py,networkx\readwrite\json_graph\tree.py,networkx/networkx
networkx\readwrite\json_graph\__init__.py,networkx\readwrite\json_graph\adjacency.py,networkx/networkx
networkx\readwrite\json_graph\__init__.py,networkx\readwrite\json_graph\cytoscape.py,networkx/networkx
networkx\algorithms\approximation\clique.py,networkx\__init__.py,networkx/networkx
networkx\algorithms\approximation\clique.py,networkx\utils\__init__.py,networkx/networkx
networkx\algorithms\approximation\clique.py,networkx\algorithms\approximation\__init__.py,networkx/networkx
networkx\algorithms\approximation\clustering_coefficient.py,networkx\__init__.py,networkx/networkx
networkx\algorithms\approximation\clustering_coefficient.py,networkx\utils\__init__.py,networkx/networkx
networkx\algorithms\approximation\connectivity.py,networkx\__init__.py,networkx/networkx
networkx\algorithms\approximation\density.py,networkx\__init__.py,networkx/networkx
networkx\algorithms\approximation\distance_measures.py,networkx\__init__.py,networkx/networkx
networkx\algorithms\approximation\distance_measures.py,networkx\utils\decorators.py,networkx/networkx
networkx\algorithms\approximation\dominating_set.py,networkx\__init__.py,networkx/networkx
networkx\algorithms\approximation\dominating_set.py,networkx\algorithms\matching.py,networkx/networkx
networkx\algorithms\approximation\dominating_set.py,networkx\utils\__init__.py,networkx/networkx
networkx\algorithms\approximation\kcomponents.py,networkx\algorithms\approximation\__init__.py,networkx/networkx
networkx\algorithms\approximation\kcomponents.py,networkx\__init__.py,networkx/networkx
networkx\algorithms\approximation\kcomponents.py,networkx\utils\__init__.py,networkx/networkx
networkx\algorithms\approximation\matching.py,networkx\__init__.py,networkx/networkx
networkx\algorithms\approximation\maxcut.py,networkx\__init__.py,networkx/networkx
networkx\algorithms\approximation\maxcut.py,networkx\utils\decorators.py,networkx/networkx
networkx\algorithms\approximation\ramsey.py,networkx\__init__.py,networkx/networkx
networkx\algorithms\approximation\ramsey.py,networkx\utils\__init__.py,networkx/networkx
networkx\algorithms\approximation\steinertree.py,networkx\__init__.py,networkx/networkx
networkx\algorithms\approximation\steinertree.py,networkx\utils\__init__.py,networkx/networkx
networkx\algorithms\approximation\traveling_salesman.py,networkx\utils\__init__.py,networkx/networkx
networkx\algorithms\approximation\traveling_salesman.py,networkx\__init__.py,networkx/networkx
networkx\algorithms\approximation\traveling_salesman.py,networkx\algorithms\tree\mst.py,networkx/networkx
networkx\algorithms\approximation\treewidth.py,networkx\utils\__init__.py,networkx/networkx
networkx\algorithms\approximation\treewidth.py,networkx\__init__.py,networkx/networkx
networkx\algorithms\approximation\vertex_cover.py,networkx\__init__.py,networkx/networkx
networkx\algorithms\approximation\__init__.py,networkx\algorithms\approximation\traveling_salesman.py,networkx/networkx
networkx\algorithms\approximation\__init__.py,networkx\algorithms\approximation\ramsey.py,networkx/networkx
networkx\algorithms\approximation\__init__.py,networkx\algorithms\approximation\clustering_coefficient.py,networkx/networkx
networkx\algorithms\approximation\__init__.py,networkx\algorithms\approximation\connectivity.py,networkx/networkx
networkx\algorithms\approximation\__init__.py,networkx\algorithms\approximation\dominating_set.py,networkx/networkx
networkx\algorithms\approximation\__init__.py,networkx\algorithms\approximation\matching.py,networkx/networkx
networkx\algorithms\approximation\__init__.py,networkx\algorithms\approximation\steinertree.py,networkx/networkx
networkx\algorithms\approximation\__init__.py,networkx\algorithms\approximation\treewidth.py,networkx/networkx
networkx\algorithms\approximation\__init__.py,networkx\algorithms\approximation\vertex_cover.py,networkx/networkx
networkx\algorithms\approximation\__init__.py,networkx\algorithms\approximation\kcomponents.py,networkx/networkx
networkx\algorithms\approximation\__init__.py,networkx\algorithms\approximation\density.py,networkx/networkx
networkx\algorithms\approximation\__init__.py,networkx\algorithms\approximation\distance_measures.py,networkx/networkx
networkx\algorithms\approximation\__init__.py,networkx\algorithms\approximation\maxcut.py,networkx/networkx
networkx\algorithms\approximation\__init__.py,networkx\algorithms\approximation\clique.py,networkx/networkx
networkx\algorithms\assortativity\connectivity.py,networkx\__init__.py,networkx/networkx
networkx\algorithms\assortativity\correlation.py,networkx\__init__.py,networkx/networkx
networkx\algorithms\assortativity\correlation.py,networkx\algorithms\assortativity\mixing.py,networkx/networkx
networkx\algorithms\assortativity\correlation.py,networkx\algorithms\assortativity\pairs.py,networkx/networkx
networkx\algorithms\assortativity\mixing.py,networkx\__init__.py,networkx/networkx
networkx\algorithms\assortativity\mixing.py,networkx\algorithms\assortativity\pairs.py,networkx/networkx
networkx\algorithms\assortativity\mixing.py,networkx\utils\__init__.py,networkx/networkx
networkx\algorithms\assortativity\neighbor_degree.py,networkx\__init__.py,networkx/networkx
networkx\algorithms\assortativity\pairs.py,networkx\__init__.py,networkx/networkx
networkx\algorithms\assortativity\__init__.py,networkx\algorithms\assortativity\pairs.py,networkx/networkx
networkx\algorithms\assortativity\__init__.py,networkx\algorithms\assortativity\connectivity.py,networkx/networkx
networkx\algorithms\assortativity\__init__.py,networkx\algorithms\assortativity\neighbor_degree.py,networkx/networkx
networkx\algorithms\assortativity\__init__.py,networkx\algorithms\assortativity\correlation.py,networkx/networkx
networkx\algorithms\assortativity\__init__.py,networkx\algorithms\assortativity\mixing.py,networkx/networkx
networkx\algorithms\bipartite\basic.py,networkx\__init__.py,networkx/networkx
networkx\algorithms\bipartite\basic.py,networkx\algorithms\components\__init__.py,networkx/networkx
networkx\algorithms\bipartite\centrality.py,networkx\__init__.py,networkx/networkx
networkx\algorithms\bipartite\cluster.py,networkx\utils\decorators.py,networkx/networkx
networkx\algorithms\bipartite\cluster.py,networkx\__init__.py,networkx/networkx
networkx\algorithms\bipartite\community.py,networkx\__init__.py,networkx/networkx
networkx\algorithms\bipartite\community.py,networkx\algorithms\community\community_utils.py,networkx/networkx
networkx\algorithms\bipartite\community.py,networkx\utils\decorators.py,networkx/networkx
networkx\algorithms\bipartite\community.py,networkx\algorithms\community\quality.py,networkx/networkx
networkx\algorithms\bipartite\covering.py,networkx\__init__.py,networkx/networkx
networkx\algorithms\bipartite\covering.py,networkx\utils\__init__.py,networkx/networkx
networkx\algorithms\bipartite\covering.py,networkx\algorithms\bipartite\matching.py,networkx/networkx
networkx\algorithms\bipartite\covering.py,networkx\algorithms\covering.py,networkx/networkx
networkx\algorithms\bipartite\edgelist.py,networkx\__init__.py,networkx/networkx
networkx\algorithms\bipartite\edgelist.py,networkx\utils\__init__.py,networkx/networkx
networkx\algorithms\bipartite\extendability.py,networkx\__init__.py,networkx/networkx
networkx\algorithms\bipartite\extendability.py,networkx\utils\__init__.py,networkx/networkx
networkx\algorithms\bipartite\generators.py,networkx\utils\__init__.py,networkx/networkx
networkx\algorithms\bipartite\generators.py,networkx\__init__.py,networkx/networkx
networkx\algorithms\bipartite\link_analysis.py,networkx\__init__.py,networkx/networkx
networkx\algorithms\bipartite\matching.py,networkx\algorithms\bipartite\__init__.py,networkx/networkx
networkx\algorithms\bipartite\matching.py,networkx\__init__.py,networkx/networkx
networkx\algorithms\bipartite\matching.py,networkx\algorithms\bipartite\matrix.py,networkx/networkx
networkx\algorithms\bipartite\matrix.py,networkx\convert_matrix.py,networkx/networkx
networkx\algorithms\bipartite\matrix.py,networkx\__init__.py,networkx/networkx
networkx\algorithms\bipartite\projection.py,networkx\__init__.py,networkx/networkx
networkx\algorithms\bipartite\projection.py,networkx\utils\__init__.py,networkx/networkx
networkx\algorithms\bipartite\redundancy.py,networkx\__init__.py,networkx/networkx
networkx\algorithms\bipartite\spectral.py,networkx\__init__.py,networkx/networkx
networkx\algorithms\bipartite\__init__.py,networkx\algorithms\bipartite\edgelist.py,networkx/networkx
networkx\algorithms\bipartite\__init__.py,networkx\algorithms\bipartite\centrality.py,networkx/networkx
networkx\algorithms\bipartite\__init__.py,networkx\algorithms\bipartite\covering.py,networkx/networkx
networkx\algorithms\bipartite\__init__.py,networkx\algorithms\bipartite\cluster.py,networkx/networkx
networkx\algorithms\bipartite\__init__.py,networkx\algorithms\bipartite\matching.py,networkx/networkx
networkx\algorithms\bipartite\__init__.py,networkx\algorithms\bipartite\projection.py,networkx/networkx
networkx\algorithms\bipartite\__init__.py,networkx\algorithms\bipartite\matrix.py,networkx/networkx
networkx\algorithms\bipartite\__init__.py,networkx\algorithms\bipartite\redundancy.py,networkx/networkx
networkx\algorithms\bipartite\__init__.py,networkx\algorithms\bipartite\spectral.py,networkx/networkx
networkx\algorithms\bipartite\__init__.py,networkx\algorithms\bipartite\generators.py,networkx/networkx
networkx\algorithms\bipartite\__init__.py,networkx\algorithms\bipartite\extendability.py,networkx/networkx
networkx\algorithms\bipartite\__init__.py,networkx\algorithms\bipartite\basic.py,networkx/networkx
networkx\algorithms\bipartite\__init__.py,networkx\algorithms\bipartite\community.py,networkx/networkx
networkx\algorithms\bipartite\__init__.py,networkx\algorithms\bipartite\link_analysis.py,networkx/networkx
networkx\algorithms\centrality\betweenness.py,networkx\utils\__init__.py,networkx/networkx
networkx\algorithms\centrality\betweenness.py,networkx\algorithms\shortest_paths\weighted.py,networkx/networkx
networkx\algorithms\centrality\betweenness.py,networkx\utils\decorators.py,networkx/networkx
networkx\algorithms\centrality\betweenness.py,networkx\__init__.py,networkx/networkx
networkx\algorithms\centrality\betweenness_subset.py,networkx\__init__.py,networkx/networkx
networkx\algorithms\centrality\betweenness_subset.py,networkx\algorithms\centrality\betweenness.py,networkx/networkx
networkx\algorithms\centrality\closeness.py,networkx\__init__.py,networkx/networkx
networkx\algorithms\centrality\closeness.py,networkx\utils\decorators.py,networkx/networkx
networkx\algorithms\centrality\current_flow_betweenness.py,networkx\__init__.py,networkx/networkx
networkx\algorithms\centrality\current_flow_betweenness.py,networkx\algorithms\centrality\flow_matrix.py,networkx/networkx
networkx\algorithms\centrality\current_flow_betweenness.py,networkx\utils\__init__.py,networkx/networkx
networkx\algorithms\centrality\current_flow_betweenness_subset.py,networkx\__init__.py,networkx/networkx
networkx\algorithms\centrality\current_flow_betweenness_subset.py,networkx\utils\__init__.py,networkx/networkx
networkx\algorithms\centrality\current_flow_betweenness_subset.py,networkx\algorithms\centrality\flow_matrix.py,networkx/networkx
networkx\algorithms\centrality\current_flow_closeness.py,networkx\__init__.py,networkx/networkx
networkx\algorithms\centrality\current_flow_closeness.py,networkx\algorithms\centrality\flow_matrix.py,networkx/networkx
networkx\algorithms\centrality\current_flow_closeness.py,networkx\utils\__init__.py,networkx/networkx
networkx\algorithms\centrality\degree_alg.py,networkx\__init__.py,networkx/networkx
networkx\algorithms\centrality\degree_alg.py,networkx\utils\decorators.py,networkx/networkx
networkx\algorithms\centrality\dispersion.py,networkx\__init__.py,networkx/networkx
networkx\algorithms\centrality\eigenvector.py,networkx\__init__.py,networkx/networkx
networkx\algorithms\centrality\eigenvector.py,networkx\utils\__init__.py,networkx/networkx
networkx\algorithms\centrality\flow_matrix.py,networkx\__init__.py,networkx/networkx
networkx\algorithms\centrality\group.py,networkx\__init__.py,networkx/networkx
networkx\algorithms\centrality\group.py,networkx\algorithms\centrality\betweenness.py,networkx/networkx
networkx\algorithms\centrality\group.py,networkx\utils\decorators.py,networkx/networkx
networkx\algorithms\centrality\harmonic.py,networkx\__init__.py,networkx/networkx
networkx\algorithms\centrality\katz.py,networkx\utils\__init__.py,networkx/networkx
networkx\algorithms\centrality\katz.py,networkx\__init__.py,networkx/networkx
networkx\algorithms\centrality\laplacian.py,networkx\__init__.py,networkx/networkx
networkx\algorithms\centrality\load.py,networkx\__init__.py,networkx/networkx
networkx\algorithms\centrality\percolation.py,networkx\__init__.py,networkx/networkx
networkx\algorithms\centrality\percolation.py,networkx\algorithms\centrality\betweenness.py,networkx/networkx
networkx\algorithms\centrality\reaching.py,networkx\__init__.py,networkx/networkx
networkx\algorithms\centrality\reaching.py,networkx\utils\__init__.py,networkx/networkx
networkx\algorithms\centrality\second_order.py,networkx\__init__.py,networkx/networkx
networkx\algorithms\centrality\second_order.py,networkx\utils\__init__.py,networkx/networkx
networkx\algorithms\centrality\subgraph_alg.py,networkx\utils\__init__.py,networkx/networkx
networkx\algorithms\centrality\subgraph_alg.py,networkx\__init__.py,networkx/networkx
networkx\algorithms\centrality\trophic.py,networkx\__init__.py,networkx/networkx
networkx\algorithms\centrality\trophic.py,networkx\utils\__init__.py,networkx/networkx
networkx\algorithms\centrality\voterank_alg.py,networkx\__init__.py,networkx/networkx
networkx\algorithms\centrality\__init__.py,networkx\algorithms\centrality\closeness.py,networkx/networkx
networkx\algorithms\centrality\__init__.py,networkx\algorithms\centrality\group.py,networkx/networkx
networkx\algorithms\centrality\__init__.py,networkx\algorithms\centrality\trophic.py,networkx/networkx
networkx\algorithms\centrality\__init__.py,networkx\algorithms\centrality\betweenness_subset.py,networkx/networkx
networkx\algorithms\centrality\__init__.py,networkx\algorithms\centrality\katz.py,networkx/networkx
networkx\algorithms\centrality\__init__.py,networkx\algorithms\centrality\current_flow_betweenness.py,networkx/networkx
networkx\algorithms\centrality\__init__.py,networkx\algorithms\centrality\betweenness.py,networkx/networkx
networkx\algorithms\centrality\__init__.py,networkx\algorithms\centrality\current_flow_betweenness_subset.py,networkx/networkx
networkx\algorithms\centrality\__init__.py,networkx\algorithms\centrality\voterank_alg.py,networkx/networkx
networkx\algorithms\centrality\__init__.py,networkx\algorithms\centrality\current_flow_closeness.py,networkx/networkx
networkx\algorithms\centrality\__init__.py,networkx\algorithms\centrality\load.py,networkx/networkx
networkx\algorithms\centrality\__init__.py,networkx\algorithms\centrality\degree_alg.py,networkx/networkx
networkx\algorithms\centrality\__init__.py,networkx\algorithms\centrality\percolation.py,networkx/networkx
networkx\algorithms\centrality\__init__.py,networkx\algorithms\centrality\laplacian.py,networkx/networkx
networkx\algorithms\centrality\__init__.py,networkx\algorithms\centrality\dispersion.py,networkx/networkx
networkx\algorithms\centrality\__init__.py,networkx\algorithms\centrality\reaching.py,networkx/networkx
networkx\algorithms\centrality\__init__.py,networkx\algorithms\centrality\eigenvector.py,networkx/networkx
networkx\algorithms\centrality\__init__.py,networkx\algorithms\centrality\second_order.py,networkx/networkx
networkx\algorithms\centrality\__init__.py,networkx\algorithms\centrality\subgraph_alg.py,networkx/networkx
networkx\algorithms\centrality\__init__.py,networkx\algorithms\centrality\harmonic.py,networkx/networkx
networkx\algorithms\coloring\equitable_coloring.py,networkx\__init__.py,networkx/networkx
networkx\algorithms\coloring\greedy_coloring.py,networkx\__init__.py,networkx/networkx
networkx\algorithms\coloring\greedy_coloring.py,networkx\utils\__init__.py,networkx/networkx
networkx\algorithms\coloring\__init__.py,networkx\algorithms\coloring\greedy_coloring.py,networkx/networkx
networkx\algorithms\coloring\__init__.py,networkx\algorithms\coloring\equitable_coloring.py,networkx/networkx
networkx\algorithms\community\asyn_fluid.py,networkx\utils\__init__.py,networkx/networkx
networkx\algorithms\community\asyn_fluid.py,networkx\algorithms\components\__init__.py,networkx/networkx
networkx\algorithms\community\asyn_fluid.py,networkx\__init__.py,networkx/networkx
networkx\algorithms\community\bipartitions.py,networkx\__init__.py,networkx/networkx
networkx\algorithms\community\centrality.py,networkx\__init__.py,networkx/networkx
networkx\algorithms\community\community_utils.py,networkx\__init__.py,networkx/networkx
networkx\algorithms\community\divisive.py,networkx\__init__.py,networkx/networkx
networkx\algorithms\community\kclique.py,networkx\__init__.py,networkx/networkx
networkx\algorithms\community\label_propagation.py,networkx\__init__.py,networkx/networkx
networkx\algorithms\community\label_propagation.py,networkx\utils\__init__.py,networkx/networkx
networkx\algorithms\community\leiden.py,networkx\utils\__init__.py,networkx/networkx
networkx\algorithms\community\leiden.py,networkx\algorithms\community\quality.py,networkx/networkx
networkx\algorithms\community\leiden.py,networkx\__init__.py,networkx/networkx
networkx\algorithms\community\louvain.py,networkx\algorithms\community\__init__.py,networkx/networkx
networkx\algorithms\community\louvain.py,networkx\__init__.py,networkx/networkx
networkx\algorithms\community\louvain.py,networkx\utils\__init__.py,networkx/networkx
networkx\algorithms\community\lukes.py,networkx\utils\__init__.py,networkx/networkx
networkx\algorithms\community\lukes.py,networkx\__init__.py,networkx/networkx
networkx\algorithms\community\modularity_max.py,networkx\utils\mapped_queue.py,networkx/networkx
networkx\algorithms\community\modularity_max.py,networkx\algorithms\community\quality.py,networkx/networkx
networkx\algorithms\community\modularity_max.py,networkx\__init__.py,networkx/networkx
networkx\algorithms\community\quality.py,networkx\__init__.py,networkx/networkx
networkx\algorithms\community\quality.py,networkx\utils\decorators.py,networkx/networkx
networkx\algorithms\community\quality.py,networkx\algorithms\community\community_utils.py,networkx/networkx
networkx\algorithms\community\__init__.py,networkx\algorithms\community\quality.py,networkx/networkx
networkx\algorithms\community\__init__.py,networkx\algorithms\community\asyn_fluid.py,networkx/networkx
networkx\algorithms\community\__init__.py,networkx\algorithms\community\kclique.py,networkx/networkx
networkx\algorithms\community\__init__.py,networkx\algorithms\community\centrality.py,networkx/networkx
networkx\algorithms\community\__init__.py,networkx\algorithms\community\label_propagation.py,networkx/networkx
networkx\algorithms\community\__init__.py,networkx\algorithms\community\community_utils.py,networkx/networkx
networkx\algorithms\community\__init__.py,networkx\algorithms\community\leiden.py,networkx/networkx
networkx\algorithms\community\__init__.py,networkx\algorithms\community\louvain.py,networkx/networkx
networkx\algorithms\community\__init__.py,networkx\algorithms\community\bipartitions.py,networkx/networkx
networkx\algorithms\community\__init__.py,networkx\algorithms\community\local.py,networkx/networkx
networkx\algorithms\community\__init__.py,networkx\algorithms\community\lukes.py,networkx/networkx
networkx\algorithms\community\__init__.py,networkx\algorithms\community\divisive.py,networkx/networkx
networkx\algorithms\community\__init__.py,networkx\algorithms\community\modularity_max.py,networkx/networkx
networkx\algorithms\components\attracting.py,networkx\__init__.py,networkx/networkx
networkx\algorithms\components\attracting.py,networkx\utils\decorators.py,networkx/networkx
networkx\algorithms\components\biconnected.py,networkx\__init__.py,networkx/networkx
networkx\algorithms\components\biconnected.py,networkx\utils\decorators.py,networkx/networkx
networkx\algorithms\components\connected.py,networkx\__init__.py,networkx/networkx
networkx\algorithms\components\connected.py,networkx\utils\decorators.py,networkx/networkx
networkx\algorithms\components\semiconnected.py,networkx\__init__.py,networkx/networkx
networkx\algorithms\components\semiconnected.py,networkx\utils\__init__.py,networkx/networkx
networkx\algorithms\components\strongly_connected.py,networkx\__init__.py,networkx/networkx
networkx\algorithms\components\strongly_connected.py,networkx\utils\decorators.py,networkx/networkx
networkx\algorithms\components\weakly_connected.py,networkx\__init__.py,networkx/networkx
networkx\algorithms\components\weakly_connected.py,networkx\utils\decorators.py,networkx/networkx
networkx\algorithms\components\__init__.py,networkx\algorithms\components\biconnected.py,networkx/networkx
networkx\algorithms\components\__init__.py,networkx\algorithms\components\weakly_connected.py,networkx/networkx
networkx\algorithms\components\__init__.py,networkx\algorithms\components\strongly_connected.py,networkx/networkx
networkx\algorithms\components\__init__.py,networkx\algorithms\components\attracting.py,networkx/networkx
networkx\algorithms\components\__init__.py,networkx\algorithms\components\semiconnected.py,networkx/networkx
networkx\algorithms\components\__init__.py,networkx\algorithms\components\connected.py,networkx/networkx
networkx\algorithms\connectivity\connectivity.py,networkx\algorithms\flow\__init__.py,networkx/networkx
networkx\algorithms\connectivity\connectivity.py,networkx\utils\__init__.py,networkx/networkx
networkx\algorithms\connectivity\connectivity.py,networkx\__init__.py,networkx/networkx
networkx\algorithms\connectivity\cuts.py,networkx\algorithms\flow\__init__.py,networkx/networkx
networkx\algorithms\connectivity\cuts.py,networkx\utils\__init__.py,networkx/networkx
networkx\algorithms\connectivity\cuts.py,networkx\__init__.py,networkx/networkx
networkx\algorithms\connectivity\disjoint_paths.py,networkx\algorithms\flow\__init__.py,networkx/networkx
networkx\algorithms\connectivity\disjoint_paths.py,networkx\__init__.py,networkx/networkx
networkx\algorithms\connectivity\disjoint_paths.py,networkx\utils\__init__.py,networkx/networkx
networkx\algorithms\connectivity\edge_augmentation.py,networkx\__init__.py,networkx/networkx
networkx\algorithms\connectivity\edge_augmentation.py,networkx\utils\__init__.py,networkx/networkx
networkx\algorithms\connectivity\edge_kcomponents.py,networkx\utils\__init__.py,networkx/networkx
networkx\algorithms\connectivity\edge_kcomponents.py,networkx\__init__.py,networkx/networkx
networkx\algorithms\connectivity\kcomponents.py,networkx\algorithms\flow\__init__.py,networkx/networkx
networkx\algorithms\connectivity\kcomponents.py,networkx\utils\__init__.py,networkx/networkx
networkx\algorithms\connectivity\kcomponents.py,networkx\__init__.py,networkx/networkx
networkx\algorithms\connectivity\kcutsets.py,networkx\__init__.py,networkx/networkx
networkx\algorithms\connectivity\kcutsets.py,networkx\utils\__init__.py,networkx/networkx
networkx\algorithms\connectivity\kcutsets.py,networkx\algorithms\flow\__init__.py,networkx/networkx
networkx\algorithms\connectivity\stoerwagner.py,networkx\__init__.py,networkx/networkx
networkx\algorithms\connectivity\stoerwagner.py,networkx\utils\__init__.py,networkx/networkx
networkx\algorithms\connectivity\utils.py,networkx\__init__.py,networkx/networkx
networkx\algorithms\connectivity\__init__.py,networkx\algorithms\connectivity\kcutsets.py,networkx/networkx
networkx\algorithms\connectivity\__init__.py,networkx\algorithms\approximation\connectivity.py,networkx/networkx
networkx\algorithms\connectivity\__init__.py,networkx\algorithms\connectivity\disjoint_paths.py,networkx/networkx
networkx\algorithms\connectivity\__init__.py,networkx\algorithms\connectivity\edge_augmentation.py,networkx/networkx
networkx\algorithms\connectivity\__init__.py,networkx\algorithms\approximation\kcomponents.py,networkx/networkx
networkx\algorithms\connectivity\__init__.py,networkx\utils\__init__.py,networkx/networkx
networkx\algorithms\connectivity\__init__.py,networkx\algorithms\connectivity\edge_kcomponents.py,networkx/networkx
networkx\algorithms\connectivity\__init__.py,networkx\algorithms\cuts.py,networkx/networkx
networkx\algorithms\connectivity\__init__.py,networkx\algorithms\connectivity\stoerwagner.py,networkx/networkx
networkx\algorithms\flow\boykovkolmogorov.py,networkx\algorithms\flow\utils.py,networkx/networkx
networkx\algorithms\flow\boykovkolmogorov.py,networkx\__init__.py,networkx/networkx
networkx\algorithms\flow\capacityscaling.py,networkx\__init__.py,networkx/networkx
networkx\algorithms\flow\capacityscaling.py,networkx\utils\__init__.py,networkx/networkx
networkx\algorithms\flow\dinitz_alg.py,networkx\utils\__init__.py,networkx/networkx
networkx\algorithms\flow\dinitz_alg.py,networkx\__init__.py,networkx/networkx
networkx\algorithms\flow\dinitz_alg.py,networkx\algorithms\flow\utils.py,networkx/networkx
networkx\algorithms\flow\edmondskarp.py,networkx\__init__.py,networkx/networkx
networkx\algorithms\flow\edmondskarp.py,networkx\algorithms\flow\utils.py,networkx/networkx
networkx\algorithms\flow\gomory_hu.py,networkx\__init__.py,networkx/networkx
networkx\algorithms\flow\gomory_hu.py,networkx\utils\__init__.py,networkx/networkx
networkx\algorithms\flow\gomory_hu.py,networkx\algorithms\flow\edmondskarp.py,networkx/networkx
networkx\algorithms\flow\maxflow.py,networkx\__init__.py,networkx/networkx
networkx\algorithms\flow\maxflow.py,networkx\algorithms\flow\dinitz_alg.py,networkx/networkx
networkx\algorithms\flow\maxflow.py,networkx\algorithms\flow\preflowpush.py,networkx/networkx
networkx\algorithms\flow\maxflow.py,networkx\algorithms\flow\shortestaugmentingpath.py,networkx/networkx
networkx\algorithms\flow\maxflow.py,networkx\algorithms\flow\edmondskarp.py,networkx/networkx
networkx\algorithms\flow\maxflow.py,networkx\algorithms\flow\boykovkolmogorov.py,networkx/networkx
networkx\algorithms\flow\maxflow.py,networkx\utils\__init__.py,networkx/networkx
networkx\algorithms\flow\mincost.py,networkx\__init__.py,networkx/networkx
networkx\algorithms\flow\networksimplex.py,networkx\utils\__init__.py,networkx/networkx
networkx\algorithms\flow\networksimplex.py,networkx\__init__.py,networkx/networkx
networkx\algorithms\flow\preflowpush.py,networkx\__init__.py,networkx/networkx
networkx\algorithms\flow\preflowpush.py,networkx\utils\__init__.py,networkx/networkx
networkx\algorithms\flow\shortestaugmentingpath.py,networkx\__init__.py,networkx/networkx
networkx\algorithms\flow\shortestaugmentingpath.py,networkx\algorithms\flow\edmondskarp.py,networkx/networkx
networkx\algorithms\flow\shortestaugmentingpath.py,networkx\utils\__init__.py,networkx/networkx
networkx\algorithms\flow\utils.py,networkx\__init__.py,networkx/networkx
networkx\algorithms\flow\__init__.py,networkx\algorithms\flow\edmondskarp.py,networkx/networkx
networkx\algorithms\flow\__init__.py,networkx\utils\__init__.py,networkx/networkx
networkx\algorithms\flow\__init__.py,networkx\algorithms\flow\mincost.py,networkx/networkx
networkx\algorithms\flow\__init__.py,networkx\algorithms\flow\dinitz_alg.py,networkx/networkx
networkx\algorithms\flow\__init__.py,networkx\algorithms\flow\boykovkolmogorov.py,networkx/networkx
networkx\algorithms\flow\__init__.py,networkx\algorithms\flow\gomory_hu.py,networkx/networkx
networkx\algorithms\flow\__init__.py,networkx\algorithms\flow\preflowpush.py,networkx/networkx
networkx\algorithms\flow\__init__.py,networkx\algorithms\flow\capacityscaling.py,networkx/networkx
networkx\algorithms\flow\__init__.py,networkx\algorithms\flow\networksimplex.py,networkx/networkx
networkx\algorithms\flow\__init__.py,networkx\algorithms\flow\shortestaugmentingpath.py,networkx/networkx
networkx\algorithms\flow\__init__.py,networkx\algorithms\flow\maxflow.py,networkx/networkx
networkx\algorithms\isomorphism\ismags.py,networkx\__init__.py,networkx/networkx
networkx\algorithms\isomorphism\isomorph.py,networkx\__init__.py,networkx/networkx
networkx\algorithms\isomorphism\isomorphvf2.py,networkx\__init__.py,networkx/networkx
networkx\algorithms\isomorphism\temporalisomorphvf2.py,networkx\__init__.py,networkx/networkx
networkx\algorithms\isomorphism\temporalisomorphvf2.py,networkx\algorithms\isomorphism\isomorphvf2.py,networkx/networkx
networkx\algorithms\isomorphism\tree_isomorphism.py,networkx\utils\decorators.py,networkx/networkx
networkx\algorithms\isomorphism\tree_isomorphism.py,networkx\__init__.py,networkx/networkx
networkx\algorithms\isomorphism\vf2pp.py,networkx\__init__.py,networkx/networkx
networkx\algorithms\isomorphism\__init__.py,networkx\algorithms\isomorphism\temporalisomorphvf2.py,networkx/networkx
networkx\algorithms\isomorphism\__init__.py,networkx\algorithms\isomorphism\vf2userfunc.py,networkx/networkx
networkx\algorithms\isomorphism\__init__.py,networkx\algorithms\isomorphism\tree_isomorphism.py,networkx/networkx
networkx\algorithms\isomorphism\__init__.py,networkx\algorithms\isomorphism\vf2pp.py,networkx/networkx
networkx\algorithms\isomorphism\__init__.py,networkx\algorithms\isomorphism\matchhelpers.py,networkx/networkx
networkx\algorithms\isomorphism\__init__.py,networkx\algorithms\isomorphism\ismags.py,networkx/networkx
networkx\algorithms\isomorphism\__init__.py,networkx\algorithms\isomorphism\isomorph.py,networkx/networkx
networkx\algorithms\link_analysis\hits_alg.py,networkx\__init__.py,networkx/networkx
networkx\algorithms\link_analysis\pagerank_alg.py,networkx\__init__.py,networkx/networkx
networkx\algorithms\link_analysis\__init__.py,networkx\algorithms\link_analysis\hits_alg.py,networkx/networkx
networkx\algorithms\link_analysis\__init__.py,networkx\algorithms\link_analysis\pagerank_alg.py,networkx/networkx
networkx\algorithms\minors\contraction.py,networkx\utils\__init__.py,networkx/networkx
networkx\algorithms\minors\contraction.py,networkx\__init__.py,networkx/networkx
networkx\algorithms\minors\__init__.py,networkx\algorithms\minors\contraction.py,networkx/networkx
networkx\algorithms\operators\all.py,networkx\__init__.py,networkx/networkx
networkx\algorithms\operators\binary.py,networkx\__init__.py,networkx/networkx
networkx\algorithms\operators\product.py,networkx\utils\__init__.py,networkx/networkx
networkx\algorithms\operators\product.py,networkx\__init__.py,networkx/networkx
networkx\algorithms\operators\unary.py,networkx\__init__.py,networkx/networkx
networkx\algorithms\operators\__init__.py,networkx\algorithms\operators\all.py,networkx/networkx
networkx\algorithms\operators\__init__.py,networkx\algorithms\operators\product.py,networkx/networkx
networkx\algorithms\operators\__init__.py,networkx\algorithms\operators\unary.py,networkx/networkx
networkx\algorithms\operators\__init__.py,networkx\algorithms\operators\binary.py,networkx/networkx
networkx\algorithms\shortest_paths\astar.py,networkx\__init__.py,networkx/networkx
networkx\algorithms\shortest_paths\astar.py,networkx\algorithms\shortest_paths\weighted.py,networkx/networkx
networkx\algorithms\shortest_paths\dense.py,networkx\__init__.py,networkx/networkx
networkx\algorithms\shortest_paths\dense.py,networkx\algorithms\shortest_paths\weighted.py,networkx/networkx
networkx\algorithms\shortest_paths\generic.py,networkx\__init__.py,networkx/networkx
networkx\algorithms\shortest_paths\unweighted.py,networkx\__init__.py,networkx/networkx
networkx\algorithms\shortest_paths\weighted.py,networkx\algorithms\shortest_paths\generic.py,networkx/networkx
networkx\algorithms\shortest_paths\weighted.py,networkx\__init__.py,networkx/networkx
networkx\algorithms\shortest_paths\__init__.py,networkx\algorithms\shortest_paths\unweighted.py,networkx/networkx
networkx\algorithms\shortest_paths\__init__.py,networkx\algorithms\shortest_paths\astar.py,networkx/networkx
networkx\algorithms\shortest_paths\__init__.py,networkx\algorithms\shortest_paths\dense.py,networkx/networkx
networkx\algorithms\shortest_paths\__init__.py,networkx\algorithms\shortest_paths\weighted.py,networkx/networkx
networkx\algorithms\shortest_paths\__init__.py,networkx\algorithms\shortest_paths\generic.py,networkx/networkx
networkx\algorithms\traversal\beamsearch.py,networkx\__init__.py,networkx/networkx
networkx\algorithms\traversal\breadth_first_search.py,networkx\__init__.py,networkx/networkx
networkx\algorithms\traversal\depth_first_search.py,networkx\__init__.py,networkx/networkx
networkx\algorithms\traversal\edgebfs.py,networkx\__init__.py,networkx/networkx
networkx\algorithms\traversal\edgedfs.py,networkx\__init__.py,networkx/networkx
networkx\algorithms\traversal\__init__.py,networkx\algorithms\traversal\edgebfs.py,networkx/networkx
networkx\algorithms\traversal\__init__.py,networkx\algorithms\traversal\depth_first_search.py,networkx/networkx
networkx\algorithms\traversal\__init__.py,networkx\algorithms\traversal\breadth_first_search.py,networkx/networkx
networkx\algorithms\traversal\__init__.py,networkx\algorithms\traversal\edgedfs.py,networkx/networkx
networkx\algorithms\traversal\__init__.py,networkx\algorithms\traversal\beamsearch.py,networkx/networkx
networkx\algorithms\tree\branchings.py,networkx\utils\__init__.py,networkx/networkx
networkx\algorithms\tree\branchings.py,networkx\algorithms\tree\recognition.py,networkx/networkx
networkx\algorithms\tree\branchings.py,networkx\__init__.py,networkx/networkx
networkx\algorithms\tree\coding.py,networkx\utils\__init__.py,networkx/networkx
networkx\algorithms\tree\coding.py,networkx\__init__.py,networkx/networkx
networkx\algorithms\tree\decomposition.py,networkx\algorithms\__init__.py,networkx/networkx
networkx\algorithms\tree\decomposition.py,networkx\__init__.py,networkx/networkx
networkx\algorithms\tree\decomposition.py,networkx\utils\__init__.py,networkx/networkx
networkx\algorithms\tree\distance_measures.py,networkx\__init__.py,networkx/networkx
networkx\algorithms\tree\mst.py,networkx\utils\__init__.py,networkx/networkx
networkx\algorithms\tree\mst.py,networkx\__init__.py,networkx/networkx
networkx\algorithms\tree\operations.py,networkx\__init__.py,networkx/networkx
networkx\algorithms\tree\recognition.py,networkx\__init__.py,networkx/networkx
networkx\algorithms\tree\__init__.py,networkx\algorithms\tree\branchings.py,networkx/networkx
networkx\algorithms\tree\__init__.py,networkx\algorithms\tree\mst.py,networkx/networkx
networkx\algorithms\tree\__init__.py,networkx\algorithms\distance_measures.py,networkx/networkx
networkx\algorithms\tree\__init__.py,networkx\algorithms\tree\operations.py,networkx/networkx
networkx\algorithms\tree\__init__.py,networkx\algorithms\tree\decomposition.py,networkx/networkx
networkx\algorithms\tree\__init__.py,networkx\algorithms\tree\coding.py,networkx/networkx
networkx\algorithms\tree\__init__.py,networkx\algorithms\tree\recognition.py,networkx/networkx
doc\release\report_functions_without_rst_generated.py,networkx\__init__.py,networkx/networkx
benchmarks\benchmarks\benchmark_algorithms.py,networkx\__init__.py,networkx/networkx
benchmarks\benchmarks\benchmark_algorithms.py,networkx\algorithms\__init__.py,networkx/networkx
benchmarks\benchmarks\benchmark_algorithms.py,benchmarks\benchmarks\utils.py,networkx/networkx
benchmarks\benchmarks\benchmark_aperiodic.py,networkx\__init__.py,networkx/networkx
benchmarks\benchmarks\benchmark_chordal.py,networkx\__init__.py,networkx/networkx
benchmarks\benchmarks\benchmark_classes.py,networkx\__init__.py,networkx/networkx
benchmarks\benchmarks\benchmark_harmonic_centrality.py,networkx\__init__.py,networkx/networkx
benchmarks\benchmarks\benchmark_hits.py,networkx\__init__.py,networkx/networkx
benchmarks\benchmarks\benchmark_many_components.py,networkx\__init__.py,networkx/networkx
benchmarks\benchmarks\benchmark_neighbors.py,networkx\__init__.py,networkx/networkx
benchmarks\benchmarks\benchmark_regular.py,networkx\__init__.py,networkx/networkx
benchmarks\benchmarks\benchmark_shortest_path.py,networkx\__init__.py,networkx/networkx
benchmarks\benchmarks\benchmark_to_networkx_graph.py,networkx\__init__.py,networkx/networkx
benchmarks\benchmarks\distance_measures.py,networkx\__init__.py,networkx/networkx
benchmarks\benchmarks\utils.py,networkx\__init__.py,networkx/networkx
noxfile.py,tools\toxnox.py,sqlalchemy/sqlalchemy
noxfile.py,tools\profiles.py,sqlalchemy/sqlalchemy
noxfile.py,lib\sqlalchemy\util\typing.py,sqlalchemy/sqlalchemy
reap_dbs.py,lib\sqlalchemy\testing\__init__.py,sqlalchemy/sqlalchemy
setup.py,lib\sqlalchemy\util\typing.py,sqlalchemy/sqlalchemy
tools\cython_imports.py,lib\sqlalchemy\util\tool_support.py,sqlalchemy/sqlalchemy
tools\format_docs_code.py,lib\sqlalchemy\util\typing.py,sqlalchemy/sqlalchemy
tools\format_docs_code.py,lib\sqlalchemy\orm\collections.py,sqlalchemy/sqlalchemy
tools\generate_proxy_methods.py,lib\sqlalchemy\util\typing.py,sqlalchemy/sqlalchemy
tools\generate_proxy_methods.py,lib\sqlalchemy\util\__init__.py,sqlalchemy/sqlalchemy
tools\generate_proxy_methods.py,lib\sqlalchemy\__init__.py,sqlalchemy/sqlalchemy
tools\generate_proxy_methods.py,lib\sqlalchemy\util\tool_support.py,sqlalchemy/sqlalchemy
tools\generate_proxy_methods.py,lib\sqlalchemy\util\langhelpers.py,sqlalchemy/sqlalchemy
tools\generate_proxy_methods.py,lib\sqlalchemy\orm\collections.py,sqlalchemy/sqlalchemy
tools\generate_sql_functions.py,lib\sqlalchemy\util\typing.py,sqlalchemy/sqlalchemy
tools\generate_sql_functions.py,lib\sqlalchemy\sql\functions.py,sqlalchemy/sqlalchemy
tools\generate_sql_functions.py,lib\sqlalchemy\util\tool_support.py,sqlalchemy/sqlalchemy
tools\generate_sql_functions.py,lib\sqlalchemy\types.py,sqlalchemy/sqlalchemy
tools\generate_tuple_map_overloads.py,lib\sqlalchemy\util\tool_support.py,sqlalchemy/sqlalchemy
tools\normalize_file_headers.py,lib\sqlalchemy\util\tool_support.py,sqlalchemy/sqlalchemy
tools\profiles.py,lib\sqlalchemy\orm\collections.py,sqlalchemy/sqlalchemy
tools\profiles.py,lib\sqlalchemy\util\typing.py,sqlalchemy/sqlalchemy
tools\profiles.py,lib\sqlalchemy\testing\profiles_file.py,sqlalchemy/sqlalchemy
tools\profiles.py,lib\sqlalchemy\types.py,sqlalchemy/sqlalchemy
tools\sync_test_files.py,lib\sqlalchemy\util\typing.py,sqlalchemy/sqlalchemy
tools\sync_test_files.py,lib\sqlalchemy\util\tool_support.py,sqlalchemy/sqlalchemy
tools\toxnox.py,lib\sqlalchemy\orm\collections.py,sqlalchemy/sqlalchemy
tools\toxnox.py,lib\sqlalchemy\util\typing.py,sqlalchemy/sqlalchemy
tools\trace_orm_adapter.py,lib\sqlalchemy\orm\__init__.py,sqlalchemy/sqlalchemy
tools\trace_orm_adapter.py,lib\sqlalchemy\util\typing.py,sqlalchemy/sqlalchemy
tools\trace_orm_adapter.py,lib\sqlalchemy\sql\elements.py,sqlalchemy/sqlalchemy
tools\walk_packages.py,lib\sqlalchemy\__init__.py,sqlalchemy/sqlalchemy
lib\sqlalchemy\events.py,lib\sqlalchemy\pool\__init__.py,sqlalchemy/sqlalchemy
lib\sqlalchemy\events.py,lib\sqlalchemy\sql\events.py,sqlalchemy/sqlalchemy
lib\sqlalchemy\events.py,lib\sqlalchemy\sql\base.py,sqlalchemy/sqlalchemy
lib\sqlalchemy\events.py,lib\sqlalchemy\engine\events.py,sqlalchemy/sqlalchemy
lib\sqlalchemy\events.py,lib\sqlalchemy\pool\events.py,sqlalchemy/sqlalchemy
lib\sqlalchemy\exc.py,lib\sqlalchemy\util\typing.py,sqlalchemy/sqlalchemy
lib\sqlalchemy\exc.py,lib\sqlalchemy\engine\util.py,sqlalchemy/sqlalchemy
lib\sqlalchemy\exc.py,lib\sqlalchemy\engine\interfaces.py,sqlalchemy/sqlalchemy
lib\sqlalchemy\exc.py,lib\sqlalchemy\sql\compiler.py,sqlalchemy/sqlalchemy
lib\sqlalchemy\exc.py,lib\sqlalchemy\sql\elements.py,sqlalchemy/sqlalchemy
lib\sqlalchemy\inspection.py,lib\sqlalchemy\util\typing.py,sqlalchemy/sqlalchemy
lib\sqlalchemy\log.py,lib\sqlalchemy\util\typing.py,sqlalchemy/sqlalchemy
lib\sqlalchemy\schema.py,lib\sqlalchemy\sql\base.py,sqlalchemy/sqlalchemy
lib\sqlalchemy\schema.py,lib\sqlalchemy\sql\ddl.py,sqlalchemy/sqlalchemy
lib\sqlalchemy\schema.py,lib\sqlalchemy\sql\schema.py,sqlalchemy/sqlalchemy
lib\sqlalchemy\schema.py,lib\sqlalchemy\sql\_annotated_cols.py,sqlalchemy/sqlalchemy
lib\sqlalchemy\schema.py,lib\sqlalchemy\sql\naming.py,sqlalchemy/sqlalchemy
lib\sqlalchemy\types.py,lib\sqlalchemy\sql\sqltypes.py,sqlalchemy/sqlalchemy
lib\sqlalchemy\types.py,lib\sqlalchemy\sql\type_api.py,sqlalchemy/sqlalchemy
lib\sqlalchemy\types.py,lib\sqlalchemy\sql\operators.py,sqlalchemy/sqlalchemy
lib\sqlalchemy\__init__.py,lib\sqlalchemy\engine\__init__.py,sqlalchemy/sqlalchemy
lib\sqlalchemy\__init__.py,lib\sqlalchemy\pool\__init__.py,sqlalchemy/sqlalchemy
lib\sqlalchemy\__init__.py,lib\sqlalchemy\schema.py,sqlalchemy/sqlalchemy
lib\sqlalchemy\__init__.py,lib\sqlalchemy\sql\expression.py,sqlalchemy/sqlalchemy
lib\sqlalchemy\__init__.py,lib\sqlalchemy\types.py,sqlalchemy/sqlalchemy
lib\sqlalchemy\__init__.py,lib\sqlalchemy\sql\__init__.py,sqlalchemy/sqlalchemy
lib\sqlalchemy\__init__.py,lib\sqlalchemy\util\typing.py,sqlalchemy/sqlalchemy
lib\sqlalchemy\__init__.py,lib\sqlalchemy\inspection.py,sqlalchemy/sqlalchemy
lib\sqlalchemy\connectors\aioodbc.py,lib\sqlalchemy\connectors\asyncio.py,sqlalchemy/sqlalchemy
lib\sqlalchemy\connectors\aioodbc.py,lib\sqlalchemy\util\concurrency.py,sqlalchemy/sqlalchemy
lib\sqlalchemy\connectors\aioodbc.py,lib\sqlalchemy\engine\interfaces.py,sqlalchemy/sqlalchemy
lib\sqlalchemy\connectors\aioodbc.py,lib\sqlalchemy\engine\url.py,sqlalchemy/sqlalchemy
lib\sqlalchemy\connectors\aioodbc.py,lib\sqlalchemy\util\typing.py,sqlalchemy/sqlalchemy
lib\sqlalchemy\connectors\aioodbc.py,lib\sqlalchemy\connectors\pyodbc.py,sqlalchemy/sqlalchemy
lib\sqlalchemy\connectors\asyncio.py,lib\sqlalchemy\orm\collections.py,sqlalchemy/sqlalchemy
lib\sqlalchemy\connectors\asyncio.py,lib\sqlalchemy\util\typing.py,sqlalchemy/sqlalchemy
lib\sqlalchemy\connectors\asyncio.py,lib\sqlalchemy\engine\interfaces.py,sqlalchemy/sqlalchemy
lib\sqlalchemy\connectors\asyncio.py,lib\sqlalchemy\util\concurrency.py,sqlalchemy/sqlalchemy
lib\sqlalchemy\connectors\asyncio.py,lib\sqlalchemy\engine\__init__.py,sqlalchemy/sqlalchemy
lib\sqlalchemy\connectors\asyncio.py,lib\sqlalchemy\engine\util.py,sqlalchemy/sqlalchemy
lib\sqlalchemy\connectors\asyncio.py,lib\sqlalchemy\types.py,sqlalchemy/sqlalchemy
lib\sqlalchemy\connectors\asyncio.py,lib\sqlalchemy\exc.py,sqlalchemy/sqlalchemy
lib\sqlalchemy\connectors\pyodbc.py,lib\sqlalchemy\engine\__init__.py,sqlalchemy/sqlalchemy
lib\sqlalchemy\connectors\pyodbc.py,lib\sqlalchemy\engine\interfaces.py,sqlalchemy/sqlalchemy
lib\sqlalchemy\connectors\pyodbc.py,lib\sqlalchemy\util\typing.py,sqlalchemy/sqlalchemy
lib\sqlalchemy\connectors\pyodbc.py,lib\sqlalchemy\sql\type_api.py,sqlalchemy/sqlalchemy
lib\sqlalchemy\connectors\__init__.py,lib\sqlalchemy\engine\interfaces.py,sqlalchemy/sqlalchemy
lib\sqlalchemy\dialects\_typing.py,lib\sqlalchemy\util\typing.py,sqlalchemy/sqlalchemy
lib\sqlalchemy\dialects\_typing.py,lib\sqlalchemy\sql\base.py,sqlalchemy/sqlalchemy
lib\sqlalchemy\dialects\_typing.py,lib\sqlalchemy\sql\schema.py,sqlalchemy/sqlalchemy
lib\sqlalchemy\dialects\_typing.py,lib\sqlalchemy\sql\__init__.py,sqlalchemy/sqlalchemy
lib\sqlalchemy\dialects\__init__.py,lib\sqlalchemy\util\typing.py,sqlalchemy/sqlalchemy
lib\sqlalchemy\dialects\__init__.py,lib\sqlalchemy\engine\interfaces.py,sqlalchemy/sqlalchemy
lib\sqlalchemy\engine\base.py,lib\sqlalchemy\sql\__init__.py,sqlalchemy/sqlalchemy
lib\sqlalchemy\engine\base.py,lib\sqlalchemy\util\typing.py,sqlalchemy/sqlalchemy
lib\sqlalchemy\engine\base.py,lib\sqlalchemy\engine\interfaces.py,sqlalchemy/sqlalchemy
lib\sqlalchemy\engine\base.py,lib\sqlalchemy\event\__init__.py,sqlalchemy/sqlalchemy
lib\sqlalchemy\engine\base.py,lib\sqlalchemy\pool\__init__.py,sqlalchemy/sqlalchemy
lib\sqlalchemy\engine\base.py,lib\sqlalchemy\sql\ddl.py,sqlalchemy/sqlalchemy
lib\sqlalchemy\engine\base.py,lib\sqlalchemy\sql\_typing.py,sqlalchemy/sqlalchemy
lib\sqlalchemy\engine\base.py,lib\sqlalchemy\sql\schema.py,sqlalchemy/sqlalchemy
lib\sqlalchemy\engine\base.py,lib\sqlalchemy\engine\util.py,sqlalchemy/sqlalchemy
lib\sqlalchemy\engine\base.py,lib\sqlalchemy\engine\url.py,sqlalchemy/sqlalchemy
lib\sqlalchemy\engine\base.py,lib\sqlalchemy\sql\compiler.py,sqlalchemy/sqlalchemy
lib\sqlalchemy\engine\base.py,lib\sqlalchemy\sql\selectable.py,sqlalchemy/sqlalchemy
lib\sqlalchemy\engine\base.py,lib\sqlalchemy\engine\reflection.py,sqlalchemy/sqlalchemy
lib\sqlalchemy\engine\base.py,lib\sqlalchemy\log.py,sqlalchemy/sqlalchemy
lib\sqlalchemy\engine\base.py,lib\sqlalchemy\sql\functions.py,sqlalchemy/sqlalchemy
lib\sqlalchemy\engine\characteristics.py,lib\sqlalchemy\util\typing.py,sqlalchemy/sqlalchemy
lib\sqlalchemy\engine\characteristics.py,lib\sqlalchemy\engine\base.py,sqlalchemy/sqlalchemy
lib\sqlalchemy\engine\characteristics.py,lib\sqlalchemy\engine\interfaces.py,sqlalchemy/sqlalchemy
lib\sqlalchemy\engine\create.py,lib\sqlalchemy\util\typing.py,sqlalchemy/sqlalchemy
lib\sqlalchemy\engine\create.py,lib\sqlalchemy\sql\__init__.py,sqlalchemy/sqlalchemy
lib\sqlalchemy\engine\create.py,lib\sqlalchemy\pool\__init__.py,sqlalchemy/sqlalchemy
lib\sqlalchemy\engine\create.py,lib\sqlalchemy\engine\interfaces.py,sqlalchemy/sqlalchemy
lib\sqlalchemy\engine\create.py,lib\sqlalchemy\engine\util.py,sqlalchemy/sqlalchemy
lib\sqlalchemy\engine\create.py,lib\sqlalchemy\engine\base.py,sqlalchemy/sqlalchemy
lib\sqlalchemy\engine\create.py,lib\sqlalchemy\engine\url.py,sqlalchemy/sqlalchemy
lib\sqlalchemy\engine\create.py,lib\sqlalchemy\engine\mock.py,sqlalchemy/sqlalchemy
lib\sqlalchemy\engine\create.py,lib\sqlalchemy\log.py,sqlalchemy/sqlalchemy
lib\sqlalchemy\engine\cursor.py,lib\sqlalchemy\util\typing.py,sqlalchemy/sqlalchemy
lib\sqlalchemy\engine\cursor.py,lib\sqlalchemy\sql\base.py,sqlalchemy/sqlalchemy
lib\sqlalchemy\engine\cursor.py,lib\sqlalchemy\sql\compiler.py,sqlalchemy/sqlalchemy
lib\sqlalchemy\engine\cursor.py,lib\sqlalchemy\engine\result.py,sqlalchemy/sqlalchemy
lib\sqlalchemy\engine\cursor.py,lib\sqlalchemy\sql\__init__.py,sqlalchemy/sqlalchemy
lib\sqlalchemy\engine\cursor.py,lib\sqlalchemy\engine\interfaces.py,sqlalchemy/sqlalchemy
lib\sqlalchemy\engine\cursor.py,lib\sqlalchemy\orm\collections.py,sqlalchemy/sqlalchemy
lib\sqlalchemy\engine\cursor.py,lib\sqlalchemy\sql\schema.py,sqlalchemy/sqlalchemy
lib\sqlalchemy\engine\cursor.py,lib\sqlalchemy\sql\type_api.py,sqlalchemy/sqlalchemy
lib\sqlalchemy\engine\cursor.py,lib\sqlalchemy\engine\base.py,sqlalchemy/sqlalchemy
lib\sqlalchemy\engine\cursor.py,lib\sqlalchemy\engine\row.py,sqlalchemy/sqlalchemy
lib\sqlalchemy\engine\cursor.py,lib\sqlalchemy\engine\default.py,sqlalchemy/sqlalchemy
lib\sqlalchemy\engine\default.py,lib\sqlalchemy\event\__init__.py,sqlalchemy/sqlalchemy
lib\sqlalchemy\engine\default.py,lib\sqlalchemy\sql\dml.py,sqlalchemy/sqlalchemy
lib\sqlalchemy\engine\default.py,lib\sqlalchemy\util\typing.py,sqlalchemy/sqlalchemy
lib\sqlalchemy\engine\default.py,lib\sqlalchemy\engine\interfaces.py,sqlalchemy/sqlalchemy
lib\sqlalchemy\engine\default.py,lib\sqlalchemy\sql\compiler.py,sqlalchemy/sqlalchemy
lib\sqlalchemy\engine\default.py,lib\sqlalchemy\sql\_typing.py,sqlalchemy/sqlalchemy
lib\sqlalchemy\engine\default.py,lib\sqlalchemy\sql\base.py,sqlalchemy/sqlalchemy
lib\sqlalchemy\engine\default.py,lib\sqlalchemy\sql\type_api.py,sqlalchemy/sqlalchemy
lib\sqlalchemy\engine\default.py,lib\sqlalchemy\pool\__init__.py,sqlalchemy/sqlalchemy
lib\sqlalchemy\engine\default.py,lib\sqlalchemy\engine\base.py,sqlalchemy/sqlalchemy
lib\sqlalchemy\engine\default.py,lib\sqlalchemy\sql\__init__.py,sqlalchemy/sqlalchemy
lib\sqlalchemy\engine\default.py,lib\sqlalchemy\sql\sqltypes.py,sqlalchemy/sqlalchemy
lib\sqlalchemy\engine\default.py,lib\sqlalchemy\engine\cursor.py,sqlalchemy/sqlalchemy
lib\sqlalchemy\engine\default.py,lib\sqlalchemy\sql\elements.py,sqlalchemy/sqlalchemy
lib\sqlalchemy\engine\default.py,lib\sqlalchemy\engine\row.py,sqlalchemy/sqlalchemy
lib\sqlalchemy\engine\default.py,lib\sqlalchemy\engine\reflection.py,sqlalchemy/sqlalchemy
lib\sqlalchemy\engine\default.py,lib\sqlalchemy\engine\url.py,sqlalchemy/sqlalchemy
lib\sqlalchemy\engine\default.py,lib\sqlalchemy\sql\schema.py,sqlalchemy/sqlalchemy
lib\sqlalchemy\engine\events.py,lib\sqlalchemy\engine\interfaces.py,sqlalchemy/sqlalchemy
lib\sqlalchemy\engine\events.py,lib\sqlalchemy\util\typing.py,sqlalchemy/sqlalchemy
lib\sqlalchemy\engine\events.py,lib\sqlalchemy\pool\__init__.py,sqlalchemy/sqlalchemy
lib\sqlalchemy\engine\events.py,lib\sqlalchemy\engine\result.py,sqlalchemy/sqlalchemy
lib\sqlalchemy\engine\events.py,lib\sqlalchemy\engine\base.py,sqlalchemy/sqlalchemy
lib\sqlalchemy\engine\events.py,lib\sqlalchemy\sql\__init__.py,sqlalchemy/sqlalchemy
lib\sqlalchemy\engine\events.py,lib\sqlalchemy\sql\elements.py,sqlalchemy/sqlalchemy
lib\sqlalchemy\engine\interfaces.py,lib\sqlalchemy\util\typing.py,sqlalchemy/sqlalchemy
lib\sqlalchemy\engine\interfaces.py,lib\sqlalchemy\sql\compiler.py,sqlalchemy/sqlalchemy
lib\sqlalchemy\engine\interfaces.py,lib\sqlalchemy\sql\schema.py,sqlalchemy/sqlalchemy
lib\sqlalchemy\engine\interfaces.py,lib\sqlalchemy\sql\sqltypes.py,sqlalchemy/sqlalchemy
lib\sqlalchemy\engine\interfaces.py,lib\sqlalchemy\sql\type_api.py,sqlalchemy/sqlalchemy
lib\sqlalchemy\engine\interfaces.py,lib\sqlalchemy\event\__init__.py,sqlalchemy/sqlalchemy
lib\sqlalchemy\engine\interfaces.py,lib\sqlalchemy\util\concurrency.py,sqlalchemy/sqlalchemy
lib\sqlalchemy\engine\interfaces.py,lib\sqlalchemy\exc.py,sqlalchemy/sqlalchemy
lib\sqlalchemy\engine\interfaces.py,lib\sqlalchemy\util\langhelpers.py,sqlalchemy/sqlalchemy
lib\sqlalchemy\engine\interfaces.py,lib\sqlalchemy\pool\__init__.py,sqlalchemy/sqlalchemy
lib\sqlalchemy\engine\interfaces.py,lib\sqlalchemy\engine\base.py,sqlalchemy/sqlalchemy
lib\sqlalchemy\engine\interfaces.py,lib\sqlalchemy\sql\elements.py,sqlalchemy/sqlalchemy
lib\sqlalchemy\engine\interfaces.py,lib\sqlalchemy\engine\util.py,sqlalchemy/sqlalchemy
lib\sqlalchemy\engine\interfaces.py,lib\sqlalchemy\engine\cursor.py,sqlalchemy/sqlalchemy
lib\sqlalchemy\engine\interfaces.py,lib\sqlalchemy\engine\url.py,sqlalchemy/sqlalchemy
lib\sqlalchemy\engine\interfaces.py,lib\sqlalchemy\connectors\asyncio.py,sqlalchemy/sqlalchemy
lib\sqlalchemy\engine\interfaces.py,lib\sqlalchemy\sql\__init__.py,sqlalchemy/sqlalchemy
lib\sqlalchemy\engine\mock.py,lib\sqlalchemy\util\typing.py,sqlalchemy/sqlalchemy
lib\sqlalchemy\engine\mock.py,lib\sqlalchemy\sql\visitors.py,sqlalchemy/sqlalchemy
lib\sqlalchemy\engine\mock.py,lib\sqlalchemy\engine\interfaces.py,sqlalchemy/sqlalchemy
lib\sqlalchemy\engine\mock.py,lib\sqlalchemy\sql\ddl.py,sqlalchemy/sqlalchemy
lib\sqlalchemy\engine\mock.py,lib\sqlalchemy\sql\schema.py,sqlalchemy/sqlalchemy
lib\sqlalchemy\engine\mock.py,lib\sqlalchemy\engine\url.py,sqlalchemy/sqlalchemy
lib\sqlalchemy\engine\mock.py,lib\sqlalchemy\engine\base.py,sqlalchemy/sqlalchemy
lib\sqlalchemy\engine\mock.py,lib\sqlalchemy\sql\base.py,sqlalchemy/sqlalchemy
lib\sqlalchemy\engine\processors.py,lib\sqlalchemy\engine\_processors_cy.py,sqlalchemy/sqlalchemy
lib\sqlalchemy\engine\processors.py,lib\sqlalchemy\util\typing.py,sqlalchemy/sqlalchemy
lib\sqlalchemy\engine\reflection.py,lib\sqlalchemy\util\typing.py,sqlalchemy/sqlalchemy
lib\sqlalchemy\engine\reflection.py,lib\sqlalchemy\sql\type_api.py,sqlalchemy/sqlalchemy
lib\sqlalchemy\engine\reflection.py,lib\sqlalchemy\engine\interfaces.py,sqlalchemy/sqlalchemy
lib\sqlalchemy\engine\reflection.py,lib\sqlalchemy\engine\base.py,sqlalchemy/sqlalchemy
lib\sqlalchemy\engine\reflection.py,lib\sqlalchemy\sql\__init__.py,sqlalchemy/sqlalchemy
lib\sqlalchemy\engine\reflection.py,lib\sqlalchemy\sql\elements.py,sqlalchemy/sqlalchemy
lib\sqlalchemy\engine\reflection.py,lib\sqlalchemy\engine\util.py,sqlalchemy/sqlalchemy
lib\sqlalchemy\engine\reflection.py,lib\sqlalchemy\sql\visitors.py,sqlalchemy/sqlalchemy
lib\sqlalchemy\engine\reflection.py,lib\sqlalchemy\sql\cache_key.py,sqlalchemy/sqlalchemy
lib\sqlalchemy\engine\result.py,lib\sqlalchemy\util\typing.py,sqlalchemy/sqlalchemy
lib\sqlalchemy\engine\result.py,lib\sqlalchemy\engine\util.py,sqlalchemy/sqlalchemy
lib\sqlalchemy\engine\result.py,lib\sqlalchemy\sql\_typing.py,sqlalchemy/sqlalchemy
lib\sqlalchemy\engine\result.py,lib\sqlalchemy\engine\_result_cy.py,sqlalchemy/sqlalchemy
lib\sqlalchemy\engine\result.py,lib\sqlalchemy\sql\type_api.py,sqlalchemy/sqlalchemy
lib\sqlalchemy\engine\result.py,lib\sqlalchemy\engine\row.py,sqlalchemy/sqlalchemy
lib\sqlalchemy\engine\result.py,lib\sqlalchemy\sql\base.py,sqlalchemy/sqlalchemy
lib\sqlalchemy\engine\result.py,lib\sqlalchemy\sql\__init__.py,sqlalchemy/sqlalchemy
lib\sqlalchemy\engine\result.py,lib\sqlalchemy\engine\_util_cy.py,sqlalchemy/sqlalchemy
lib\sqlalchemy\engine\result.py,lib\sqlalchemy\sql\elements.py,sqlalchemy/sqlalchemy
lib\sqlalchemy\engine\row.py,lib\sqlalchemy\util\typing.py,sqlalchemy/sqlalchemy
lib\sqlalchemy\engine\row.py,lib\sqlalchemy\orm\collections.py,sqlalchemy/sqlalchemy
lib\sqlalchemy\engine\row.py,lib\sqlalchemy\engine\util.py,sqlalchemy/sqlalchemy
lib\sqlalchemy\engine\row.py,lib\sqlalchemy\engine\result.py,sqlalchemy/sqlalchemy
lib\sqlalchemy\engine\row.py,lib\sqlalchemy\engine\_row_cy.py,sqlalchemy/sqlalchemy
lib\sqlalchemy\engine\row.py,lib\sqlalchemy\sql\__init__.py,sqlalchemy/sqlalchemy
lib\sqlalchemy\engine\strategies.py,lib\sqlalchemy\engine\mock.py,sqlalchemy/sqlalchemy
lib\sqlalchemy\engine\url.py,lib\sqlalchemy\util\typing.py,sqlalchemy/sqlalchemy
lib\sqlalchemy\engine\url.py,lib\sqlalchemy\orm\collections.py,sqlalchemy/sqlalchemy
lib\sqlalchemy\engine\url.py,lib\sqlalchemy\dialects\__init__.py,sqlalchemy/sqlalchemy
lib\sqlalchemy\engine\url.py,lib\sqlalchemy\engine\interfaces.py,sqlalchemy/sqlalchemy
lib\sqlalchemy\engine\util.py,lib\sqlalchemy\util\typing.py,sqlalchemy/sqlalchemy
lib\sqlalchemy\engine\util.py,lib\sqlalchemy\engine\_util_cy.py,sqlalchemy/sqlalchemy
lib\sqlalchemy\engine\_processors_cy.py,lib\sqlalchemy\util\cython.py,sqlalchemy/sqlalchemy
lib\sqlalchemy\engine\_processors_cy.py,lib\sqlalchemy\util\typing.py,sqlalchemy/sqlalchemy
lib\sqlalchemy\engine\_processors_cy.py,lib\sqlalchemy\util\__init__.py,sqlalchemy/sqlalchemy
lib\sqlalchemy\engine\_result_cy.py,lib\sqlalchemy\engine\row.py,sqlalchemy/sqlalchemy
lib\sqlalchemy\engine\_result_cy.py,lib\sqlalchemy\util\__init__.py,sqlalchemy/sqlalchemy
lib\sqlalchemy\engine\_result_cy.py,lib\sqlalchemy\util\cython.py,sqlalchemy/sqlalchemy
lib\sqlalchemy\engine\_result_cy.py,lib\sqlalchemy\orm\collections.py,sqlalchemy/sqlalchemy
lib\sqlalchemy\engine\_result_cy.py,lib\sqlalchemy\util\typing.py,sqlalchemy/sqlalchemy
lib\sqlalchemy\engine\_result_cy.py,lib\sqlalchemy\engine\util.py,sqlalchemy/sqlalchemy
lib\sqlalchemy\engine\_result_cy.py,lib\sqlalchemy\engine\result.py,sqlalchemy/sqlalchemy
lib\sqlalchemy\engine\_row_cy.py,lib\sqlalchemy\util\cython.py,sqlalchemy/sqlalchemy
lib\sqlalchemy\engine\_row_cy.py,lib\sqlalchemy\util\typing.py,sqlalchemy/sqlalchemy
lib\sqlalchemy\engine\_row_cy.py,lib\sqlalchemy\engine\result.py,sqlalchemy/sqlalchemy
lib\sqlalchemy\engine\_row_cy.py,lib\sqlalchemy\util\__init__.py,sqlalchemy/sqlalchemy
lib\sqlalchemy\engine\_util_cy.py,lib\sqlalchemy\util\typing.py,sqlalchemy/sqlalchemy
lib\sqlalchemy\engine\_util_cy.py,lib\sqlalchemy\util\cython.py,sqlalchemy/sqlalchemy
lib\sqlalchemy\engine\_util_cy.py,lib\sqlalchemy\engine\util.py,sqlalchemy/sqlalchemy
lib\sqlalchemy\engine\_util_cy.py,lib\sqlalchemy\engine\interfaces.py,sqlalchemy/sqlalchemy
lib\sqlalchemy\engine\_util_cy.py,lib\sqlalchemy\util\__init__.py,sqlalchemy/sqlalchemy
lib\sqlalchemy\engine\_util_cy.py,lib\sqlalchemy\orm\collections.py,sqlalchemy/sqlalchemy
lib\sqlalchemy\engine\_util_cy.py,lib\sqlalchemy\engine\result.py,sqlalchemy/sqlalchemy
lib\sqlalchemy\engine\__init__.py,lib\sqlalchemy\engine\base.py,sqlalchemy/sqlalchemy
lib\sqlalchemy\engine\__init__.py,lib\sqlalchemy\engine\interfaces.py,sqlalchemy/sqlalchemy
lib\sqlalchemy\engine\__init__.py,lib\sqlalchemy\engine\result.py,sqlalchemy/sqlalchemy
lib\sqlalchemy\engine\__init__.py,lib\sqlalchemy\engine\reflection.py,sqlalchemy/sqlalchemy
lib\sqlalchemy\engine\__init__.py,lib\sqlalchemy\engine\create.py,sqlalchemy/sqlalchemy
lib\sqlalchemy\engine\__init__.py,lib\sqlalchemy\engine\row.py,sqlalchemy/sqlalchemy
lib\sqlalchemy\engine\__init__.py,lib\sqlalchemy\engine\url.py,sqlalchemy/sqlalchemy
lib\sqlalchemy\engine\__init__.py,lib\sqlalchemy\sql\__init__.py,sqlalchemy/sqlalchemy
lib\sqlalchemy\engine\__init__.py,lib\sqlalchemy\engine\cursor.py,sqlalchemy/sqlalchemy
lib\sqlalchemy\engine\__init__.py,lib\sqlalchemy\engine\mock.py,sqlalchemy/sqlalchemy
lib\sqlalchemy\engine\__init__.py,lib\sqlalchemy\engine\util.py,sqlalchemy/sqlalchemy
lib\sqlalchemy\event\api.py,lib\sqlalchemy\event\registry.py,sqlalchemy/sqlalchemy
lib\sqlalchemy\event\api.py,lib\sqlalchemy\engine\base.py,sqlalchemy/sqlalchemy
lib\sqlalchemy\event\api.py,lib\sqlalchemy\util\typing.py,sqlalchemy/sqlalchemy
lib\sqlalchemy\event\attr.py,lib\sqlalchemy\util\typing.py,sqlalchemy/sqlalchemy
lib\sqlalchemy\event\attr.py,lib\sqlalchemy\engine\base.py,sqlalchemy/sqlalchemy
lib\sqlalchemy\event\attr.py,lib\sqlalchemy\types.py,sqlalchemy/sqlalchemy
lib\sqlalchemy\event\attr.py,lib\sqlalchemy\util\concurrency.py,sqlalchemy/sqlalchemy
lib\sqlalchemy\event\attr.py,lib\sqlalchemy\orm\collections.py,sqlalchemy/sqlalchemy
lib\sqlalchemy\event\attr.py,lib\sqlalchemy\event\registry.py,sqlalchemy/sqlalchemy
lib\sqlalchemy\event\base.py,lib\sqlalchemy\util\typing.py,sqlalchemy/sqlalchemy
lib\sqlalchemy\event\base.py,lib\sqlalchemy\event\attr.py,sqlalchemy/sqlalchemy
lib\sqlalchemy\event\base.py,lib\sqlalchemy\event\registry.py,sqlalchemy/sqlalchemy
lib\sqlalchemy\event\legacy.py,lib\sqlalchemy\util\typing.py,sqlalchemy/sqlalchemy
lib\sqlalchemy\event\legacy.py,lib\sqlalchemy\engine\base.py,sqlalchemy/sqlalchemy
lib\sqlalchemy\event\legacy.py,lib\sqlalchemy\event\registry.py,sqlalchemy/sqlalchemy
lib\sqlalchemy\event\legacy.py,lib\sqlalchemy\event\attr.py,sqlalchemy/sqlalchemy
lib\sqlalchemy\event\legacy.py,lib\sqlalchemy\util\compat.py,sqlalchemy/sqlalchemy
lib\sqlalchemy\event\registry.py,lib\sqlalchemy\types.py,sqlalchemy/sqlalchemy
lib\sqlalchemy\event\registry.py,lib\sqlalchemy\util\typing.py,sqlalchemy/sqlalchemy
lib\sqlalchemy\event\registry.py,lib\sqlalchemy\orm\collections.py,sqlalchemy/sqlalchemy
lib\sqlalchemy\event\registry.py,lib\sqlalchemy\event\attr.py,sqlalchemy/sqlalchemy
lib\sqlalchemy\event\registry.py,lib\sqlalchemy\engine\base.py,sqlalchemy/sqlalchemy
lib\sqlalchemy\event\__init__.py,lib\sqlalchemy\event\api.py,sqlalchemy/sqlalchemy
lib\sqlalchemy\event\__init__.py,lib\sqlalchemy\event\attr.py,sqlalchemy/sqlalchemy
lib\sqlalchemy\event\__init__.py,lib\sqlalchemy\engine\base.py,sqlalchemy/sqlalchemy
lib\sqlalchemy\event\__init__.py,lib\sqlalchemy\event\legacy.py,sqlalchemy/sqlalchemy
lib\sqlalchemy\event\__init__.py,lib\sqlalchemy\event\registry.py,sqlalchemy/sqlalchemy
lib\sqlalchemy\ext\associationproxy.py,lib\sqlalchemy\util\typing.py,sqlalchemy/sqlalchemy
lib\sqlalchemy\ext\associationproxy.py,lib\sqlalchemy\orm\__init__.py,sqlalchemy/sqlalchemy
lib\sqlalchemy\ext\associationproxy.py,lib\sqlalchemy\orm\interfaces.py,sqlalchemy/sqlalchemy
lib\sqlalchemy\ext\associationproxy.py,lib\sqlalchemy\sql\__init__.py,sqlalchemy/sqlalchemy
lib\sqlalchemy\ext\associationproxy.py,lib\sqlalchemy\orm\base.py,sqlalchemy/sqlalchemy
lib\sqlalchemy\ext\associationproxy.py,lib\sqlalchemy\sql\_typing.py,sqlalchemy/sqlalchemy
lib\sqlalchemy\ext\associationproxy.py,lib\sqlalchemy\orm\util.py,sqlalchemy/sqlalchemy
lib\sqlalchemy\ext\associationproxy.py,lib\sqlalchemy\sql\base.py,sqlalchemy/sqlalchemy
lib\sqlalchemy\ext\associationproxy.py,lib\sqlalchemy\orm\mapper.py,sqlalchemy/sqlalchemy
lib\sqlalchemy\ext\automap.py,lib\sqlalchemy\util\typing.py,sqlalchemy/sqlalchemy
lib\sqlalchemy\ext\automap.py,lib\sqlalchemy\sql\schema.py,sqlalchemy/sqlalchemy
lib\sqlalchemy\ext\automap.py,lib\sqlalchemy\orm\relationships.py,sqlalchemy/sqlalchemy
lib\sqlalchemy\ext\automap.py,lib\sqlalchemy\orm\__init__.py,sqlalchemy/sqlalchemy
lib\sqlalchemy\ext\automap.py,lib\sqlalchemy\orm\decl_base.py,sqlalchemy/sqlalchemy
lib\sqlalchemy\ext\automap.py,lib\sqlalchemy\engine\util.py,sqlalchemy/sqlalchemy
lib\sqlalchemy\ext\automap.py,lib\sqlalchemy\schema.py,sqlalchemy/sqlalchemy
lib\sqlalchemy\ext\automap.py,lib\sqlalchemy\engine\base.py,sqlalchemy/sqlalchemy
lib\sqlalchemy\ext\automap.py,lib\sqlalchemy\orm\base.py,sqlalchemy/sqlalchemy
lib\sqlalchemy\ext\automap.py,lib\sqlalchemy\orm\mapper.py,sqlalchemy/sqlalchemy
lib\sqlalchemy\ext\automap.py,lib\sqlalchemy\sql\__init__.py,sqlalchemy/sqlalchemy
lib\sqlalchemy\ext\baked.py,lib\sqlalchemy\orm\__init__.py,sqlalchemy/sqlalchemy
lib\sqlalchemy\ext\baked.py,lib\sqlalchemy\orm\query.py,sqlalchemy/sqlalchemy
lib\sqlalchemy\ext\baked.py,lib\sqlalchemy\sql\__init__.py,sqlalchemy/sqlalchemy
lib\sqlalchemy\ext\baked.py,lib\sqlalchemy\orm\collections.py,sqlalchemy/sqlalchemy
lib\sqlalchemy\ext\baked.py,lib\sqlalchemy\orm\session.py,sqlalchemy/sqlalchemy
lib\sqlalchemy\ext\compiler.py,lib\sqlalchemy\util\typing.py,sqlalchemy/sqlalchemy
lib\sqlalchemy\ext\compiler.py,lib\sqlalchemy\sql\__init__.py,sqlalchemy/sqlalchemy
lib\sqlalchemy\ext\compiler.py,lib\sqlalchemy\sql\compiler.py,sqlalchemy/sqlalchemy
lib\sqlalchemy\ext\horizontal_shard.py,lib\sqlalchemy\util\typing.py,sqlalchemy/sqlalchemy
lib\sqlalchemy\ext\horizontal_shard.py,lib\sqlalchemy\orm\query.py,sqlalchemy/sqlalchemy
lib\sqlalchemy\ext\horizontal_shard.py,lib\sqlalchemy\orm\session.py,sqlalchemy/sqlalchemy
lib\sqlalchemy\ext\horizontal_shard.py,lib\sqlalchemy\engine\base.py,sqlalchemy/sqlalchemy
lib\sqlalchemy\ext\horizontal_shard.py,lib\sqlalchemy\engine\result.py,sqlalchemy/sqlalchemy
lib\sqlalchemy\ext\horizontal_shard.py,lib\sqlalchemy\orm\__init__.py,sqlalchemy/sqlalchemy
lib\sqlalchemy\ext\horizontal_shard.py,lib\sqlalchemy\sql\elements.py,sqlalchemy/sqlalchemy
lib\sqlalchemy\ext\horizontal_shard.py,lib\sqlalchemy\orm\_typing.py,sqlalchemy/sqlalchemy
lib\sqlalchemy\ext\horizontal_shard.py,lib\sqlalchemy\orm\context.py,sqlalchemy/sqlalchemy
lib\sqlalchemy\ext\horizontal_shard.py,lib\sqlalchemy\sql\__init__.py,sqlalchemy/sqlalchemy
lib\sqlalchemy\ext\horizontal_shard.py,lib\sqlalchemy\orm\interfaces.py,sqlalchemy/sqlalchemy
lib\sqlalchemy\ext\horizontal_shard.py,lib\sqlalchemy\orm\mapper.py,sqlalchemy/sqlalchemy
lib\sqlalchemy\ext\horizontal_shard.py,lib\sqlalchemy\orm\state.py,sqlalchemy/sqlalchemy
lib\sqlalchemy\ext\horizontal_shard.py,lib\sqlalchemy\orm\bulk_persistence.py,sqlalchemy/sqlalchemy
lib\sqlalchemy\ext\hybrid.py,lib\sqlalchemy\util\typing.py,sqlalchemy/sqlalchemy
lib\sqlalchemy\ext\hybrid.py,lib\sqlalchemy\orm\__init__.py,sqlalchemy/sqlalchemy
lib\sqlalchemy\ext\hybrid.py,lib\sqlalchemy\sql\elements.py,sqlalchemy/sqlalchemy
lib\sqlalchemy\ext\hybrid.py,lib\sqlalchemy\sql\_typing.py,sqlalchemy/sqlalchemy
lib\sqlalchemy\ext\hybrid.py,lib\sqlalchemy\orm\interfaces.py,sqlalchemy/sqlalchemy
lib\sqlalchemy\ext\hybrid.py,lib\sqlalchemy\orm\attributes.py,sqlalchemy/sqlalchemy
lib\sqlalchemy\ext\hybrid.py,lib\sqlalchemy\sql\operators.py,sqlalchemy/sqlalchemy
lib\sqlalchemy\ext\hybrid.py,lib\sqlalchemy\orm\util.py,sqlalchemy/sqlalchemy
lib\sqlalchemy\ext\hybrid.py,lib\sqlalchemy\sql\__init__.py,sqlalchemy/sqlalchemy
lib\sqlalchemy\ext\indexable.py,lib\sqlalchemy\ext\hybrid.py,sqlalchemy/sqlalchemy
lib\sqlalchemy\ext\indexable.py,lib\sqlalchemy\util\typing.py,sqlalchemy/sqlalchemy
lib\sqlalchemy\ext\indexable.py,lib\sqlalchemy\sql\__init__.py,sqlalchemy/sqlalchemy
lib\sqlalchemy\ext\indexable.py,lib\sqlalchemy\orm\attributes.py,sqlalchemy/sqlalchemy
lib\sqlalchemy\ext\indexable.py,lib\sqlalchemy\sql\_typing.py,sqlalchemy/sqlalchemy
lib\sqlalchemy\ext\instrumentation.py,lib\sqlalchemy\orm\__init__.py,sqlalchemy/sqlalchemy
lib\sqlalchemy\ext\instrumentation.py,lib\sqlalchemy\orm\instrumentation.py,sqlalchemy/sqlalchemy
lib\sqlalchemy\ext\mutable.py,lib\sqlalchemy\util\typing.py,sqlalchemy/sqlalchemy
lib\sqlalchemy\ext\mutable.py,lib\sqlalchemy\orm\__init__.py,sqlalchemy/sqlalchemy
lib\sqlalchemy\ext\mutable.py,lib\sqlalchemy\orm\collections.py,sqlalchemy/sqlalchemy
lib\sqlalchemy\ext\mutable.py,lib\sqlalchemy\orm\_typing.py,sqlalchemy/sqlalchemy
lib\sqlalchemy\ext\mutable.py,lib\sqlalchemy\orm\state.py,sqlalchemy/sqlalchemy
lib\sqlalchemy\ext\mutable.py,lib\sqlalchemy\orm\attributes.py,sqlalchemy/sqlalchemy
lib\sqlalchemy\ext\mutable.py,lib\sqlalchemy\orm\context.py,sqlalchemy/sqlalchemy
lib\sqlalchemy\ext\mutable.py,lib\sqlalchemy\orm\unitofwork.py,sqlalchemy/sqlalchemy
lib\sqlalchemy\ext\mutable.py,lib\sqlalchemy\sql\_typing.py,sqlalchemy/sqlalchemy
lib\sqlalchemy\ext\mutable.py,lib\sqlalchemy\sql\type_api.py,sqlalchemy/sqlalchemy
lib\sqlalchemy\ext\mutable.py,lib\sqlalchemy\engine\util.py,sqlalchemy/sqlalchemy
lib\sqlalchemy\ext\mutable.py,lib\sqlalchemy\orm\decl_api.py,sqlalchemy/sqlalchemy
lib\sqlalchemy\ext\mutable.py,lib\sqlalchemy\sql\base.py,sqlalchemy/sqlalchemy
lib\sqlalchemy\ext\mutable.py,lib\sqlalchemy\sql\schema.py,sqlalchemy/sqlalchemy
lib\sqlalchemy\ext\orderinglist.py,lib\sqlalchemy\util\typing.py,sqlalchemy/sqlalchemy
lib\sqlalchemy\ext\orderinglist.py,lib\sqlalchemy\orm\collections.py,sqlalchemy/sqlalchemy
lib\sqlalchemy\ext\serializer.py,lib\sqlalchemy\engine\__init__.py,sqlalchemy/sqlalchemy
lib\sqlalchemy\ext\serializer.py,lib\sqlalchemy\orm\interfaces.py,sqlalchemy/sqlalchemy
lib\sqlalchemy\ext\serializer.py,lib\sqlalchemy\orm\mapper.py,sqlalchemy/sqlalchemy
lib\sqlalchemy\ext\serializer.py,lib\sqlalchemy\engine\util.py,sqlalchemy/sqlalchemy
lib\sqlalchemy\ext\serializer.py,lib\sqlalchemy\orm\session.py,sqlalchemy/sqlalchemy
lib\sqlalchemy\ext\serializer.py,lib\sqlalchemy\orm\__init__.py,sqlalchemy/sqlalchemy
lib\sqlalchemy\future\engine.py,lib\sqlalchemy\engine\__init__.py,sqlalchemy/sqlalchemy
lib\sqlalchemy\future\__init__.py,lib\sqlalchemy\engine\__init__.py,sqlalchemy/sqlalchemy
lib\sqlalchemy\future\__init__.py,lib\sqlalchemy\sql\_selectable_constructors.py,sqlalchemy/sqlalchemy
lib\sqlalchemy\orm\attributes.py,lib\sqlalchemy\engine\base.py,sqlalchemy/sqlalchemy
lib\sqlalchemy\orm\attributes.py,lib\sqlalchemy\event\__init__.py,sqlalchemy/sqlalchemy
lib\sqlalchemy\orm\attributes.py,lib\sqlalchemy\dialects\_typing.py,sqlalchemy/sqlalchemy
lib\sqlalchemy\orm\attributes.py,lib\sqlalchemy\util\typing.py,sqlalchemy/sqlalchemy
lib\sqlalchemy\orm\attributes.py,lib\sqlalchemy\orm\collections.py,sqlalchemy/sqlalchemy
lib\sqlalchemy\orm\attributes.py,lib\sqlalchemy\engine\util.py,sqlalchemy/sqlalchemy
lib\sqlalchemy\orm\attributes.py,lib\sqlalchemy\orm\writeonly.py,sqlalchemy/sqlalchemy
lib\sqlalchemy\orm\attributes.py,lib\sqlalchemy\sql\elements.py,sqlalchemy/sqlalchemy
lib\sqlalchemy\orm\attributes.py,lib\sqlalchemy\sql\selectable.py,sqlalchemy/sqlalchemy
lib\sqlalchemy\orm\attributes.py,lib\sqlalchemy\sql\cache_key.py,sqlalchemy/sqlalchemy
lib\sqlalchemy\orm\attributes.py,lib\sqlalchemy\sql\__init__.py,sqlalchemy/sqlalchemy
lib\sqlalchemy\orm\attributes.py,lib\sqlalchemy\orm\relationships.py,sqlalchemy/sqlalchemy
lib\sqlalchemy\orm\attributes.py,lib\sqlalchemy\sql\_typing.py,sqlalchemy/sqlalchemy
lib\sqlalchemy\orm\attributes.py,lib\sqlalchemy\sql\operators.py,sqlalchemy/sqlalchemy
lib\sqlalchemy\orm\attributes.py,lib\sqlalchemy\sql\annotation.py,sqlalchemy/sqlalchemy
lib\sqlalchemy\orm\attributes.py,lib\sqlalchemy\sql\visitors.py,sqlalchemy/sqlalchemy
lib\sqlalchemy\orm\attributes.py,lib\sqlalchemy\event\base.py,sqlalchemy/sqlalchemy
lib\sqlalchemy\orm\attributes.py,lib\sqlalchemy\engine\interfaces.py,sqlalchemy/sqlalchemy
lib\sqlalchemy\orm\attributes.py,lib\sqlalchemy\orm\state.py,sqlalchemy/sqlalchemy
lib\sqlalchemy\orm\base.py,lib\sqlalchemy\util\typing.py,sqlalchemy/sqlalchemy
lib\sqlalchemy\orm\base.py,lib\sqlalchemy\sql\elements.py,sqlalchemy/sqlalchemy
lib\sqlalchemy\orm\base.py,lib\sqlalchemy\dialects\_typing.py,sqlalchemy/sqlalchemy
lib\sqlalchemy\orm\base.py,lib\sqlalchemy\ext\instrumentation.py,sqlalchemy/sqlalchemy
lib\sqlalchemy\orm\base.py,lib\sqlalchemy\sql\operators.py,sqlalchemy/sqlalchemy
lib\sqlalchemy\orm\base.py,lib\sqlalchemy\engine\util.py,sqlalchemy/sqlalchemy
lib\sqlalchemy\orm\base.py,lib\sqlalchemy\orm\mapper.py,sqlalchemy/sqlalchemy
lib\sqlalchemy\orm\base.py,lib\sqlalchemy\orm\writeonly.py,sqlalchemy/sqlalchemy
lib\sqlalchemy\orm\base.py,lib\sqlalchemy\sql\_typing.py,sqlalchemy/sqlalchemy
lib\sqlalchemy\orm\base.py,lib\sqlalchemy\orm\state.py,sqlalchemy/sqlalchemy
lib\sqlalchemy\orm\base.py,lib\sqlalchemy\orm\attributes.py,sqlalchemy/sqlalchemy
lib\sqlalchemy\orm\base.py,lib\sqlalchemy\orm\properties.py,sqlalchemy/sqlalchemy
lib\sqlalchemy\orm\base.py,lib\sqlalchemy\sql\__init__.py,sqlalchemy/sqlalchemy
lib\sqlalchemy\orm\base.py,lib\sqlalchemy\orm\dynamic.py,sqlalchemy/sqlalchemy
lib\sqlalchemy\orm\base.py,lib\sqlalchemy\engine\interfaces.py,sqlalchemy/sqlalchemy
lib\sqlalchemy\orm\base.py,lib\sqlalchemy\util\langhelpers.py,sqlalchemy/sqlalchemy
lib\sqlalchemy\orm\base.py,lib\sqlalchemy\sql\schema.py,sqlalchemy/sqlalchemy
lib\sqlalchemy\orm\base.py,lib\sqlalchemy\sql\_annotated_cols.py,sqlalchemy/sqlalchemy
lib\sqlalchemy\orm\bulk_persistence.py,lib\sqlalchemy\util\typing.py,sqlalchemy/sqlalchemy
lib\sqlalchemy\orm\bulk_persistence.py,lib\sqlalchemy\engine\__init__.py,sqlalchemy/sqlalchemy
lib\sqlalchemy\orm\bulk_persistence.py,lib\sqlalchemy\sql\__init__.py,sqlalchemy/sqlalchemy
lib\sqlalchemy\orm\bulk_persistence.py,lib\sqlalchemy\sql\base.py,sqlalchemy/sqlalchemy
lib\sqlalchemy\orm\bulk_persistence.py,lib\sqlalchemy\engine\interfaces.py,sqlalchemy/sqlalchemy
lib\sqlalchemy\orm\bulk_persistence.py,lib\sqlalchemy\orm\mapper.py,sqlalchemy/sqlalchemy
lib\sqlalchemy\orm\bulk_persistence.py,lib\sqlalchemy\orm\session.py,sqlalchemy/sqlalchemy
lib\sqlalchemy\orm\bulk_persistence.py,lib\sqlalchemy\orm\context.py,sqlalchemy/sqlalchemy
lib\sqlalchemy\orm\bulk_persistence.py,lib\sqlalchemy\sql\dml.py,sqlalchemy/sqlalchemy
lib\sqlalchemy\orm\bulk_persistence.py,lib\sqlalchemy\dialects\_typing.py,sqlalchemy/sqlalchemy
lib\sqlalchemy\orm\bulk_persistence.py,lib\sqlalchemy\engine\util.py,sqlalchemy/sqlalchemy
lib\sqlalchemy\orm\bulk_persistence.py,lib\sqlalchemy\engine\base.py,sqlalchemy/sqlalchemy
lib\sqlalchemy\orm\bulk_persistence.py,lib\sqlalchemy\orm\state.py,sqlalchemy/sqlalchemy
lib\sqlalchemy\orm\clsregistry.py,lib\sqlalchemy\util\typing.py,sqlalchemy/sqlalchemy
lib\sqlalchemy\orm\clsregistry.py,lib\sqlalchemy\sql\schema.py,sqlalchemy/sqlalchemy
lib\sqlalchemy\orm\clsregistry.py,lib\sqlalchemy\orm\properties.py,sqlalchemy/sqlalchemy
lib\sqlalchemy\orm\clsregistry.py,lib\sqlalchemy\orm\relationships.py,sqlalchemy/sqlalchemy
lib\sqlalchemy\orm\clsregistry.py,lib\sqlalchemy\__init__.py,sqlalchemy/sqlalchemy
lib\sqlalchemy\orm\clsregistry.py,lib\sqlalchemy\engine\util.py,sqlalchemy/sqlalchemy
lib\sqlalchemy\orm\clsregistry.py,lib\sqlalchemy\orm\descriptor_props.py,sqlalchemy/sqlalchemy
lib\sqlalchemy\orm\collections.py,lib\sqlalchemy\util\typing.py,sqlalchemy/sqlalchemy
lib\sqlalchemy\orm\collections.py,lib\sqlalchemy\sql\base.py,sqlalchemy/sqlalchemy
lib\sqlalchemy\orm\collections.py,lib\sqlalchemy\orm\mapped_collection.py,sqlalchemy/sqlalchemy
lib\sqlalchemy\orm\collections.py,lib\sqlalchemy\orm\attributes.py,sqlalchemy/sqlalchemy
lib\sqlalchemy\orm\collections.py,lib\sqlalchemy\orm\state.py,sqlalchemy/sqlalchemy
lib\sqlalchemy\orm\collections.py,lib\sqlalchemy\engine\base.py,sqlalchemy/sqlalchemy
lib\sqlalchemy\orm\collections.py,lib\sqlalchemy\util\compat.py,sqlalchemy/sqlalchemy
lib\sqlalchemy\orm\context.py,lib\sqlalchemy\sql\selectable.py,sqlalchemy/sqlalchemy
lib\sqlalchemy\orm\context.py,lib\sqlalchemy\sql\base.py,sqlalchemy/sqlalchemy
lib\sqlalchemy\orm\context.py,lib\sqlalchemy\util\typing.py,sqlalchemy/sqlalchemy
lib\sqlalchemy\orm\context.py,lib\sqlalchemy\sql\elements.py,sqlalchemy/sqlalchemy
lib\sqlalchemy\orm\context.py,lib\sqlalchemy\sql\visitors.py,sqlalchemy/sqlalchemy
lib\sqlalchemy\orm\context.py,lib\sqlalchemy\orm\query.py,sqlalchemy/sqlalchemy
lib\sqlalchemy\orm\context.py,lib\sqlalchemy\sql\__init__.py,sqlalchemy/sqlalchemy
lib\sqlalchemy\orm\context.py,lib\sqlalchemy\sql\dml.py,sqlalchemy/sqlalchemy
lib\sqlalchemy\orm\context.py,lib\sqlalchemy\sql\_typing.py,sqlalchemy/sqlalchemy
lib\sqlalchemy\orm\context.py,lib\sqlalchemy\engine\util.py,sqlalchemy/sqlalchemy
lib\sqlalchemy\orm\context.py,lib\sqlalchemy\orm\session.py,sqlalchemy/sqlalchemy
lib\sqlalchemy\orm\context.py,lib\sqlalchemy\orm\path_registry.py,sqlalchemy/sqlalchemy
lib\sqlalchemy\orm\context.py,lib\sqlalchemy\orm\loading.py,sqlalchemy/sqlalchemy
lib\sqlalchemy\orm\context.py,lib\sqlalchemy\sql\type_api.py,sqlalchemy/sqlalchemy
lib\sqlalchemy\orm\context.py,lib\sqlalchemy\orm\collections.py,sqlalchemy/sqlalchemy
lib\sqlalchemy\orm\context.py,lib\sqlalchemy\dialects\_typing.py,sqlalchemy/sqlalchemy
lib\sqlalchemy\orm\context.py,lib\sqlalchemy\engine\__init__.py,sqlalchemy/sqlalchemy
lib\sqlalchemy\orm\context.py,lib\sqlalchemy\engine\interfaces.py,sqlalchemy/sqlalchemy
lib\sqlalchemy\orm\context.py,lib\sqlalchemy\orm\mapper.py,sqlalchemy/sqlalchemy
lib\sqlalchemy\orm\context.py,lib\sqlalchemy\sql\compiler.py,sqlalchemy/sqlalchemy
lib\sqlalchemy\orm\context.py,lib\sqlalchemy\engine\base.py,sqlalchemy/sqlalchemy
lib\sqlalchemy\orm\decl_api.py,lib\sqlalchemy\orm\_orm_constructors.py,sqlalchemy/sqlalchemy
lib\sqlalchemy\orm\decl_api.py,lib\sqlalchemy\dialects\_typing.py,sqlalchemy/sqlalchemy
lib\sqlalchemy\orm\decl_api.py,lib\sqlalchemy\orm\state.py,sqlalchemy/sqlalchemy
lib\sqlalchemy\orm\decl_api.py,lib\sqlalchemy\util\typing.py,sqlalchemy/sqlalchemy
lib\sqlalchemy\orm\decl_api.py,lib\sqlalchemy\sql\elements.py,sqlalchemy/sqlalchemy
lib\sqlalchemy\orm\decl_api.py,lib\sqlalchemy\orm\mapper.py,sqlalchemy/sqlalchemy
lib\sqlalchemy\orm\decl_api.py,lib\sqlalchemy\sql\__init__.py,sqlalchemy/sqlalchemy
lib\sqlalchemy\orm\decl_api.py,lib\sqlalchemy\sql\_typing.py,sqlalchemy/sqlalchemy
lib\sqlalchemy\orm\decl_api.py,lib\sqlalchemy\orm\attributes.py,sqlalchemy/sqlalchemy
lib\sqlalchemy\orm\decl_api.py,lib\sqlalchemy\orm\decl_base.py,sqlalchemy/sqlalchemy
lib\sqlalchemy\orm\decl_api.py,lib\sqlalchemy\ext\instrumentation.py,sqlalchemy/sqlalchemy
lib\sqlalchemy\orm\decl_api.py,lib\sqlalchemy\engine\base.py,sqlalchemy/sqlalchemy
lib\sqlalchemy\orm\decl_api.py,lib\sqlalchemy\orm\descriptor_props.py,sqlalchemy/sqlalchemy
lib\sqlalchemy\orm\decl_api.py,lib\sqlalchemy\engine\util.py,sqlalchemy/sqlalchemy
lib\sqlalchemy\orm\decl_api.py,lib\sqlalchemy\sql\base.py,sqlalchemy/sqlalchemy
lib\sqlalchemy\orm\decl_api.py,lib\sqlalchemy\engine\interfaces.py,sqlalchemy/sqlalchemy
lib\sqlalchemy\orm\decl_api.py,lib\sqlalchemy\sql\schema.py,sqlalchemy/sqlalchemy
lib\sqlalchemy\orm\decl_api.py,lib\sqlalchemy\orm\properties.py,sqlalchemy/sqlalchemy
lib\sqlalchemy\orm\decl_api.py,lib\sqlalchemy\event\__init__.py,sqlalchemy/sqlalchemy
lib\sqlalchemy\orm\decl_api.py,lib\sqlalchemy\sql\_annotated_cols.py,sqlalchemy/sqlalchemy
lib\sqlalchemy\orm\decl_api.py,lib\sqlalchemy\orm\relationships.py,sqlalchemy/sqlalchemy
lib\sqlalchemy\orm\decl_api.py,lib\sqlalchemy\sql\selectable.py,sqlalchemy/sqlalchemy
lib\sqlalchemy\orm\decl_base.py,lib\sqlalchemy\orm\collections.py,sqlalchemy/sqlalchemy
lib\sqlalchemy\orm\decl_base.py,lib\sqlalchemy\ext\instrumentation.py,sqlalchemy/sqlalchemy
lib\sqlalchemy\orm\decl_base.py,lib\sqlalchemy\util\typing.py,sqlalchemy/sqlalchemy
lib\sqlalchemy\orm\decl_base.py,lib\sqlalchemy\engine\base.py,sqlalchemy/sqlalchemy
lib\sqlalchemy\orm\decl_base.py,lib\sqlalchemy\engine\interfaces.py,sqlalchemy/sqlalchemy
lib\sqlalchemy\orm\decl_base.py,lib\sqlalchemy\engine\util.py,sqlalchemy/sqlalchemy
lib\sqlalchemy\orm\decl_base.py,lib\sqlalchemy\sql\schema.py,sqlalchemy/sqlalchemy
lib\sqlalchemy\orm\decl_base.py,lib\sqlalchemy\orm\decl_api.py,sqlalchemy/sqlalchemy
lib\sqlalchemy\orm\decl_base.py,lib\sqlalchemy\sql\__init__.py,sqlalchemy/sqlalchemy
lib\sqlalchemy\orm\decl_base.py,lib\sqlalchemy\sql\base.py,sqlalchemy/sqlalchemy
lib\sqlalchemy\orm\decl_base.py,lib\sqlalchemy\orm\attributes.py,sqlalchemy/sqlalchemy
lib\sqlalchemy\orm\decl_base.py,lib\sqlalchemy\dialects\_typing.py,sqlalchemy/sqlalchemy
lib\sqlalchemy\orm\decl_base.py,lib\sqlalchemy\sql\_annotated_cols.py,sqlalchemy/sqlalchemy
lib\sqlalchemy\orm\decl_base.py,lib\sqlalchemy\orm\descriptor_props.py,sqlalchemy/sqlalchemy
lib\sqlalchemy\orm\decl_base.py,lib\sqlalchemy\orm\properties.py,sqlalchemy/sqlalchemy
lib\sqlalchemy\orm\decl_base.py,lib\sqlalchemy\orm\mapper.py,sqlalchemy/sqlalchemy
lib\sqlalchemy\orm\decl_base.py,lib\sqlalchemy\sql\elements.py,sqlalchemy/sqlalchemy
lib\sqlalchemy\orm\decl_base.py,lib\sqlalchemy\sql\selectable.py,sqlalchemy/sqlalchemy
lib\sqlalchemy\orm\dependency.py,lib\sqlalchemy\engine\interfaces.py,sqlalchemy/sqlalchemy
lib\sqlalchemy\orm\descriptor_props.py,lib\sqlalchemy\util\typing.py,sqlalchemy/sqlalchemy
lib\sqlalchemy\orm\descriptor_props.py,lib\sqlalchemy\sql\_typing.py,sqlalchemy/sqlalchemy
lib\sqlalchemy\orm\descriptor_props.py,lib\sqlalchemy\engine\base.py,sqlalchemy/sqlalchemy
lib\sqlalchemy\orm\descriptor_props.py,lib\sqlalchemy\engine\util.py,sqlalchemy/sqlalchemy
lib\sqlalchemy\orm\descriptor_props.py,lib\sqlalchemy\sql\base.py,sqlalchemy/sqlalchemy
lib\sqlalchemy\orm\descriptor_props.py,lib\sqlalchemy\sql\elements.py,sqlalchemy/sqlalchemy
lib\sqlalchemy\orm\descriptor_props.py,lib\sqlalchemy\orm\attributes.py,sqlalchemy/sqlalchemy
lib\sqlalchemy\orm\descriptor_props.py,lib\sqlalchemy\orm\context.py,sqlalchemy/sqlalchemy
lib\sqlalchemy\orm\descriptor_props.py,lib\sqlalchemy\engine\interfaces.py,sqlalchemy/sqlalchemy
lib\sqlalchemy\orm\descriptor_props.py,lib\sqlalchemy\sql\__init__.py,sqlalchemy/sqlalchemy
lib\sqlalchemy\orm\descriptor_props.py,lib\sqlalchemy\dialects\_typing.py,sqlalchemy/sqlalchemy
lib\sqlalchemy\orm\descriptor_props.py,lib\sqlalchemy\orm\decl_base.py,sqlalchemy/sqlalchemy
lib\sqlalchemy\orm\descriptor_props.py,lib\sqlalchemy\engine\row.py,sqlalchemy/sqlalchemy
lib\sqlalchemy\orm\descriptor_props.py,lib\sqlalchemy\sql\selectable.py,sqlalchemy/sqlalchemy
lib\sqlalchemy\orm\descriptor_props.py,lib\sqlalchemy\orm\properties.py,sqlalchemy/sqlalchemy
lib\sqlalchemy\orm\descriptor_props.py,lib\sqlalchemy\sql\schema.py,sqlalchemy/sqlalchemy
lib\sqlalchemy\orm\descriptor_props.py,lib\sqlalchemy\orm\state.py,sqlalchemy/sqlalchemy
lib\sqlalchemy\orm\descriptor_props.py,lib\sqlalchemy\orm\mapper.py,sqlalchemy/sqlalchemy
lib\sqlalchemy\orm\descriptor_props.py,lib\sqlalchemy\sql\operators.py,sqlalchemy/sqlalchemy
lib\sqlalchemy\orm\dynamic.py,lib\sqlalchemy\orm\writeonly.py,sqlalchemy/sqlalchemy
lib\sqlalchemy\orm\dynamic.py,lib\sqlalchemy\util\typing.py,sqlalchemy/sqlalchemy
lib\sqlalchemy\orm\dynamic.py,lib\sqlalchemy\orm\relationships.py,sqlalchemy/sqlalchemy
lib\sqlalchemy\orm\dynamic.py,lib\sqlalchemy\event\__init__.py,sqlalchemy/sqlalchemy
lib\sqlalchemy\orm\dynamic.py,lib\sqlalchemy\sql\elements.py,sqlalchemy/sqlalchemy
lib\sqlalchemy\orm\dynamic.py,lib\sqlalchemy\engine\__init__.py,sqlalchemy/sqlalchemy
lib\sqlalchemy\orm\dynamic.py,lib\sqlalchemy\orm\session.py,sqlalchemy/sqlalchemy
lib\sqlalchemy\orm\dynamic.py,lib\sqlalchemy\orm\mapper.py,sqlalchemy/sqlalchemy
lib\sqlalchemy\orm\dynamic.py,lib\sqlalchemy\orm\state.py,sqlalchemy/sqlalchemy
lib\sqlalchemy\orm\dynamic.py,lib\sqlalchemy\engine\util.py,sqlalchemy/sqlalchemy
lib\sqlalchemy\orm\dynamic.py,lib\sqlalchemy\orm\query.py,sqlalchemy/sqlalchemy
lib\sqlalchemy\orm\dynamic.py,lib\sqlalchemy\engine\base.py,sqlalchemy/sqlalchemy
lib\sqlalchemy\orm\evaluator.py,lib\sqlalchemy\engine\util.py,sqlalchemy/sqlalchemy
lib\sqlalchemy\orm\evaluator.py,lib\sqlalchemy\engine\base.py,sqlalchemy/sqlalchemy
lib\sqlalchemy\orm\evaluator.py,lib\sqlalchemy\sql\__init__.py,sqlalchemy/sqlalchemy
lib\sqlalchemy\orm\evaluator.py,lib\sqlalchemy\sql\sqltypes.py,sqlalchemy/sqlalchemy
lib\sqlalchemy\orm\evaluator.py,lib\sqlalchemy\util\typing.py,sqlalchemy/sqlalchemy
lib\sqlalchemy\orm\events.py,lib\sqlalchemy\util\typing.py,sqlalchemy/sqlalchemy
lib\sqlalchemy\orm\events.py,lib\sqlalchemy\ext\instrumentation.py,sqlalchemy/sqlalchemy
lib\sqlalchemy\orm\events.py,lib\sqlalchemy\dialects\_typing.py,sqlalchemy/sqlalchemy
lib\sqlalchemy\orm\events.py,lib\sqlalchemy\orm\session.py,sqlalchemy/sqlalchemy
lib\sqlalchemy\orm\events.py,lib\sqlalchemy\engine\__init__.py,sqlalchemy/sqlalchemy
lib\sqlalchemy\orm\events.py,lib\sqlalchemy\event\base.py,sqlalchemy/sqlalchemy
lib\sqlalchemy\orm\events.py,lib\sqlalchemy\event\registry.py,sqlalchemy/sqlalchemy
lib\sqlalchemy\orm\events.py,lib\sqlalchemy\orm\decl_api.py,sqlalchemy/sqlalchemy
lib\sqlalchemy\orm\events.py,lib\sqlalchemy\util\compat.py,sqlalchemy/sqlalchemy
lib\sqlalchemy\orm\events.py,lib\sqlalchemy\orm\scoping.py,sqlalchemy/sqlalchemy
lib\sqlalchemy\orm\events.py,lib\sqlalchemy\orm\context.py,sqlalchemy/sqlalchemy
lib\sqlalchemy\orm\events.py,lib\sqlalchemy\orm\query.py,sqlalchemy/sqlalchemy
lib\sqlalchemy\orm\events.py,lib\sqlalchemy\engine\base.py,sqlalchemy/sqlalchemy
lib\sqlalchemy\orm\events.py,lib\sqlalchemy\orm\collections.py,sqlalchemy/sqlalchemy
lib\sqlalchemy\orm\events.py,lib\sqlalchemy\orm\mapper.py,sqlalchemy/sqlalchemy
lib\sqlalchemy\orm\events.py,lib\sqlalchemy\orm\attributes.py,sqlalchemy/sqlalchemy
lib\sqlalchemy\orm\events.py,lib\sqlalchemy\event\__init__.py,sqlalchemy/sqlalchemy
lib\sqlalchemy\orm\events.py,lib\sqlalchemy\orm\unitofwork.py,sqlalchemy/sqlalchemy
lib\sqlalchemy\orm\events.py,lib\sqlalchemy\orm\state.py,sqlalchemy/sqlalchemy
lib\sqlalchemy\orm\exc.py,lib\sqlalchemy\exc.py,sqlalchemy/sqlalchemy
lib\sqlalchemy\orm\exc.py,lib\sqlalchemy\util\typing.py,sqlalchemy/sqlalchemy
lib\sqlalchemy\orm\exc.py,lib\sqlalchemy\engine\interfaces.py,sqlalchemy/sqlalchemy
lib\sqlalchemy\orm\exc.py,lib\sqlalchemy\orm\state.py,sqlalchemy/sqlalchemy
lib\sqlalchemy\orm\exc.py,lib\sqlalchemy\engine\util.py,sqlalchemy/sqlalchemy
lib\sqlalchemy\orm\identity.py,lib\sqlalchemy\util\typing.py,sqlalchemy/sqlalchemy
lib\sqlalchemy\orm\identity.py,lib\sqlalchemy\orm\state.py,sqlalchemy/sqlalchemy
lib\sqlalchemy\orm\identity.py,lib\sqlalchemy\dialects\_typing.py,sqlalchemy/sqlalchemy
lib\sqlalchemy\orm\instrumentation.py,lib\sqlalchemy\util\typing.py,sqlalchemy/sqlalchemy
lib\sqlalchemy\orm\instrumentation.py,lib\sqlalchemy\engine\util.py,sqlalchemy/sqlalchemy
lib\sqlalchemy\orm\instrumentation.py,lib\sqlalchemy\events.py,sqlalchemy/sqlalchemy
lib\sqlalchemy\orm\instrumentation.py,lib\sqlalchemy\event\__init__.py,sqlalchemy/sqlalchemy
lib\sqlalchemy\orm\instrumentation.py,lib\sqlalchemy\orm\collections.py,sqlalchemy/sqlalchemy
lib\sqlalchemy\orm\instrumentation.py,lib\sqlalchemy\dialects\_typing.py,sqlalchemy/sqlalchemy
lib\sqlalchemy\orm\instrumentation.py,lib\sqlalchemy\orm\attributes.py,sqlalchemy/sqlalchemy
lib\sqlalchemy\orm\instrumentation.py,lib\sqlalchemy\orm\decl_base.py,sqlalchemy/sqlalchemy
lib\sqlalchemy\orm\instrumentation.py,lib\sqlalchemy\orm\mapper.py,sqlalchemy/sqlalchemy
lib\sqlalchemy\orm\instrumentation.py,lib\sqlalchemy\orm\state.py,sqlalchemy/sqlalchemy
lib\sqlalchemy\orm\interfaces.py,lib\sqlalchemy\util\typing.py,sqlalchemy/sqlalchemy
lib\sqlalchemy\orm\interfaces.py,lib\sqlalchemy\orm\attributes.py,sqlalchemy/sqlalchemy
lib\sqlalchemy\orm\interfaces.py,lib\sqlalchemy\engine\base.py,sqlalchemy/sqlalchemy
lib\sqlalchemy\orm\interfaces.py,lib\sqlalchemy\sql\_typing.py,sqlalchemy/sqlalchemy
lib\sqlalchemy\orm\interfaces.py,lib\sqlalchemy\dialects\_typing.py,sqlalchemy/sqlalchemy
lib\sqlalchemy\orm\interfaces.py,lib\sqlalchemy\orm\decl_base.py,sqlalchemy/sqlalchemy
lib\sqlalchemy\orm\interfaces.py,lib\sqlalchemy\engine\util.py,sqlalchemy/sqlalchemy
lib\sqlalchemy\orm\interfaces.py,lib\sqlalchemy\orm\path_registry.py,sqlalchemy/sqlalchemy
lib\sqlalchemy\orm\interfaces.py,lib\sqlalchemy\orm\context.py,sqlalchemy/sqlalchemy
lib\sqlalchemy\orm\interfaces.py,lib\sqlalchemy\sql\visitors.py,sqlalchemy/sqlalchemy
lib\sqlalchemy\orm\interfaces.py,lib\sqlalchemy\sql\base.py,sqlalchemy/sqlalchemy
lib\sqlalchemy\orm\interfaces.py,lib\sqlalchemy\sql\type_api.py,sqlalchemy/sqlalchemy
lib\sqlalchemy\orm\interfaces.py,lib\sqlalchemy\orm\decl_api.py,sqlalchemy/sqlalchemy
lib\sqlalchemy\orm\interfaces.py,lib\sqlalchemy\sql\__init__.py,sqlalchemy/sqlalchemy
lib\sqlalchemy\orm\interfaces.py,lib\sqlalchemy\orm\loading.py,sqlalchemy/sqlalchemy
lib\sqlalchemy\orm\interfaces.py,lib\sqlalchemy\sql\schema.py,sqlalchemy/sqlalchemy
lib\sqlalchemy\orm\interfaces.py,lib\sqlalchemy\orm\session.py,sqlalchemy/sqlalchemy
lib\sqlalchemy\orm\interfaces.py,lib\sqlalchemy\orm\mapper.py,sqlalchemy/sqlalchemy
lib\sqlalchemy\orm\interfaces.py,lib\sqlalchemy\orm\query.py,sqlalchemy/sqlalchemy
lib\sqlalchemy\orm\interfaces.py,lib\sqlalchemy\sql\operators.py,sqlalchemy/sqlalchemy
lib\sqlalchemy\orm\interfaces.py,lib\sqlalchemy\orm\collections.py,sqlalchemy/sqlalchemy
lib\sqlalchemy\orm\interfaces.py,lib\sqlalchemy\engine\result.py,sqlalchemy/sqlalchemy
lib\sqlalchemy\orm\interfaces.py,lib\sqlalchemy\orm\state.py,sqlalchemy/sqlalchemy
lib\sqlalchemy\orm\interfaces.py,lib\sqlalchemy\orm\strategy_options.py,sqlalchemy/sqlalchemy
lib\sqlalchemy\orm\interfaces.py,lib\sqlalchemy\sql\cache_key.py,sqlalchemy/sqlalchemy
lib\sqlalchemy\orm\loading.py,lib\sqlalchemy\util\typing.py,sqlalchemy/sqlalchemy
lib\sqlalchemy\orm\loading.py,lib\sqlalchemy\engine\base.py,sqlalchemy/sqlalchemy
lib\sqlalchemy\orm\loading.py,lib\sqlalchemy\orm\context.py,sqlalchemy/sqlalchemy
lib\sqlalchemy\orm\loading.py,lib\sqlalchemy\sql\__init__.py,sqlalchemy/sqlalchemy
lib\sqlalchemy\orm\loading.py,lib\sqlalchemy\engine\util.py,sqlalchemy/sqlalchemy
lib\sqlalchemy\orm\loading.py,lib\sqlalchemy\sql\selectable.py,sqlalchemy/sqlalchemy
lib\sqlalchemy\orm\loading.py,lib\sqlalchemy\engine\strategies.py,sqlalchemy/sqlalchemy
lib\sqlalchemy\orm\loading.py,lib\sqlalchemy\engine\result.py,sqlalchemy/sqlalchemy
lib\sqlalchemy\orm\loading.py,lib\sqlalchemy\engine\interfaces.py,sqlalchemy/sqlalchemy
lib\sqlalchemy\orm\loading.py,lib\sqlalchemy\dialects\_typing.py,sqlalchemy/sqlalchemy
lib\sqlalchemy\orm\loading.py,lib\sqlalchemy\orm\mapper.py,sqlalchemy/sqlalchemy
lib\sqlalchemy\orm\loading.py,lib\sqlalchemy\engine\cursor.py,sqlalchemy/sqlalchemy
lib\sqlalchemy\orm\loading.py,lib\sqlalchemy\engine\__init__.py,sqlalchemy/sqlalchemy
lib\sqlalchemy\orm\loading.py,lib\sqlalchemy\orm\query.py,sqlalchemy/sqlalchemy
lib\sqlalchemy\orm\loading.py,lib\sqlalchemy\orm\session.py,sqlalchemy/sqlalchemy
lib\sqlalchemy\orm\loading.py,lib\sqlalchemy\orm\state.py,sqlalchemy/sqlalchemy
lib\sqlalchemy\orm\mapped_collection.py,lib\sqlalchemy\util\typing.py,sqlalchemy/sqlalchemy
lib\sqlalchemy\orm\mapped_collection.py,lib\sqlalchemy\util\langhelpers.py,sqlalchemy/sqlalchemy
lib\sqlalchemy\orm\mapped_collection.py,lib\sqlalchemy\sql\__init__.py,sqlalchemy/sqlalchemy
lib\sqlalchemy\orm\mapped_collection.py,lib\sqlalchemy\orm\collections.py,sqlalchemy/sqlalchemy
lib\sqlalchemy\orm\mapped_collection.py,lib\sqlalchemy\sql\elements.py,sqlalchemy/sqlalchemy
lib\sqlalchemy\orm\mapper.py,lib\sqlalchemy\engine\base.py,sqlalchemy/sqlalchemy
lib\sqlalchemy\orm\mapper.py,lib\sqlalchemy\orm\state.py,sqlalchemy/sqlalchemy
lib\sqlalchemy\orm\mapper.py,lib\sqlalchemy\sql\__init__.py,sqlalchemy/sqlalchemy
lib\sqlalchemy\orm\mapper.py,lib\sqlalchemy\sql\cache_key.py,sqlalchemy/sqlalchemy
lib\sqlalchemy\orm\mapper.py,lib\sqlalchemy\ext\instrumentation.py,sqlalchemy/sqlalchemy
lib\sqlalchemy\orm\mapper.py,lib\sqlalchemy\util\typing.py,sqlalchemy/sqlalchemy
lib\sqlalchemy\orm\mapper.py,lib\sqlalchemy\engine\interfaces.py,sqlalchemy/sqlalchemy
lib\sqlalchemy\orm\mapper.py,lib\sqlalchemy\orm\decl_api.py,sqlalchemy/sqlalchemy
lib\sqlalchemy\orm\mapper.py,lib\sqlalchemy\orm\path_registry.py,sqlalchemy/sqlalchemy
lib\sqlalchemy\orm\mapper.py,lib\sqlalchemy\sql\base.py,sqlalchemy/sqlalchemy
lib\sqlalchemy\orm\mapper.py,lib\sqlalchemy\dialects\_typing.py,sqlalchemy/sqlalchemy
lib\sqlalchemy\orm\mapper.py,lib\sqlalchemy\orm\descriptor_props.py,sqlalchemy/sqlalchemy
lib\sqlalchemy\orm\mapper.py,lib\sqlalchemy\engine\util.py,sqlalchemy/sqlalchemy
lib\sqlalchemy\orm\mapper.py,lib\sqlalchemy\sql\_typing.py,sqlalchemy/sqlalchemy
lib\sqlalchemy\orm\mapper.py,lib\sqlalchemy\sql\selectable.py,sqlalchemy/sqlalchemy
lib\sqlalchemy\orm\mapper.py,lib\sqlalchemy\event\__init__.py,sqlalchemy/sqlalchemy
lib\sqlalchemy\orm\mapper.py,lib\sqlalchemy\sql\elements.py,sqlalchemy/sqlalchemy
lib\sqlalchemy\orm\mapper.py,lib\sqlalchemy\sql\schema.py,sqlalchemy/sqlalchemy
lib\sqlalchemy\orm\mapper.py,lib\sqlalchemy\events.py,sqlalchemy/sqlalchemy
lib\sqlalchemy\orm\mapper.py,lib\sqlalchemy\engine\__init__.py,sqlalchemy/sqlalchemy
lib\sqlalchemy\orm\mapper.py,lib\sqlalchemy\orm\dependency.py,sqlalchemy/sqlalchemy
lib\sqlalchemy\orm\mapper.py,lib\sqlalchemy\orm\relationships.py,sqlalchemy/sqlalchemy
lib\sqlalchemy\orm\mapper.py,lib\sqlalchemy\orm\properties.py,sqlalchemy/sqlalchemy
lib\sqlalchemy\orm\mapper.py,lib\sqlalchemy\orm\collections.py,sqlalchemy/sqlalchemy
lib\sqlalchemy\orm\path_registry.py,lib\sqlalchemy\util\typing.py,sqlalchemy/sqlalchemy
lib\sqlalchemy\orm\path_registry.py,lib\sqlalchemy\orm\relationships.py,sqlalchemy/sqlalchemy
lib\sqlalchemy\orm\path_registry.py,lib\sqlalchemy\sql\visitors.py,sqlalchemy/sqlalchemy
lib\sqlalchemy\orm\path_registry.py,lib\sqlalchemy\engine\interfaces.py,sqlalchemy/sqlalchemy
lib\sqlalchemy\orm\path_registry.py,lib\sqlalchemy\dialects\_typing.py,sqlalchemy/sqlalchemy
lib\sqlalchemy\orm\path_registry.py,lib\sqlalchemy\sql\cache_key.py,sqlalchemy/sqlalchemy
lib\sqlalchemy\orm\path_registry.py,lib\sqlalchemy\sql\__init__.py,sqlalchemy/sqlalchemy
lib\sqlalchemy\orm\path_registry.py,lib\sqlalchemy\engine\util.py,sqlalchemy/sqlalchemy
lib\sqlalchemy\orm\path_registry.py,lib\sqlalchemy\orm\mapper.py,sqlalchemy/sqlalchemy
lib\sqlalchemy\orm\path_registry.py,lib\sqlalchemy\sql\elements.py,sqlalchemy/sqlalchemy
lib\sqlalchemy\orm\persistence.py,lib\sqlalchemy\engine\base.py,sqlalchemy/sqlalchemy
lib\sqlalchemy\orm\persistence.py,lib\sqlalchemy\engine\__init__.py,sqlalchemy/sqlalchemy
lib\sqlalchemy\orm\persistence.py,lib\sqlalchemy\sql\elements.py,sqlalchemy/sqlalchemy
lib\sqlalchemy\orm\persistence.py,lib\sqlalchemy\sql\__init__.py,sqlalchemy/sqlalchemy
lib\sqlalchemy\orm\properties.py,lib\sqlalchemy\util\typing.py,sqlalchemy/sqlalchemy
lib\sqlalchemy\orm\properties.py,lib\sqlalchemy\orm\descriptor_props.py,sqlalchemy/sqlalchemy
lib\sqlalchemy\orm\properties.py,lib\sqlalchemy\engine\interfaces.py,sqlalchemy/sqlalchemy
lib\sqlalchemy\orm\properties.py,lib\sqlalchemy\sql\__init__.py,sqlalchemy/sqlalchemy
lib\sqlalchemy\orm\properties.py,lib\sqlalchemy\sql\type_api.py,sqlalchemy/sqlalchemy
lib\sqlalchemy\orm\properties.py,lib\sqlalchemy\sql\_typing.py,sqlalchemy/sqlalchemy
lib\sqlalchemy\orm\properties.py,lib\sqlalchemy\orm\relationships.py,sqlalchemy/sqlalchemy
lib\sqlalchemy\orm\properties.py,lib\sqlalchemy\dialects\_typing.py,sqlalchemy/sqlalchemy
lib\sqlalchemy\orm\properties.py,lib\sqlalchemy\engine\base.py,sqlalchemy/sqlalchemy
lib\sqlalchemy\orm\properties.py,lib\sqlalchemy\orm\state.py,sqlalchemy/sqlalchemy
lib\sqlalchemy\orm\properties.py,lib\sqlalchemy\engine\util.py,sqlalchemy/sqlalchemy
lib\sqlalchemy\orm\properties.py,lib\sqlalchemy\orm\session.py,sqlalchemy/sqlalchemy
lib\sqlalchemy\orm\properties.py,lib\sqlalchemy\sql\elements.py,sqlalchemy/sqlalchemy
lib\sqlalchemy\orm\properties.py,lib\sqlalchemy\orm\path_registry.py,sqlalchemy/sqlalchemy
lib\sqlalchemy\orm\properties.py,lib\sqlalchemy\sql\schema.py,sqlalchemy/sqlalchemy
lib\sqlalchemy\orm\properties.py,lib\sqlalchemy\sql\base.py,sqlalchemy/sqlalchemy
lib\sqlalchemy\orm\properties.py,lib\sqlalchemy\orm\decl_base.py,sqlalchemy/sqlalchemy
lib\sqlalchemy\orm\properties.py,lib\sqlalchemy\orm\mapper.py,sqlalchemy/sqlalchemy
lib\sqlalchemy\orm\properties.py,lib\sqlalchemy\sql\operators.py,sqlalchemy/sqlalchemy
lib\sqlalchemy\orm\query.py,lib\sqlalchemy\orm\context.py,sqlalchemy/sqlalchemy
lib\sqlalchemy\orm\query.py,lib\sqlalchemy\util\typing.py,sqlalchemy/sqlalchemy
lib\sqlalchemy\orm\query.py,lib\sqlalchemy\dialects\_typing.py,sqlalchemy/sqlalchemy
lib\sqlalchemy\orm\query.py,lib\sqlalchemy\sql\selectable.py,sqlalchemy/sqlalchemy
lib\sqlalchemy\orm\query.py,lib\sqlalchemy\engine\__init__.py,sqlalchemy/sqlalchemy
lib\sqlalchemy\orm\query.py,lib\sqlalchemy\engine\interfaces.py,sqlalchemy/sqlalchemy
lib\sqlalchemy\orm\query.py,lib\sqlalchemy\sql\_typing.py,sqlalchemy/sqlalchemy
lib\sqlalchemy\orm\query.py,lib\sqlalchemy\orm\session.py,sqlalchemy/sqlalchemy
lib\sqlalchemy\orm\query.py,lib\sqlalchemy\sql\base.py,sqlalchemy/sqlalchemy
lib\sqlalchemy\orm\query.py,lib\sqlalchemy\sql\dml.py,sqlalchemy/sqlalchemy
lib\sqlalchemy\orm\query.py,lib\sqlalchemy\sql\__init__.py,sqlalchemy/sqlalchemy
lib\sqlalchemy\orm\query.py,lib\sqlalchemy\orm\path_registry.py,sqlalchemy/sqlalchemy
lib\sqlalchemy\orm\query.py,lib\sqlalchemy\engine\cursor.py,sqlalchemy/sqlalchemy
lib\sqlalchemy\orm\query.py,lib\sqlalchemy\engine\util.py,sqlalchemy/sqlalchemy
lib\sqlalchemy\orm\query.py,lib\sqlalchemy\engine\result.py,sqlalchemy/sqlalchemy
lib\sqlalchemy\orm\query.py,lib\sqlalchemy\event\__init__.py,sqlalchemy/sqlalchemy
lib\sqlalchemy\orm\query.py,lib\sqlalchemy\sql\expression.py,sqlalchemy/sqlalchemy
lib\sqlalchemy\orm\query.py,lib\sqlalchemy\orm\state.py,sqlalchemy/sqlalchemy
lib\sqlalchemy\orm\query.py,lib\sqlalchemy\engine\base.py,sqlalchemy/sqlalchemy
lib\sqlalchemy\orm\query.py,lib\sqlalchemy\sql\elements.py,sqlalchemy/sqlalchemy
lib\sqlalchemy\orm\query.py,lib\sqlalchemy\orm\mapper.py,sqlalchemy/sqlalchemy
lib\sqlalchemy\orm\query.py,lib\sqlalchemy\orm\collections.py,sqlalchemy/sqlalchemy
lib\sqlalchemy\orm\query.py,lib\sqlalchemy\sql\annotation.py,sqlalchemy/sqlalchemy
lib\sqlalchemy\orm\relationships.py,lib\sqlalchemy\engine\base.py,sqlalchemy/sqlalchemy
lib\sqlalchemy\orm\relationships.py,lib\sqlalchemy\dialects\_typing.py,sqlalchemy/sqlalchemy
lib\sqlalchemy\orm\relationships.py,lib\sqlalchemy\orm\session.py,sqlalchemy/sqlalchemy
lib\sqlalchemy\orm\relationships.py,lib\sqlalchemy\engine\util.py,sqlalchemy/sqlalchemy
lib\sqlalchemy\orm\relationships.py,lib\sqlalchemy\sql\_typing.py,sqlalchemy/sqlalchemy
lib\sqlalchemy\orm\relationships.py,lib\sqlalchemy\util\typing.py,sqlalchemy/sqlalchemy
lib\sqlalchemy\orm\relationships.py,lib\sqlalchemy\orm\decl_base.py,sqlalchemy/sqlalchemy
lib\sqlalchemy\orm\relationships.py,lib\sqlalchemy\sql\annotation.py,sqlalchemy/sqlalchemy
lib\sqlalchemy\orm\relationships.py,lib\sqlalchemy\sql\util.py,sqlalchemy/sqlalchemy
lib\sqlalchemy\orm\relationships.py,lib\sqlalchemy\orm\clsregistry.py,sqlalchemy/sqlalchemy
lib\sqlalchemy\orm\relationships.py,lib\sqlalchemy\orm\path_registry.py,sqlalchemy/sqlalchemy
lib\sqlalchemy\orm\relationships.py,lib\sqlalchemy\engine\interfaces.py,sqlalchemy/sqlalchemy
lib\sqlalchemy\orm\relationships.py,lib\sqlalchemy\orm\query.py,sqlalchemy/sqlalchemy
lib\sqlalchemy\orm\relationships.py,lib\sqlalchemy\sql\__init__.py,sqlalchemy/sqlalchemy
lib\sqlalchemy\orm\relationships.py,lib\sqlalchemy\sql\elements.py,sqlalchemy/sqlalchemy
lib\sqlalchemy\orm\relationships.py,lib\sqlalchemy\inspection.py,sqlalchemy/sqlalchemy
lib\sqlalchemy\orm\relationships.py,lib\sqlalchemy\sql\selectable.py,sqlalchemy/sqlalchemy
lib\sqlalchemy\orm\relationships.py,lib\sqlalchemy\orm\collections.py,sqlalchemy/sqlalchemy
lib\sqlalchemy\orm\relationships.py,lib\sqlalchemy\engine\strategies.py,sqlalchemy/sqlalchemy
lib\sqlalchemy\orm\relationships.py,lib\sqlalchemy\orm\mapper.py,sqlalchemy/sqlalchemy
lib\sqlalchemy\orm\relationships.py,lib\sqlalchemy\sql\base.py,sqlalchemy/sqlalchemy
lib\sqlalchemy\orm\relationships.py,lib\sqlalchemy\orm\dependency.py,sqlalchemy/sqlalchemy
lib\sqlalchemy\orm\relationships.py,lib\sqlalchemy\orm\state.py,sqlalchemy/sqlalchemy
lib\sqlalchemy\orm\relationships.py,lib\sqlalchemy\sql\schema.py,sqlalchemy/sqlalchemy
lib\sqlalchemy\orm\scoping.py,lib\sqlalchemy\orm\session.py,sqlalchemy/sqlalchemy
lib\sqlalchemy\orm\scoping.py,lib\sqlalchemy\util\typing.py,sqlalchemy/sqlalchemy
lib\sqlalchemy\orm\scoping.py,lib\sqlalchemy\engine\util.py,sqlalchemy/sqlalchemy
lib\sqlalchemy\orm\scoping.py,lib\sqlalchemy\engine\__init__.py,sqlalchemy/sqlalchemy
lib\sqlalchemy\orm\scoping.py,lib\sqlalchemy\sql\elements.py,sqlalchemy/sqlalchemy
lib\sqlalchemy\orm\scoping.py,lib\sqlalchemy\sql\selectable.py,sqlalchemy/sqlalchemy
lib\sqlalchemy\orm\scoping.py,lib\sqlalchemy\sql\_typing.py,sqlalchemy/sqlalchemy
lib\sqlalchemy\orm\scoping.py,lib\sqlalchemy\dialects\_typing.py,sqlalchemy/sqlalchemy
lib\sqlalchemy\orm\scoping.py,lib\sqlalchemy\engine\interfaces.py,sqlalchemy/sqlalchemy
lib\sqlalchemy\orm\scoping.py,lib\sqlalchemy\orm\query.py,sqlalchemy/sqlalchemy
lib\sqlalchemy\orm\scoping.py,lib\sqlalchemy\sql\roles.py,sqlalchemy/sqlalchemy
lib\sqlalchemy\orm\scoping.py,lib\sqlalchemy\engine\result.py,sqlalchemy/sqlalchemy
lib\sqlalchemy\orm\scoping.py,lib\sqlalchemy\orm\identity.py,sqlalchemy/sqlalchemy
lib\sqlalchemy\orm\scoping.py,lib\sqlalchemy\sql\base.py,sqlalchemy/sqlalchemy
lib\sqlalchemy\orm\session.py,lib\sqlalchemy\engine\base.py,sqlalchemy/sqlalchemy
lib\sqlalchemy\orm\session.py,lib\sqlalchemy\engine\__init__.py,sqlalchemy/sqlalchemy
lib\sqlalchemy\orm\session.py,lib\sqlalchemy\sql\base.py,sqlalchemy/sqlalchemy
lib\sqlalchemy\orm\session.py,lib\sqlalchemy\sql\selectable.py,sqlalchemy/sqlalchemy
lib\sqlalchemy\orm\session.py,lib\sqlalchemy\engine\interfaces.py,sqlalchemy/sqlalchemy
lib\sqlalchemy\orm\session.py,lib\sqlalchemy\sql\_typing.py,sqlalchemy/sqlalchemy
lib\sqlalchemy\orm\session.py,lib\sqlalchemy\dialects\_typing.py,sqlalchemy/sqlalchemy
lib\sqlalchemy\orm\session.py,lib\sqlalchemy\engine\util.py,sqlalchemy/sqlalchemy
lib\sqlalchemy\orm\session.py,lib\sqlalchemy\sql\__init__.py,sqlalchemy/sqlalchemy
lib\sqlalchemy\orm\session.py,lib\sqlalchemy\util\typing.py,sqlalchemy/sqlalchemy
lib\sqlalchemy\orm\session.py,lib\sqlalchemy\orm\context.py,sqlalchemy/sqlalchemy
lib\sqlalchemy\orm\session.py,lib\sqlalchemy\orm\state_changes.py,sqlalchemy/sqlalchemy
lib\sqlalchemy\orm\session.py,lib\sqlalchemy\inspection.py,sqlalchemy/sqlalchemy
lib\sqlalchemy\orm\session.py,lib\sqlalchemy\event\__init__.py,sqlalchemy/sqlalchemy
lib\sqlalchemy\orm\session.py,lib\sqlalchemy\orm\query.py,sqlalchemy/sqlalchemy
lib\sqlalchemy\orm\session.py,lib\sqlalchemy\sql\roles.py,sqlalchemy/sqlalchemy
lib\sqlalchemy\orm\session.py,lib\sqlalchemy\orm\unitofwork.py,sqlalchemy/sqlalchemy
lib\sqlalchemy\orm\session.py,lib\sqlalchemy\sql\elements.py,sqlalchemy/sqlalchemy
lib\sqlalchemy\orm\session.py,lib\sqlalchemy\orm\state.py,sqlalchemy/sqlalchemy
lib\sqlalchemy\orm\session.py,lib\sqlalchemy\orm\mapper.py,sqlalchemy/sqlalchemy
lib\sqlalchemy\orm\session.py,lib\sqlalchemy\engine\result.py,sqlalchemy/sqlalchemy
lib\sqlalchemy\orm\session.py,lib\sqlalchemy\orm\path_registry.py,sqlalchemy/sqlalchemy
lib\sqlalchemy\orm\session.py,lib\sqlalchemy\orm\identity.py,sqlalchemy/sqlalchemy
lib\sqlalchemy\orm\session.py,lib\sqlalchemy\sql\schema.py,sqlalchemy/sqlalchemy
lib\sqlalchemy\orm\state.py,lib\sqlalchemy\util\typing.py,sqlalchemy/sqlalchemy
lib\sqlalchemy\orm\state.py,lib\sqlalchemy\engine\base.py,sqlalchemy/sqlalchemy
lib\sqlalchemy\orm\state.py,lib\sqlalchemy\dialects\_typing.py,sqlalchemy/sqlalchemy
lib\sqlalchemy\orm\state.py,lib\sqlalchemy\ext\asyncio\session.py,sqlalchemy/sqlalchemy
lib\sqlalchemy\orm\state.py,lib\sqlalchemy\orm\path_registry.py,sqlalchemy/sqlalchemy
lib\sqlalchemy\orm\state.py,lib\sqlalchemy\orm\attributes.py,sqlalchemy/sqlalchemy
lib\sqlalchemy\orm\state.py,lib\sqlalchemy\ext\instrumentation.py,sqlalchemy/sqlalchemy
lib\sqlalchemy\orm\state.py,lib\sqlalchemy\orm\mapper.py,sqlalchemy/sqlalchemy
lib\sqlalchemy\orm\state.py,lib\sqlalchemy\orm\session.py,sqlalchemy/sqlalchemy
lib\sqlalchemy\orm\state.py,lib\sqlalchemy\orm\collections.py,sqlalchemy/sqlalchemy
lib\sqlalchemy\orm\state.py,lib\sqlalchemy\engine\__init__.py,sqlalchemy/sqlalchemy
lib\sqlalchemy\orm\state.py,lib\sqlalchemy\orm\identity.py,sqlalchemy/sqlalchemy
lib\sqlalchemy\orm\state.py,lib\sqlalchemy\engine\interfaces.py,sqlalchemy/sqlalchemy
lib\sqlalchemy\orm\state_changes.py,lib\sqlalchemy\util\typing.py,sqlalchemy/sqlalchemy
lib\sqlalchemy\orm\strategies.py,lib\sqlalchemy\orm\context.py,sqlalchemy/sqlalchemy
lib\sqlalchemy\orm\strategies.py,lib\sqlalchemy\orm\state.py,sqlalchemy/sqlalchemy
lib\sqlalchemy\orm\strategies.py,lib\sqlalchemy\engine\util.py,sqlalchemy/sqlalchemy
lib\sqlalchemy\orm\strategies.py,lib\sqlalchemy\util\typing.py,sqlalchemy/sqlalchemy
lib\sqlalchemy\orm\strategies.py,lib\sqlalchemy\sql\selectable.py,sqlalchemy/sqlalchemy
lib\sqlalchemy\orm\strategies.py,lib\sqlalchemy\orm\collections.py,sqlalchemy/sqlalchemy
lib\sqlalchemy\orm\strategies.py,lib\sqlalchemy\engine\base.py,sqlalchemy/sqlalchemy
lib\sqlalchemy\orm\strategies.py,lib\sqlalchemy\sql\__init__.py,sqlalchemy/sqlalchemy
lib\sqlalchemy\orm\strategies.py,lib\sqlalchemy\engine\interfaces.py,sqlalchemy/sqlalchemy
lib\sqlalchemy\orm\strategies.py,lib\sqlalchemy\orm\relationships.py,sqlalchemy/sqlalchemy
lib\sqlalchemy\orm\strategies.py,lib\sqlalchemy\orm\strategy_options.py,sqlalchemy/sqlalchemy
lib\sqlalchemy\orm\strategies.py,lib\sqlalchemy\sql\elements.py,sqlalchemy/sqlalchemy
lib\sqlalchemy\orm\strategies.py,lib\sqlalchemy\orm\mapper.py,sqlalchemy/sqlalchemy
lib\sqlalchemy\orm\strategies.py,lib\sqlalchemy\orm\session.py,sqlalchemy/sqlalchemy
lib\sqlalchemy\orm\strategy_options.py,lib\sqlalchemy\util\typing.py,sqlalchemy/sqlalchemy
lib\sqlalchemy\orm\strategy_options.py,lib\sqlalchemy\orm\path_registry.py,sqlalchemy/sqlalchemy
lib\sqlalchemy\orm\strategy_options.py,lib\sqlalchemy\engine\util.py,sqlalchemy/sqlalchemy
lib\sqlalchemy\orm\strategy_options.py,lib\sqlalchemy\dialects\_typing.py,sqlalchemy/sqlalchemy
lib\sqlalchemy\orm\strategy_options.py,lib\sqlalchemy\sql\cache_key.py,sqlalchemy/sqlalchemy
lib\sqlalchemy\orm\strategy_options.py,lib\sqlalchemy\orm\context.py,sqlalchemy/sqlalchemy
lib\sqlalchemy\orm\strategy_options.py,lib\sqlalchemy\orm\mapper.py,sqlalchemy/sqlalchemy
lib\sqlalchemy\orm\strategy_options.py,lib\sqlalchemy\engine\base.py,sqlalchemy/sqlalchemy
lib\sqlalchemy\orm\strategy_options.py,lib\sqlalchemy\sql\__init__.py,sqlalchemy/sqlalchemy
lib\sqlalchemy\orm\strategy_options.py,lib\sqlalchemy\sql\base.py,sqlalchemy/sqlalchemy
lib\sqlalchemy\orm\strategy_options.py,lib\sqlalchemy\engine\interfaces.py,sqlalchemy/sqlalchemy
lib\sqlalchemy\orm\strategy_options.py,lib\sqlalchemy\orm\attributes.py,sqlalchemy/sqlalchemy
lib\sqlalchemy\orm\strategy_options.py,lib\sqlalchemy\sql\_typing.py,sqlalchemy/sqlalchemy
lib\sqlalchemy\orm\sync.py,lib\sqlalchemy\engine\base.py,sqlalchemy/sqlalchemy
lib\sqlalchemy\orm\unitofwork.py,lib\sqlalchemy\orm\state.py,sqlalchemy/sqlalchemy
lib\sqlalchemy\orm\unitofwork.py,lib\sqlalchemy\orm\dependency.py,sqlalchemy/sqlalchemy
lib\sqlalchemy\orm\unitofwork.py,lib\sqlalchemy\orm\session.py,sqlalchemy/sqlalchemy
lib\sqlalchemy\orm\unitofwork.py,lib\sqlalchemy\util\typing.py,sqlalchemy/sqlalchemy
lib\sqlalchemy\orm\unitofwork.py,lib\sqlalchemy\orm\mapper.py,sqlalchemy/sqlalchemy
lib\sqlalchemy\orm\unitofwork.py,lib\sqlalchemy\engine\interfaces.py,sqlalchemy/sqlalchemy
lib\sqlalchemy\orm\unitofwork.py,lib\sqlalchemy\engine\util.py,sqlalchemy/sqlalchemy
lib\sqlalchemy\orm\util.py,lib\sqlalchemy\util\typing.py,sqlalchemy/sqlalchemy
lib\sqlalchemy\orm\util.py,lib\sqlalchemy\engine\base.py,sqlalchemy/sqlalchemy
lib\sqlalchemy\orm\util.py,lib\sqlalchemy\dialects\_typing.py,sqlalchemy/sqlalchemy
lib\sqlalchemy\orm\util.py,lib\sqlalchemy\sql\visitors.py,sqlalchemy/sqlalchemy
lib\sqlalchemy\orm\util.py,lib\sqlalchemy\engine\interfaces.py,sqlalchemy/sqlalchemy
lib\sqlalchemy\orm\util.py,lib\sqlalchemy\orm\query.py,sqlalchemy/sqlalchemy
lib\sqlalchemy\orm\util.py,lib\sqlalchemy\sql\_typing.py,sqlalchemy/sqlalchemy
lib\sqlalchemy\orm\util.py,lib\sqlalchemy\orm\path_registry.py,sqlalchemy/sqlalchemy
lib\sqlalchemy\orm\util.py,lib\sqlalchemy\sql\base.py,sqlalchemy/sqlalchemy
lib\sqlalchemy\orm\util.py,lib\sqlalchemy\sql\__init__.py,sqlalchemy/sqlalchemy
lib\sqlalchemy\orm\util.py,lib\sqlalchemy\sql\annotation.py,sqlalchemy/sqlalchemy
lib\sqlalchemy\orm\util.py,lib\sqlalchemy\sql\schema.py,sqlalchemy/sqlalchemy
lib\sqlalchemy\orm\util.py,lib\sqlalchemy\orm\mapper.py,sqlalchemy/sqlalchemy
lib\sqlalchemy\orm\util.py,lib\sqlalchemy\sql\elements.py,sqlalchemy/sqlalchemy
lib\sqlalchemy\orm\util.py,lib\sqlalchemy\sql\selectable.py,sqlalchemy/sqlalchemy
lib\sqlalchemy\orm\util.py,lib\sqlalchemy\sql\cache_key.py,sqlalchemy/sqlalchemy
lib\sqlalchemy\orm\util.py,lib\sqlalchemy\engine\__init__.py,sqlalchemy/sqlalchemy
lib\sqlalchemy\orm\util.py,lib\sqlalchemy\orm\context.py,sqlalchemy/sqlalchemy
lib\sqlalchemy\orm\util.py,lib\sqlalchemy\engine\result.py,sqlalchemy/sqlalchemy
lib\sqlalchemy\orm\util.py,lib\sqlalchemy\util\langhelpers.py,sqlalchemy/sqlalchemy
lib\sqlalchemy\orm\util.py,lib\sqlalchemy\orm\relationships.py,sqlalchemy/sqlalchemy
lib\sqlalchemy\orm\util.py,lib\sqlalchemy\types.py,sqlalchemy/sqlalchemy
lib\sqlalchemy\orm\util.py,lib\sqlalchemy\orm\decl_api.py,sqlalchemy/sqlalchemy
lib\sqlalchemy\orm\writeonly.py,lib\sqlalchemy\util\typing.py,sqlalchemy/sqlalchemy
lib\sqlalchemy\orm\writeonly.py,lib\sqlalchemy\orm\collections.py,sqlalchemy/sqlalchemy
lib\sqlalchemy\orm\writeonly.py,lib\sqlalchemy\event\__init__.py,sqlalchemy/sqlalchemy
lib\sqlalchemy\orm\writeonly.py,lib\sqlalchemy\sql\dml.py,sqlalchemy/sqlalchemy
lib\sqlalchemy\orm\writeonly.py,lib\sqlalchemy\engine\base.py,sqlalchemy/sqlalchemy
lib\sqlalchemy\orm\writeonly.py,lib\sqlalchemy\orm\mapper.py,sqlalchemy/sqlalchemy
lib\sqlalchemy\orm\writeonly.py,lib\sqlalchemy\sql\selectable.py,sqlalchemy/sqlalchemy
lib\sqlalchemy\orm\writeonly.py,lib\sqlalchemy\dialects\_typing.py,sqlalchemy/sqlalchemy
lib\sqlalchemy\orm\writeonly.py,lib\sqlalchemy\sql\__init__.py,sqlalchemy/sqlalchemy
lib\sqlalchemy\orm\writeonly.py,lib\sqlalchemy\engine\util.py,sqlalchemy/sqlalchemy
lib\sqlalchemy\orm\writeonly.py,lib\sqlalchemy\orm\attributes.py,sqlalchemy/sqlalchemy
lib\sqlalchemy\orm\writeonly.py,lib\sqlalchemy\orm\relationships.py,sqlalchemy/sqlalchemy
lib\sqlalchemy\orm\writeonly.py,lib\sqlalchemy\orm\state.py,sqlalchemy/sqlalchemy
lib\sqlalchemy\orm\_orm_constructors.py,lib\sqlalchemy\util\typing.py,sqlalchemy/sqlalchemy
lib\sqlalchemy\orm\_orm_constructors.py,lib\sqlalchemy\orm\properties.py,sqlalchemy/sqlalchemy
lib\sqlalchemy\orm\_orm_constructors.py,lib\sqlalchemy\engine\util.py,sqlalchemy/sqlalchemy
lib\sqlalchemy\orm\_orm_constructors.py,lib\sqlalchemy\sql\schema.py,sqlalchemy/sqlalchemy
lib\sqlalchemy\orm\_orm_constructors.py,lib\sqlalchemy\orm\descriptor_props.py,sqlalchemy/sqlalchemy
lib\sqlalchemy\orm\_orm_constructors.py,lib\sqlalchemy\orm\relationships.py,sqlalchemy/sqlalchemy
lib\sqlalchemy\orm\_orm_constructors.py,lib\sqlalchemy\sql\base.py,sqlalchemy/sqlalchemy
lib\sqlalchemy\orm\_orm_constructors.py,lib\sqlalchemy\dialects\_typing.py,sqlalchemy/sqlalchemy
lib\sqlalchemy\orm\_orm_constructors.py,lib\sqlalchemy\engine\interfaces.py,sqlalchemy/sqlalchemy
lib\sqlalchemy\orm\_orm_constructors.py,lib\sqlalchemy\sql\_typing.py,sqlalchemy/sqlalchemy
lib\sqlalchemy\orm\_orm_constructors.py,lib\sqlalchemy\orm\query.py,sqlalchemy/sqlalchemy
lib\sqlalchemy\orm\_orm_constructors.py,lib\sqlalchemy\sql\selectable.py,sqlalchemy/sqlalchemy
lib\sqlalchemy\orm\_orm_constructors.py,lib\sqlalchemy\orm\session.py,sqlalchemy/sqlalchemy
lib\sqlalchemy\orm\_orm_constructors.py,lib\sqlalchemy\exc.py,sqlalchemy/sqlalchemy
lib\sqlalchemy\orm\_orm_constructors.py,lib\sqlalchemy\sql\elements.py,sqlalchemy/sqlalchemy
lib\sqlalchemy\orm\_orm_constructors.py,lib\sqlalchemy\orm\mapper.py,sqlalchemy/sqlalchemy
lib\sqlalchemy\orm\_typing.py,lib\sqlalchemy\util\typing.py,sqlalchemy/sqlalchemy
lib\sqlalchemy\orm\_typing.py,lib\sqlalchemy\sql\_orm_types.py,sqlalchemy/sqlalchemy
lib\sqlalchemy\orm\_typing.py,lib\sqlalchemy\sql\_typing.py,sqlalchemy/sqlalchemy
lib\sqlalchemy\orm\_typing.py,lib\sqlalchemy\sql\elements.py,sqlalchemy/sqlalchemy
lib\sqlalchemy\orm\_typing.py,lib\sqlalchemy\engine\interfaces.py,sqlalchemy/sqlalchemy
lib\sqlalchemy\orm\_typing.py,lib\sqlalchemy\orm\attributes.py,sqlalchemy/sqlalchemy
lib\sqlalchemy\orm\_typing.py,lib\sqlalchemy\orm\state.py,sqlalchemy/sqlalchemy
lib\sqlalchemy\orm\_typing.py,lib\sqlalchemy\engine\util.py,sqlalchemy/sqlalchemy
lib\sqlalchemy\orm\_typing.py,lib\sqlalchemy\sql\base.py,sqlalchemy/sqlalchemy
lib\sqlalchemy\orm\_typing.py,lib\sqlalchemy\engine\base.py,sqlalchemy/sqlalchemy
lib\sqlalchemy\orm\_typing.py,lib\sqlalchemy\orm\decl_api.py,sqlalchemy/sqlalchemy
lib\sqlalchemy\orm\_typing.py,lib\sqlalchemy\orm\relationships.py,sqlalchemy/sqlalchemy
lib\sqlalchemy\orm\_typing.py,lib\sqlalchemy\orm\mapper.py,sqlalchemy/sqlalchemy
lib\sqlalchemy\orm\_typing.py,lib\sqlalchemy\sql\__init__.py,sqlalchemy/sqlalchemy
lib\sqlalchemy\orm\__init__.py,lib\sqlalchemy\engine\base.py,sqlalchemy/sqlalchemy
lib\sqlalchemy\orm\__init__.py,lib\sqlalchemy\orm\query.py,sqlalchemy/sqlalchemy
lib\sqlalchemy\orm\__init__.py,lib\sqlalchemy\orm\unitofwork.py,sqlalchemy/sqlalchemy
lib\sqlalchemy\orm\__init__.py,lib\sqlalchemy\engine\util.py,sqlalchemy/sqlalchemy
lib\sqlalchemy\orm\__init__.py,lib\sqlalchemy\orm\_orm_constructors.py,sqlalchemy/sqlalchemy
lib\sqlalchemy\orm\__init__.py,lib\sqlalchemy\orm\context.py,sqlalchemy/sqlalchemy
lib\sqlalchemy\orm\__init__.py,lib\sqlalchemy\orm\decl_api.py,sqlalchemy/sqlalchemy
lib\sqlalchemy\orm\__init__.py,lib\sqlalchemy\orm\session.py,sqlalchemy/sqlalchemy
lib\sqlalchemy\orm\__init__.py,lib\sqlalchemy\orm\identity.py,sqlalchemy/sqlalchemy
lib\sqlalchemy\orm\__init__.py,lib\sqlalchemy\engine\interfaces.py,sqlalchemy/sqlalchemy
lib\sqlalchemy\orm\__init__.py,lib\sqlalchemy\orm\loading.py,sqlalchemy/sqlalchemy
lib\sqlalchemy\orm\__init__.py,lib\sqlalchemy\events.py,sqlalchemy/sqlalchemy
lib\sqlalchemy\orm\__init__.py,lib\sqlalchemy\orm\attributes.py,sqlalchemy/sqlalchemy
lib\sqlalchemy\orm\__init__.py,lib\sqlalchemy\orm\strategy_options.py,sqlalchemy/sqlalchemy
lib\sqlalchemy\orm\__init__.py,lib\sqlalchemy\orm\relationships.py,sqlalchemy/sqlalchemy
lib\sqlalchemy\orm\__init__.py,lib\sqlalchemy\orm\writeonly.py,sqlalchemy/sqlalchemy
lib\sqlalchemy\orm\__init__.py,lib\sqlalchemy\orm\mapped_collection.py,sqlalchemy/sqlalchemy
lib\sqlalchemy\orm\__init__.py,lib\sqlalchemy\orm\properties.py,sqlalchemy/sqlalchemy
lib\sqlalchemy\orm\__init__.py,lib\sqlalchemy\orm\descriptor_props.py,sqlalchemy/sqlalchemy
lib\sqlalchemy\orm\__init__.py,lib\sqlalchemy\orm\scoping.py,sqlalchemy/sqlalchemy
lib\sqlalchemy\orm\__init__.py,lib\sqlalchemy\orm\mapper.py,sqlalchemy/sqlalchemy
lib\sqlalchemy\orm\__init__.py,lib\sqlalchemy\util\typing.py,sqlalchemy/sqlalchemy
lib\sqlalchemy\orm\__init__.py,lib\sqlalchemy\orm\dynamic.py,sqlalchemy/sqlalchemy
lib\sqlalchemy\orm\__init__.py,lib\sqlalchemy\orm\decl_base.py,sqlalchemy/sqlalchemy
lib\sqlalchemy\orm\__init__.py,lib\sqlalchemy\orm\state.py,sqlalchemy/sqlalchemy
lib\sqlalchemy\orm\__init__.py,lib\sqlalchemy\ext\instrumentation.py,sqlalchemy/sqlalchemy
lib\sqlalchemy\pool\base.py,lib\sqlalchemy\util\typing.py,sqlalchemy/sqlalchemy
lib\sqlalchemy\pool\base.py,lib\sqlalchemy\engine\interfaces.py,sqlalchemy/sqlalchemy
lib\sqlalchemy\pool\base.py,lib\sqlalchemy\event\__init__.py,sqlalchemy/sqlalchemy
lib\sqlalchemy\pool\base.py,lib\sqlalchemy\orm\collections.py,sqlalchemy/sqlalchemy
lib\sqlalchemy\pool\base.py,lib\sqlalchemy\sql\_typing.py,sqlalchemy/sqlalchemy
lib\sqlalchemy\pool\events.py,lib\sqlalchemy\util\typing.py,sqlalchemy/sqlalchemy
lib\sqlalchemy\pool\events.py,lib\sqlalchemy\engine\base.py,sqlalchemy/sqlalchemy
lib\sqlalchemy\pool\events.py,lib\sqlalchemy\engine\interfaces.py,sqlalchemy/sqlalchemy
lib\sqlalchemy\pool\events.py,lib\sqlalchemy\engine\__init__.py,sqlalchemy/sqlalchemy
lib\sqlalchemy\pool\impl.py,lib\sqlalchemy\util\typing.py,sqlalchemy/sqlalchemy
lib\sqlalchemy\pool\impl.py,lib\sqlalchemy\engine\util.py,sqlalchemy/sqlalchemy
lib\sqlalchemy\pool\impl.py,lib\sqlalchemy\engine\base.py,sqlalchemy/sqlalchemy
lib\sqlalchemy\pool\impl.py,lib\sqlalchemy\engine\interfaces.py,sqlalchemy/sqlalchemy
lib\sqlalchemy\pool\__init__.py,lib\sqlalchemy\engine\base.py,sqlalchemy/sqlalchemy
lib\sqlalchemy\pool\__init__.py,lib\sqlalchemy\pool\impl.py,sqlalchemy/sqlalchemy
lib\sqlalchemy\sql\annotation.py,lib\sqlalchemy\util\typing.py,sqlalchemy/sqlalchemy
lib\sqlalchemy\sql\annotation.py,lib\sqlalchemy\sql\visitors.py,sqlalchemy/sqlalchemy
lib\sqlalchemy\sql\annotation.py,lib\sqlalchemy\engine\base.py,sqlalchemy/sqlalchemy
lib\sqlalchemy\sql\annotation.py,lib\sqlalchemy\sql\cache_key.py,sqlalchemy/sqlalchemy
lib\sqlalchemy\sql\base.py,lib\sqlalchemy\util\typing.py,sqlalchemy/sqlalchemy
lib\sqlalchemy\sql\base.py,lib\sqlalchemy\schema.py,sqlalchemy/sqlalchemy
lib\sqlalchemy\sql\base.py,lib\sqlalchemy\engine\interfaces.py,sqlalchemy/sqlalchemy
lib\sqlalchemy\sql\base.py,lib\sqlalchemy\sql\visitors.py,sqlalchemy/sqlalchemy
lib\sqlalchemy\sql\base.py,lib\sqlalchemy\engine\util.py,sqlalchemy/sqlalchemy
lib\sqlalchemy\sql\base.py,lib\sqlalchemy\sql\cache_key.py,sqlalchemy/sqlalchemy
lib\sqlalchemy\sql\base.py,lib\sqlalchemy\sql\dml.py,sqlalchemy/sqlalchemy
lib\sqlalchemy\sql\base.py,lib\sqlalchemy\engine\__init__.py,sqlalchemy/sqlalchemy
lib\sqlalchemy\sql\base.py,lib\sqlalchemy\sql\elements.py,sqlalchemy/sqlalchemy
lib\sqlalchemy\sql\base.py,lib\sqlalchemy\dialects\_typing.py,sqlalchemy/sqlalchemy
lib\sqlalchemy\sql\base.py,lib\sqlalchemy\sql\_orm_types.py,sqlalchemy/sqlalchemy
lib\sqlalchemy\sql\base.py,lib\sqlalchemy\sql\traversals.py,sqlalchemy/sqlalchemy
lib\sqlalchemy\sql\base.py,lib\sqlalchemy\sql\selectable.py,sqlalchemy/sqlalchemy
lib\sqlalchemy\sql\base.py,lib\sqlalchemy\event\__init__.py,sqlalchemy/sqlalchemy
lib\sqlalchemy\sql\base.py,lib\sqlalchemy\ext\compiler.py,sqlalchemy/sqlalchemy
lib\sqlalchemy\sql\base.py,lib\sqlalchemy\orm\collections.py,sqlalchemy/sqlalchemy
lib\sqlalchemy\sql\cache_key.py,lib\sqlalchemy\util\typing.py,sqlalchemy/sqlalchemy
lib\sqlalchemy\sql\cache_key.py,lib\sqlalchemy\inspection.py,sqlalchemy/sqlalchemy
lib\sqlalchemy\sql\cache_key.py,lib\sqlalchemy\sql\elements.py,sqlalchemy/sqlalchemy
lib\sqlalchemy\sql\cache_key.py,lib\sqlalchemy\sql\_cache_key_cy.py,sqlalchemy/sqlalchemy
lib\sqlalchemy\sql\cache_key.py,lib\sqlalchemy\sql\visitors.py,sqlalchemy/sqlalchemy
lib\sqlalchemy\sql\cache_key.py,lib\sqlalchemy\engine\interfaces.py,sqlalchemy/sqlalchemy
lib\sqlalchemy\sql\cache_key.py,lib\sqlalchemy\engine\util.py,sqlalchemy/sqlalchemy
lib\sqlalchemy\sql\coercions.py,lib\sqlalchemy\sql\elements.py,sqlalchemy/sqlalchemy
lib\sqlalchemy\sql\coercions.py,lib\sqlalchemy\engine\util.py,sqlalchemy/sqlalchemy
lib\sqlalchemy\sql\coercions.py,lib\sqlalchemy\util\typing.py,sqlalchemy/sqlalchemy
lib\sqlalchemy\sql\coercions.py,lib\sqlalchemy\sql\selectable.py,sqlalchemy/sqlalchemy
lib\sqlalchemy\sql\coercions.py,lib\sqlalchemy\engine\base.py,sqlalchemy/sqlalchemy
lib\sqlalchemy\sql\coercions.py,lib\sqlalchemy\schema.py,sqlalchemy/sqlalchemy
lib\sqlalchemy\sql\coercions.py,lib\sqlalchemy\dialects\_typing.py,sqlalchemy/sqlalchemy
lib\sqlalchemy\sql\coercions.py,lib\sqlalchemy\sql\visitors.py,sqlalchemy/sqlalchemy
lib\sqlalchemy\sql\coercions.py,lib\sqlalchemy\sql\cache_key.py,sqlalchemy/sqlalchemy
lib\sqlalchemy\sql\coercions.py,lib\sqlalchemy\orm\collections.py,sqlalchemy/sqlalchemy
lib\sqlalchemy\sql\coercions.py,lib\sqlalchemy\sql\dml.py,sqlalchemy/sqlalchemy
lib\sqlalchemy\sql\compiler.py,lib\sqlalchemy\sql\elements.py,sqlalchemy/sqlalchemy
lib\sqlalchemy\sql\compiler.py,lib\sqlalchemy\schema.py,sqlalchemy/sqlalchemy
lib\sqlalchemy\sql\compiler.py,lib\sqlalchemy\sql\selectable.py,sqlalchemy/sqlalchemy
lib\sqlalchemy\sql\compiler.py,lib\sqlalchemy\util\typing.py,sqlalchemy/sqlalchemy
lib\sqlalchemy\sql\compiler.py,lib\sqlalchemy\sql\visitors.py,sqlalchemy/sqlalchemy
lib\sqlalchemy\sql\compiler.py,lib\sqlalchemy\sql\ddl.py,sqlalchemy/sqlalchemy
lib\sqlalchemy\sql\compiler.py,lib\sqlalchemy\sql\annotation.py,sqlalchemy/sqlalchemy
lib\sqlalchemy\sql\compiler.py,lib\sqlalchemy\engine\base.py,sqlalchemy/sqlalchemy
lib\sqlalchemy\sql\compiler.py,lib\sqlalchemy\sql\dml.py,sqlalchemy/sqlalchemy
lib\sqlalchemy\sql\compiler.py,lib\sqlalchemy\engine\interfaces.py,sqlalchemy/sqlalchemy
lib\sqlalchemy\sql\compiler.py,lib\sqlalchemy\sql\cache_key.py,sqlalchemy/sqlalchemy
lib\sqlalchemy\sql\compiler.py,lib\sqlalchemy\engine\util.py,sqlalchemy/sqlalchemy
lib\sqlalchemy\sql\compiler.py,lib\sqlalchemy\sql\type_api.py,sqlalchemy/sqlalchemy
lib\sqlalchemy\sql\compiler.py,lib\sqlalchemy\engine\cursor.py,sqlalchemy/sqlalchemy
lib\sqlalchemy\sql\compiler.py,lib\sqlalchemy\orm\collections.py,sqlalchemy/sqlalchemy
lib\sqlalchemy\sql\compiler.py,lib\sqlalchemy\dialects\_typing.py,sqlalchemy/sqlalchemy
lib\sqlalchemy\sql\compiler.py,lib\sqlalchemy\sql\functions.py,sqlalchemy/sqlalchemy
lib\sqlalchemy\sql\compiler.py,lib\sqlalchemy\sql\sqltypes.py,sqlalchemy/sqlalchemy
lib\sqlalchemy\sql\crud.py,lib\sqlalchemy\util\typing.py,sqlalchemy/sqlalchemy
lib\sqlalchemy\sql\crud.py,lib\sqlalchemy\sql\selectable.py,sqlalchemy/sqlalchemy
lib\sqlalchemy\sql\crud.py,lib\sqlalchemy\engine\base.py,sqlalchemy/sqlalchemy
lib\sqlalchemy\sql\crud.py,lib\sqlalchemy\schema.py,sqlalchemy/sqlalchemy
lib\sqlalchemy\sql\crud.py,lib\sqlalchemy\ext\compiler.py,sqlalchemy/sqlalchemy
lib\sqlalchemy\sql\crud.py,lib\sqlalchemy\sql\dml.py,sqlalchemy/sqlalchemy
lib\sqlalchemy\sql\crud.py,lib\sqlalchemy\sql\elements.py,sqlalchemy/sqlalchemy
lib\sqlalchemy\sql\ddl.py,lib\sqlalchemy\util\typing.py,sqlalchemy/sqlalchemy
lib\sqlalchemy\sql\ddl.py,lib\sqlalchemy\schema.py,sqlalchemy/sqlalchemy
lib\sqlalchemy\sql\ddl.py,lib\sqlalchemy\engine\base.py,sqlalchemy/sqlalchemy
lib\sqlalchemy\sql\ddl.py,lib\sqlalchemy\engine\interfaces.py,sqlalchemy/sqlalchemy
lib\sqlalchemy\sql\ddl.py,lib\sqlalchemy\sql\elements.py,sqlalchemy/sqlalchemy
lib\sqlalchemy\sql\ddl.py,lib\sqlalchemy\sql\selectable.py,sqlalchemy/sqlalchemy
lib\sqlalchemy\sql\ddl.py,lib\sqlalchemy\ext\compiler.py,sqlalchemy/sqlalchemy
lib\sqlalchemy\sql\ddl.py,lib\sqlalchemy\engine\util.py,sqlalchemy/sqlalchemy
lib\sqlalchemy\sql\default_comparator.py,lib\sqlalchemy\sql\elements.py,sqlalchemy/sqlalchemy
lib\sqlalchemy\sql\default_comparator.py,lib\sqlalchemy\sql\operators.py,sqlalchemy/sqlalchemy
lib\sqlalchemy\sql\default_comparator.py,lib\sqlalchemy\util\typing.py,sqlalchemy/sqlalchemy
lib\sqlalchemy\sql\default_comparator.py,lib\sqlalchemy\sql\type_api.py,sqlalchemy/sqlalchemy
lib\sqlalchemy\sql\dml.py,lib\sqlalchemy\engine\base.py,sqlalchemy/sqlalchemy
lib\sqlalchemy\sql\dml.py,lib\sqlalchemy\util\typing.py,sqlalchemy/sqlalchemy
lib\sqlalchemy\sql\dml.py,lib\sqlalchemy\sql\selectable.py,sqlalchemy/sqlalchemy
lib\sqlalchemy\sql\dml.py,lib\sqlalchemy\dialects\_typing.py,sqlalchemy/sqlalchemy
lib\sqlalchemy\sql\dml.py,lib\sqlalchemy\sql\elements.py,sqlalchemy/sqlalchemy
lib\sqlalchemy\sql\dml.py,lib\sqlalchemy\ext\compiler.py,sqlalchemy/sqlalchemy
lib\sqlalchemy\sql\dml.py,lib\sqlalchemy\sql\visitors.py,sqlalchemy/sqlalchemy
lib\sqlalchemy\sql\dml.py,lib\sqlalchemy\orm\collections.py,sqlalchemy/sqlalchemy
lib\sqlalchemy\sql\dml.py,lib\sqlalchemy\sql\sqltypes.py,sqlalchemy/sqlalchemy
lib\sqlalchemy\sql\elements.py,lib\sqlalchemy\dialects\_typing.py,sqlalchemy/sqlalchemy
lib\sqlalchemy\sql\elements.py,lib\sqlalchemy\sql\cache_key.py,sqlalchemy/sqlalchemy
lib\sqlalchemy\sql\elements.py,lib\sqlalchemy\schema.py,sqlalchemy/sqlalchemy
lib\sqlalchemy\sql\elements.py,lib\sqlalchemy\sql\visitors.py,sqlalchemy/sqlalchemy
lib\sqlalchemy\sql\elements.py,lib\sqlalchemy\util\typing.py,sqlalchemy/sqlalchemy
lib\sqlalchemy\sql\elements.py,lib\sqlalchemy\sql\coercions.py,sqlalchemy/sqlalchemy
lib\sqlalchemy\sql\elements.py,lib\sqlalchemy\engine\base.py,sqlalchemy/sqlalchemy
lib\sqlalchemy\sql\elements.py,lib\sqlalchemy\sql\sqltypes.py,sqlalchemy/sqlalchemy
lib\sqlalchemy\sql\elements.py,lib\sqlalchemy\ext\compiler.py,sqlalchemy/sqlalchemy
lib\sqlalchemy\sql\elements.py,lib\sqlalchemy\sql\functions.py,sqlalchemy/sqlalchemy
lib\sqlalchemy\sql\elements.py,lib\sqlalchemy\engine\interfaces.py,sqlalchemy/sqlalchemy
lib\sqlalchemy\sql\elements.py,lib\sqlalchemy\engine\util.py,sqlalchemy/sqlalchemy
lib\sqlalchemy\sql\elements.py,lib\sqlalchemy\util\compat.py,sqlalchemy/sqlalchemy
lib\sqlalchemy\sql\elements.py,lib\sqlalchemy\sql\selectable.py,sqlalchemy/sqlalchemy
lib\sqlalchemy\sql\elements.py,lib\sqlalchemy\sql\operators.py,sqlalchemy/sqlalchemy
lib\sqlalchemy\sql\elements.py,lib\sqlalchemy\engine\result.py,sqlalchemy/sqlalchemy
lib\sqlalchemy\sql\elements.py,lib\sqlalchemy\sql\annotation.py,sqlalchemy/sqlalchemy
lib\sqlalchemy\sql\elements.py,lib\sqlalchemy\engine\__init__.py,sqlalchemy/sqlalchemy
lib\sqlalchemy\sql\elements.py,lib\sqlalchemy\sql\traversals.py,sqlalchemy/sqlalchemy
lib\sqlalchemy\sql\elements.py,lib\sqlalchemy\sql\type_api.py,sqlalchemy/sqlalchemy
lib\sqlalchemy\sql\events.py,lib\sqlalchemy\util\typing.py,sqlalchemy/sqlalchemy
lib\sqlalchemy\sql\events.py,lib\sqlalchemy\engine\base.py,sqlalchemy/sqlalchemy
lib\sqlalchemy\sql\events.py,lib\sqlalchemy\schema.py,sqlalchemy/sqlalchemy
lib\sqlalchemy\sql\events.py,lib\sqlalchemy\engine\interfaces.py,sqlalchemy/sqlalchemy
lib\sqlalchemy\sql\events.py,lib\sqlalchemy\engine\reflection.py,sqlalchemy/sqlalchemy
lib\sqlalchemy\sql\expression.py,lib\sqlalchemy\sql\_dml_constructors.py,sqlalchemy/sqlalchemy
lib\sqlalchemy\sql\expression.py,lib\sqlalchemy\sql\_elements_constructors.py,sqlalchemy/sqlalchemy
lib\sqlalchemy\sql\expression.py,lib\sqlalchemy\sql\_selectable_constructors.py,sqlalchemy/sqlalchemy
lib\sqlalchemy\sql\expression.py,lib\sqlalchemy\sql\elements.py,sqlalchemy/sqlalchemy
lib\sqlalchemy\sql\expression.py,lib\sqlalchemy\sql\selectable.py,sqlalchemy/sqlalchemy
lib\sqlalchemy\sql\expression.py,lib\sqlalchemy\sql\operators.py,sqlalchemy/sqlalchemy
lib\sqlalchemy\sql\expression.py,lib\sqlalchemy\sql\functions.py,sqlalchemy/sqlalchemy
lib\sqlalchemy\sql\expression.py,lib\sqlalchemy\sql\dml.py,sqlalchemy/sqlalchemy
lib\sqlalchemy\sql\expression.py,lib\sqlalchemy\engine\base.py,sqlalchemy/sqlalchemy
lib\sqlalchemy\sql\expression.py,lib\sqlalchemy\sql\cache_key.py,sqlalchemy/sqlalchemy
lib\sqlalchemy\sql\expression.py,lib\sqlalchemy\sql\lambdas.py,sqlalchemy/sqlalchemy
lib\sqlalchemy\sql\expression.py,lib\sqlalchemy\dialects\_typing.py,sqlalchemy/sqlalchemy
lib\sqlalchemy\sql\expression.py,lib\sqlalchemy\sql\visitors.py,sqlalchemy/sqlalchemy
lib\sqlalchemy\sql\functions.py,lib\sqlalchemy\util\typing.py,sqlalchemy/sqlalchemy
lib\sqlalchemy\sql\functions.py,lib\sqlalchemy\engine\base.py,sqlalchemy/sqlalchemy
lib\sqlalchemy\sql\functions.py,lib\sqlalchemy\sql\elements.py,sqlalchemy/sqlalchemy
lib\sqlalchemy\sql\functions.py,lib\sqlalchemy\sql\selectable.py,sqlalchemy/sqlalchemy
lib\sqlalchemy\sql\functions.py,lib\sqlalchemy\dialects\_typing.py,sqlalchemy/sqlalchemy
lib\sqlalchemy\sql\functions.py,lib\sqlalchemy\sql\sqltypes.py,sqlalchemy/sqlalchemy
lib\sqlalchemy\sql\functions.py,lib\sqlalchemy\sql\type_api.py,sqlalchemy/sqlalchemy
lib\sqlalchemy\sql\functions.py,lib\sqlalchemy\sql\visitors.py,sqlalchemy/sqlalchemy
lib\sqlalchemy\sql\functions.py,lib\sqlalchemy\engine\interfaces.py,sqlalchemy/sqlalchemy
lib\sqlalchemy\sql\functions.py,lib\sqlalchemy\sql\operators.py,sqlalchemy/sqlalchemy
lib\sqlalchemy\sql\functions.py,lib\sqlalchemy\engine\cursor.py,sqlalchemy/sqlalchemy
lib\sqlalchemy\sql\lambdas.py,lib\sqlalchemy\util\typing.py,sqlalchemy/sqlalchemy
lib\sqlalchemy\sql\lambdas.py,lib\sqlalchemy\orm\collections.py,sqlalchemy/sqlalchemy
lib\sqlalchemy\sql\lambdas.py,lib\sqlalchemy\sql\elements.py,sqlalchemy/sqlalchemy
lib\sqlalchemy\sql\lambdas.py,lib\sqlalchemy\engine\base.py,sqlalchemy/sqlalchemy
lib\sqlalchemy\sql\lambdas.py,lib\sqlalchemy\sql\cache_key.py,sqlalchemy/sqlalchemy
lib\sqlalchemy\sql\lambdas.py,lib\sqlalchemy\sql\operators.py,sqlalchemy/sqlalchemy
lib\sqlalchemy\sql\lambdas.py,lib\sqlalchemy\sql\roles.py,sqlalchemy/sqlalchemy
lib\sqlalchemy\sql\lambdas.py,lib\sqlalchemy\types.py,sqlalchemy/sqlalchemy
lib\sqlalchemy\sql\lambdas.py,lib\sqlalchemy\sql\visitors.py,sqlalchemy/sqlalchemy
lib\sqlalchemy\sql\naming.py,lib\sqlalchemy\schema.py,sqlalchemy/sqlalchemy
lib\sqlalchemy\sql\naming.py,lib\sqlalchemy\sql\elements.py,sqlalchemy/sqlalchemy
lib\sqlalchemy\sql\naming.py,lib\sqlalchemy\engine\base.py,sqlalchemy/sqlalchemy
lib\sqlalchemy\sql\operators.py,lib\sqlalchemy\util\typing.py,sqlalchemy/sqlalchemy
lib\sqlalchemy\sql\operators.py,lib\sqlalchemy\sql\elements.py,sqlalchemy/sqlalchemy
lib\sqlalchemy\sql\operators.py,lib\sqlalchemy\sql\cache_key.py,sqlalchemy/sqlalchemy
lib\sqlalchemy\sql\operators.py,lib\sqlalchemy\sql\type_api.py,sqlalchemy/sqlalchemy
lib\sqlalchemy\sql\operators.py,lib\sqlalchemy\dialects\_typing.py,sqlalchemy/sqlalchemy
lib\sqlalchemy\sql\roles.py,lib\sqlalchemy\sql\selectable.py,sqlalchemy/sqlalchemy
lib\sqlalchemy\sql\roles.py,lib\sqlalchemy\util\typing.py,sqlalchemy/sqlalchemy
lib\sqlalchemy\sql\roles.py,lib\sqlalchemy\dialects\_typing.py,sqlalchemy/sqlalchemy
lib\sqlalchemy\sql\roles.py,lib\sqlalchemy\sql\elements.py,sqlalchemy/sqlalchemy
lib\sqlalchemy\sql\schema.py,lib\sqlalchemy\util\typing.py,sqlalchemy/sqlalchemy
lib\sqlalchemy\sql\schema.py,lib\sqlalchemy\dialects\_typing.py,sqlalchemy/sqlalchemy
lib\sqlalchemy\sql\schema.py,lib\sqlalchemy\sql\elements.py,sqlalchemy/sqlalchemy
lib\sqlalchemy\sql\schema.py,lib\sqlalchemy\sql\_annotated_cols.py,sqlalchemy/sqlalchemy
lib\sqlalchemy\sql\schema.py,lib\sqlalchemy\engine\base.py,sqlalchemy/sqlalchemy
lib\sqlalchemy\sql\schema.py,lib\sqlalchemy\sql\functions.py,sqlalchemy/sqlalchemy
lib\sqlalchemy\sql\schema.py,lib\sqlalchemy\sql\visitors.py,sqlalchemy/sqlalchemy
lib\sqlalchemy\sql\schema.py,lib\sqlalchemy\engine\__init__.py,sqlalchemy/sqlalchemy
lib\sqlalchemy\sql\schema.py,lib\sqlalchemy\sql\ddl.py,sqlalchemy/sqlalchemy
lib\sqlalchemy\sql\schema.py,lib\sqlalchemy\sql\selectable.py,sqlalchemy/sqlalchemy
lib\sqlalchemy\sql\schema.py,lib\sqlalchemy\engine\reflection.py,sqlalchemy/sqlalchemy
lib\sqlalchemy\sql\schema.py,lib\sqlalchemy\ext\compiler.py,sqlalchemy/sqlalchemy
lib\sqlalchemy\sql\schema.py,lib\sqlalchemy\sql\type_api.py,sqlalchemy/sqlalchemy
lib\sqlalchemy\sql\schema.py,lib\sqlalchemy\engine\interfaces.py,sqlalchemy/sqlalchemy
lib\sqlalchemy\sql\schema.py,lib\sqlalchemy\engine\util.py,sqlalchemy/sqlalchemy
lib\sqlalchemy\sql\schema.py,lib\sqlalchemy\sql\sqltypes.py,sqlalchemy/sqlalchemy
lib\sqlalchemy\sql\schema.py,lib\sqlalchemy\orm\collections.py,sqlalchemy/sqlalchemy
lib\sqlalchemy\sql\schema.py,lib\sqlalchemy\sql\coercions.py,sqlalchemy/sqlalchemy
lib\sqlalchemy\sql\selectable.py,lib\sqlalchemy\util\typing.py,sqlalchemy/sqlalchemy
lib\sqlalchemy\sql\selectable.py,lib\sqlalchemy\engine\base.py,sqlalchemy/sqlalchemy
lib\sqlalchemy\sql\selectable.py,lib\sqlalchemy\sql\elements.py,sqlalchemy/sqlalchemy
lib\sqlalchemy\sql\selectable.py,lib\sqlalchemy\dialects\_typing.py,sqlalchemy/sqlalchemy
lib\sqlalchemy\sql\selectable.py,lib\sqlalchemy\schema.py,sqlalchemy/sqlalchemy
lib\sqlalchemy\sql\selectable.py,lib\sqlalchemy\sql\sqltypes.py,sqlalchemy/sqlalchemy
lib\sqlalchemy\sql\selectable.py,lib\sqlalchemy\sql\dml.py,sqlalchemy/sqlalchemy
lib\sqlalchemy\sql\selectable.py,lib\sqlalchemy\sql\_annotated_cols.py,sqlalchemy/sqlalchemy
lib\sqlalchemy\sql\selectable.py,lib\sqlalchemy\sql\operators.py,sqlalchemy/sqlalchemy
lib\sqlalchemy\sql\selectable.py,lib\sqlalchemy\engine\util.py,sqlalchemy/sqlalchemy
lib\sqlalchemy\sql\selectable.py,lib\sqlalchemy\sql\ddl.py,sqlalchemy/sqlalchemy
lib\sqlalchemy\sql\selectable.py,lib\sqlalchemy\sql\type_api.py,sqlalchemy/sqlalchemy
lib\sqlalchemy\sql\selectable.py,lib\sqlalchemy\sql\annotation.py,sqlalchemy/sqlalchemy
lib\sqlalchemy\sql\selectable.py,lib\sqlalchemy\sql\functions.py,sqlalchemy/sqlalchemy
lib\sqlalchemy\sql\selectable.py,lib\sqlalchemy\sql\visitors.py,sqlalchemy/sqlalchemy
lib\sqlalchemy\sql\selectable.py,lib\sqlalchemy\sql\cache_key.py,sqlalchemy/sqlalchemy
lib\sqlalchemy\sql\selectable.py,lib\sqlalchemy\orm\collections.py,sqlalchemy/sqlalchemy
lib\sqlalchemy\sql\selectable.py,lib\sqlalchemy\sql\coercions.py,sqlalchemy/sqlalchemy
lib\sqlalchemy\sql\selectable.py,lib\sqlalchemy\ext\compiler.py,sqlalchemy/sqlalchemy
lib\sqlalchemy\sql\sqltypes.py,lib\sqlalchemy\util\typing.py,sqlalchemy/sqlalchemy
lib\sqlalchemy\sql\sqltypes.py,lib\sqlalchemy\sql\type_api.py,sqlalchemy/sqlalchemy
lib\sqlalchemy\sql\sqltypes.py,lib\sqlalchemy\engine\base.py,sqlalchemy/sqlalchemy
lib\sqlalchemy\sql\sqltypes.py,lib\sqlalchemy\dialects\_typing.py,sqlalchemy/sqlalchemy
lib\sqlalchemy\sql\sqltypes.py,lib\sqlalchemy\sql\operators.py,sqlalchemy/sqlalchemy
lib\sqlalchemy\sql\sqltypes.py,lib\sqlalchemy\engine\util.py,sqlalchemy/sqlalchemy
lib\sqlalchemy\sql\sqltypes.py,lib\sqlalchemy\schema.py,sqlalchemy/sqlalchemy
lib\sqlalchemy\sql\sqltypes.py,lib\sqlalchemy\sql\visitors.py,sqlalchemy/sqlalchemy
lib\sqlalchemy\sql\sqltypes.py,lib\sqlalchemy\sql\elements.py,sqlalchemy/sqlalchemy
lib\sqlalchemy\sql\sqltypes.py,lib\sqlalchemy\engine\interfaces.py,sqlalchemy/sqlalchemy
lib\sqlalchemy\sql\sqltypes.py,lib\sqlalchemy\engine\__init__.py,sqlalchemy/sqlalchemy
lib\sqlalchemy\sql\sqltypes.py,lib\sqlalchemy\sql\cache_key.py,sqlalchemy/sqlalchemy
lib\sqlalchemy\sql\sqltypes.py,lib\sqlalchemy\orm\collections.py,sqlalchemy/sqlalchemy
lib\sqlalchemy\sql\sqltypes.py,lib\sqlalchemy\dialects\mssql\json.py,sqlalchemy/sqlalchemy
lib\sqlalchemy\sql\traversals.py,lib\sqlalchemy\util\typing.py,sqlalchemy/sqlalchemy
lib\sqlalchemy\sql\traversals.py,lib\sqlalchemy\engine\util.py,sqlalchemy/sqlalchemy
lib\sqlalchemy\sql\traversals.py,lib\sqlalchemy\sql\cache_key.py,sqlalchemy/sqlalchemy
lib\sqlalchemy\sql\traversals.py,lib\sqlalchemy\sql\visitors.py,sqlalchemy/sqlalchemy
lib\sqlalchemy\sql\traversals.py,lib\sqlalchemy\orm\collections.py,sqlalchemy/sqlalchemy
lib\sqlalchemy\sql\type_api.py,lib\sqlalchemy\util\typing.py,sqlalchemy/sqlalchemy
lib\sqlalchemy\sql\type_api.py,lib\sqlalchemy\sql\sqltypes.py,sqlalchemy/sqlalchemy
lib\sqlalchemy\sql\type_api.py,lib\sqlalchemy\engine\interfaces.py,sqlalchemy/sqlalchemy
lib\sqlalchemy\sql\type_api.py,lib\sqlalchemy\sql\cache_key.py,sqlalchemy/sqlalchemy
lib\sqlalchemy\sql\type_api.py,lib\sqlalchemy\engine\base.py,sqlalchemy/sqlalchemy
lib\sqlalchemy\sql\type_api.py,lib\sqlalchemy\sql\operators.py,sqlalchemy/sqlalchemy
lib\sqlalchemy\sql\type_api.py,lib\sqlalchemy\sql\elements.py,sqlalchemy/sqlalchemy
lib\sqlalchemy\sql\type_api.py,lib\sqlalchemy\dialects\_typing.py,sqlalchemy/sqlalchemy
lib\sqlalchemy\sql\type_api.py,lib\sqlalchemy\sql\visitors.py,sqlalchemy/sqlalchemy
lib\sqlalchemy\sql\util.py,lib\sqlalchemy\util\typing.py,sqlalchemy/sqlalchemy
lib\sqlalchemy\sql\util.py,lib\sqlalchemy\sql\elements.py,sqlalchemy/sqlalchemy
lib\sqlalchemy\sql\util.py,lib\sqlalchemy\sql\visitors.py,sqlalchemy/sqlalchemy
lib\sqlalchemy\sql\util.py,lib\sqlalchemy\engine\interfaces.py,sqlalchemy/sqlalchemy
lib\sqlalchemy\sql\util.py,lib\sqlalchemy\sql\cache_key.py,sqlalchemy/sqlalchemy
lib\sqlalchemy\sql\util.py,lib\sqlalchemy\schema.py,sqlalchemy/sqlalchemy
lib\sqlalchemy\sql\util.py,lib\sqlalchemy\sql\selectable.py,sqlalchemy/sqlalchemy
lib\sqlalchemy\sql\util.py,lib\sqlalchemy\dialects\_typing.py,sqlalchemy/sqlalchemy
lib\sqlalchemy\sql\util.py,lib\sqlalchemy\sql\annotation.py,sqlalchemy/sqlalchemy
lib\sqlalchemy\sql\util.py,lib\sqlalchemy\engine\base.py,sqlalchemy/sqlalchemy
lib\sqlalchemy\sql\util.py,lib\sqlalchemy\orm\collections.py,sqlalchemy/sqlalchemy
lib\sqlalchemy\sql\util.py,lib\sqlalchemy\engine\row.py,sqlalchemy/sqlalchemy
lib\sqlalchemy\sql\util.py,lib\sqlalchemy\sql\ddl.py,sqlalchemy/sqlalchemy
lib\sqlalchemy\sql\visitors.py,lib\sqlalchemy\orm\collections.py,sqlalchemy/sqlalchemy
lib\sqlalchemy\sql\visitors.py,lib\sqlalchemy\util\typing.py,sqlalchemy/sqlalchemy
lib\sqlalchemy\sql\visitors.py,lib\sqlalchemy\engine\_util_cy.py,sqlalchemy/sqlalchemy
lib\sqlalchemy\sql\visitors.py,lib\sqlalchemy\engine\util.py,sqlalchemy/sqlalchemy
lib\sqlalchemy\sql\visitors.py,lib\sqlalchemy\sql\elements.py,sqlalchemy/sqlalchemy
lib\sqlalchemy\sql\visitors.py,lib\sqlalchemy\sql\annotation.py,sqlalchemy/sqlalchemy
lib\sqlalchemy\sql\_annotated_cols.py,lib\sqlalchemy\schema.py,sqlalchemy/sqlalchemy
lib\sqlalchemy\sql\_annotated_cols.py,lib\sqlalchemy\sql\type_api.py,sqlalchemy/sqlalchemy
lib\sqlalchemy\sql\_annotated_cols.py,lib\sqlalchemy\util\typing.py,sqlalchemy/sqlalchemy
lib\sqlalchemy\sql\_annotated_cols.py,lib\sqlalchemy\engine\base.py,sqlalchemy/sqlalchemy
lib\sqlalchemy\sql\_annotated_cols.py,lib\sqlalchemy\sql\elements.py,sqlalchemy/sqlalchemy
lib\sqlalchemy\sql\_annotated_cols.py,lib\sqlalchemy\engine\util.py,sqlalchemy/sqlalchemy
lib\sqlalchemy\sql\_annotated_cols.py,lib\sqlalchemy\exc.py,sqlalchemy/sqlalchemy
lib\sqlalchemy\sql\_annotated_cols.py,lib\sqlalchemy\dialects\_typing.py,sqlalchemy/sqlalchemy
lib\sqlalchemy\sql\_cache_key_cy.py,lib\sqlalchemy\util\cython.py,sqlalchemy/sqlalchemy
lib\sqlalchemy\sql\_cache_key_cy.py,lib\sqlalchemy\engine\_util_cy.py,sqlalchemy/sqlalchemy
lib\sqlalchemy\sql\_cache_key_cy.py,lib\sqlalchemy\util\typing.py,sqlalchemy/sqlalchemy
lib\sqlalchemy\sql\_cache_key_cy.py,lib\sqlalchemy\sql\visitors.py,sqlalchemy/sqlalchemy
lib\sqlalchemy\sql\_cache_key_cy.py,lib\sqlalchemy\util\__init__.py,sqlalchemy/sqlalchemy
lib\sqlalchemy\sql\_cache_key_cy.py,lib\sqlalchemy\sql\elements.py,sqlalchemy/sqlalchemy
lib\sqlalchemy\sql\_cache_key_cy.py,lib\sqlalchemy\orm\collections.py,sqlalchemy/sqlalchemy
lib\sqlalchemy\sql\_dml_constructors.py,lib\sqlalchemy\sql\dml.py,sqlalchemy/sqlalchemy
lib\sqlalchemy\sql\_dml_constructors.py,lib\sqlalchemy\dialects\_typing.py,sqlalchemy/sqlalchemy
lib\sqlalchemy\sql\_dml_constructors.py,lib\sqlalchemy\util\typing.py,sqlalchemy/sqlalchemy
lib\sqlalchemy\sql\_elements_constructors.py,lib\sqlalchemy\sql\elements.py,sqlalchemy/sqlalchemy
lib\sqlalchemy\sql\_elements_constructors.py,lib\sqlalchemy\util\typing.py,sqlalchemy/sqlalchemy
lib\sqlalchemy\sql\_elements_constructors.py,lib\sqlalchemy\sql\coercions.py,sqlalchemy/sqlalchemy
lib\sqlalchemy\sql\_elements_constructors.py,lib\sqlalchemy\engine\base.py,sqlalchemy/sqlalchemy
lib\sqlalchemy\sql\_elements_constructors.py,lib\sqlalchemy\dialects\_typing.py,sqlalchemy/sqlalchemy
lib\sqlalchemy\sql\_elements_constructors.py,lib\sqlalchemy\sql\type_api.py,sqlalchemy/sqlalchemy
lib\sqlalchemy\sql\_elements_constructors.py,lib\sqlalchemy\sql\selectable.py,sqlalchemy/sqlalchemy
lib\sqlalchemy\sql\_elements_constructors.py,lib\sqlalchemy\sql\functions.py,sqlalchemy/sqlalchemy
lib\sqlalchemy\sql\_elements_constructors.py,lib\sqlalchemy\util\compat.py,sqlalchemy/sqlalchemy
lib\sqlalchemy\sql\_orm_types.py,lib\sqlalchemy\util\typing.py,sqlalchemy/sqlalchemy
lib\sqlalchemy\sql\_selectable_constructors.py,lib\sqlalchemy\util\typing.py,sqlalchemy/sqlalchemy
lib\sqlalchemy\sql\_selectable_constructors.py,lib\sqlalchemy\sql\_annotated_cols.py,sqlalchemy/sqlalchemy
lib\sqlalchemy\sql\_selectable_constructors.py,lib\sqlalchemy\sql\selectable.py,sqlalchemy/sqlalchemy
lib\sqlalchemy\sql\_selectable_constructors.py,lib\sqlalchemy\dialects\_typing.py,sqlalchemy/sqlalchemy
lib\sqlalchemy\sql\_selectable_constructors.py,lib\sqlalchemy\sql\functions.py,sqlalchemy/sqlalchemy
lib\sqlalchemy\sql\_selectable_constructors.py,lib\sqlalchemy\sql\elements.py,sqlalchemy/sqlalchemy
lib\sqlalchemy\sql\_typing.py,lib\sqlalchemy\util\typing.py,sqlalchemy/sqlalchemy
lib\sqlalchemy\sql\_typing.py,lib\sqlalchemy\ext\compiler.py,sqlalchemy/sqlalchemy
lib\sqlalchemy\sql\_typing.py,lib\sqlalchemy\sql\selectable.py,sqlalchemy/sqlalchemy
lib\sqlalchemy\sql\_typing.py,lib\sqlalchemy\sql\dml.py,sqlalchemy/sqlalchemy
lib\sqlalchemy\sql\_typing.py,lib\sqlalchemy\sql\elements.py,sqlalchemy/sqlalchemy
lib\sqlalchemy\sql\_typing.py,lib\sqlalchemy\engine\__init__.py,sqlalchemy/sqlalchemy
lib\sqlalchemy\sql\_typing.py,lib\sqlalchemy\engine\mock.py,sqlalchemy/sqlalchemy
lib\sqlalchemy\sql\_typing.py,lib\sqlalchemy\sql\lambdas.py,sqlalchemy/sqlalchemy
lib\sqlalchemy\sql\_typing.py,lib\sqlalchemy\sql\roles.py,sqlalchemy/sqlalchemy
lib\sqlalchemy\sql\_typing.py,lib\sqlalchemy\sql\type_api.py,sqlalchemy/sqlalchemy
lib\sqlalchemy\sql\_typing.py,lib\sqlalchemy\schema.py,sqlalchemy/sqlalchemy
lib\sqlalchemy\sql\_typing.py,lib\sqlalchemy\inspection.py,sqlalchemy/sqlalchemy
lib\sqlalchemy\sql\_typing.py,lib\sqlalchemy\sql\sqltypes.py,sqlalchemy/sqlalchemy
lib\sqlalchemy\sql\_typing.py,lib\sqlalchemy\engine\base.py,sqlalchemy/sqlalchemy
lib\sqlalchemy\sql\_util_cy.py,lib\sqlalchemy\util\cython.py,sqlalchemy/sqlalchemy
lib\sqlalchemy\sql\_util_cy.py,lib\sqlalchemy\util\typing.py,sqlalchemy/sqlalchemy
lib\sqlalchemy\sql\_util_cy.py,lib\sqlalchemy\sql\cache_key.py,sqlalchemy/sqlalchemy
lib\sqlalchemy\sql\_util_cy.py,lib\sqlalchemy\engine\interfaces.py,sqlalchemy/sqlalchemy
lib\sqlalchemy\sql\_util_cy.py,lib\sqlalchemy\util\__init__.py,sqlalchemy/sqlalchemy
lib\sqlalchemy\sql\__init__.py,lib\sqlalchemy\sql\expression.py,sqlalchemy/sqlalchemy
lib\sqlalchemy\sql\__init__.py,lib\sqlalchemy\engine\base.py,sqlalchemy/sqlalchemy
lib\sqlalchemy\sql\__init__.py,lib\sqlalchemy\sql\elements.py,sqlalchemy/sqlalchemy
lib\sqlalchemy\sql\__init__.py,lib\sqlalchemy\sql\ddl.py,sqlalchemy/sqlalchemy
lib\sqlalchemy\sql\__init__.py,lib\sqlalchemy\ext\compiler.py,sqlalchemy/sqlalchemy
lib\sqlalchemy\sql\__init__.py,lib\sqlalchemy\util\typing.py,sqlalchemy/sqlalchemy
lib\sqlalchemy\sql\__init__.py,lib\sqlalchemy\sql\visitors.py,sqlalchemy/sqlalchemy
lib\sqlalchemy\sql\__init__.py,lib\sqlalchemy\dialects\_typing.py,sqlalchemy/sqlalchemy
lib\sqlalchemy\sql\__init__.py,lib\sqlalchemy\sql\annotation.py,sqlalchemy/sqlalchemy
lib\sqlalchemy\sql\__init__.py,lib\sqlalchemy\sql\selectable.py,sqlalchemy/sqlalchemy
lib\sqlalchemy\testing\assertions.py,lib\sqlalchemy\testing\warnings.py,sqlalchemy/sqlalchemy
lib\sqlalchemy\testing\assertions.py,lib\sqlalchemy\__init__.py,sqlalchemy/sqlalchemy
lib\sqlalchemy\testing\assertions.py,lib\sqlalchemy\engine\__init__.py,sqlalchemy/sqlalchemy
lib\sqlalchemy\testing\assertions.py,lib\sqlalchemy\sql\selectable.py,sqlalchemy/sqlalchemy
lib\sqlalchemy\testing\assertions.py,lib\sqlalchemy\engine\util.py,sqlalchemy/sqlalchemy
lib\sqlalchemy\testing\assertions.py,lib\sqlalchemy\testing\exclusions.py,sqlalchemy/sqlalchemy
lib\sqlalchemy\testing\assertions.py,lib\sqlalchemy\orm\collections.py,sqlalchemy/sqlalchemy
lib\sqlalchemy\testing\assertsql.py,lib\sqlalchemy\orm\collections.py,sqlalchemy/sqlalchemy
lib\sqlalchemy\testing\assertsql.py,lib\sqlalchemy\engine\__init__.py,sqlalchemy/sqlalchemy
lib\sqlalchemy\testing\assertsql.py,lib\sqlalchemy\engine\default.py,sqlalchemy/sqlalchemy
lib\sqlalchemy\testing\assertsql.py,lib\sqlalchemy\schema.py,sqlalchemy/sqlalchemy
lib\sqlalchemy\testing\asyncio.py,lib\sqlalchemy\util\concurrency.py,sqlalchemy/sqlalchemy
lib\sqlalchemy\testing\cancellation.py,lib\sqlalchemy\connectors\asyncio.py,sqlalchemy/sqlalchemy
lib\sqlalchemy\testing\cancellation.py,lib\sqlalchemy\engine\util.py,sqlalchemy/sqlalchemy
lib\sqlalchemy\testing\config.py,lib\sqlalchemy\util\typing.py,sqlalchemy/sqlalchemy
lib\sqlalchemy\testing\config.py,lib\sqlalchemy\orm\collections.py,sqlalchemy/sqlalchemy
lib\sqlalchemy\testing\config.py,lib\sqlalchemy\engine\util.py,sqlalchemy/sqlalchemy
lib\sqlalchemy\testing\config.py,lib\sqlalchemy\testing\plugin\plugin_base.py,sqlalchemy/sqlalchemy
lib\sqlalchemy\testing\engines.py,lib\sqlalchemy\util\typing.py,sqlalchemy/sqlalchemy
lib\sqlalchemy\testing\engines.py,lib\sqlalchemy\engine\util.py,sqlalchemy/sqlalchemy
lib\sqlalchemy\testing\engines.py,lib\sqlalchemy\engine\url.py,sqlalchemy/sqlalchemy
lib\sqlalchemy\testing\engines.py,lib\sqlalchemy\ext\asyncio\__init__.py,sqlalchemy/sqlalchemy
lib\sqlalchemy\testing\engines.py,lib\sqlalchemy\__init__.py,sqlalchemy/sqlalchemy
lib\sqlalchemy\testing\engines.py,lib\sqlalchemy\dialects\__init__.py,sqlalchemy/sqlalchemy
lib\sqlalchemy\testing\engines.py,lib\sqlalchemy\engine\__init__.py,sqlalchemy/sqlalchemy
lib\sqlalchemy\testing\engines.py,lib\sqlalchemy\orm\collections.py,sqlalchemy/sqlalchemy
lib\sqlalchemy\testing\engines.py,lib\sqlalchemy\testing\warnings.py,sqlalchemy/sqlalchemy
lib\sqlalchemy\testing\entities.py,lib\sqlalchemy\__init__.py,sqlalchemy/sqlalchemy
lib\sqlalchemy\testing\entities.py,lib\sqlalchemy\orm\writeonly.py,sqlalchemy/sqlalchemy
lib\sqlalchemy\testing\exclusions.py,lib\sqlalchemy\engine\util.py,sqlalchemy/sqlalchemy
lib\sqlalchemy\testing\exclusions.py,lib\sqlalchemy\util\compat.py,sqlalchemy/sqlalchemy
lib\sqlalchemy\testing\exclusions.py,lib\sqlalchemy\testing\assertions.py,sqlalchemy/sqlalchemy
lib\sqlalchemy\testing\pickleable.py,lib\sqlalchemy\testing\entities.py,sqlalchemy/sqlalchemy
lib\sqlalchemy\testing\pickleable.py,lib\sqlalchemy\types.py,sqlalchemy/sqlalchemy
lib\sqlalchemy\testing\pickleable.py,lib\sqlalchemy\schema.py,sqlalchemy/sqlalchemy
lib\sqlalchemy\testing\profiles_file.py,lib\sqlalchemy\util\typing.py,sqlalchemy/sqlalchemy
lib\sqlalchemy\testing\profiling.py,lib\sqlalchemy\orm\collections.py,sqlalchemy/sqlalchemy
lib\sqlalchemy\testing\profiling.py,lib\sqlalchemy\testing\profiles_file.py,sqlalchemy/sqlalchemy
lib\sqlalchemy\testing\profiling.py,lib\sqlalchemy\engine\util.py,sqlalchemy/sqlalchemy
lib\sqlalchemy\testing\profiling.py,lib\sqlalchemy\util\typing.py,sqlalchemy/sqlalchemy
lib\sqlalchemy\testing\profiling.py,lib\sqlalchemy\util\__init__.py,sqlalchemy/sqlalchemy
lib\sqlalchemy\testing\provision.py,lib\sqlalchemy\orm\collections.py,sqlalchemy/sqlalchemy
lib\sqlalchemy\testing\provision.py,lib\sqlalchemy\engine\__init__.py,sqlalchemy/sqlalchemy
lib\sqlalchemy\testing\provision.py,lib\sqlalchemy\schema.py,sqlalchemy/sqlalchemy
lib\sqlalchemy\testing\provision.py,lib\sqlalchemy\sql\__init__.py,sqlalchemy/sqlalchemy
lib\sqlalchemy\testing\provision.py,lib\sqlalchemy\engine\util.py,sqlalchemy/sqlalchemy
lib\sqlalchemy\testing\requirements.py,lib\sqlalchemy\testing\exclusions.py,sqlalchemy/sqlalchemy
lib\sqlalchemy\testing\requirements.py,lib\sqlalchemy\pool\__init__.py,sqlalchemy/sqlalchemy
lib\sqlalchemy\testing\requirements.py,lib\sqlalchemy\__init__.py,sqlalchemy/sqlalchemy
lib\sqlalchemy\testing\schema.py,lib\sqlalchemy\orm\__init__.py,sqlalchemy/sqlalchemy
lib\sqlalchemy\testing\schema.py,lib\sqlalchemy\engine\util.py,sqlalchemy/sqlalchemy
lib\sqlalchemy\testing\util.py,lib\sqlalchemy\types.py,sqlalchemy/sqlalchemy
lib\sqlalchemy\testing\util.py,lib\sqlalchemy\schema.py,sqlalchemy/sqlalchemy
lib\sqlalchemy\testing\util.py,lib\sqlalchemy\orm\collections.py,sqlalchemy/sqlalchemy
lib\sqlalchemy\testing\util.py,lib\sqlalchemy\engine\__init__.py,sqlalchemy/sqlalchemy
lib\sqlalchemy\testing\util.py,lib\sqlalchemy\sql\sqltypes.py,sqlalchemy/sqlalchemy
lib\sqlalchemy\testing\util.py,lib\sqlalchemy\engine\util.py,sqlalchemy/sqlalchemy
lib\sqlalchemy\testing\util.py,lib\sqlalchemy\sql\__init__.py,sqlalchemy/sqlalchemy
lib\sqlalchemy\testing\util.py,lib\sqlalchemy\util\typing.py,sqlalchemy/sqlalchemy
lib\sqlalchemy\testing\warnings.py,lib\sqlalchemy\util\langhelpers.py,sqlalchemy/sqlalchemy
lib\sqlalchemy\testing\warnings.py,lib\sqlalchemy\exc.py,sqlalchemy/sqlalchemy
lib\sqlalchemy\testing\__init__.py,lib\sqlalchemy\testing\config.py,sqlalchemy/sqlalchemy
lib\sqlalchemy\testing\__init__.py,lib\sqlalchemy\testing\exclusions.py,sqlalchemy/sqlalchemy
lib\sqlalchemy\testing\__init__.py,lib\sqlalchemy\engine\util.py,sqlalchemy/sqlalchemy
lib\sqlalchemy\testing\__init__.py,lib\sqlalchemy\testing\assertions.py,sqlalchemy/sqlalchemy
lib\sqlalchemy\testing\__init__.py,lib\sqlalchemy\schema.py,sqlalchemy/sqlalchemy
lib\sqlalchemy\testing\__init__.py,lib\sqlalchemy\testing\warnings.py,sqlalchemy/sqlalchemy
lib\sqlalchemy\util\compat.py,lib\sqlalchemy\util\typing.py,sqlalchemy/sqlalchemy
lib\sqlalchemy\util\concurrency.py,lib\sqlalchemy\connectors\asyncio.py,sqlalchemy/sqlalchemy
lib\sqlalchemy\util\concurrency.py,lib\sqlalchemy\util\typing.py,sqlalchemy/sqlalchemy
lib\sqlalchemy\util\concurrency.py,lib\sqlalchemy\util\langhelpers.py,sqlalchemy/sqlalchemy
lib\sqlalchemy\util\cython.py,lib\sqlalchemy\util\typing.py,sqlalchemy/sqlalchemy
lib\sqlalchemy\util\deprecations.py,lib\sqlalchemy\util\langhelpers.py,sqlalchemy/sqlalchemy
lib\sqlalchemy\util\deprecations.py,lib\sqlalchemy\util\typing.py,sqlalchemy/sqlalchemy
lib\sqlalchemy\util\langhelpers.py,lib\sqlalchemy\testing\warnings.py,sqlalchemy/sqlalchemy
lib\sqlalchemy\util\langhelpers.py,lib\sqlalchemy\util\_has_cython.py,sqlalchemy/sqlalchemy
lib\sqlalchemy\util\langhelpers.py,lib\sqlalchemy\util\typing.py,sqlalchemy/sqlalchemy
lib\sqlalchemy\util\langhelpers.py,lib\sqlalchemy\orm\collections.py,sqlalchemy/sqlalchemy
lib\sqlalchemy\util\langhelpers.py,lib\sqlalchemy\types.py,sqlalchemy/sqlalchemy
lib\sqlalchemy\util\preloaded.py,lib\sqlalchemy\util\typing.py,sqlalchemy/sqlalchemy
lib\sqlalchemy\util\preloaded.py,lib\sqlalchemy\engine\__init__.py,sqlalchemy/sqlalchemy
lib\sqlalchemy\util\preloaded.py,lib\sqlalchemy\__init__.py,sqlalchemy/sqlalchemy
lib\sqlalchemy\util\preloaded.py,lib\sqlalchemy\orm\__init__.py,sqlalchemy/sqlalchemy
lib\sqlalchemy\util\preloaded.py,lib\sqlalchemy\sql\__init__.py,sqlalchemy/sqlalchemy
lib\sqlalchemy\util\queue.py,lib\sqlalchemy\connectors\asyncio.py,sqlalchemy/sqlalchemy
lib\sqlalchemy\util\queue.py,lib\sqlalchemy\util\typing.py,sqlalchemy/sqlalchemy
lib\sqlalchemy\util\queue.py,lib\sqlalchemy\util\concurrency.py,sqlalchemy/sqlalchemy
lib\sqlalchemy\util\queue.py,lib\sqlalchemy\util\langhelpers.py,sqlalchemy/sqlalchemy
lib\sqlalchemy\util\queue.py,lib\sqlalchemy\orm\collections.py,sqlalchemy/sqlalchemy
lib\sqlalchemy\util\tool_support.py,lib\sqlalchemy\util\typing.py,sqlalchemy/sqlalchemy
lib\sqlalchemy\util\topological.py,lib\sqlalchemy\util\typing.py,sqlalchemy/sqlalchemy
lib\sqlalchemy\util\topological.py,lib\sqlalchemy\exc.py,sqlalchemy/sqlalchemy
lib\sqlalchemy\util\typing.py,lib\sqlalchemy\types.py,sqlalchemy/sqlalchemy
lib\sqlalchemy\util\typing.py,lib\sqlalchemy\orm\collections.py,sqlalchemy/sqlalchemy
lib\sqlalchemy\util\_collections.py,lib\sqlalchemy\util\_collections_cy.py,sqlalchemy/sqlalchemy
lib\sqlalchemy\util\_collections.py,lib\sqlalchemy\util\_immutabledict_cy.py,sqlalchemy/sqlalchemy
lib\sqlalchemy\util\_collections.py,lib\sqlalchemy\util\typing.py,sqlalchemy/sqlalchemy
lib\sqlalchemy\util\_collections.py,lib\sqlalchemy\types.py,sqlalchemy/sqlalchemy
lib\sqlalchemy\util\_collections_cy.py,lib\sqlalchemy\util\typing.py,sqlalchemy/sqlalchemy
lib\sqlalchemy\util\_collections_cy.py,lib\sqlalchemy\util\cython.py,sqlalchemy/sqlalchemy
lib\sqlalchemy\util\_collections_cy.py,lib\sqlalchemy\util\__init__.py,sqlalchemy/sqlalchemy
lib\sqlalchemy\util\_has_cython.py,lib\sqlalchemy\util\typing.py,sqlalchemy/sqlalchemy
lib\sqlalchemy\util\_has_cython.py,lib\sqlalchemy\engine\__init__.py,sqlalchemy/sqlalchemy
lib\sqlalchemy\util\_has_cython.py,lib\sqlalchemy\sql\__init__.py,sqlalchemy/sqlalchemy
lib\sqlalchemy\util\_immutabledict_cy.py,lib\sqlalchemy\util\cython.py,sqlalchemy/sqlalchemy
lib\sqlalchemy\util\_immutabledict_cy.py,lib\sqlalchemy\util\__init__.py,sqlalchemy/sqlalchemy
lib\sqlalchemy\util\_immutabledict_cy.py,lib\sqlalchemy\util\typing.py,sqlalchemy/sqlalchemy
lib\sqlalchemy\util\__init__.py,lib\sqlalchemy\util\compat.py,sqlalchemy/sqlalchemy
lib\sqlalchemy\util\__init__.py,lib\sqlalchemy\util\deprecations.py,sqlalchemy/sqlalchemy
lib\sqlalchemy\util\__init__.py,lib\sqlalchemy\util\langhelpers.py,sqlalchemy/sqlalchemy
lib\sqlalchemy\util\__init__.py,lib\sqlalchemy\util\_collections.py,sqlalchemy/sqlalchemy
lib\sqlalchemy\util\__init__.py,lib\sqlalchemy\util\concurrency.py,sqlalchemy/sqlalchemy
lib\sqlalchemy\util\__init__.py,lib\sqlalchemy\orm\collections.py,sqlalchemy/sqlalchemy
lib\sqlalchemy\util\__init__.py,lib\sqlalchemy\util\typing.py,sqlalchemy/sqlalchemy
lib\sqlalchemy\util\__init__.py,lib\sqlalchemy\util\preloaded.py,sqlalchemy/sqlalchemy
lib\sqlalchemy\testing\fixtures\base.py,lib\sqlalchemy\orm\__init__.py,sqlalchemy/sqlalchemy
lib\sqlalchemy\testing\fixtures\base.py,lib\sqlalchemy\engine\util.py,sqlalchemy/sqlalchemy
lib\sqlalchemy\testing\fixtures\base.py,lib\sqlalchemy\__init__.py,sqlalchemy/sqlalchemy
lib\sqlalchemy\testing\fixtures\base.py,lib\sqlalchemy\testing\assertions.py,sqlalchemy/sqlalchemy
lib\sqlalchemy\testing\fixtures\base.py,lib\sqlalchemy\orm\collections.py,sqlalchemy/sqlalchemy
lib\sqlalchemy\testing\fixtures\base.py,lib\sqlalchemy\dialects\__init__.py,sqlalchemy/sqlalchemy
lib\sqlalchemy\testing\fixtures\base.py,lib\sqlalchemy\sql\__init__.py,sqlalchemy/sqlalchemy
lib\sqlalchemy\testing\fixtures\mypy.py,lib\sqlalchemy\engine\base.py,sqlalchemy/sqlalchemy
lib\sqlalchemy\testing\fixtures\mypy.py,lib\sqlalchemy\testing\assertions.py,sqlalchemy/sqlalchemy
lib\sqlalchemy\testing\fixtures\orm.py,lib\sqlalchemy\engine\base.py,sqlalchemy/sqlalchemy
lib\sqlalchemy\testing\fixtures\orm.py,lib\sqlalchemy\sql\__init__.py,sqlalchemy/sqlalchemy
lib\sqlalchemy\testing\fixtures\orm.py,lib\sqlalchemy\testing\entities.py,sqlalchemy/sqlalchemy
lib\sqlalchemy\testing\fixtures\orm.py,lib\sqlalchemy\orm\__init__.py,sqlalchemy/sqlalchemy
lib\sqlalchemy\testing\fixtures\orm.py,lib\sqlalchemy\__init__.py,sqlalchemy/sqlalchemy
lib\sqlalchemy\testing\fixtures\orm.py,lib\sqlalchemy\util\typing.py,sqlalchemy/sqlalchemy
lib\sqlalchemy\testing\fixtures\orm.py,lib\sqlalchemy\engine\util.py,sqlalchemy/sqlalchemy
lib\sqlalchemy\testing\fixtures\sql.py,lib\sqlalchemy\testing\assertions.py,sqlalchemy/sqlalchemy
lib\sqlalchemy\testing\fixtures\sql.py,lib\sqlalchemy\__init__.py,sqlalchemy/sqlalchemy
lib\sqlalchemy\testing\fixtures\sql.py,lib\sqlalchemy\schema.py,sqlalchemy/sqlalchemy
lib\sqlalchemy\testing\fixtures\sql.py,lib\sqlalchemy\dialects\postgresql\__init__.py,sqlalchemy/sqlalchemy
lib\sqlalchemy\testing\fixtures\sql.py,lib\sqlalchemy\engine\util.py,sqlalchemy/sqlalchemy
lib\sqlalchemy\testing\fixtures\sql.py,lib\sqlalchemy\sql\__init__.py,sqlalchemy/sqlalchemy
lib\sqlalchemy\testing\fixtures\sql.py,lib\sqlalchemy\sql\elements.py,sqlalchemy/sqlalchemy
lib\sqlalchemy\testing\fixtures\sql.py,lib\sqlalchemy\engine\base.py,sqlalchemy/sqlalchemy
lib\sqlalchemy\testing\fixtures\__init__.py,lib\sqlalchemy\orm\__init__.py,sqlalchemy/sqlalchemy
lib\sqlalchemy\testing\fixtures\__init__.py,lib\sqlalchemy\sql\__init__.py,sqlalchemy/sqlalchemy
lib\sqlalchemy\testing\fixtures\__init__.py,lib\sqlalchemy\engine\base.py,sqlalchemy/sqlalchemy
lib\sqlalchemy\testing\fixtures\__init__.py,lib\sqlalchemy\testing\fixtures\mypy.py,sqlalchemy/sqlalchemy
lib\sqlalchemy\testing\plugin\plugin_base.py,lib\sqlalchemy\dialects\__init__.py,sqlalchemy/sqlalchemy
lib\sqlalchemy\testing\plugin\plugin_base.py,lib\sqlalchemy\testing\__init__.py,sqlalchemy/sqlalchemy
lib\sqlalchemy\testing\plugin\plugin_base.py,lib\sqlalchemy\__init__.py,sqlalchemy/sqlalchemy
lib\sqlalchemy\testing\plugin\plugin_base.py,lib\sqlalchemy\engine\__init__.py,sqlalchemy/sqlalchemy
lib\sqlalchemy\testing\plugin\plugin_base.py,lib\sqlalchemy\util\__init__.py,sqlalchemy/sqlalchemy
lib\sqlalchemy\testing\plugin\plugin_base.py,lib\sqlalchemy\util\typing.py,sqlalchemy/sqlalchemy
lib\sqlalchemy\testing\plugin\pytestplugin.py,lib\sqlalchemy\orm\collections.py,sqlalchemy/sqlalchemy
lib\sqlalchemy\testing\plugin\pytestplugin.py,lib\sqlalchemy\util\compat.py,sqlalchemy/sqlalchemy
lib\sqlalchemy\testing\plugin\pytestplugin.py,lib\sqlalchemy\testing\__init__.py,sqlalchemy/sqlalchemy
lib\sqlalchemy\testing\plugin\pytestplugin.py,lib\sqlalchemy\util\typing.py,sqlalchemy/sqlalchemy
lib\sqlalchemy\testing\plugin\pytestplugin.py,lib\sqlalchemy\testing\warnings.py,sqlalchemy/sqlalchemy
lib\sqlalchemy\testing\plugin\pytestplugin.py,lib\sqlalchemy\engine\__init__.py,sqlalchemy/sqlalchemy
lib\sqlalchemy\testing\plugin\pytestplugin.py,lib\sqlalchemy\__init__.py,sqlalchemy/sqlalchemy
lib\sqlalchemy\testing\plugin\pytestplugin.py,lib\sqlalchemy\util\__init__.py,sqlalchemy/sqlalchemy
lib\sqlalchemy\testing\plugin\pytestplugin.py,lib\sqlalchemy\util\_has_cython.py,sqlalchemy/sqlalchemy
lib\sqlalchemy\testing\plugin\pytestplugin.py,lib\sqlalchemy\util\langhelpers.py,sqlalchemy/sqlalchemy
lib\sqlalchemy\testing\suite\test_cte.py,lib\sqlalchemy\schema.py,sqlalchemy/sqlalchemy
lib\sqlalchemy\testing\suite\test_cte.py,lib\sqlalchemy\testing\assertions.py,sqlalchemy/sqlalchemy
lib\sqlalchemy\testing\suite\test_ddl.py,lib\sqlalchemy\testing\assertions.py,sqlalchemy/sqlalchemy
lib\sqlalchemy\testing\suite\test_ddl.py,lib\sqlalchemy\testing\config.py,sqlalchemy/sqlalchemy
lib\sqlalchemy\testing\suite\test_ddl.py,lib\sqlalchemy\schema.py,sqlalchemy/sqlalchemy
lib\sqlalchemy\testing\suite\test_dialect.py,lib\sqlalchemy\testing\assertions.py,sqlalchemy/sqlalchemy
lib\sqlalchemy\testing\suite\test_dialect.py,lib\sqlalchemy\sql\compiler.py,sqlalchemy/sqlalchemy
lib\sqlalchemy\testing\suite\test_dialect.py,lib\sqlalchemy\testing\provision.py,sqlalchemy/sqlalchemy
lib\sqlalchemy\testing\suite\test_dialect.py,lib\sqlalchemy\schema.py,sqlalchemy/sqlalchemy
lib\sqlalchemy\testing\suite\test_dialect.py,lib\sqlalchemy\engine\util.py,sqlalchemy/sqlalchemy
lib\sqlalchemy\testing\suite\test_dialect.py,lib\sqlalchemy\testing\config.py,sqlalchemy/sqlalchemy
lib\sqlalchemy\testing\suite\test_insert.py,lib\sqlalchemy\types.py,sqlalchemy/sqlalchemy
lib\sqlalchemy\testing\suite\test_insert.py,lib\sqlalchemy\schema.py,sqlalchemy/sqlalchemy
lib\sqlalchemy\testing\suite\test_insert.py,lib\sqlalchemy\testing\config.py,sqlalchemy/sqlalchemy
lib\sqlalchemy\testing\suite\test_insert.py,lib\sqlalchemy\testing\assertions.py,sqlalchemy/sqlalchemy
lib\sqlalchemy\testing\suite\test_reflection.py,lib\sqlalchemy\engine\__init__.py,sqlalchemy/sqlalchemy
lib\sqlalchemy\testing\suite\test_reflection.py,lib\sqlalchemy\exc.py,sqlalchemy/sqlalchemy
lib\sqlalchemy\testing\suite\test_reflection.py,lib\sqlalchemy\__init__.py,sqlalchemy/sqlalchemy
lib\sqlalchemy\testing\suite\test_reflection.py,lib\sqlalchemy\schema.py,sqlalchemy/sqlalchemy
lib\sqlalchemy\testing\suite\test_reflection.py,lib\sqlalchemy\testing\__init__.py,sqlalchemy/sqlalchemy
lib\sqlalchemy\testing\suite\test_reflection.py,lib\sqlalchemy\testing\provision.py,sqlalchemy/sqlalchemy
lib\sqlalchemy\testing\suite\test_reflection.py,lib\sqlalchemy\sql\elements.py,sqlalchemy/sqlalchemy
lib\sqlalchemy\testing\suite\test_reflection.py,lib\sqlalchemy\sql\schema.py,sqlalchemy/sqlalchemy
lib\sqlalchemy\testing\suite\test_results.py,lib\sqlalchemy\testing\config.py,sqlalchemy/sqlalchemy
lib\sqlalchemy\testing\suite\test_results.py,lib\sqlalchemy\schema.py,sqlalchemy/sqlalchemy
lib\sqlalchemy\testing\suite\test_results.py,lib\sqlalchemy\testing\assertions.py,sqlalchemy/sqlalchemy
lib\sqlalchemy\testing\suite\test_rowcount.py,lib\sqlalchemy\__init__.py,sqlalchemy/sqlalchemy
lib\sqlalchemy\testing\suite\test_rowcount.py,lib\sqlalchemy\testing\__init__.py,sqlalchemy/sqlalchemy
lib\sqlalchemy\testing\suite\test_select.py,lib\sqlalchemy\testing\assertions.py,sqlalchemy/sqlalchemy
lib\sqlalchemy\testing\suite\test_select.py,lib\sqlalchemy\schema.py,sqlalchemy/sqlalchemy
lib\sqlalchemy\testing\suite\test_select.py,lib\sqlalchemy\orm\collections.py,sqlalchemy/sqlalchemy
lib\sqlalchemy\testing\suite\test_select.py,lib\sqlalchemy\testing\assertsql.py,sqlalchemy/sqlalchemy
lib\sqlalchemy\testing\suite\test_select.py,lib\sqlalchemy\exc.py,sqlalchemy/sqlalchemy
lib\sqlalchemy\testing\suite\test_sequence.py,lib\sqlalchemy\testing\assertions.py,sqlalchemy/sqlalchemy
lib\sqlalchemy\testing\suite\test_sequence.py,lib\sqlalchemy\schema.py,sqlalchemy/sqlalchemy
lib\sqlalchemy\testing\suite\test_sequence.py,lib\sqlalchemy\testing\config.py,sqlalchemy/sqlalchemy
lib\sqlalchemy\testing\suite\test_sequence.py,lib\sqlalchemy\testing\provision.py,sqlalchemy/sqlalchemy
lib\sqlalchemy\testing\suite\test_table_via_select.py,lib\sqlalchemy\schema.py,sqlalchemy/sqlalchemy
lib\sqlalchemy\testing\suite\test_table_via_select.py,lib\sqlalchemy\testing\__init__.py,sqlalchemy/sqlalchemy
lib\sqlalchemy\testing\suite\test_table_via_select.py,lib\sqlalchemy\testing\assertions.py,sqlalchemy/sqlalchemy
lib\sqlalchemy\testing\suite\test_table_via_select.py,lib\sqlalchemy\testing\provision.py,sqlalchemy/sqlalchemy
lib\sqlalchemy\testing\suite\test_types.py,lib\sqlalchemy\orm\__init__.py,sqlalchemy/sqlalchemy
lib\sqlalchemy\testing\suite\test_types.py,lib\sqlalchemy\testing\assertions.py,sqlalchemy/sqlalchemy
lib\sqlalchemy\testing\suite\test_types.py,lib\sqlalchemy\testing\config.py,sqlalchemy/sqlalchemy
lib\sqlalchemy\testing\suite\test_types.py,lib\sqlalchemy\schema.py,sqlalchemy/sqlalchemy
lib\sqlalchemy\testing\suite\test_types.py,lib\sqlalchemy\sql\sqltypes.py,sqlalchemy/sqlalchemy
lib\sqlalchemy\testing\suite\test_types.py,lib\sqlalchemy\sql\__init__.py,sqlalchemy/sqlalchemy
lib\sqlalchemy\testing\suite\test_types.py,lib\sqlalchemy\testing\__init__.py,sqlalchemy/sqlalchemy
lib\sqlalchemy\testing\suite\test_types.py,lib\sqlalchemy\dialects\mssql\json.py,sqlalchemy/sqlalchemy
lib\sqlalchemy\testing\suite\test_unicode_ddl.py,lib\sqlalchemy\__init__.py,sqlalchemy/sqlalchemy
lib\sqlalchemy\testing\suite\test_unicode_ddl.py,lib\sqlalchemy\testing\__init__.py,sqlalchemy/sqlalchemy
lib\sqlalchemy\testing\suite\test_unicode_ddl.py,lib\sqlalchemy\testing\schema.py,sqlalchemy/sqlalchemy
lib\sqlalchemy\testing\suite\test_update_delete.py,lib\sqlalchemy\schema.py,sqlalchemy/sqlalchemy
lib\sqlalchemy\testing\suite\test_update_delete.py,lib\sqlalchemy\testing\assertions.py,sqlalchemy/sqlalchemy
lib\sqlalchemy\testing\suite\__init__.py,lib\sqlalchemy\testing\suite\test_results.py,sqlalchemy/sqlalchemy
lib\sqlalchemy\testing\suite\__init__.py,lib\sqlalchemy\testing\suite\test_insert.py,sqlalchemy/sqlalchemy
lib\sqlalchemy\testing\suite\__init__.py,lib\sqlalchemy\testing\suite\test_ddl.py,sqlalchemy/sqlalchemy
lib\sqlalchemy\testing\suite\__init__.py,lib\sqlalchemy\testing\suite\test_types.py,sqlalchemy/sqlalchemy
lib\sqlalchemy\testing\suite\__init__.py,lib\sqlalchemy\testing\suite\test_sequence.py,sqlalchemy/sqlalchemy
lib\sqlalchemy\testing\suite\__init__.py,lib\sqlalchemy\testing\suite\test_dialect.py,sqlalchemy/sqlalchemy
lib\sqlalchemy\testing\suite\__init__.py,lib\sqlalchemy\testing\suite\test_reflection.py,sqlalchemy/sqlalchemy
lib\sqlalchemy\testing\suite\__init__.py,lib\sqlalchemy\testing\suite\test_rowcount.py,sqlalchemy/sqlalchemy
lib\sqlalchemy\testing\suite\__init__.py,lib\sqlalchemy\testing\suite\test_update_delete.py,sqlalchemy/sqlalchemy
lib\sqlalchemy\testing\suite\__init__.py,lib\sqlalchemy\testing\suite\test_table_via_select.py,sqlalchemy/sqlalchemy
lib\sqlalchemy\testing\suite\__init__.py,lib\sqlalchemy\testing\suite\test_select.py,sqlalchemy/sqlalchemy
lib\sqlalchemy\testing\suite\__init__.py,lib\sqlalchemy\testing\suite\test_cte.py,sqlalchemy/sqlalchemy
lib\sqlalchemy\testing\suite\__init__.py,lib\sqlalchemy\testing\suite\test_unicode_ddl.py,sqlalchemy/sqlalchemy
lib\sqlalchemy\ext\asyncio\base.py,lib\sqlalchemy\util\typing.py,sqlalchemy/sqlalchemy
lib\sqlalchemy\ext\asyncio\base.py,lib\sqlalchemy\connectors\asyncio.py,sqlalchemy/sqlalchemy
lib\sqlalchemy\ext\asyncio\engine.py,lib\sqlalchemy\util\typing.py,sqlalchemy/sqlalchemy
lib\sqlalchemy\ext\asyncio\engine.py,lib\sqlalchemy\engine\result.py,sqlalchemy/sqlalchemy
lib\sqlalchemy\ext\asyncio\engine.py,lib\sqlalchemy\exc.py,sqlalchemy/sqlalchemy
lib\sqlalchemy\ext\asyncio\engine.py,lib\sqlalchemy\engine\interfaces.py,sqlalchemy/sqlalchemy
lib\sqlalchemy\ext\asyncio\engine.py,lib\sqlalchemy\engine\base.py,sqlalchemy/sqlalchemy
lib\sqlalchemy\ext\asyncio\engine.py,lib\sqlalchemy\engine\cursor.py,sqlalchemy/sqlalchemy
lib\sqlalchemy\ext\asyncio\engine.py,lib\sqlalchemy\sql\_typing.py,sqlalchemy/sqlalchemy
lib\sqlalchemy\ext\asyncio\engine.py,lib\sqlalchemy\engine\__init__.py,sqlalchemy/sqlalchemy
lib\sqlalchemy\ext\asyncio\engine.py,lib\sqlalchemy\engine\util.py,sqlalchemy/sqlalchemy
lib\sqlalchemy\ext\asyncio\engine.py,lib\sqlalchemy\pool\__init__.py,sqlalchemy/sqlalchemy
lib\sqlalchemy\ext\asyncio\engine.py,lib\sqlalchemy\sql\base.py,sqlalchemy/sqlalchemy
lib\sqlalchemy\ext\asyncio\engine.py,lib\sqlalchemy\engine\url.py,sqlalchemy/sqlalchemy
lib\sqlalchemy\ext\asyncio\engine.py,lib\sqlalchemy\sql\selectable.py,sqlalchemy/sqlalchemy
lib\sqlalchemy\ext\asyncio\engine.py,lib\sqlalchemy\util\concurrency.py,sqlalchemy/sqlalchemy
lib\sqlalchemy\ext\asyncio\result.py,lib\sqlalchemy\util\typing.py,sqlalchemy/sqlalchemy
lib\sqlalchemy\ext\asyncio\result.py,lib\sqlalchemy\engine\result.py,sqlalchemy/sqlalchemy
lib\sqlalchemy\ext\asyncio\result.py,lib\sqlalchemy\engine\__init__.py,sqlalchemy/sqlalchemy
lib\sqlalchemy\ext\asyncio\result.py,lib\sqlalchemy\sql\base.py,sqlalchemy/sqlalchemy
lib\sqlalchemy\ext\asyncio\result.py,lib\sqlalchemy\engine\row.py,sqlalchemy/sqlalchemy
lib\sqlalchemy\ext\asyncio\result.py,lib\sqlalchemy\engine\util.py,sqlalchemy/sqlalchemy
lib\sqlalchemy\ext\asyncio\result.py,lib\sqlalchemy\util\concurrency.py,sqlalchemy/sqlalchemy
lib\sqlalchemy\ext\asyncio\scoping.py,lib\sqlalchemy\util\typing.py,sqlalchemy/sqlalchemy
lib\sqlalchemy\ext\asyncio\scoping.py,lib\sqlalchemy\orm\session.py,sqlalchemy/sqlalchemy
lib\sqlalchemy\ext\asyncio\scoping.py,lib\sqlalchemy\engine\__init__.py,sqlalchemy/sqlalchemy
lib\sqlalchemy\ext\asyncio\scoping.py,lib\sqlalchemy\orm\identity.py,sqlalchemy/sqlalchemy
lib\sqlalchemy\ext\asyncio\scoping.py,lib\sqlalchemy\orm\interfaces.py,sqlalchemy/sqlalchemy
lib\sqlalchemy\ext\asyncio\scoping.py,lib\sqlalchemy\sql\base.py,sqlalchemy/sqlalchemy
lib\sqlalchemy\ext\asyncio\scoping.py,lib\sqlalchemy\engine\util.py,sqlalchemy/sqlalchemy
lib\sqlalchemy\ext\asyncio\scoping.py,lib\sqlalchemy\engine\interfaces.py,sqlalchemy/sqlalchemy
lib\sqlalchemy\ext\asyncio\scoping.py,lib\sqlalchemy\sql\_typing.py,sqlalchemy/sqlalchemy
lib\sqlalchemy\ext\asyncio\scoping.py,lib\sqlalchemy\sql\selectable.py,sqlalchemy/sqlalchemy
lib\sqlalchemy\ext\asyncio\scoping.py,lib\sqlalchemy\engine\result.py,sqlalchemy/sqlalchemy
lib\sqlalchemy\ext\asyncio\scoping.py,lib\sqlalchemy\orm\_typing.py,sqlalchemy/sqlalchemy
lib\sqlalchemy\ext\asyncio\scoping.py,lib\sqlalchemy\sql\elements.py,sqlalchemy/sqlalchemy
lib\sqlalchemy\ext\asyncio\session.py,lib\sqlalchemy\util\typing.py,sqlalchemy/sqlalchemy
lib\sqlalchemy\ext\asyncio\session.py,lib\sqlalchemy\engine\base.py,sqlalchemy/sqlalchemy
lib\sqlalchemy\ext\asyncio\session.py,lib\sqlalchemy\util\concurrency.py,sqlalchemy/sqlalchemy
lib\sqlalchemy\ext\asyncio\session.py,lib\sqlalchemy\engine\__init__.py,sqlalchemy/sqlalchemy
lib\sqlalchemy\ext\asyncio\session.py,lib\sqlalchemy\orm\_typing.py,sqlalchemy/sqlalchemy
lib\sqlalchemy\ext\asyncio\session.py,lib\sqlalchemy\orm\session.py,sqlalchemy/sqlalchemy
lib\sqlalchemy\ext\asyncio\session.py,lib\sqlalchemy\engine\result.py,sqlalchemy/sqlalchemy
lib\sqlalchemy\ext\asyncio\session.py,lib\sqlalchemy\event\__init__.py,sqlalchemy/sqlalchemy
lib\sqlalchemy\ext\asyncio\session.py,lib\sqlalchemy\orm\identity.py,sqlalchemy/sqlalchemy
lib\sqlalchemy\ext\asyncio\session.py,lib\sqlalchemy\orm\__init__.py,sqlalchemy/sqlalchemy
lib\sqlalchemy\ext\asyncio\session.py,lib\sqlalchemy\engine\interfaces.py,sqlalchemy/sqlalchemy
lib\sqlalchemy\ext\asyncio\session.py,lib\sqlalchemy\orm\interfaces.py,sqlalchemy/sqlalchemy
lib\sqlalchemy\ext\asyncio\session.py,lib\sqlalchemy\sql\elements.py,sqlalchemy/sqlalchemy
lib\sqlalchemy\ext\asyncio\session.py,lib\sqlalchemy\engine\util.py,sqlalchemy/sqlalchemy
lib\sqlalchemy\ext\asyncio\session.py,lib\sqlalchemy\sql\selectable.py,sqlalchemy/sqlalchemy
lib\sqlalchemy\ext\asyncio\session.py,lib\sqlalchemy\sql\base.py,sqlalchemy/sqlalchemy
lib\sqlalchemy\ext\asyncio\session.py,lib\sqlalchemy\sql\_typing.py,sqlalchemy/sqlalchemy
lib\sqlalchemy\ext\asyncio\__init__.py,lib\sqlalchemy\engine\__init__.py,sqlalchemy/sqlalchemy
lib\sqlalchemy\ext\asyncio\__init__.py,lib\sqlalchemy\engine\result.py,sqlalchemy/sqlalchemy
lib\sqlalchemy\ext\asyncio\__init__.py,lib\sqlalchemy\orm\session.py,sqlalchemy/sqlalchemy
lib\sqlalchemy\ext\asyncio\__init__.py,lib\sqlalchemy\orm\scoping.py,sqlalchemy/sqlalchemy
lib\sqlalchemy\ext\asyncio\__init__.py,lib\sqlalchemy\engine\util.py,sqlalchemy/sqlalchemy
lib\sqlalchemy\ext\declarative\extensions.py,lib\sqlalchemy\orm\collections.py,sqlalchemy/sqlalchemy
lib\sqlalchemy\ext\declarative\extensions.py,lib\sqlalchemy\orm\util.py,sqlalchemy/sqlalchemy
lib\sqlalchemy\ext\declarative\extensions.py,lib\sqlalchemy\util\typing.py,sqlalchemy/sqlalchemy
lib\sqlalchemy\ext\declarative\extensions.py,lib\sqlalchemy\engine\__init__.py,sqlalchemy/sqlalchemy
lib\sqlalchemy\ext\declarative\extensions.py,lib\sqlalchemy\orm\decl_base.py,sqlalchemy/sqlalchemy
lib\sqlalchemy\ext\declarative\extensions.py,lib\sqlalchemy\orm\__init__.py,sqlalchemy/sqlalchemy
lib\sqlalchemy\ext\declarative\extensions.py,lib\sqlalchemy\orm\clsregistry.py,sqlalchemy/sqlalchemy
lib\sqlalchemy\ext\declarative\extensions.py,lib\sqlalchemy\engine\util.py,sqlalchemy/sqlalchemy
lib\sqlalchemy\ext\declarative\extensions.py,lib\sqlalchemy\orm\base.py,sqlalchemy/sqlalchemy
lib\sqlalchemy\ext\declarative\extensions.py,lib\sqlalchemy\sql\schema.py,sqlalchemy/sqlalchemy
lib\sqlalchemy\ext\declarative\extensions.py,lib\sqlalchemy\schema.py,sqlalchemy/sqlalchemy
lib\sqlalchemy\ext\declarative\__init__.py,lib\sqlalchemy\orm\decl_api.py,sqlalchemy/sqlalchemy
lib\sqlalchemy\ext\declarative\__init__.py,lib\sqlalchemy\ext\declarative\extensions.py,sqlalchemy/sqlalchemy
lib\sqlalchemy\dialects\mssql\aioodbc.py,lib\sqlalchemy\engine\base.py,sqlalchemy/sqlalchemy
lib\sqlalchemy\dialects\mssql\aioodbc.py,lib\sqlalchemy\connectors\pyodbc.py,sqlalchemy/sqlalchemy
lib\sqlalchemy\dialects\mssql\aioodbc.py,lib\sqlalchemy\connectors\aioodbc.py,sqlalchemy/sqlalchemy
lib\sqlalchemy\dialects\mssql\base.py,lib\sqlalchemy\util\typing.py,sqlalchemy/sqlalchemy
lib\sqlalchemy\dialects\mssql\base.py,lib\sqlalchemy\engine\__init__.py,sqlalchemy/sqlalchemy
lib\sqlalchemy\dialects\mssql\base.py,lib\sqlalchemy\sql\__init__.py,sqlalchemy/sqlalchemy
lib\sqlalchemy\dialects\mssql\base.py,lib\sqlalchemy\types.py,sqlalchemy/sqlalchemy
lib\sqlalchemy\dialects\mssql\base.py,lib\sqlalchemy\dialects\mssql\json.py,sqlalchemy/sqlalchemy
lib\sqlalchemy\dialects\mssql\base.py,lib\sqlalchemy\sql\ddl.py,sqlalchemy/sqlalchemy
lib\sqlalchemy\dialects\mssql\base.py,lib\sqlalchemy\sql\dml.py,sqlalchemy/sqlalchemy
lib\sqlalchemy\dialects\mssql\base.py,lib\sqlalchemy\sql\_typing.py,sqlalchemy/sqlalchemy
lib\sqlalchemy\dialects\mssql\base.py,lib\sqlalchemy\sql\selectable.py,sqlalchemy/sqlalchemy
lib\sqlalchemy\dialects\mssql\base.py,lib\sqlalchemy\engine\reflection.py,sqlalchemy/sqlalchemy
lib\sqlalchemy\dialects\mssql\base.py,lib\sqlalchemy\sql\compiler.py,sqlalchemy/sqlalchemy
lib\sqlalchemy\dialects\mssql\base.py,lib\sqlalchemy\sql\elements.py,sqlalchemy/sqlalchemy
lib\sqlalchemy\dialects\mssql\base.py,lib\sqlalchemy\engine\util.py,sqlalchemy/sqlalchemy
lib\sqlalchemy\dialects\mssql\information_schema.py,lib\sqlalchemy\ext\compiler.py,sqlalchemy/sqlalchemy
lib\sqlalchemy\dialects\mssql\information_schema.py,lib\sqlalchemy\sql\__init__.py,sqlalchemy/sqlalchemy
lib\sqlalchemy\dialects\mssql\information_schema.py,lib\sqlalchemy\types.py,sqlalchemy/sqlalchemy
lib\sqlalchemy\dialects\mssql\json.py,lib\sqlalchemy\util\typing.py,sqlalchemy/sqlalchemy
lib\sqlalchemy\dialects\mssql\json.py,lib\sqlalchemy\engine\interfaces.py,sqlalchemy/sqlalchemy
lib\sqlalchemy\dialects\mssql\json.py,lib\sqlalchemy\sql\sqltypes.py,sqlalchemy/sqlalchemy
lib\sqlalchemy\dialects\mssql\json.py,lib\sqlalchemy\sql\type_api.py,sqlalchemy/sqlalchemy
lib\sqlalchemy\dialects\mssql\mssqlpython.py,lib\sqlalchemy\util\typing.py,sqlalchemy/sqlalchemy
lib\sqlalchemy\dialects\mssql\mssqlpython.py,lib\sqlalchemy\engine\interfaces.py,sqlalchemy/sqlalchemy
lib\sqlalchemy\dialects\mssql\mssqlpython.py,lib\sqlalchemy\engine\base.py,sqlalchemy/sqlalchemy
lib\sqlalchemy\dialects\mssql\mssqlpython.py,lib\sqlalchemy\sql\__init__.py,sqlalchemy/sqlalchemy
lib\sqlalchemy\dialects\mssql\mssqlpython.py,lib\sqlalchemy\engine\__init__.py,sqlalchemy/sqlalchemy
lib\sqlalchemy\dialects\mssql\mssqlpython.py,lib\sqlalchemy\connectors\pyodbc.py,sqlalchemy/sqlalchemy
lib\sqlalchemy\dialects\mssql\provision.py,lib\sqlalchemy\schema.py,sqlalchemy/sqlalchemy
lib\sqlalchemy\dialects\mssql\provision.py,lib\sqlalchemy\testing\provision.py,sqlalchemy/sqlalchemy
lib\sqlalchemy\dialects\mssql\provision.py,lib\sqlalchemy\__init__.py,sqlalchemy/sqlalchemy
lib\sqlalchemy\dialects\mssql\pymssql.py,lib\sqlalchemy\engine\base.py,sqlalchemy/sqlalchemy
lib\sqlalchemy\dialects\mssql\pymssql.py,lib\sqlalchemy\engine\__init__.py,sqlalchemy/sqlalchemy
lib\sqlalchemy\dialects\mssql\pyodbc.py,lib\sqlalchemy\engine\base.py,sqlalchemy/sqlalchemy
lib\sqlalchemy\dialects\mssql\pyodbc.py,lib\sqlalchemy\dialects\mssql\json.py,sqlalchemy/sqlalchemy
lib\sqlalchemy\dialects\mssql\pyodbc.py,lib\sqlalchemy\connectors\pyodbc.py,sqlalchemy/sqlalchemy
lib\sqlalchemy\dialects\mssql\__init__.py,lib\sqlalchemy\engine\base.py,sqlalchemy/sqlalchemy
lib\sqlalchemy\dialects\mssql\__init__.py,lib\sqlalchemy\sql\__init__.py,sqlalchemy/sqlalchemy
lib\sqlalchemy\dialects\mysql\aiomysql.py,lib\sqlalchemy\util\typing.py,sqlalchemy/sqlalchemy
lib\sqlalchemy\dialects\mysql\aiomysql.py,lib\sqlalchemy\connectors\asyncio.py,sqlalchemy/sqlalchemy
lib\sqlalchemy\dialects\mysql\aiomysql.py,lib\sqlalchemy\engine\interfaces.py,sqlalchemy/sqlalchemy
lib\sqlalchemy\dialects\mysql\aiomysql.py,lib\sqlalchemy\dialects\mysql\pymysql.py,sqlalchemy/sqlalchemy
lib\sqlalchemy\dialects\mysql\aiomysql.py,lib\sqlalchemy\engine\util.py,sqlalchemy/sqlalchemy
lib\sqlalchemy\dialects\mysql\aiomysql.py,lib\sqlalchemy\util\concurrency.py,sqlalchemy/sqlalchemy
lib\sqlalchemy\dialects\mysql\aiomysql.py,lib\sqlalchemy\types.py,sqlalchemy/sqlalchemy
lib\sqlalchemy\dialects\mysql\aiomysql.py,lib\sqlalchemy\engine\url.py,sqlalchemy/sqlalchemy
lib\sqlalchemy\dialects\mysql\asyncmy.py,lib\sqlalchemy\util\typing.py,sqlalchemy/sqlalchemy
lib\sqlalchemy\dialects\mysql\asyncmy.py,lib\sqlalchemy\connectors\asyncio.py,sqlalchemy/sqlalchemy
lib\sqlalchemy\dialects\mysql\asyncmy.py,lib\sqlalchemy\types.py,sqlalchemy/sqlalchemy
lib\sqlalchemy\dialects\mysql\asyncmy.py,lib\sqlalchemy\engine\interfaces.py,sqlalchemy/sqlalchemy
lib\sqlalchemy\dialects\mysql\asyncmy.py,lib\sqlalchemy\dialects\mysql\pymysql.py,sqlalchemy/sqlalchemy
lib\sqlalchemy\dialects\mysql\asyncmy.py,lib\sqlalchemy\engine\url.py,sqlalchemy/sqlalchemy
lib\sqlalchemy\dialects\mysql\asyncmy.py,lib\sqlalchemy\util\concurrency.py,sqlalchemy/sqlalchemy
lib\sqlalchemy\dialects\mysql\asyncmy.py,lib\sqlalchemy\engine\util.py,sqlalchemy/sqlalchemy
lib\sqlalchemy\dialects\mysql\base.py,lib\sqlalchemy\types.py,sqlalchemy/sqlalchemy
lib\sqlalchemy\dialects\mysql\base.py,lib\sqlalchemy\sql\__init__.py,sqlalchemy/sqlalchemy
lib\sqlalchemy\dialects\mysql\base.py,lib\sqlalchemy\engine\util.py,sqlalchemy/sqlalchemy
lib\sqlalchemy\dialects\mysql\base.py,lib\sqlalchemy\util\typing.py,sqlalchemy/sqlalchemy
lib\sqlalchemy\dialects\mysql\base.py,lib\sqlalchemy\engine\interfaces.py,sqlalchemy/sqlalchemy
lib\sqlalchemy\dialects\mysql\base.py,lib\sqlalchemy\sql\dml.py,sqlalchemy/sqlalchemy
lib\sqlalchemy\dialects\mysql\base.py,lib\sqlalchemy\engine\reflection.py,sqlalchemy/sqlalchemy
lib\sqlalchemy\dialects\mysql\base.py,lib\sqlalchemy\engine\base.py,sqlalchemy/sqlalchemy
lib\sqlalchemy\dialects\mysql\base.py,lib\sqlalchemy\sql\compiler.py,sqlalchemy/sqlalchemy
lib\sqlalchemy\dialects\mysql\base.py,lib\sqlalchemy\dialects\mysql\enumerated.py,sqlalchemy/sqlalchemy
lib\sqlalchemy\dialects\mysql\base.py,lib\sqlalchemy\dialects\mssql\json.py,sqlalchemy/sqlalchemy
lib\sqlalchemy\dialects\mysql\base.py,lib\sqlalchemy\schema.py,sqlalchemy/sqlalchemy
lib\sqlalchemy\dialects\mysql\base.py,lib\sqlalchemy\sql\functions.py,sqlalchemy/sqlalchemy
lib\sqlalchemy\dialects\mysql\base.py,lib\sqlalchemy\sql\visitors.py,sqlalchemy/sqlalchemy
lib\sqlalchemy\dialects\mysql\base.py,lib\sqlalchemy\sql\sqltypes.py,sqlalchemy/sqlalchemy
lib\sqlalchemy\dialects\mysql\base.py,lib\sqlalchemy\engine\result.py,sqlalchemy/sqlalchemy
lib\sqlalchemy\dialects\mysql\base.py,lib\sqlalchemy\engine\__init__.py,sqlalchemy/sqlalchemy
lib\sqlalchemy\dialects\mysql\base.py,lib\sqlalchemy\engine\row.py,sqlalchemy/sqlalchemy
lib\sqlalchemy\dialects\mysql\base.py,lib\sqlalchemy\orm\collections.py,sqlalchemy/sqlalchemy
lib\sqlalchemy\dialects\mysql\base.py,lib\sqlalchemy\dialects\mysql\dml.py,sqlalchemy/sqlalchemy
lib\sqlalchemy\dialects\mysql\base.py,lib\sqlalchemy\sql\type_api.py,sqlalchemy/sqlalchemy
lib\sqlalchemy\dialects\mysql\base.py,lib\sqlalchemy\dialects\mysql\reserved_words.py,sqlalchemy/sqlalchemy
lib\sqlalchemy\dialects\mysql\base.py,lib\sqlalchemy\dialects\mysql\__init__.py,sqlalchemy/sqlalchemy
lib\sqlalchemy\dialects\mysql\base.py,lib\sqlalchemy\engine\cursor.py,sqlalchemy/sqlalchemy
lib\sqlalchemy\dialects\mysql\cymysql.py,lib\sqlalchemy\engine\interfaces.py,sqlalchemy/sqlalchemy
lib\sqlalchemy\dialects\mysql\cymysql.py,lib\sqlalchemy\util\typing.py,sqlalchemy/sqlalchemy
lib\sqlalchemy\dialects\mysql\cymysql.py,lib\sqlalchemy\engine\base.py,sqlalchemy/sqlalchemy
lib\sqlalchemy\dialects\mysql\cymysql.py,lib\sqlalchemy\dialects\mysql\mysqldb.py,sqlalchemy/sqlalchemy
lib\sqlalchemy\dialects\mysql\cymysql.py,lib\sqlalchemy\sql\type_api.py,sqlalchemy/sqlalchemy
lib\sqlalchemy\dialects\mysql\cymysql.py,lib\sqlalchemy\types.py,sqlalchemy/sqlalchemy
lib\sqlalchemy\dialects\mysql\dml.py,lib\sqlalchemy\sql\sqltypes.py,sqlalchemy/sqlalchemy
lib\sqlalchemy\dialects\mysql\dml.py,lib\sqlalchemy\sql\visitors.py,sqlalchemy/sqlalchemy
lib\sqlalchemy\dialects\mysql\dml.py,lib\sqlalchemy\sql\__init__.py,sqlalchemy/sqlalchemy
lib\sqlalchemy\dialects\mysql\dml.py,lib\sqlalchemy\sql\base.py,sqlalchemy/sqlalchemy
lib\sqlalchemy\dialects\mysql\dml.py,lib\sqlalchemy\sql\dml.py,sqlalchemy/sqlalchemy
lib\sqlalchemy\dialects\mysql\dml.py,lib\sqlalchemy\util\typing.py,sqlalchemy/sqlalchemy
lib\sqlalchemy\dialects\mysql\dml.py,lib\sqlalchemy\sql\elements.py,sqlalchemy/sqlalchemy
lib\sqlalchemy\dialects\mysql\dml.py,lib\sqlalchemy\sql\_typing.py,sqlalchemy/sqlalchemy
lib\sqlalchemy\dialects\mysql\dml.py,lib\sqlalchemy\sql\selectable.py,sqlalchemy/sqlalchemy
lib\sqlalchemy\dialects\mysql\dml.py,lib\sqlalchemy\sql\expression.py,sqlalchemy/sqlalchemy
lib\sqlalchemy\dialects\mysql\enumerated.py,lib\sqlalchemy\sql\__init__.py,sqlalchemy/sqlalchemy
lib\sqlalchemy\dialects\mysql\enumerated.py,lib\sqlalchemy\sql\type_api.py,sqlalchemy/sqlalchemy
lib\sqlalchemy\dialects\mysql\enumerated.py,lib\sqlalchemy\util\typing.py,sqlalchemy/sqlalchemy
lib\sqlalchemy\dialects\mysql\enumerated.py,lib\sqlalchemy\types.py,sqlalchemy/sqlalchemy
lib\sqlalchemy\dialects\mysql\enumerated.py,lib\sqlalchemy\engine\interfaces.py,sqlalchemy/sqlalchemy
lib\sqlalchemy\dialects\mysql\enumerated.py,lib\sqlalchemy\sql\elements.py,sqlalchemy/sqlalchemy
lib\sqlalchemy\dialects\mysql\expression.py,lib\sqlalchemy\sql\__init__.py,sqlalchemy/sqlalchemy
lib\sqlalchemy\dialects\mysql\expression.py,lib\sqlalchemy\sql\base.py,sqlalchemy/sqlalchemy
lib\sqlalchemy\dialects\mysql\expression.py,lib\sqlalchemy\util\typing.py,sqlalchemy/sqlalchemy
lib\sqlalchemy\dialects\mysql\json.py,lib\sqlalchemy\util\typing.py,sqlalchemy/sqlalchemy
lib\sqlalchemy\dialects\mysql\json.py,lib\sqlalchemy\engine\interfaces.py,sqlalchemy/sqlalchemy
lib\sqlalchemy\dialects\mysql\json.py,lib\sqlalchemy\sql\sqltypes.py,sqlalchemy/sqlalchemy
lib\sqlalchemy\dialects\mysql\json.py,lib\sqlalchemy\sql\type_api.py,sqlalchemy/sqlalchemy
lib\sqlalchemy\dialects\mysql\mariadb.py,lib\sqlalchemy\util\typing.py,sqlalchemy/sqlalchemy
lib\sqlalchemy\dialects\mysql\mariadb.py,lib\sqlalchemy\engine\base.py,sqlalchemy/sqlalchemy
lib\sqlalchemy\dialects\mysql\mariadb.py,lib\sqlalchemy\sql\__init__.py,sqlalchemy/sqlalchemy
lib\sqlalchemy\dialects\mysql\mariadbconnector.py,lib\sqlalchemy\util\typing.py,sqlalchemy/sqlalchemy
lib\sqlalchemy\dialects\mysql\mariadbconnector.py,lib\sqlalchemy\sql\compiler.py,sqlalchemy/sqlalchemy
lib\sqlalchemy\dialects\mysql\mariadbconnector.py,lib\sqlalchemy\engine\interfaces.py,sqlalchemy/sqlalchemy
lib\sqlalchemy\dialects\mysql\mariadbconnector.py,lib\sqlalchemy\dialects\mysql\mariadb.py,sqlalchemy/sqlalchemy
lib\sqlalchemy\dialects\mysql\mariadbconnector.py,lib\sqlalchemy\engine\base.py,sqlalchemy/sqlalchemy
lib\sqlalchemy\dialects\mysql\mariadbconnector.py,lib\sqlalchemy\sql\__init__.py,sqlalchemy/sqlalchemy
lib\sqlalchemy\dialects\mysql\mariadbconnector.py,lib\sqlalchemy\sql\type_api.py,sqlalchemy/sqlalchemy
lib\sqlalchemy\dialects\mysql\mariadbconnector.py,lib\sqlalchemy\engine\url.py,sqlalchemy/sqlalchemy
lib\sqlalchemy\dialects\mysql\mysqlconnector.py,lib\sqlalchemy\util\typing.py,sqlalchemy/sqlalchemy
lib\sqlalchemy\dialects\mysql\mysqlconnector.py,lib\sqlalchemy\sql\elements.py,sqlalchemy/sqlalchemy
lib\sqlalchemy\dialects\mysql\mysqlconnector.py,lib\sqlalchemy\dialects\mysql\__init__.py,sqlalchemy/sqlalchemy
lib\sqlalchemy\dialects\mysql\mysqlconnector.py,lib\sqlalchemy\dialects\mysql\mariadb.py,sqlalchemy/sqlalchemy
lib\sqlalchemy\dialects\mysql\mysqlconnector.py,lib\sqlalchemy\engine\interfaces.py,sqlalchemy/sqlalchemy
lib\sqlalchemy\dialects\mysql\mysqlconnector.py,lib\sqlalchemy\engine\base.py,sqlalchemy/sqlalchemy
lib\sqlalchemy\dialects\mysql\mysqlconnector.py,lib\sqlalchemy\engine\cursor.py,sqlalchemy/sqlalchemy
lib\sqlalchemy\dialects\mysql\mysqlconnector.py,lib\sqlalchemy\types.py,sqlalchemy/sqlalchemy
lib\sqlalchemy\dialects\mysql\mysqlconnector.py,lib\sqlalchemy\engine\row.py,sqlalchemy/sqlalchemy
lib\sqlalchemy\dialects\mysql\mysqlconnector.py,lib\sqlalchemy\engine\url.py,sqlalchemy/sqlalchemy
lib\sqlalchemy\dialects\mysql\mysqldb.py,lib\sqlalchemy\util\typing.py,sqlalchemy/sqlalchemy
lib\sqlalchemy\dialects\mysql\mysqldb.py,lib\sqlalchemy\engine\base.py,sqlalchemy/sqlalchemy
lib\sqlalchemy\dialects\mysql\mysqldb.py,lib\sqlalchemy\engine\interfaces.py,sqlalchemy/sqlalchemy
lib\sqlalchemy\dialects\mysql\mysqldb.py,lib\sqlalchemy\engine\url.py,sqlalchemy/sqlalchemy
lib\sqlalchemy\dialects\mysql\provision.py,lib\sqlalchemy\testing\provision.py,sqlalchemy/sqlalchemy
lib\sqlalchemy\dialects\mysql\provision.py,lib\sqlalchemy\dialects\mysql\__init__.py,sqlalchemy/sqlalchemy
lib\sqlalchemy\dialects\mysql\pymysql.py,lib\sqlalchemy\engine\url.py,sqlalchemy/sqlalchemy
lib\sqlalchemy\dialects\mysql\pymysql.py,lib\sqlalchemy\engine\interfaces.py,sqlalchemy/sqlalchemy
lib\sqlalchemy\dialects\mysql\pymysql.py,lib\sqlalchemy\util\typing.py,sqlalchemy/sqlalchemy
lib\sqlalchemy\dialects\mysql\pymysql.py,lib\sqlalchemy\dialects\mysql\mysqldb.py,sqlalchemy/sqlalchemy
lib\sqlalchemy\dialects\mysql\pymysql.py,lib\sqlalchemy\engine\util.py,sqlalchemy/sqlalchemy
lib\sqlalchemy\dialects\mysql\pyodbc.py,lib\sqlalchemy\engine\interfaces.py,sqlalchemy/sqlalchemy
lib\sqlalchemy\dialects\mysql\pyodbc.py,lib\sqlalchemy\util\typing.py,sqlalchemy/sqlalchemy
lib\sqlalchemy\dialects\mysql\pyodbc.py,lib\sqlalchemy\engine\base.py,sqlalchemy/sqlalchemy
lib\sqlalchemy\dialects\mysql\pyodbc.py,lib\sqlalchemy\engine\__init__.py,sqlalchemy/sqlalchemy
lib\sqlalchemy\dialects\mysql\pyodbc.py,lib\sqlalchemy\sql\sqltypes.py,sqlalchemy/sqlalchemy
lib\sqlalchemy\dialects\mysql\pyodbc.py,lib\sqlalchemy\sql\type_api.py,sqlalchemy/sqlalchemy
lib\sqlalchemy\dialects\mysql\pyodbc.py,lib\sqlalchemy\types.py,sqlalchemy/sqlalchemy
lib\sqlalchemy\dialects\mysql\pyodbc.py,lib\sqlalchemy\connectors\pyodbc.py,sqlalchemy/sqlalchemy
lib\sqlalchemy\dialects\mysql\reflection.py,lib\sqlalchemy\util\typing.py,sqlalchemy/sqlalchemy
lib\sqlalchemy\dialects\mysql\reflection.py,lib\sqlalchemy\engine\base.py,sqlalchemy/sqlalchemy
lib\sqlalchemy\dialects\mysql\reflection.py,lib\sqlalchemy\types.py,sqlalchemy/sqlalchemy
lib\sqlalchemy\dialects\mysql\reflection.py,lib\sqlalchemy\engine\interfaces.py,sqlalchemy/sqlalchemy
lib\sqlalchemy\dialects\mysql\reflection.py,lib\sqlalchemy\dialects\mysql\enumerated.py,sqlalchemy/sqlalchemy
lib\sqlalchemy\dialects\mysql\types.py,lib\sqlalchemy\util\typing.py,sqlalchemy/sqlalchemy
lib\sqlalchemy\dialects\mysql\types.py,lib\sqlalchemy\sql\__init__.py,sqlalchemy/sqlalchemy
lib\sqlalchemy\dialects\mysql\types.py,lib\sqlalchemy\engine\base.py,sqlalchemy/sqlalchemy
lib\sqlalchemy\dialects\mysql\types.py,lib\sqlalchemy\sql\type_api.py,sqlalchemy/sqlalchemy
lib\sqlalchemy\dialects\mysql\types.py,lib\sqlalchemy\engine\interfaces.py,sqlalchemy/sqlalchemy
lib\sqlalchemy\dialects\mysql\_mariadb_shim.py,lib\sqlalchemy\engine\__init__.py,sqlalchemy/sqlalchemy
lib\sqlalchemy\dialects\mysql\_mariadb_shim.py,lib\sqlalchemy\sql\schema.py,sqlalchemy/sqlalchemy
lib\sqlalchemy\dialects\mysql\_mariadb_shim.py,lib\sqlalchemy\util\typing.py,sqlalchemy/sqlalchemy
lib\sqlalchemy\dialects\mysql\_mariadb_shim.py,lib\sqlalchemy\sql\__init__.py,sqlalchemy/sqlalchemy
lib\sqlalchemy\dialects\mysql\_mariadb_shim.py,lib\sqlalchemy\sql\sqltypes.py,sqlalchemy/sqlalchemy
lib\sqlalchemy\dialects\mysql\_mariadb_shim.py,lib\sqlalchemy\engine\interfaces.py,sqlalchemy/sqlalchemy
lib\sqlalchemy\dialects\mysql\_mariadb_shim.py,lib\sqlalchemy\dialects\mysql\mariadb.py,sqlalchemy/sqlalchemy
lib\sqlalchemy\dialects\mysql\_mariadb_shim.py,lib\sqlalchemy\sql\compiler.py,sqlalchemy/sqlalchemy
lib\sqlalchemy\dialects\mysql\_mariadb_shim.py,lib\sqlalchemy\engine\base.py,sqlalchemy/sqlalchemy
lib\sqlalchemy\dialects\mysql\_mariadb_shim.py,lib\sqlalchemy\engine\default.py,sqlalchemy/sqlalchemy
lib\sqlalchemy\dialects\mysql\_mariadb_shim.py,lib\sqlalchemy\sql\type_api.py,sqlalchemy/sqlalchemy
lib\sqlalchemy\dialects\mysql\_mariadb_shim.py,lib\sqlalchemy\dialects\mysql\reserved_words.py,sqlalchemy/sqlalchemy
lib\sqlalchemy\dialects\mysql\__init__.py,lib\sqlalchemy\engine\base.py,sqlalchemy/sqlalchemy
lib\sqlalchemy\dialects\mysql\__init__.py,lib\sqlalchemy\sql\dml.py,sqlalchemy/sqlalchemy
lib\sqlalchemy\dialects\mysql\__init__.py,lib\sqlalchemy\sql\expression.py,sqlalchemy/sqlalchemy
lib\sqlalchemy\dialects\mysql\__init__.py,lib\sqlalchemy\dialects\mysql\mariadb.py,sqlalchemy/sqlalchemy
lib\sqlalchemy\dialects\oracle\base.py,lib\sqlalchemy\types.py,sqlalchemy/sqlalchemy
lib\sqlalchemy\dialects\oracle\base.py,lib\sqlalchemy\sql\__init__.py,sqlalchemy/sqlalchemy
lib\sqlalchemy\dialects\oracle\base.py,lib\sqlalchemy\sql\visitors.py,sqlalchemy/sqlalchemy
lib\sqlalchemy\dialects\oracle\base.py,lib\sqlalchemy\dialects\oracle\vector.py,sqlalchemy/sqlalchemy
lib\sqlalchemy\dialects\oracle\base.py,lib\sqlalchemy\orm\collections.py,sqlalchemy/sqlalchemy
lib\sqlalchemy\dialects\oracle\base.py,lib\sqlalchemy\util\typing.py,sqlalchemy/sqlalchemy
lib\sqlalchemy\dialects\oracle\base.py,lib\sqlalchemy\dialects\mssql\json.py,sqlalchemy/sqlalchemy
lib\sqlalchemy\dialects\oracle\base.py,lib\sqlalchemy\engine\__init__.py,sqlalchemy/sqlalchemy
lib\sqlalchemy\dialects\oracle\base.py,lib\sqlalchemy\engine\reflection.py,sqlalchemy/sqlalchemy
lib\sqlalchemy\dialects\oracle\base.py,lib\sqlalchemy\sql\base.py,sqlalchemy/sqlalchemy
lib\sqlalchemy\dialects\oracle\base.py,lib\sqlalchemy\sql\sqltypes.py,sqlalchemy/sqlalchemy
lib\sqlalchemy\dialects\oracle\base.py,lib\sqlalchemy\sql\compiler.py,sqlalchemy/sqlalchemy
lib\sqlalchemy\dialects\oracle\cx_oracle.py,lib\sqlalchemy\engine\base.py,sqlalchemy/sqlalchemy
lib\sqlalchemy\dialects\oracle\cx_oracle.py,lib\sqlalchemy\engine\__init__.py,sqlalchemy/sqlalchemy
lib\sqlalchemy\dialects\oracle\cx_oracle.py,lib\sqlalchemy\sql\base.py,sqlalchemy/sqlalchemy
lib\sqlalchemy\dialects\oracle\cx_oracle.py,lib\sqlalchemy\sql\sqltypes.py,sqlalchemy/sqlalchemy
lib\sqlalchemy\dialects\oracle\cx_oracle.py,lib\sqlalchemy\sql\__init__.py,sqlalchemy/sqlalchemy
lib\sqlalchemy\dialects\oracle\cx_oracle.py,lib\sqlalchemy\sql\_typing.py,sqlalchemy/sqlalchemy
lib\sqlalchemy\dialects\oracle\cx_oracle.py,lib\sqlalchemy\orm\collections.py,sqlalchemy/sqlalchemy
lib\sqlalchemy\dialects\oracle\cx_oracle.py,lib\sqlalchemy\dialects\mssql\json.py,sqlalchemy/sqlalchemy
lib\sqlalchemy\dialects\oracle\cx_oracle.py,lib\sqlalchemy\types.py,sqlalchemy/sqlalchemy
lib\sqlalchemy\dialects\oracle\dictionary.py,lib\sqlalchemy\types.py,sqlalchemy/sqlalchemy
lib\sqlalchemy\dialects\oracle\dictionary.py,lib\sqlalchemy\sql\sqltypes.py,sqlalchemy/sqlalchemy
lib\sqlalchemy\dialects\oracle\json.py,lib\sqlalchemy\util\typing.py,sqlalchemy/sqlalchemy
lib\sqlalchemy\dialects\oracle\json.py,lib\sqlalchemy\sql\base.py,sqlalchemy/sqlalchemy
lib\sqlalchemy\dialects\oracle\json.py,lib\sqlalchemy\sql\sqltypes.py,sqlalchemy/sqlalchemy
lib\sqlalchemy\dialects\oracle\json.py,lib\sqlalchemy\engine\interfaces.py,sqlalchemy/sqlalchemy
lib\sqlalchemy\dialects\oracle\json.py,lib\sqlalchemy\sql\type_api.py,sqlalchemy/sqlalchemy
lib\sqlalchemy\dialects\oracle\oracledb.py,lib\sqlalchemy\orm\collections.py,sqlalchemy/sqlalchemy
lib\sqlalchemy\dialects\oracle\oracledb.py,lib\sqlalchemy\util\typing.py,sqlalchemy/sqlalchemy
lib\sqlalchemy\dialects\oracle\oracledb.py,lib\sqlalchemy\connectors\asyncio.py,sqlalchemy/sqlalchemy
lib\sqlalchemy\dialects\oracle\oracledb.py,lib\sqlalchemy\engine\__init__.py,sqlalchemy/sqlalchemy
lib\sqlalchemy\dialects\oracle\oracledb.py,lib\sqlalchemy\engine\util.py,sqlalchemy/sqlalchemy
lib\sqlalchemy\dialects\oracle\provision.py,lib\sqlalchemy\testing\provision.py,sqlalchemy/sqlalchemy
lib\sqlalchemy\dialects\oracle\provision.py,lib\sqlalchemy\engine\__init__.py,sqlalchemy/sqlalchemy
lib\sqlalchemy\dialects\oracle\provision.py,lib\sqlalchemy\testing\warnings.py,sqlalchemy/sqlalchemy
lib\sqlalchemy\dialects\oracle\types.py,lib\sqlalchemy\util\typing.py,sqlalchemy/sqlalchemy
lib\sqlalchemy\dialects\oracle\types.py,lib\sqlalchemy\sql\__init__.py,sqlalchemy/sqlalchemy
lib\sqlalchemy\dialects\oracle\types.py,lib\sqlalchemy\types.py,sqlalchemy/sqlalchemy
lib\sqlalchemy\dialects\oracle\types.py,lib\sqlalchemy\engine\interfaces.py,sqlalchemy/sqlalchemy
lib\sqlalchemy\dialects\oracle\types.py,lib\sqlalchemy\sql\type_api.py,sqlalchemy/sqlalchemy
lib\sqlalchemy\dialects\oracle\vector.py,lib\sqlalchemy\dialects\postgresql\array.py,sqlalchemy/sqlalchemy
lib\sqlalchemy\dialects\oracle\vector.py,lib\sqlalchemy\util\typing.py,sqlalchemy/sqlalchemy
lib\sqlalchemy\dialects\oracle\vector.py,lib\sqlalchemy\sql\operators.py,sqlalchemy/sqlalchemy
lib\sqlalchemy\dialects\oracle\vector.py,lib\sqlalchemy\types.py,sqlalchemy/sqlalchemy
lib\sqlalchemy\dialects\oracle\__init__.py,lib\sqlalchemy\engine\base.py,sqlalchemy/sqlalchemy
lib\sqlalchemy\dialects\oracle\__init__.py,lib\sqlalchemy\dialects\oracle\vector.py,sqlalchemy/sqlalchemy
lib\sqlalchemy\dialects\oracle\__init__.py,lib\sqlalchemy\types.py,sqlalchemy/sqlalchemy
lib\sqlalchemy\dialects\oracle\__init__.py,lib\sqlalchemy\dialects\mssql\json.py,sqlalchemy/sqlalchemy
lib\sqlalchemy\dialects\postgresql\array.py,lib\sqlalchemy\util\typing.py,sqlalchemy/sqlalchemy
lib\sqlalchemy\dialects\postgresql\array.py,lib\sqlalchemy\sql\type_api.py,sqlalchemy/sqlalchemy
lib\sqlalchemy\dialects\postgresql\array.py,lib\sqlalchemy\sql\_typing.py,sqlalchemy/sqlalchemy
lib\sqlalchemy\dialects\postgresql\array.py,lib\sqlalchemy\sql\__init__.py,sqlalchemy/sqlalchemy
lib\sqlalchemy\dialects\postgresql\array.py,lib\sqlalchemy\sql\operators.py,sqlalchemy/sqlalchemy
lib\sqlalchemy\dialects\postgresql\array.py,lib\sqlalchemy\sql\visitors.py,sqlalchemy/sqlalchemy
lib\sqlalchemy\dialects\postgresql\array.py,lib\sqlalchemy\engine\interfaces.py,sqlalchemy/sqlalchemy
lib\sqlalchemy\dialects\postgresql\array.py,lib\sqlalchemy\sql\elements.py,sqlalchemy/sqlalchemy
lib\sqlalchemy\dialects\postgresql\array.py,lib\sqlalchemy\sql\expression.py,sqlalchemy/sqlalchemy
lib\sqlalchemy\dialects\postgresql\array.py,lib\sqlalchemy\sql\selectable.py,sqlalchemy/sqlalchemy
lib\sqlalchemy\dialects\postgresql\asyncpg.py,lib\sqlalchemy\dialects\mssql\json.py,sqlalchemy/sqlalchemy
lib\sqlalchemy\dialects\postgresql\asyncpg.py,lib\sqlalchemy\util\typing.py,sqlalchemy/sqlalchemy
lib\sqlalchemy\dialects\postgresql\asyncpg.py,lib\sqlalchemy\engine\base.py,sqlalchemy/sqlalchemy
lib\sqlalchemy\dialects\postgresql\asyncpg.py,lib\sqlalchemy\connectors\asyncio.py,sqlalchemy/sqlalchemy
lib\sqlalchemy\dialects\postgresql\asyncpg.py,lib\sqlalchemy\types.py,sqlalchemy/sqlalchemy
lib\sqlalchemy\dialects\postgresql\asyncpg.py,lib\sqlalchemy\engine\interfaces.py,sqlalchemy/sqlalchemy
lib\sqlalchemy\dialects\postgresql\asyncpg.py,lib\sqlalchemy\dialects\postgresql\bitstring.py,sqlalchemy/sqlalchemy
lib\sqlalchemy\dialects\postgresql\asyncpg.py,lib\sqlalchemy\util\concurrency.py,sqlalchemy/sqlalchemy
lib\sqlalchemy\dialects\postgresql\asyncpg.py,lib\sqlalchemy\orm\collections.py,sqlalchemy/sqlalchemy
lib\sqlalchemy\dialects\postgresql\asyncpg.py,lib\sqlalchemy\dialects\postgresql\array.py,sqlalchemy/sqlalchemy
lib\sqlalchemy\dialects\postgresql\asyncpg.py,lib\sqlalchemy\engine\__init__.py,sqlalchemy/sqlalchemy
lib\sqlalchemy\dialects\postgresql\asyncpg.py,lib\sqlalchemy\sql\__init__.py,sqlalchemy/sqlalchemy
lib\sqlalchemy\dialects\postgresql\base.py,lib\sqlalchemy\orm\collections.py,sqlalchemy/sqlalchemy
lib\sqlalchemy\dialects\postgresql\base.py,lib\sqlalchemy\util\typing.py,sqlalchemy/sqlalchemy
lib\sqlalchemy\dialects\postgresql\base.py,lib\sqlalchemy\dialects\postgresql\named_types.py,sqlalchemy/sqlalchemy
lib\sqlalchemy\dialects\postgresql\base.py,lib\sqlalchemy\sql\__init__.py,sqlalchemy/sqlalchemy
lib\sqlalchemy\dialects\postgresql\base.py,lib\sqlalchemy\dialects\postgresql\hstore.py,sqlalchemy/sqlalchemy
lib\sqlalchemy\dialects\postgresql\base.py,lib\sqlalchemy\types.py,sqlalchemy/sqlalchemy
lib\sqlalchemy\dialects\postgresql\base.py,lib\sqlalchemy\engine\reflection.py,sqlalchemy/sqlalchemy
lib\sqlalchemy\dialects\postgresql\base.py,lib\sqlalchemy\sql\compiler.py,sqlalchemy/sqlalchemy
lib\sqlalchemy\dialects\postgresql\base.py,lib\sqlalchemy\engine\__init__.py,sqlalchemy/sqlalchemy
lib\sqlalchemy\dialects\postgresql\base.py,lib\sqlalchemy\sql\base.py,sqlalchemy/sqlalchemy
lib\sqlalchemy\dialects\postgresql\base.py,lib\sqlalchemy\ext\__init__.py,sqlalchemy/sqlalchemy
lib\sqlalchemy\dialects\postgresql\base.py,lib\sqlalchemy\sql\visitors.py,sqlalchemy/sqlalchemy
lib\sqlalchemy\dialects\postgresql\bitstring.py,lib\sqlalchemy\util\typing.py,sqlalchemy/sqlalchemy
lib\sqlalchemy\dialects\postgresql\dml.py,lib\sqlalchemy\util\typing.py,sqlalchemy/sqlalchemy
lib\sqlalchemy\dialects\postgresql\dml.py,lib\sqlalchemy\sql\_typing.py,sqlalchemy/sqlalchemy
lib\sqlalchemy\dialects\postgresql\dml.py,lib\sqlalchemy\dialects\_typing.py,sqlalchemy/sqlalchemy
lib\sqlalchemy\dialects\postgresql\dml.py,lib\sqlalchemy\sql\base.py,sqlalchemy/sqlalchemy
lib\sqlalchemy\dialects\postgresql\dml.py,lib\sqlalchemy\sql\dml.py,sqlalchemy/sqlalchemy
lib\sqlalchemy\dialects\postgresql\dml.py,lib\sqlalchemy\sql\elements.py,sqlalchemy/sqlalchemy
lib\sqlalchemy\dialects\postgresql\dml.py,lib\sqlalchemy\sql\expression.py,sqlalchemy/sqlalchemy
lib\sqlalchemy\dialects\postgresql\dml.py,lib\sqlalchemy\sql\__init__.py,sqlalchemy/sqlalchemy
lib\sqlalchemy\dialects\postgresql\dml.py,lib\sqlalchemy\sql\type_api.py,sqlalchemy/sqlalchemy
lib\sqlalchemy\dialects\postgresql\dml.py,lib\sqlalchemy\sql\visitors.py,sqlalchemy/sqlalchemy
lib\sqlalchemy\dialects\postgresql\ext.py,lib\sqlalchemy\util\typing.py,sqlalchemy/sqlalchemy
lib\sqlalchemy\dialects\postgresql\ext.py,lib\sqlalchemy\sql\__init__.py,sqlalchemy/sqlalchemy
lib\sqlalchemy\dialects\postgresql\ext.py,lib\sqlalchemy\sql\sqltypes.py,sqlalchemy/sqlalchemy
lib\sqlalchemy\dialects\postgresql\ext.py,lib\sqlalchemy\sql\visitors.py,sqlalchemy/sqlalchemy
lib\sqlalchemy\dialects\postgresql\ext.py,lib\sqlalchemy\sql\elements.py,sqlalchemy/sqlalchemy
lib\sqlalchemy\dialects\postgresql\ext.py,lib\sqlalchemy\sql\_typing.py,sqlalchemy/sqlalchemy
lib\sqlalchemy\dialects\postgresql\ext.py,lib\sqlalchemy\sql\selectable.py,sqlalchemy/sqlalchemy
lib\sqlalchemy\dialects\postgresql\ext.py,lib\sqlalchemy\sql\base.py,sqlalchemy/sqlalchemy
lib\sqlalchemy\dialects\postgresql\ext.py,lib\sqlalchemy\dialects\postgresql\array.py,sqlalchemy/sqlalchemy
lib\sqlalchemy\dialects\postgresql\ext.py,lib\sqlalchemy\sql\schema.py,sqlalchemy/sqlalchemy
lib\sqlalchemy\dialects\postgresql\ext.py,lib\sqlalchemy\sql\operators.py,sqlalchemy/sqlalchemy
lib\sqlalchemy\dialects\postgresql\hstore.py,lib\sqlalchemy\sql\operators.py,sqlalchemy/sqlalchemy
lib\sqlalchemy\dialects\postgresql\hstore.py,lib\sqlalchemy\util\typing.py,sqlalchemy/sqlalchemy
lib\sqlalchemy\dialects\postgresql\hstore.py,lib\sqlalchemy\dialects\postgresql\array.py,sqlalchemy/sqlalchemy
lib\sqlalchemy\dialects\postgresql\hstore.py,lib\sqlalchemy\sql\__init__.py,sqlalchemy/sqlalchemy
lib\sqlalchemy\dialects\postgresql\hstore.py,lib\sqlalchemy\types.py,sqlalchemy/sqlalchemy
lib\sqlalchemy\dialects\postgresql\json.py,lib\sqlalchemy\util\typing.py,sqlalchemy/sqlalchemy
lib\sqlalchemy\dialects\postgresql\json.py,lib\sqlalchemy\sql\operators.py,sqlalchemy/sqlalchemy
lib\sqlalchemy\dialects\postgresql\json.py,lib\sqlalchemy\sql\type_api.py,sqlalchemy/sqlalchemy
lib\sqlalchemy\dialects\postgresql\json.py,lib\sqlalchemy\sql\elements.py,sqlalchemy/sqlalchemy
lib\sqlalchemy\dialects\postgresql\json.py,lib\sqlalchemy\dialects\postgresql\array.py,sqlalchemy/sqlalchemy
lib\sqlalchemy\dialects\postgresql\json.py,lib\sqlalchemy\sql\__init__.py,sqlalchemy/sqlalchemy
lib\sqlalchemy\dialects\postgresql\json.py,lib\sqlalchemy\engine\interfaces.py,sqlalchemy/sqlalchemy
lib\sqlalchemy\dialects\postgresql\json.py,lib\sqlalchemy\sql\sqltypes.py,sqlalchemy/sqlalchemy
lib\sqlalchemy\dialects\postgresql\named_types.py,lib\sqlalchemy\util\typing.py,sqlalchemy/sqlalchemy
lib\sqlalchemy\dialects\postgresql\named_types.py,lib\sqlalchemy\sql\__init__.py,sqlalchemy/sqlalchemy
lib\sqlalchemy\dialects\postgresql\named_types.py,lib\sqlalchemy\sql\ddl.py,sqlalchemy/sqlalchemy
lib\sqlalchemy\dialects\postgresql\named_types.py,lib\sqlalchemy\sql\_typing.py,sqlalchemy/sqlalchemy
lib\sqlalchemy\dialects\postgresql\named_types.py,lib\sqlalchemy\sql\base.py,sqlalchemy/sqlalchemy
lib\sqlalchemy\dialects\postgresql\named_types.py,lib\sqlalchemy\types.py,sqlalchemy/sqlalchemy
lib\sqlalchemy\dialects\postgresql\operators.py,lib\sqlalchemy\sql\__init__.py,sqlalchemy/sqlalchemy
lib\sqlalchemy\dialects\postgresql\pg8000.py,lib\sqlalchemy\dialects\postgresql\pg_catalog.py,sqlalchemy/sqlalchemy
lib\sqlalchemy\dialects\postgresql\pg8000.py,lib\sqlalchemy\engine\base.py,sqlalchemy/sqlalchemy
lib\sqlalchemy\dialects\postgresql\pg8000.py,lib\sqlalchemy\dialects\mssql\json.py,sqlalchemy/sqlalchemy
lib\sqlalchemy\dialects\postgresql\pg8000.py,lib\sqlalchemy\engine\__init__.py,sqlalchemy/sqlalchemy
lib\sqlalchemy\dialects\postgresql\pg8000.py,lib\sqlalchemy\sql\__init__.py,sqlalchemy/sqlalchemy
lib\sqlalchemy\dialects\postgresql\pg8000.py,lib\sqlalchemy\sql\elements.py,sqlalchemy/sqlalchemy
lib\sqlalchemy\dialects\postgresql\pg8000.py,lib\sqlalchemy\types.py,sqlalchemy/sqlalchemy
lib\sqlalchemy\dialects\postgresql\pg8000.py,lib\sqlalchemy\dialects\postgresql\array.py,sqlalchemy/sqlalchemy
lib\sqlalchemy\dialects\postgresql\pg_catalog.py,lib\sqlalchemy\types.py,sqlalchemy/sqlalchemy
lib\sqlalchemy\dialects\postgresql\pg_catalog.py,lib\sqlalchemy\sql\type_api.py,sqlalchemy/sqlalchemy
lib\sqlalchemy\dialects\postgresql\pg_catalog.py,lib\sqlalchemy\dialects\postgresql\array.py,sqlalchemy/sqlalchemy
lib\sqlalchemy\dialects\postgresql\pg_catalog.py,lib\sqlalchemy\util\typing.py,sqlalchemy/sqlalchemy
lib\sqlalchemy\dialects\postgresql\pg_catalog.py,lib\sqlalchemy\engine\interfaces.py,sqlalchemy/sqlalchemy
lib\sqlalchemy\dialects\postgresql\provision.py,lib\sqlalchemy\testing\provision.py,sqlalchemy/sqlalchemy
lib\sqlalchemy\dialects\postgresql\provision.py,lib\sqlalchemy\testing\__init__.py,sqlalchemy/sqlalchemy
lib\sqlalchemy\dialects\postgresql\provision.py,lib\sqlalchemy\dialects\__init__.py,sqlalchemy/sqlalchemy
lib\sqlalchemy\dialects\postgresql\provision.py,lib\sqlalchemy\dialects\postgresql\__init__.py,sqlalchemy/sqlalchemy
lib\sqlalchemy\dialects\postgresql\psycopg.py,lib\sqlalchemy\connectors\asyncio.py,sqlalchemy/sqlalchemy
lib\sqlalchemy\dialects\postgresql\psycopg.py,lib\sqlalchemy\dialects\postgresql\_psycopg_common.py,sqlalchemy/sqlalchemy
lib\sqlalchemy\dialects\postgresql\psycopg.py,lib\sqlalchemy\types.py,sqlalchemy/sqlalchemy
lib\sqlalchemy\dialects\postgresql\psycopg.py,lib\sqlalchemy\sql\__init__.py,sqlalchemy/sqlalchemy
lib\sqlalchemy\dialects\postgresql\psycopg.py,lib\sqlalchemy\util\concurrency.py,sqlalchemy/sqlalchemy
lib\sqlalchemy\dialects\postgresql\psycopg.py,lib\sqlalchemy\util\typing.py,sqlalchemy/sqlalchemy
lib\sqlalchemy\dialects\postgresql\psycopg.py,lib\sqlalchemy\dialects\mssql\json.py,sqlalchemy/sqlalchemy
lib\sqlalchemy\dialects\postgresql\psycopg.py,lib\sqlalchemy\engine\base.py,sqlalchemy/sqlalchemy
lib\sqlalchemy\dialects\postgresql\psycopg.py,lib\sqlalchemy\orm\collections.py,sqlalchemy/sqlalchemy
lib\sqlalchemy\dialects\postgresql\psycopg2.py,lib\sqlalchemy\orm\collections.py,sqlalchemy/sqlalchemy
lib\sqlalchemy\dialects\postgresql\psycopg2.py,lib\sqlalchemy\dialects\postgresql\_psycopg_common.py,sqlalchemy/sqlalchemy
lib\sqlalchemy\dialects\postgresql\psycopg2.py,lib\sqlalchemy\util\typing.py,sqlalchemy/sqlalchemy
lib\sqlalchemy\dialects\postgresql\psycopg2.py,lib\sqlalchemy\engine\base.py,sqlalchemy/sqlalchemy
lib\sqlalchemy\dialects\postgresql\psycopg2.py,lib\sqlalchemy\dialects\mssql\json.py,sqlalchemy/sqlalchemy
lib\sqlalchemy\dialects\postgresql\psycopg2.py,lib\sqlalchemy\engine\util.py,sqlalchemy/sqlalchemy
lib\sqlalchemy\dialects\postgresql\psycopg2cffi.py,lib\sqlalchemy\dialects\postgresql\psycopg2.py,sqlalchemy/sqlalchemy
lib\sqlalchemy\dialects\postgresql\ranges.py,lib\sqlalchemy\util\typing.py,sqlalchemy/sqlalchemy
lib\sqlalchemy\dialects\postgresql\ranges.py,lib\sqlalchemy\sql\type_api.py,sqlalchemy/sqlalchemy
lib\sqlalchemy\dialects\postgresql\ranges.py,lib\sqlalchemy\sql\operators.py,sqlalchemy/sqlalchemy
lib\sqlalchemy\dialects\postgresql\ranges.py,lib\sqlalchemy\sql\elements.py,sqlalchemy/sqlalchemy
lib\sqlalchemy\dialects\postgresql\ranges.py,lib\sqlalchemy\sql\__init__.py,sqlalchemy/sqlalchemy
lib\sqlalchemy\dialects\postgresql\types.py,lib\sqlalchemy\util\typing.py,sqlalchemy/sqlalchemy
lib\sqlalchemy\dialects\postgresql\types.py,lib\sqlalchemy\sql\type_api.py,sqlalchemy/sqlalchemy
lib\sqlalchemy\dialects\postgresql\types.py,lib\sqlalchemy\dialects\postgresql\bitstring.py,sqlalchemy/sqlalchemy
lib\sqlalchemy\dialects\postgresql\types.py,lib\sqlalchemy\sql\__init__.py,sqlalchemy/sqlalchemy
lib\sqlalchemy\dialects\postgresql\types.py,lib\sqlalchemy\types.py,sqlalchemy/sqlalchemy
lib\sqlalchemy\dialects\postgresql\types.py,lib\sqlalchemy\engine\interfaces.py,sqlalchemy/sqlalchemy
lib\sqlalchemy\dialects\postgresql\types.py,lib\sqlalchemy\sql\operators.py,sqlalchemy/sqlalchemy
lib\sqlalchemy\dialects\postgresql\_psycopg_common.py,lib\sqlalchemy\engine\base.py,sqlalchemy/sqlalchemy
lib\sqlalchemy\dialects\postgresql\_psycopg_common.py,lib\sqlalchemy\dialects\postgresql\array.py,sqlalchemy/sqlalchemy
lib\sqlalchemy\dialects\postgresql\_psycopg_common.py,lib\sqlalchemy\dialects\postgresql\hstore.py,sqlalchemy/sqlalchemy
lib\sqlalchemy\dialects\postgresql\_psycopg_common.py,lib\sqlalchemy\dialects\postgresql\pg_catalog.py,sqlalchemy/sqlalchemy
lib\sqlalchemy\dialects\postgresql\_psycopg_common.py,lib\sqlalchemy\engine\__init__.py,sqlalchemy/sqlalchemy
lib\sqlalchemy\dialects\postgresql\__init__.py,lib\sqlalchemy\engine\base.py,sqlalchemy/sqlalchemy
lib\sqlalchemy\dialects\postgresql\__init__.py,lib\sqlalchemy\dialects\mssql\json.py,sqlalchemy/sqlalchemy
lib\sqlalchemy\dialects\postgresql\__init__.py,lib\sqlalchemy\dialects\postgresql\ranges.py,sqlalchemy/sqlalchemy
lib\sqlalchemy\dialects\postgresql\__init__.py,lib\sqlalchemy\ext\__init__.py,sqlalchemy/sqlalchemy
lib\sqlalchemy\dialects\postgresql\__init__.py,lib\sqlalchemy\types.py,sqlalchemy/sqlalchemy
lib\sqlalchemy\dialects\postgresql\__init__.py,lib\sqlalchemy\sql\dml.py,sqlalchemy/sqlalchemy
lib\sqlalchemy\dialects\postgresql\__init__.py,lib\sqlalchemy\dialects\postgresql\named_types.py,sqlalchemy/sqlalchemy
lib\sqlalchemy\dialects\postgresql\__init__.py,lib\sqlalchemy\dialects\postgresql\array.py,sqlalchemy/sqlalchemy
lib\sqlalchemy\dialects\postgresql\__init__.py,lib\sqlalchemy\dialects\postgresql\hstore.py,sqlalchemy/sqlalchemy
lib\sqlalchemy\dialects\postgresql\__init__.py,lib\sqlalchemy\dialects\postgresql\bitstring.py,sqlalchemy/sqlalchemy
lib\sqlalchemy\dialects\sqlite\aiosqlite.py,lib\sqlalchemy\util\typing.py,sqlalchemy/sqlalchemy
lib\sqlalchemy\dialects\sqlite\aiosqlite.py,lib\sqlalchemy\connectors\asyncio.py,sqlalchemy/sqlalchemy
lib\sqlalchemy\dialects\sqlite\aiosqlite.py,lib\sqlalchemy\util\concurrency.py,sqlalchemy/sqlalchemy
lib\sqlalchemy\dialects\sqlite\aiosqlite.py,lib\sqlalchemy\engine\interfaces.py,sqlalchemy/sqlalchemy
lib\sqlalchemy\dialects\sqlite\aiosqlite.py,lib\sqlalchemy\types.py,sqlalchemy/sqlalchemy
lib\sqlalchemy\dialects\sqlite\aiosqlite.py,lib\sqlalchemy\pool\base.py,sqlalchemy/sqlalchemy
lib\sqlalchemy\dialects\sqlite\aiosqlite.py,lib\sqlalchemy\dialects\sqlite\pysqlite.py,sqlalchemy/sqlalchemy
lib\sqlalchemy\dialects\sqlite\aiosqlite.py,lib\sqlalchemy\engine\url.py,sqlalchemy/sqlalchemy
lib\sqlalchemy\dialects\sqlite\aiosqlite.py,lib\sqlalchemy\engine\base.py,sqlalchemy/sqlalchemy
lib\sqlalchemy\dialects\sqlite\base.py,lib\sqlalchemy\util\typing.py,sqlalchemy/sqlalchemy
lib\sqlalchemy\dialects\sqlite\base.py,lib\sqlalchemy\types.py,sqlalchemy/sqlalchemy
lib\sqlalchemy\dialects\sqlite\base.py,lib\sqlalchemy\sql\sqltypes.py,sqlalchemy/sqlalchemy
lib\sqlalchemy\dialects\sqlite\base.py,lib\sqlalchemy\engine\__init__.py,sqlalchemy/sqlalchemy
lib\sqlalchemy\dialects\sqlite\base.py,lib\sqlalchemy\dialects\mssql\json.py,sqlalchemy/sqlalchemy
lib\sqlalchemy\dialects\sqlite\base.py,lib\sqlalchemy\sql\type_api.py,sqlalchemy/sqlalchemy
lib\sqlalchemy\dialects\sqlite\base.py,lib\sqlalchemy\engine\reflection.py,sqlalchemy/sqlalchemy
lib\sqlalchemy\dialects\sqlite\base.py,lib\sqlalchemy\sql\__init__.py,sqlalchemy/sqlalchemy
lib\sqlalchemy\dialects\sqlite\base.py,lib\sqlalchemy\engine\interfaces.py,sqlalchemy/sqlalchemy
lib\sqlalchemy\dialects\sqlite\dml.py,lib\sqlalchemy\sql\expression.py,sqlalchemy/sqlalchemy
lib\sqlalchemy\dialects\sqlite\dml.py,lib\sqlalchemy\util\typing.py,sqlalchemy/sqlalchemy
lib\sqlalchemy\dialects\sqlite\dml.py,lib\sqlalchemy\sql\__init__.py,sqlalchemy/sqlalchemy
lib\sqlalchemy\dialects\sqlite\dml.py,lib\sqlalchemy\sql\base.py,sqlalchemy/sqlalchemy
lib\sqlalchemy\dialects\sqlite\dml.py,lib\sqlalchemy\dialects\_typing.py,sqlalchemy/sqlalchemy
lib\sqlalchemy\dialects\sqlite\dml.py,lib\sqlalchemy\sql\elements.py,sqlalchemy/sqlalchemy
lib\sqlalchemy\dialects\sqlite\dml.py,lib\sqlalchemy\sql\sqltypes.py,sqlalchemy/sqlalchemy
lib\sqlalchemy\dialects\sqlite\dml.py,lib\sqlalchemy\sql\visitors.py,sqlalchemy/sqlalchemy
lib\sqlalchemy\dialects\sqlite\dml.py,lib\sqlalchemy\sql\dml.py,sqlalchemy/sqlalchemy
lib\sqlalchemy\dialects\sqlite\dml.py,lib\sqlalchemy\sql\_typing.py,sqlalchemy/sqlalchemy
lib\sqlalchemy\dialects\sqlite\json.py,lib\sqlalchemy\util\typing.py,sqlalchemy/sqlalchemy
lib\sqlalchemy\dialects\sqlite\json.py,lib\sqlalchemy\sql\__init__.py,sqlalchemy/sqlalchemy
lib\sqlalchemy\dialects\sqlite\json.py,lib\sqlalchemy\sql\sqltypes.py,sqlalchemy/sqlalchemy
lib\sqlalchemy\dialects\sqlite\json.py,lib\sqlalchemy\engine\interfaces.py,sqlalchemy/sqlalchemy
lib\sqlalchemy\dialects\sqlite\json.py,lib\sqlalchemy\sql\elements.py,sqlalchemy/sqlalchemy
lib\sqlalchemy\dialects\sqlite\json.py,lib\sqlalchemy\sql\type_api.py,sqlalchemy/sqlalchemy
lib\sqlalchemy\dialects\sqlite\provision.py,lib\sqlalchemy\testing\__init__.py,sqlalchemy/sqlalchemy
lib\sqlalchemy\dialects\sqlite\provision.py,lib\sqlalchemy\testing\provision.py,sqlalchemy/sqlalchemy
lib\sqlalchemy\dialects\sqlite\provision.py,lib\sqlalchemy\__init__.py,sqlalchemy/sqlalchemy
lib\sqlalchemy\dialects\sqlite\provision.py,lib\sqlalchemy\engine\__init__.py,sqlalchemy/sqlalchemy
lib\sqlalchemy\dialects\sqlite\provision.py,lib\sqlalchemy\dialects\sqlite\__init__.py,sqlalchemy/sqlalchemy
lib\sqlalchemy\dialects\sqlite\pysqlcipher.py,lib\sqlalchemy\dialects\sqlite\pysqlite.py,sqlalchemy/sqlalchemy
lib\sqlalchemy\dialects\sqlite\pysqlite.py,lib\sqlalchemy\util\typing.py,sqlalchemy/sqlalchemy
lib\sqlalchemy\dialects\sqlite\pysqlite.py,lib\sqlalchemy\engine\base.py,sqlalchemy/sqlalchemy
lib\sqlalchemy\dialects\sqlite\pysqlite.py,lib\sqlalchemy\pool\base.py,sqlalchemy/sqlalchemy
lib\sqlalchemy\dialects\sqlite\pysqlite.py,lib\sqlalchemy\engine\url.py,sqlalchemy/sqlalchemy
lib\sqlalchemy\dialects\sqlite\pysqlite.py,lib\sqlalchemy\sql\type_api.py,sqlalchemy/sqlalchemy
lib\sqlalchemy\dialects\sqlite\pysqlite.py,lib\sqlalchemy\engine\interfaces.py,sqlalchemy/sqlalchemy
lib\sqlalchemy\dialects\sqlite\__init__.py,lib\sqlalchemy\engine\base.py,sqlalchemy/sqlalchemy
lib\sqlalchemy\dialects\sqlite\__init__.py,lib\sqlalchemy\sql\dml.py,sqlalchemy/sqlalchemy
src\accelerate\accelerator.py,src\accelerate\utils\deepspeed.py,huggingface/accelerate
src\accelerate\accelerator.py,src\accelerate\utils\other.py,huggingface/accelerate
src\accelerate\accelerator.py,src\accelerate\utils\torch_xla.py,huggingface/accelerate
src\accelerate\accelerator.py,src\accelerate\big_modeling.py,huggingface/accelerate
src\accelerate\accelerator.py,src\accelerate\data_loader.py,huggingface/accelerate
src\accelerate\accelerator.py,src\accelerate\logging.py,huggingface/accelerate
src\accelerate\accelerator.py,src\accelerate\utils\dataclasses.py,huggingface/accelerate
src\accelerate\accelerator.py,src\accelerate\checkpointing.py,huggingface/accelerate
src\accelerate\accelerator.py,src\accelerate\commands\utils.py,huggingface/accelerate
src\accelerate\accelerator.py,src\accelerate\utils\constants.py,huggingface/accelerate
src\accelerate\accelerator.py,src\accelerate\optimizer.py,huggingface/accelerate
src\accelerate\accelerator.py,src\accelerate\parallelism_config.py,huggingface/accelerate
src\accelerate\accelerator.py,src\accelerate\state.py,huggingface/accelerate
src\accelerate\accelerator.py,src\accelerate\tracking.py,huggingface/accelerate
src\accelerate\accelerator.py,src\accelerate\scheduler.py,huggingface/accelerate
src\accelerate\accelerator.py,src\accelerate\utils\modeling.py,huggingface/accelerate
src\accelerate\big_modeling.py,src\accelerate\logging.py,huggingface/accelerate
src\accelerate\big_modeling.py,src\accelerate\hooks.py,huggingface/accelerate
src\accelerate\big_modeling.py,src\accelerate\commands\utils.py,huggingface/accelerate
src\accelerate\big_modeling.py,src\accelerate\utils\constants.py,huggingface/accelerate
src\accelerate\big_modeling.py,src\accelerate\utils\other.py,huggingface/accelerate
src\accelerate\checkpointing.py,src\accelerate\utils\random.py,huggingface/accelerate
src\accelerate\checkpointing.py,src\accelerate\data_loader.py,huggingface/accelerate
src\accelerate\checkpointing.py,src\accelerate\commands\utils.py,huggingface/accelerate
src\accelerate\checkpointing.py,src\accelerate\state.py,huggingface/accelerate
src\accelerate\checkpointing.py,src\accelerate\utils\torch_xla.py,huggingface/accelerate
src\accelerate\checkpointing.py,src\accelerate\logging.py,huggingface/accelerate
src\accelerate\data_loader.py,src\accelerate\logging.py,huggingface/accelerate
src\accelerate\data_loader.py,src\accelerate\commands\utils.py,huggingface/accelerate
src\accelerate\data_loader.py,src\accelerate\utils\torch_xla.py,huggingface/accelerate
src\accelerate\data_loader.py,src\accelerate\state.py,huggingface/accelerate
src\accelerate\hooks.py,src\accelerate\state.py,huggingface/accelerate
src\accelerate\hooks.py,src\accelerate\commands\utils.py,huggingface/accelerate
src\accelerate\hooks.py,src\accelerate\utils\imports.py,huggingface/accelerate
src\accelerate\hooks.py,src\accelerate\utils\memory.py,huggingface/accelerate
src\accelerate\hooks.py,src\accelerate\utils\modeling.py,huggingface/accelerate
src\accelerate\hooks.py,src\accelerate\utils\other.py,huggingface/accelerate
src\accelerate\inference.py,src\accelerate\commands\utils.py,huggingface/accelerate
src\accelerate\inference.py,src\accelerate\state.py,huggingface/accelerate
src\accelerate\launchers.py,src\accelerate\state.py,huggingface/accelerate
src\accelerate\launchers.py,src\accelerate\commands\utils.py,huggingface/accelerate
src\accelerate\launchers.py,src\accelerate\utils\constants.py,huggingface/accelerate
src\accelerate\launchers.py,src\accelerate\utils\torch_xla.py,huggingface/accelerate
src\accelerate\launchers.py,src\accelerate\utils\dataclasses.py,huggingface/accelerate
src\accelerate\local_sgd.py,src\accelerate\__init__.py,huggingface/accelerate
src\accelerate\logging.py,src\accelerate\state.py,huggingface/accelerate
src\accelerate\optimizer.py,src\accelerate\utils\torch_xla.py,huggingface/accelerate
src\accelerate\optimizer.py,src\accelerate\commands\utils.py,huggingface/accelerate
src\accelerate\optimizer.py,src\accelerate\state.py,huggingface/accelerate
src\accelerate\parallelism_config.py,src\accelerate\utils\dataclasses.py,huggingface/accelerate
src\accelerate\parallelism_config.py,src\accelerate\utils\versions.py,huggingface/accelerate
src\accelerate\parallelism_config.py,src\accelerate\__init__.py,huggingface/accelerate
src\accelerate\scheduler.py,src\accelerate\state.py,huggingface/accelerate
src\accelerate\state.py,src\accelerate\logging.py,huggingface/accelerate
src\accelerate\state.py,src\accelerate\utils\deepspeed.py,huggingface/accelerate
src\accelerate\state.py,src\accelerate\utils\torch_xla.py,huggingface/accelerate
src\accelerate\state.py,src\accelerate\utils\dataclasses.py,huggingface/accelerate
src\accelerate\state.py,src\accelerate\commands\utils.py,huggingface/accelerate
src\accelerate\state.py,src\accelerate\utils\__init__.py,huggingface/accelerate
src\accelerate\tracking.py,src\accelerate\logging.py,huggingface/accelerate
src\accelerate\tracking.py,src\accelerate\state.py,huggingface/accelerate
src\accelerate\tracking.py,src\accelerate\commands\utils.py,huggingface/accelerate
src\accelerate\__init__.py,src\accelerate\state.py,huggingface/accelerate
src\accelerate\__init__.py,src\accelerate\data_loader.py,huggingface/accelerate
src\accelerate\__init__.py,src\accelerate\big_modeling.py,huggingface/accelerate
src\accelerate\__init__.py,src\accelerate\launchers.py,huggingface/accelerate
src\accelerate\__init__.py,src\accelerate\parallelism_config.py,huggingface/accelerate
src\accelerate\__init__.py,src\accelerate\commands\utils.py,huggingface/accelerate
src\accelerate\__init__.py,src\accelerate\inference.py,huggingface/accelerate
src\accelerate\__init__.py,src\accelerate\accelerator.py,huggingface/accelerate
src\accelerate\commands\accelerate_cli.py,src\accelerate\commands\config\__init__.py,huggingface/accelerate
src\accelerate\commands\accelerate_cli.py,src\accelerate\commands\launch.py,huggingface/accelerate
src\accelerate\commands\accelerate_cli.py,src\accelerate\commands\merge.py,huggingface/accelerate
src\accelerate\commands\accelerate_cli.py,src\accelerate\commands\to_fsdp2.py,huggingface/accelerate
src\accelerate\commands\accelerate_cli.py,src\accelerate\commands\tpu.py,huggingface/accelerate
src\accelerate\commands\accelerate_cli.py,src\accelerate\commands\utils.py,huggingface/accelerate
src\accelerate\commands\accelerate_cli.py,src\accelerate\commands\estimate.py,huggingface/accelerate
src\accelerate\commands\accelerate_cli.py,src\accelerate\commands\env.py,huggingface/accelerate
src\accelerate\commands\accelerate_cli.py,src\accelerate\commands\test.py,huggingface/accelerate
src\accelerate\commands\env.py,src\accelerate\__init__.py,huggingface/accelerate
src\accelerate\commands\env.py,src\accelerate\commands\config\__init__.py,huggingface/accelerate
src\accelerate\commands\env.py,src\accelerate\commands\utils.py,huggingface/accelerate
src\accelerate\commands\estimate.py,src\accelerate\__init__.py,huggingface/accelerate
src\accelerate\commands\estimate.py,src\accelerate\commands\utils.py,huggingface/accelerate
src\accelerate\commands\estimate.py,src\accelerate\utils\__init__.py,huggingface/accelerate
src\accelerate\commands\launch.py,src\accelerate\commands\config\sagemaker.py,huggingface/accelerate
src\accelerate\commands\launch.py,src\accelerate\utils\torch_xla.py,huggingface/accelerate
src\accelerate\commands\launch.py,src\accelerate\commands\config\config_args.py,huggingface/accelerate
src\accelerate\commands\launch.py,src\accelerate\commands\config\config_utils.py,huggingface/accelerate
src\accelerate\commands\launch.py,src\accelerate\state.py,huggingface/accelerate
src\accelerate\commands\launch.py,src\accelerate\utils\deepspeed.py,huggingface/accelerate
src\accelerate\commands\launch.py,src\accelerate\utils\rich.py,huggingface/accelerate
src\accelerate\commands\launch.py,src\accelerate\utils\constants.py,huggingface/accelerate
src\accelerate\commands\launch.py,src\accelerate\commands\utils.py,huggingface/accelerate
src\accelerate\commands\launch.py,src\accelerate\utils\__init__.py,huggingface/accelerate
src\accelerate\commands\launch.py,src\accelerate\logging.py,huggingface/accelerate
src\accelerate\commands\launch.py,src\accelerate\commands\config\__init__.py,huggingface/accelerate
src\accelerate\commands\merge.py,src\accelerate\commands\utils.py,huggingface/accelerate
src\accelerate\commands\merge.py,src\accelerate\utils\__init__.py,huggingface/accelerate
src\accelerate\commands\test.py,src\accelerate\test_utils\__init__.py,huggingface/accelerate
src\accelerate\commands\to_fsdp2.py,src\accelerate\logging.py,huggingface/accelerate
src\accelerate\commands\to_fsdp2.py,src\accelerate\commands\utils.py,huggingface/accelerate
src\accelerate\commands\tpu.py,src\accelerate\commands\config\config_args.py,huggingface/accelerate
src\accelerate\test_utils\testing.py,src\accelerate\__init__.py,huggingface/accelerate
src\accelerate\test_utils\testing.py,src\accelerate\state.py,huggingface/accelerate
src\accelerate\test_utils\testing.py,src\accelerate\commands\utils.py,huggingface/accelerate
src\accelerate\test_utils\testing.py,src\accelerate\utils\constants.py,huggingface/accelerate
src\accelerate\test_utils\training.py,src\accelerate\utils\dataclasses.py,huggingface/accelerate
src\accelerate\test_utils\__init__.py,src\accelerate\test_utils\testing.py,huggingface/accelerate
src\accelerate\test_utils\__init__.py,src\accelerate\test_utils\training.py,huggingface/accelerate
src\accelerate\test_utils\__init__.py,src\accelerate\test_utils\scripts\__init__.py,huggingface/accelerate
src\accelerate\utils\ao.py,src\accelerate\utils\imports.py,huggingface/accelerate
src\accelerate\utils\bnb.py,src\accelerate\logging.py,huggingface/accelerate
src\accelerate\utils\bnb.py,src\accelerate\utils\imports.py,huggingface/accelerate
src\accelerate\utils\bnb.py,src\accelerate\big_modeling.py,huggingface/accelerate
src\accelerate\utils\bnb.py,src\accelerate\utils\dataclasses.py,huggingface/accelerate
src\accelerate\utils\bnb.py,src\accelerate\utils\modeling.py,huggingface/accelerate
src\accelerate\utils\dataclasses.py,src\accelerate\utils\environment.py,huggingface/accelerate
src\accelerate\utils\dataclasses.py,src\accelerate\logging.py,huggingface/accelerate
src\accelerate\utils\dataclasses.py,src\accelerate\utils\imports.py,huggingface/accelerate
src\accelerate\utils\dataclasses.py,src\accelerate\utils\deepspeed.py,huggingface/accelerate
src\accelerate\utils\dataclasses.py,src\accelerate\utils\constants.py,huggingface/accelerate
src\accelerate\utils\dataclasses.py,src\accelerate\utils\versions.py,huggingface/accelerate
src\accelerate\utils\deepspeed.py,src\accelerate\scheduler.py,huggingface/accelerate
src\accelerate\utils\deepspeed.py,src\accelerate\utils\dataclasses.py,huggingface/accelerate
src\accelerate\utils\deepspeed.py,src\accelerate\utils\imports.py,huggingface/accelerate
src\accelerate\utils\deepspeed.py,src\accelerate\optimizer.py,huggingface/accelerate
src\accelerate\utils\deepspeed.py,src\accelerate\utils\versions.py,huggingface/accelerate
src\accelerate\utils\environment.py,src\accelerate\logging.py,huggingface/accelerate
src\accelerate\utils\environment.py,src\accelerate\utils\__init__.py,huggingface/accelerate
src\accelerate\utils\environment.py,src\accelerate\utils\imports.py,huggingface/accelerate
src\accelerate\utils\environment.py,src\accelerate\utils\dataclasses.py,huggingface/accelerate
src\accelerate\utils\fsdp_utils.py,src\accelerate\utils\dataclasses.py,huggingface/accelerate
src\accelerate\utils\fsdp_utils.py,src\accelerate\utils\other.py,huggingface/accelerate
src\accelerate\utils\fsdp_utils.py,src\accelerate\utils\versions.py,huggingface/accelerate
src\accelerate\utils\fsdp_utils.py,src\accelerate\logging.py,huggingface/accelerate
src\accelerate\utils\fsdp_utils.py,src\accelerate\state.py,huggingface/accelerate
src\accelerate\utils\fsdp_utils.py,src\accelerate\optimizer.py,huggingface/accelerate
src\accelerate\utils\fsdp_utils.py,src\accelerate\utils\constants.py,huggingface/accelerate
src\accelerate\utils\fsdp_utils.py,src\accelerate\utils\modeling.py,huggingface/accelerate
src\accelerate\utils\imports.py,src\accelerate\utils\transformer_engine.py,huggingface/accelerate
src\accelerate\utils\imports.py,src\accelerate\utils\torch_xla.py,huggingface/accelerate
src\accelerate\utils\imports.py,src\accelerate\utils\environment.py,huggingface/accelerate
src\accelerate\utils\imports.py,src\accelerate\utils\versions.py,huggingface/accelerate
src\accelerate\utils\imports.py,src\accelerate\utils\dataclasses.py,huggingface/accelerate
src\accelerate\utils\imports.py,src\accelerate\state.py,huggingface/accelerate
src\accelerate\utils\launch.py,src\accelerate\utils\dataclasses.py,huggingface/accelerate
src\accelerate\utils\launch.py,src\accelerate\commands\config\config_args.py,huggingface/accelerate
src\accelerate\utils\launch.py,src\accelerate\commands\utils.py,huggingface/accelerate
src\accelerate\utils\launch.py,src\accelerate\utils\constants.py,huggingface/accelerate
src\accelerate\utils\launch.py,src\accelerate\utils\versions.py,huggingface/accelerate
src\accelerate\utils\launch.py,src\accelerate\utils\other.py,huggingface/accelerate
src\accelerate\utils\megatron_lm.py,src\accelerate\data_loader.py,huggingface/accelerate
src\accelerate\utils\megatron_lm.py,src\accelerate\optimizer.py,huggingface/accelerate
src\accelerate\utils\megatron_lm.py,src\accelerate\scheduler.py,huggingface/accelerate
src\accelerate\utils\megatron_lm.py,src\accelerate\utils\imports.py,huggingface/accelerate
src\accelerate\utils\megatron_lm.py,src\accelerate\utils\operations.py,huggingface/accelerate
src\accelerate\utils\memory.py,src\accelerate\utils\imports.py,huggingface/accelerate
src\accelerate\utils\modeling.py,src\accelerate\logging.py,huggingface/accelerate
src\accelerate\utils\modeling.py,src\accelerate\utils\torch_xla.py,huggingface/accelerate
src\accelerate\utils\modeling.py,src\accelerate\utils\other.py,huggingface/accelerate
src\accelerate\utils\modeling.py,src\accelerate\utils\bnb.py,huggingface/accelerate
src\accelerate\utils\modeling.py,src\accelerate\utils\dataclasses.py,huggingface/accelerate
src\accelerate\utils\modeling.py,src\accelerate\utils\imports.py,huggingface/accelerate
src\accelerate\utils\modeling.py,src\accelerate\utils\offload.py,huggingface/accelerate
src\accelerate\utils\modeling.py,src\accelerate\hooks.py,huggingface/accelerate
src\accelerate\utils\modeling.py,src\accelerate\utils\versions.py,huggingface/accelerate
src\accelerate\utils\modeling.py,src\accelerate\state.py,huggingface/accelerate
src\accelerate\utils\modeling.py,src\accelerate\utils\constants.py,huggingface/accelerate
src\accelerate\utils\modeling.py,src\accelerate\utils\memory.py,huggingface/accelerate
src\accelerate\utils\modeling.py,src\accelerate\utils\tqdm.py,huggingface/accelerate
src\accelerate\utils\operations.py,src\accelerate\utils\torch_xla.py,huggingface/accelerate
src\accelerate\utils\operations.py,src\accelerate\utils\deepspeed.py,huggingface/accelerate
src\accelerate\utils\operations.py,src\accelerate\state.py,huggingface/accelerate
src\accelerate\utils\operations.py,src\accelerate\utils\dataclasses.py,huggingface/accelerate
src\accelerate\utils\operations.py,src\accelerate\utils\imports.py,huggingface/accelerate
src\accelerate\utils\operations.py,src\accelerate\utils\versions.py,huggingface/accelerate
src\accelerate\utils\operations.py,src\accelerate\utils\constants.py,huggingface/accelerate
src\accelerate\utils\other.py,src\accelerate\utils\torch_xla.py,huggingface/accelerate
src\accelerate\utils\other.py,src\accelerate\utils\versions.py,huggingface/accelerate
src\accelerate\utils\other.py,src\accelerate\utils\modeling.py,huggingface/accelerate
src\accelerate\utils\other.py,src\accelerate\commands\config\default.py,huggingface/accelerate
src\accelerate\utils\other.py,src\accelerate\logging.py,huggingface/accelerate
src\accelerate\utils\other.py,src\accelerate\utils\deepspeed.py,huggingface/accelerate
src\accelerate\utils\other.py,src\accelerate\utils\imports.py,huggingface/accelerate
src\accelerate\utils\other.py,src\accelerate\utils\constants.py,huggingface/accelerate
src\accelerate\utils\other.py,src\accelerate\state.py,huggingface/accelerate
src\accelerate\utils\other.py,src\accelerate\utils\dataclasses.py,huggingface/accelerate
src\accelerate\utils\other.py,src\accelerate\utils\transformer_engine.py,huggingface/accelerate
src\accelerate\utils\random.py,src\accelerate\utils\constants.py,huggingface/accelerate
src\accelerate\utils\random.py,src\accelerate\utils\dataclasses.py,huggingface/accelerate
src\accelerate\utils\random.py,src\accelerate\utils\imports.py,huggingface/accelerate
src\accelerate\utils\random.py,src\accelerate\utils\torch_xla.py,huggingface/accelerate
src\accelerate\utils\random.py,src\accelerate\state.py,huggingface/accelerate
src\accelerate\utils\rich.py,src\accelerate\utils\imports.py,huggingface/accelerate
src\accelerate\utils\tqdm.py,src\accelerate\utils\imports.py,huggingface/accelerate
src\accelerate\utils\tqdm.py,src\accelerate\state.py,huggingface/accelerate
src\accelerate\utils\transformer_engine.py,src\accelerate\utils\operations.py,huggingface/accelerate
src\accelerate\utils\transformer_engine.py,src\accelerate\utils\imports.py,huggingface/accelerate
src\accelerate\utils\versions.py,src\accelerate\utils\constants.py,huggingface/accelerate
src\accelerate\utils\__init__.py,src\accelerate\utils\torch_xla.py,huggingface/accelerate
src\accelerate\utils\__init__.py,src\accelerate\utils\memory.py,huggingface/accelerate
src\accelerate\utils\__init__.py,src\accelerate\commands\launch.py,huggingface/accelerate
src\accelerate\utils\__init__.py,src\accelerate\utils\versions.py,huggingface/accelerate
src\accelerate\utils\__init__.py,src\accelerate\utils\megatron_lm.py,huggingface/accelerate
src\accelerate\utils\__init__.py,src\accelerate\utils\bnb.py,huggingface/accelerate
src\accelerate\utils\__init__.py,src\accelerate\utils\transformer_engine.py,huggingface/accelerate
src\accelerate\utils\__init__.py,src\accelerate\utils\other.py,huggingface/accelerate
src\accelerate\utils\__init__.py,src\accelerate\parallelism_config.py,huggingface/accelerate
src\accelerate\utils\__init__.py,src\accelerate\utils\ao.py,huggingface/accelerate
src\accelerate\utils\__init__.py,src\accelerate\utils\tqdm.py,huggingface/accelerate
src\accelerate\utils\__init__.py,src\accelerate\utils\environment.py,huggingface/accelerate
src\accelerate\utils\__init__.py,src\accelerate\utils\constants.py,huggingface/accelerate
src\accelerate\utils\__init__.py,src\accelerate\utils\dataclasses.py,huggingface/accelerate
src\accelerate\utils\__init__.py,src\accelerate\utils\imports.py,huggingface/accelerate
src\accelerate\utils\__init__.py,src\accelerate\utils\modeling.py,huggingface/accelerate
src\accelerate\utils\__init__.py,src\accelerate\utils\offload.py,huggingface/accelerate
src\accelerate\utils\__init__.py,src\accelerate\utils\operations.py,huggingface/accelerate
src\accelerate\utils\__init__.py,src\accelerate\utils\deepspeed.py,huggingface/accelerate
src\accelerate\utils\__init__.py,src\accelerate\utils\fsdp_utils.py,huggingface/accelerate
src\accelerate\utils\__init__.py,src\accelerate\utils\random.py,huggingface/accelerate
src\accelerate\test_utils\scripts\test_cli.py,src\accelerate\utils\__init__.py,huggingface/accelerate
src\accelerate\test_utils\scripts\test_ddp_comm_hook.py,src\accelerate\utils\__init__.py,huggingface/accelerate
src\accelerate\test_utils\scripts\test_ddp_comm_hook.py,src\accelerate\__init__.py,huggingface/accelerate
src\accelerate\test_utils\scripts\test_distributed_data_loop.py,src\accelerate\accelerator.py,huggingface/accelerate
src\accelerate\test_utils\scripts\test_distributed_data_loop.py,src\accelerate\utils\dataclasses.py,huggingface/accelerate
src\accelerate\test_utils\scripts\test_merge_weights.py,src\accelerate\logging.py,huggingface/accelerate
src\accelerate\test_utils\scripts\test_merge_weights.py,src\accelerate\test_utils\__init__.py,huggingface/accelerate
src\accelerate\test_utils\scripts\test_merge_weights.py,src\accelerate\__init__.py,huggingface/accelerate
src\accelerate\test_utils\scripts\test_merge_weights.py,src\accelerate\state.py,huggingface/accelerate
src\accelerate\test_utils\scripts\test_merge_weights.py,src\accelerate\utils\__init__.py,huggingface/accelerate
src\accelerate\test_utils\scripts\test_merge_weights.py,src\accelerate\test_utils\training.py,huggingface/accelerate
src\accelerate\test_utils\scripts\test_merge_weights.py,src\accelerate\commands\merge.py,huggingface/accelerate
src\accelerate\test_utils\scripts\test_notebook.py,src\accelerate\__init__.py,huggingface/accelerate
src\accelerate\test_utils\scripts\test_notebook.py,src\accelerate\test_utils\__init__.py,huggingface/accelerate
src\accelerate\test_utils\scripts\test_notebook.py,src\accelerate\utils\__init__.py,huggingface/accelerate
src\accelerate\test_utils\scripts\test_ops.py,src\accelerate\__init__.py,huggingface/accelerate
src\accelerate\test_utils\scripts\test_ops.py,src\accelerate\utils\dataclasses.py,huggingface/accelerate
src\accelerate\test_utils\scripts\test_ops.py,src\accelerate\utils\operations.py,huggingface/accelerate
src\accelerate\test_utils\scripts\test_ops.py,src\accelerate\test_utils\testing.py,huggingface/accelerate
src\accelerate\test_utils\scripts\test_script.py,src\accelerate\test_utils\__init__.py,huggingface/accelerate
src\accelerate\test_utils\scripts\test_script.py,src\accelerate\__init__.py,huggingface/accelerate
src\accelerate\test_utils\scripts\test_script.py,src\accelerate\state.py,huggingface/accelerate
src\accelerate\test_utils\scripts\test_script.py,src\accelerate\utils\__init__.py,huggingface/accelerate
src\accelerate\test_utils\scripts\test_script.py,src\accelerate\data_loader.py,huggingface/accelerate
src\accelerate\test_utils\scripts\test_sync.py,src\accelerate\test_utils\__init__.py,huggingface/accelerate
src\accelerate\test_utils\scripts\test_sync.py,src\accelerate\utils\__init__.py,huggingface/accelerate
src\accelerate\test_utils\scripts\test_sync.py,src\accelerate\state.py,huggingface/accelerate
src\accelerate\test_utils\scripts\test_sync.py,src\accelerate\accelerator.py,huggingface/accelerate
src\accelerate\test_utils\scripts\external_deps\test_checkpointing.py,src\accelerate\utils\deepspeed.py,huggingface/accelerate
src\accelerate\test_utils\scripts\external_deps\test_checkpointing.py,src\accelerate\__init__.py,huggingface/accelerate
src\accelerate\test_utils\scripts\external_deps\test_ds_alst_ulysses_sp.py,src\accelerate\utils\deepspeed.py,huggingface/accelerate
src\accelerate\test_utils\scripts\external_deps\test_ds_alst_ulysses_sp.py,src\accelerate\__init__.py,huggingface/accelerate
src\accelerate\test_utils\scripts\external_deps\test_ds_alst_ulysses_sp.py,src\accelerate\utils\dataclasses.py,huggingface/accelerate
src\accelerate\test_utils\scripts\external_deps\test_ds_alst_ulysses_sp.py,src\accelerate\utils\__init__.py,huggingface/accelerate
src\accelerate\test_utils\scripts\external_deps\test_ds_multiple_model.py,src\accelerate\utils\deepspeed.py,huggingface/accelerate
src\accelerate\test_utils\scripts\external_deps\test_ds_multiple_model.py,src\accelerate\state.py,huggingface/accelerate
src\accelerate\test_utils\scripts\external_deps\test_ds_multiple_model.py,src\accelerate\__init__.py,huggingface/accelerate
src\accelerate\test_utils\scripts\external_deps\test_metrics.py,src\accelerate\logging.py,huggingface/accelerate
src\accelerate\test_utils\scripts\external_deps\test_metrics.py,src\accelerate\data_loader.py,huggingface/accelerate
src\accelerate\test_utils\scripts\external_deps\test_metrics.py,src\accelerate\__init__.py,huggingface/accelerate
src\accelerate\test_utils\scripts\external_deps\test_metrics.py,src\accelerate\test_utils\__init__.py,huggingface/accelerate
src\accelerate\test_utils\scripts\external_deps\test_metrics.py,src\accelerate\utils\__init__.py,huggingface/accelerate
src\accelerate\test_utils\scripts\external_deps\test_peak_memory_usage.py,src\accelerate\__init__.py,huggingface/accelerate
src\accelerate\test_utils\scripts\external_deps\test_peak_memory_usage.py,src\accelerate\utils\__init__.py,huggingface/accelerate
src\accelerate\test_utils\scripts\external_deps\test_peak_memory_usage.py,src\accelerate\utils\deepspeed.py,huggingface/accelerate
src\accelerate\test_utils\scripts\external_deps\test_performance.py,src\accelerate\parallelism_config.py,huggingface/accelerate
src\accelerate\test_utils\scripts\external_deps\test_performance.py,src\accelerate\utils\__init__.py,huggingface/accelerate
src\accelerate\test_utils\scripts\external_deps\test_performance.py,src\accelerate\utils\deepspeed.py,huggingface/accelerate
src\accelerate\test_utils\scripts\external_deps\test_performance.py,src\accelerate\__init__.py,huggingface/accelerate
src\accelerate\test_utils\scripts\external_deps\test_pippy.py,src\accelerate\test_utils\__init__.py,huggingface/accelerate
src\accelerate\test_utils\scripts\external_deps\test_pippy.py,src\accelerate\utils\__init__.py,huggingface/accelerate
src\accelerate\test_utils\scripts\external_deps\test_pippy.py,src\accelerate\__init__.py,huggingface/accelerate
src\accelerate\test_utils\scripts\external_deps\test_pippy.py,src\accelerate\inference.py,huggingface/accelerate
src\accelerate\test_utils\scripts\external_deps\test_zero3_integration.py,src\accelerate\test_utils\__init__.py,huggingface/accelerate
src\accelerate\test_utils\scripts\external_deps\test_zero3_integration.py,src\accelerate\utils\__init__.py,huggingface/accelerate
src\accelerate\commands\config\cluster.py,src\accelerate\commands\config\config_utils.py,huggingface/accelerate
src\accelerate\commands\config\cluster.py,src\accelerate\commands\config\config_args.py,huggingface/accelerate
src\accelerate\commands\config\cluster.py,src\accelerate\utils\constants.py,huggingface/accelerate
src\accelerate\commands\config\cluster.py,src\accelerate\commands\utils.py,huggingface/accelerate
src\accelerate\commands\config\config.py,src\accelerate\commands\config\config_utils.py,huggingface/accelerate
src\accelerate\commands\config\config.py,src\accelerate\commands\config\config_args.py,huggingface/accelerate
src\accelerate\commands\config\config.py,src\accelerate\commands\config\cluster.py,huggingface/accelerate
src\accelerate\commands\config\config.py,src\accelerate\commands\config\sagemaker.py,huggingface/accelerate
src\accelerate\commands\config\config.py,src\accelerate\utils\__init__.py,huggingface/accelerate
src\accelerate\commands\config\config_args.py,src\accelerate\utils\constants.py,huggingface/accelerate
src\accelerate\commands\config\config_args.py,src\accelerate\utils\dataclasses.py,huggingface/accelerate
src\accelerate\commands\config\config_args.py,src\accelerate\commands\utils.py,huggingface/accelerate
src\accelerate\commands\config\config_utils.py,src\accelerate\commands\menu\__init__.py,huggingface/accelerate
src\accelerate\commands\config\config_utils.py,src\accelerate\utils\dataclasses.py,huggingface/accelerate
src\accelerate\commands\config\default.py,src\accelerate\commands\config\config_args.py,huggingface/accelerate
src\accelerate\commands\config\default.py,src\accelerate\commands\utils.py,huggingface/accelerate
src\accelerate\commands\config\default.py,src\accelerate\commands\config\config_utils.py,huggingface/accelerate
src\accelerate\commands\config\sagemaker.py,src\accelerate\utils\imports.py,huggingface/accelerate
src\accelerate\commands\config\sagemaker.py,src\accelerate\commands\config\config_args.py,huggingface/accelerate
src\accelerate\commands\config\sagemaker.py,src\accelerate\commands\config\config_utils.py,huggingface/accelerate
src\accelerate\commands\config\sagemaker.py,src\accelerate\utils\dataclasses.py,huggingface/accelerate
src\accelerate\commands\config\sagemaker.py,src\accelerate\utils\constants.py,huggingface/accelerate
src\accelerate\commands\config\update.py,src\accelerate\commands\config\config_utils.py,huggingface/accelerate
src\accelerate\commands\config\update.py,src\accelerate\commands\config\config_args.py,huggingface/accelerate
src\accelerate\commands\config\__init__.py,src\accelerate\commands\config\config_args.py,huggingface/accelerate
src\accelerate\commands\config\__init__.py,src\accelerate\commands\config\default.py,huggingface/accelerate
src\accelerate\commands\config\__init__.py,src\accelerate\commands\config\update.py,huggingface/accelerate
src\accelerate\commands\config\__init__.py,src\accelerate\commands\config\config.py,huggingface/accelerate
src\accelerate\commands\menu\input.py,src\accelerate\commands\menu\keymap.py,huggingface/accelerate
src\accelerate\commands\menu\selection_menu.py,src\accelerate\utils\imports.py,huggingface/accelerate
src\accelerate\commands\menu\selection_menu.py,src\accelerate\commands\menu\helpers.py,huggingface/accelerate
src\accelerate\commands\menu\selection_menu.py,src\accelerate\commands\menu\keymap.py,huggingface/accelerate
src\accelerate\commands\menu\__init__.py,src\accelerate\commands\menu\selection_menu.py,huggingface/accelerate
manim_animations\dataloaders\stage_5.py,src\accelerate\utils\random.py,huggingface/accelerate
manim_animations\dataloaders\stage_6.py,src\accelerate\utils\random.py,huggingface/accelerate
benchmarks\big_model_inference\big_model_inference.py,src\accelerate\utils\__init__.py,huggingface/accelerate
benchmarks\big_model_inference\big_model_inference.py,benchmarks\big_model_inference\measures_util.py,huggingface/accelerate
benchmarks\big_model_inference\measures_util.py,src\accelerate\test_utils\testing.py,huggingface/accelerate
benchmarks\fsdp2\main.py,src\accelerate\commands\utils.py,huggingface/accelerate
benchmarks\fsdp2\main.py,src\accelerate\__init__.py,huggingface/accelerate
benchmarks\fsdp2\measure_utils.py,src\accelerate\__init__.py,huggingface/accelerate
benchmarks\fsdp2\utils.py,src\accelerate\utils\__init__.py,huggingface/accelerate
benchmarks\fsdp2\utils.py,benchmarks\fsdp2\measure_utils.py,huggingface/accelerate
benchmarks\fsdp2\utils.py,src\accelerate\__init__.py,huggingface/accelerate
benchmarks\fsdp2\utils.py,src\accelerate\state.py,huggingface/accelerate
benchmarks\torch.compile\regional_compilation.py,src\accelerate\test_utils\testing.py,huggingface/accelerate
benchmarks\torch.compile\regional_compilation.py,src\accelerate\utils\__init__.py,huggingface/accelerate
benchmarks\fp8\ms_amp\ddp.py,src\accelerate\__init__.py,huggingface/accelerate
benchmarks\fp8\ms_amp\ddp.py,src\accelerate\state.py,huggingface/accelerate
benchmarks\fp8\ms_amp\ddp.py,benchmarks\fp8\ms_amp\fp8_utils.py,huggingface/accelerate
benchmarks\fp8\ms_amp\ddp.py,src\accelerate\utils\__init__.py,huggingface/accelerate
benchmarks\fp8\ms_amp\distrib_deepspeed.py,benchmarks\fp8\ms_amp\fp8_utils.py,huggingface/accelerate
benchmarks\fp8\ms_amp\distrib_deepspeed.py,src\accelerate\state.py,huggingface/accelerate
benchmarks\fp8\ms_amp\distrib_deepspeed.py,src\accelerate\utils\__init__.py,huggingface/accelerate
benchmarks\fp8\ms_amp\distrib_deepspeed.py,src\accelerate\__init__.py,huggingface/accelerate
benchmarks\fp8\ms_amp\fp8_utils.py,src\accelerate\utils\__init__.py,huggingface/accelerate
benchmarks\fp8\ms_amp\fp8_utils.py,src\accelerate\__init__.py,huggingface/accelerate
benchmarks\fp8\ms_amp\non_distributed.py,src\accelerate\__init__.py,huggingface/accelerate
benchmarks\fp8\ms_amp\non_distributed.py,src\accelerate\state.py,huggingface/accelerate
benchmarks\fp8\ms_amp\non_distributed.py,src\accelerate\utils\__init__.py,huggingface/accelerate
benchmarks\fp8\ms_amp\non_distributed.py,benchmarks\fp8\ms_amp\fp8_utils.py,huggingface/accelerate
benchmarks\fp8\torchao\ddp.py,benchmarks\fp8\ms_amp\fp8_utils.py,huggingface/accelerate
benchmarks\fp8\torchao\ddp.py,src\accelerate\utils\__init__.py,huggingface/accelerate
benchmarks\fp8\torchao\ddp.py,src\accelerate\state.py,huggingface/accelerate
benchmarks\fp8\torchao\ddp.py,src\accelerate\__init__.py,huggingface/accelerate
benchmarks\fp8\torchao\distrib_deepspeed.py,src\accelerate\utils\deepspeed.py,huggingface/accelerate
benchmarks\fp8\torchao\distrib_deepspeed.py,src\accelerate\utils\__init__.py,huggingface/accelerate
benchmarks\fp8\torchao\distrib_deepspeed.py,benchmarks\fp8\ms_amp\fp8_utils.py,huggingface/accelerate
benchmarks\fp8\torchao\distrib_deepspeed.py,src\accelerate\__init__.py,huggingface/accelerate
benchmarks\fp8\torchao\distrib_deepspeed.py,src\accelerate\state.py,huggingface/accelerate
benchmarks\fp8\torchao\fp8_utils.py,src\accelerate\__init__.py,huggingface/accelerate
benchmarks\fp8\torchao\fp8_utils.py,src\accelerate\utils\__init__.py,huggingface/accelerate
benchmarks\fp8\torchao\fsdp.py,src\accelerate\state.py,huggingface/accelerate
benchmarks\fp8\torchao\fsdp.py,benchmarks\fp8\ms_amp\fp8_utils.py,huggingface/accelerate
benchmarks\fp8\torchao\fsdp.py,src\accelerate\__init__.py,huggingface/accelerate
benchmarks\fp8\torchao\fsdp.py,src\accelerate\utils\__init__.py,huggingface/accelerate
benchmarks\fp8\torchao\non_distributed.py,src\accelerate\state.py,huggingface/accelerate
benchmarks\fp8\torchao\non_distributed.py,benchmarks\fp8\ms_amp\fp8_utils.py,huggingface/accelerate
benchmarks\fp8\torchao\non_distributed.py,src\accelerate\__init__.py,huggingface/accelerate
benchmarks\fp8\torchao\non_distributed.py,src\accelerate\utils\__init__.py,huggingface/accelerate
benchmarks\fp8\transformer_engine\ddp.py,src\accelerate\utils\transformer_engine.py,huggingface/accelerate
benchmarks\fp8\transformer_engine\ddp.py,benchmarks\fp8\ms_amp\fp8_utils.py,huggingface/accelerate
benchmarks\fp8\transformer_engine\ddp.py,src\accelerate\utils\__init__.py,huggingface/accelerate
benchmarks\fp8\transformer_engine\ddp.py,src\accelerate\state.py,huggingface/accelerate
benchmarks\fp8\transformer_engine\ddp.py,src\accelerate\__init__.py,huggingface/accelerate
benchmarks\fp8\transformer_engine\distrib_deepspeed.py,src\accelerate\utils\deepspeed.py,huggingface/accelerate
benchmarks\fp8\transformer_engine\distrib_deepspeed.py,src\accelerate\utils\transformer_engine.py,huggingface/accelerate
benchmarks\fp8\transformer_engine\distrib_deepspeed.py,src\accelerate\utils\__init__.py,huggingface/accelerate
benchmarks\fp8\transformer_engine\distrib_deepspeed.py,benchmarks\fp8\ms_amp\fp8_utils.py,huggingface/accelerate
benchmarks\fp8\transformer_engine\distrib_deepspeed.py,src\accelerate\__init__.py,huggingface/accelerate
benchmarks\fp8\transformer_engine\distrib_deepspeed.py,src\accelerate\state.py,huggingface/accelerate
benchmarks\fp8\transformer_engine\fp8_utils.py,src\accelerate\utils\__init__.py,huggingface/accelerate
benchmarks\fp8\transformer_engine\fp8_utils.py,src\accelerate\__init__.py,huggingface/accelerate
benchmarks\fp8\transformer_engine\fsdp.py,src\accelerate\utils\transformer_engine.py,huggingface/accelerate
benchmarks\fp8\transformer_engine\fsdp.py,src\accelerate\utils\__init__.py,huggingface/accelerate
benchmarks\fp8\transformer_engine\fsdp.py,benchmarks\fp8\ms_amp\fp8_utils.py,huggingface/accelerate
benchmarks\fp8\transformer_engine\fsdp.py,src\accelerate\state.py,huggingface/accelerate
benchmarks\fp8\transformer_engine\fsdp.py,src\accelerate\__init__.py,huggingface/accelerate
benchmarks\fp8\transformer_engine\non_distributed.py,src\accelerate\utils\transformer_engine.py,huggingface/accelerate
benchmarks\fp8\transformer_engine\non_distributed.py,benchmarks\fp8\ms_amp\fp8_utils.py,huggingface/accelerate
benchmarks\fp8\transformer_engine\non_distributed.py,src\accelerate\state.py,huggingface/accelerate
benchmarks\fp8\transformer_engine\non_distributed.py,src\accelerate\utils\__init__.py,huggingface/accelerate
benchmarks\fp8\transformer_engine\non_distributed.py,src\accelerate\__init__.py,huggingface/accelerate
