issue_id,repo_name,title,labels,state,created_at,closed_at,closed_by,days_to_close,resolver_is_first_time
32304,matplotlib/matplotlib,[Bug]: boxplot errors when `x` and `tick_labels` are empty,topic: ticks axis labels;topic: plotting methods,open,2026-09-05T18:11:03+00:00,,,,
32280,matplotlib/matplotlib,pip install matplot fails (on windows) for Python 3.15.0rc2,Community support;first-contribution,open,2026-09-02T17:10:59+00:00,,,,
32276,matplotlib/matplotlib,[MNT]: Deprecate internal Cairo backends,backend: cairo;Maintenance,open,2026-09-01T03:46:35+00:00,,,,
32272,matplotlib/matplotlib,"[Bug]: Ragged Poly3DCollection projects uninitialized padding, causing nondeterministic overflow",topic: mplot3d;first-contribution,open,2026-08-31T16:49:30+00:00,,,,
32269,matplotlib/matplotlib,"tripcolor shading=""gouraud"" streaks/glitch on macOS arm64; shading=""flat"" is fine",status: confirmed bug;OS: Apple;backend: agg;first-contribution,open,2026-08-31T00:36:30+00:00,,,,
32262,matplotlib/matplotlib,[Doc]: 3.11 text shaping silently reverses the arabic_reshaper + python-bidi workaround,first-contribution,closed,2026-08-30T11:51:58+00:00,2026-09-04T20:52:00+00:00,ksunden,5.38,True
32261,matplotlib/matplotlib,[Bug]: `count_bboxes_overlapping_bbox()` segfaults on a malformed ragged bbox,backend: agg;first-contribution,closed,2026-08-30T07:40:40+00:00,2026-09-04T18:47:42+00:00,ksunden,5.46,False
32258,matplotlib/matplotlib,Always send an opaque buffer to interactive backends,Performance;status: needs comment/discussion;topic: backends,open,2026-08-29T17:19:44+00:00,,,,
32246,matplotlib/matplotlib,[ENH]: Use a valid font cache from a read-only MPLCONFIGDIR instead of rebuilding in a temp dir,New feature;first-contribution,open,2026-08-27T16:08:44+00:00,,,,
32245,matplotlib/matplotlib,[ENH]: Support Inkscape's version of multipage SVG,New feature;backend: svg,closed,2026-08-26T20:22:29+00:00,2026-08-28T08:04:35+00:00,anntzer,1.49,True
32240,matplotlib/matplotlib,[Bug]: AxesImage redraws ~2x slower in 3.11 than in 3.10,Performance;topic: images;first-contribution,closed,2026-08-24T06:51:38+00:00,2026-09-03T16:54:27+00:00,iccir,10.42,True
32234,matplotlib/matplotlib,[Bug]: markers.fillstyle = None does not seem to work,first-contribution,closed,2026-08-21T10:13:26+00:00,2026-08-21T10:24:32+00:00,GergelyKalmar,0.01,True
32224,matplotlib/matplotlib,[Bug]: `FT2Font.load_char()` segfaults (null-pointer dereference),topic: text/fonts;first-contribution,closed,2026-08-18T02:53:52+00:00,2026-09-04T18:45:27+00:00,ksunden,17.66,False
32222,matplotlib/matplotlib,[Bug]: TextBox widget raises AttributeError on ResizeEvent,topic: widgets/UI;first-contribution,closed,2026-08-17T13:14:46+00:00,2026-08-31T03:54:28+00:00,iccir,13.61,False
32219,matplotlib/matplotlib,"[Bug]: ax.scatter([], [], clip_on=False, label=...) renders a ghost marker at the origin/corner when combined with specific styles/limits",status: confirmed bug;topic: plotting methods;first-contribution,closed,2026-08-16T13:38:36+00:00,2026-08-27T19:37:20+00:00,ksunden,11.25,False
32218,matplotlib/matplotlib,[Bug]: [Jupyter][Windows] Axes.bar() causes the Jupyter kernel to terminate with no traceback,first-contribution,closed,2026-08-16T08:54:26+00:00,2026-08-17T17:16:37+00:00,melissawm,1.35,True
32217,matplotlib/matplotlib,[Bug]: Oversized Qt5 toolbar icons on macOS Retina display since Matplotlib 3.11,OS: Apple;GUI: Qt;first-contribution,closed,2026-08-16T06:17:14+00:00,2026-08-19T08:16:10+00:00,timhoffm,3.08,True
32213,matplotlib/matplotlib,[TST] Upcoming dependency test failures,,closed,2026-08-15T06:14:19+00:00,2026-08-15T09:16:10+00:00,rcomer,0.13,True
32208,matplotlib/matplotlib,[Bug]: Wheel's freetype binding can conflict with system library,Build;first-contribution,closed,2026-08-13T16:55:13+00:00,2026-08-21T18:40:04+00:00,ksunden,8.07,False
32207,matplotlib/matplotlib,[MNT]: Figure size as defined,Community support;Maintenance;first-contribution,closed,2026-08-12T22:30:00+00:00,2026-08-13T15:45:17+00:00,jklymak,0.72,True
32200,matplotlib/matplotlib,[Bug]: plt.yticks(fontsize=...) affects some ticks but not others,first-contribution,closed,2026-08-11T12:52:21+00:00,2026-08-11T13:05:38+00:00,wimpomp,0.01,True
32186,matplotlib/matplotlib,[Bug]: GIF frames become skewed when using PillowWriter in matplotlib 3.11.1,status: confirmed bug;topic: animation,closed,2026-08-08T01:42:48+00:00,2026-08-27T19:20:16+00:00,iccir,19.73,False
32178,matplotlib/matplotlib,[Bug]: Unable to set facecolor in legend_handles,status: duplicate;topic: legend,closed,2026-08-07T15:59:26+00:00,2026-08-18T14:28:58+00:00,rcomer,10.94,False
32176,matplotlib/matplotlib,macOS Rework Umbrella,OS: Apple,open,2026-08-07T03:47:41+00:00,,,,
32175,matplotlib/matplotlib,[Bug]: Gridline Labels with Colorbar collapse plot,status: duplicate;first-contribution,closed,2026-08-06T19:59:49+00:00,2026-08-06T20:14:23+00:00,jklymak,0.01,False
32174,matplotlib/matplotlib,[Bug]: Using `rasterized=True` with `zorder` makes the generated SVG have wrong axes layer hierarchy,backend: svg;first-contribution,open,2026-08-06T08:12:54+00:00,,,,
32165,matplotlib/matplotlib,[MNT]: Clarify web browser policy,Maintenance,open,2026-08-03T18:01:09+00:00,,,,
32164,matplotlib/matplotlib,[Bug]: Font lookup when rendering math text,topic: text/mathtext,open,2026-08-03T17:58:17+00:00,,,,
32157,matplotlib/matplotlib,[Tracker] : Improve type annotation coverage,topic: typing,open,2026-07-31T21:19:18+00:00,,,,
32156,matplotlib/matplotlib,[Bug]: hexbin ignores data with negative coordinates since Matplotlib 3.11,first-contribution,closed,2026-07-31T20:01:36+00:00,2026-07-31T20:06:05+00:00,QuLogic,0.0,True
32146,matplotlib/matplotlib,[Doc]: Rework Hyperlinks example,Documentation,open,2026-07-31T09:31:25+00:00,,,,
32145,matplotlib/matplotlib,[ENH]: Missing documentation (or functional) info on how to create hyperlinks to specific legend text,New feature;first-contribution,closed,2026-07-30T23:50:05+00:00,2026-08-01T22:28:03+00:00,jklymak,1.94,False
32144,matplotlib/matplotlib,[Bug]: WebAgg figures can become permanently broken on displays with device pixel ratio of 1,status: confirmed bug;first-contribution,closed,2026-07-30T22:33:01+00:00,2026-07-31T18:08:47+00:00,ianthomas23,0.82,True
32143,matplotlib/matplotlib,[Bug]: tiny plot window opens with wxPython 4.3,GUI: wx,closed,2026-07-30T08:30:07+00:00,2026-08-05T06:31:07+00:00,QuLogic,5.92,False
32142,matplotlib/matplotlib,[Bug]: 3.11.1 GEOSException: IllegalArgumentException: Points of LinearRing do not form a closed linestring,status: downstream fix required;first-contribution,closed,2026-07-30T08:21:38+00:00,2026-07-30T11:12:07+00:00,rcomer,0.12,False
32133,matplotlib/matplotlib,[Bug]: MemoryError in _mark_every_path (with float markevery) when extreme zooming in ,Performance,closed,2026-07-29T14:00:44+00:00,2026-08-07T06:28:32+00:00,QuLogic,8.69,False
32129,matplotlib/matplotlib,[Bug]: a scalar-only custom scale silently blanks all 3D data instead of drawing it,topic: transforms and scales,open,2026-07-28T08:24:47+00:00,,,,
32127,matplotlib/matplotlib,"[Bug]: Line3D.draw requires .shape on _verts3d, but set_data_3d accepts and stores any array-like",topic: mplot3d;first-contribution,open,2026-07-28T08:03:34+00:00,,,,
32125,matplotlib/matplotlib,Governance of MPL basemap,,open,2026-07-27T02:57:58+00:00,,,,
32122,matplotlib/matplotlib,[Bug]: Cannot install due to missing `pybind11` headers,Build,open,2026-07-26T14:08:01+00:00,,,,
32121,matplotlib/matplotlib,[MNT]: Please provide wheels for aarch64,Community support;first-contribution,closed,2026-07-26T10:05:06+00:00,2026-07-27T06:22:40+00:00,houstonweneedcranesupport,0.85,True
32105,matplotlib/matplotlib,[Bug]: Cryptic Mathtext ParseException on \text with double curly braces,status: confirmed bug;Difficulty: Medium;topic: text/mathtext,closed,2026-07-23T08:11:22+00:00,2026-08-21T20:08:37+00:00,QuLogic,29.5,False
32099,matplotlib/matplotlib,"BUG: CompositeGenericTransform.contains_branch_separately only checks second component, ignoring first",status: needs clarification,closed,2026-07-22T21:27:22+00:00,2026-07-27T09:46:25+00:00,rcomer,4.51,False
32093,matplotlib/matplotlib,[MNT]: Simplified PR template,Maintenance,closed,2026-07-22T10:35:33+00:00,2026-07-27T14:05:34+00:00,timhoffm,5.15,False
32084,matplotlib/matplotlib,[Bug]: Exponential numbers on axis look like 10Σ² instead of 10⁻² with backend_gtk3cairo,topic: text;backend: cairo,closed,2026-07-21T13:08:07+00:00,2026-07-23T02:19:18+00:00,tacaswell,1.55,True
32079,matplotlib/matplotlib,[Bug]: TeX line rendering,topic: text,open,2026-07-20T12:46:01+00:00,,,,
32077,matplotlib/matplotlib,hexbin passes empty bins to reduce_C_function when mincnt is 0 or None,status: invalid,closed,2026-07-20T10:07:58+00:00,2026-08-08T19:02:45+00:00,rcomer,19.37,False
32076,matplotlib/matplotlib,SubFigure hspace=None incorrectly applies default vertical spacing when wspace is specified,status: confirmed bug;topic: figures and subfigures;first-contribution,open,2026-07-20T09:55:53+00:00,,,,
32074,matplotlib/matplotlib,[ENH]: Per-font size scaling (-> math text),New feature;topic: text/mathtext,open,2026-07-19T15:08:11+00:00,,,,
32073,matplotlib/matplotlib,[Bug]: Umbrella issue: matplotlib Free-threaded Extension Analysis Report,Maintenance,open,2026-07-19T13:52:10+00:00,,,,
32071,matplotlib/matplotlib,[Doc]: :rc: directive without defaults,Documentation,open,2026-07-19T01:54:42+00:00,,,,
32063,matplotlib/matplotlib,[Bug]: Font fallback bugs,topic: text/fonts;first-contribution,open,2026-07-18T10:23:18+00:00,,,,
32055,matplotlib/matplotlib,[Bug]: Deepcopy of Grouper no longer preserves original object relationships,ai-contribution,closed,2026-07-17T10:19:47+00:00,2026-07-22T10:20:24+00:00,rcomer,5.0,False
32054,matplotlib/matplotlib,[Bug]: magnitude_spectrum returns negative magnitudes for negative-sum windows,status: invalid;ai-contribution,closed,2026-07-17T10:11:38+00:00,2026-07-17T19:56:30+00:00,jklymak,0.41,False
32053,matplotlib/matplotlib,[Bug]: Pickle round-tripping a figure incorrectly restores its original DPI instead of a DPI explicitly changed via Figure.set_dpi().,first-contribution;ai-contribution,open,2026-07-17T10:07:26+00:00,,,,
32044,matplotlib/matplotlib,[Doc]: document provisional flag in API guidelines,Documentation,open,2026-07-15T14:59:44+00:00,,,,
32041,matplotlib/matplotlib,[MNT]: macosx event_loop_is_running is a deceptive name,OS: Apple;Maintenance,open,2026-07-14T18:34:52+00:00,,,,
32039,matplotlib/matplotlib,[MNT]: Use more-inclusive language in _trirefine.py,Maintenance,open,2026-07-13T03:25:15+00:00,,,,
32029,matplotlib/matplotlib,[Bug]: Rendering issues when saving as pdf,backend: pdf;status: duplicate;topic: text/fonts,closed,2026-07-10T04:12:24+00:00,2026-07-10T04:34:35+00:00,QuLogic,0.02,False
32023,matplotlib/matplotlib,[ENH]: Better support for plotting wrapped data,New feature,closed,2026-07-09T20:19:38+00:00,2026-07-18T18:11:54+00:00,scottshambaugh,8.91,True
32020,matplotlib/matplotlib,[Bug]: Some styles do not have arrows,status: needs clarification;topic: styles,closed,2026-07-09T01:56:48+00:00,2026-07-10T10:33:34+00:00,timhoffm,1.36,False
32019,matplotlib/matplotlib,"[Bug]: macosx backend, plots not closing, segfault",GUI: MacOSX,closed,2026-07-08T20:22:41+00:00,2026-07-24T03:16:21+00:00,greglucas,15.29,True
32017,matplotlib/matplotlib,[Bug]: macOS: tkagg backend crashes on Control-C after input(),OS: Apple;GUI: tk,open,2026-07-08T03:34:42+00:00,,,,
32016,matplotlib/matplotlib,[Bug]: macOS: qtagg backend crashes on Control-C after input(),OS: Apple;GUI: Qt,open,2026-07-08T03:28:43+00:00,,,,
32012,matplotlib/matplotlib,[ENH]: Fillstyle or just empty symbols in scatter,New feature;topic: markers;first-contribution,closed,2026-07-07T18:58:45+00:00,2026-07-09T16:55:41+00:00,melissawm,1.91,False
32005,matplotlib/matplotlib,[Bug]: Axis.get_tick_space could take tick label rotation into account,topic: ticks axis labels,open,2026-07-06T21:14:44+00:00,,,,
32004,matplotlib/matplotlib,[Bug]: set_prop_cycle does not affect Cn colors,status: needs clarification;topic: color/cycle;first-contribution,closed,2026-07-06T18:00:42+00:00,2026-07-28T21:06:11+00:00,timhoffm,22.13,False
31999,matplotlib/matplotlib,[Bug]: PDF backend culls visible `hexbin` cells after path collection optimization,backend: pdf,closed,2026-07-05T09:41:33+00:00,2026-09-04T22:30:11+00:00,QuLogic,61.53,False
31991,matplotlib/matplotlib,[Bug]: macOS backend flickers/flashes due to use of timers,GUI: MacOSX,open,2026-07-03T17:30:08+00:00,,,,
31989,matplotlib/matplotlib,"[Bug]: Axis and grid panes out of sync, regression in 3.11",topic: mplot3d;status: confirmed bug;first-contribution,closed,2026-07-03T11:10:29+00:00,2026-07-09T18:57:24+00:00,QuLogic,6.32,False
31983,matplotlib/matplotlib,[Bug]: Can not fallback to `kpsewhich` when `luatex` does not work,backend: pdf;topic: text/usetex;first-contribution,open,2026-07-02T09:52:41+00:00,,,,
31982,matplotlib/matplotlib,[Bug]: Bounding box becomes all NaN when a path contains NaN vertices,status: needs clarification;topic: path handling,closed,2026-07-02T07:52:39+00:00,2026-07-10T10:02:37+00:00,rcomer,8.09,False
31979,matplotlib/matplotlib,[Bug]: pyplot.subplot_tool doesn't always return a SubplotTool,topic: pyplot API,open,2026-07-02T02:52:14+00:00,,,,
31976,matplotlib/matplotlib,[ENH]: Consider using a layout engine by default,New feature;topic: geometry manager;API: default changes,open,2026-07-01T09:56:14+00:00,,,,
31971,matplotlib/matplotlib,[Bug]: Changing GridSpec column/row ratios after axes creation does not update the figure layout,Documentation;Community support,open,2026-06-30T07:55:52+00:00,,,,
31968,matplotlib/matplotlib,[Bug]: macosx backend crashes when used on a worker thread,GUI: MacOSX,open,2026-06-29T16:14:29+00:00,,,,
31965,matplotlib/matplotlib,[MNT]: Possibly use CoreText to find fonts for faster performance,OS: Apple;Maintenance,closed,2026-06-28T03:52:59+00:00,2026-08-06T17:12:58+00:00,QuLogic,39.56,False
31964,matplotlib/matplotlib,"[Bug]: `plt.figure(figsize=(x, y))` causes type checker warnings in PyCharm",status: downstream fix required;first-contribution,closed,2026-06-27T23:42:33+00:00,2026-06-29T02:09:31+00:00,tacaswell,1.1,False
31963,matplotlib/matplotlib,[MNT]: Remove macOS 10.12 compatibility from ft2font_wrapper,OS: Apple;Maintenance,closed,2026-06-27T16:37:53+00:00,2026-07-28T18:56:38+00:00,QuLogic,31.1,False
31962,matplotlib/matplotlib,[Bug]: Type1Font allocates /Subrs array from declared count before validating the body,topic: text/fonts,closed,2026-06-27T13:45:49+00:00,2026-07-31T17:54:07+00:00,tacaswell,34.17,False
31961,matplotlib/matplotlib,[Bug]: axes.prop_cycle rc/style value can expand a compact expression into a very large Cycler,first-contribution,closed,2026-06-27T13:44:23+00:00,2026-06-29T00:13:56+00:00,jklymak,1.44,False
31960,matplotlib/matplotlib,[Bug]: imshow uint8 image with colors.NoNorm() causes OverflowError when mousing over figure,status: confirmed bug;topic: color/color & colormaps;topic: images,closed,2026-06-27T12:02:28+00:00,2026-07-10T09:33:01+00:00,rcomer,12.9,False
31955,matplotlib/matplotlib,[Bug]: PDF Type 42 output regression in 3.11: excessive font embedding and fl rendered as a ligature,backend: pdf;topic: text/fonts;first-contribution,closed,2026-06-26T20:55:37+00:00,2026-07-10T18:16:29+00:00,ksunden,13.89,False
31949,matplotlib/matplotlib,"[Bug]: qtagg ""Export Values"" window isn't clickable/visible",OS: Apple;GUI: Qt,open,2026-06-26T18:23:50+00:00,,,,
31942,matplotlib/matplotlib,[Bug]: Annotation error when accessing colors,status: needs clarification,closed,2026-06-24T06:51:39+00:00,2026-06-24T19:53:08+00:00,tacaswell,0.54,False
31939,matplotlib/matplotlib,[Bug]: Regression in 3.11.0 with LinearSegmentedColormap,status: confirmed bug,closed,2026-06-23T09:50:49+00:00,2026-06-24T14:01:52+00:00,jklymak,1.17,False
31936,matplotlib/matplotlib,[Bug]: Figure size change on macos in matplotlib 3.11.0 macosx backend,GUI: MacOSX;first-contribution,open,2026-06-22T13:03:11+00:00,,,,
31935,matplotlib/matplotlib,[Doc]: examples/api directory?,Documentation;first-contribution,open,2026-06-22T10:31:12+00:00,,,,
31933,matplotlib/matplotlib,[Bug]: macOS backend UI doesn't update on 'o' and 'p' shortcuts,GUI: MacOSX,open,2026-06-21T03:36:23+00:00,,,,
31930,matplotlib/matplotlib,[TST] Upcoming dependency test failures,,closed,2026-06-20T10:30:39+00:00,2026-06-20T10:39:58+00:00,rcomer,0.01,False
31929,matplotlib/matplotlib,[TST] Upcoming dependency test failures,,closed,2026-06-20T07:24:41+00:00,2026-06-23T17:09:55+00:00,QuLogic,3.41,False
31927,matplotlib/matplotlib,[Bug]: `path_effects` on text gives an error in matplotlib 3.11,,closed,2026-06-19T17:00:38+00:00,2026-06-27T05:21:00+00:00,timhoffm,7.51,False
31926,matplotlib/matplotlib,[Bug]: gridlines fails partly since matplotlib 3.11,status: downstream fix required;first-contribution,closed,2026-06-19T13:59:00+00:00,2026-06-19T14:34:29+00:00,rcomer,0.02,False
31925,matplotlib/matplotlib,[Bug]: minus signs not rendered in PDF export with TeX,status: confirmed bug,closed,2026-06-19T12:01:55+00:00,2026-06-26T18:28:08+00:00,ksunden,7.27,False
31919,matplotlib/matplotlib,[Bug]: Manually created markers for legends are vertically raised and have sharp edges,topic: markers,open,2026-06-18T07:43:24+00:00,,,,
31912,matplotlib/matplotlib,[Doc]: Small typo,Documentation;first-contribution,closed,2026-06-16T21:10:56+00:00,2026-06-16T21:42:37+00:00,brucelaughlin,0.02,True
31901,matplotlib/matplotlib,[Bug]: pip install matplotlib flagged as Security Threat,status: needs clarification,open,2026-06-15T06:48:23+00:00,,,,
31899,matplotlib/matplotlib,[Bug]: macOS backend reports wrong button for button_release_event,OS: Apple;GUI: MacOSX,open,2026-06-15T03:48:23+00:00,,,,
31897,matplotlib/matplotlib,[MNT]: unpin pytest,Maintenance,closed,2026-06-14T20:14:27+00:00,2026-06-18T15:31:05+00:00,timhoffm,3.8,False
31895,matplotlib/matplotlib,[ENH]: macOS backend should match system app icons,New feature;OS: Apple,open,2026-06-14T19:20:08+00:00,,,,
31892,matplotlib/matplotlib,[Bug]: `LogFormatter` ignores `rcParams['axes.unicode_minus'] = False` in MSYS2 (UCRT64) environment,topic: text/fonts;first-contribution,closed,2026-06-14T11:08:00+00:00,2026-06-25T04:03:36+00:00,chendaolong-nkust,10.71,True
31890,matplotlib/matplotlib,[Bug]: Type hints for where argument in ax.fill_between does not allow np.ndarrays,,closed,2026-06-14T00:47:22+00:00,2026-06-18T01:55:32+00:00,scottshambaugh,4.05,False
31888,matplotlib/matplotlib,[TST] Upcoming dependency test failures,,closed,2026-06-13T07:33:59+00:00,2026-06-15T19:46:49+00:00,QuLogic,2.51,False
31886,matplotlib/matplotlib,[Bug]: macOS backend doesn't always pair key_press_event and key_release_event,,closed,2026-06-13T02:31:36+00:00,2026-06-14T18:33:00+00:00,iccir,1.67,False
31883,matplotlib/matplotlib,[ENH]: Start Animation in a paused state,New feature;topic: animation;first-contribution,open,2026-06-12T20:00:41+00:00,,,,
31881,matplotlib/matplotlib,"[Bug]: ValueError (""cannot convert float NaN to integer"") when trying to show horizontally-stacked subplots",status: confirmed bug;first-contribution,closed,2026-06-12T18:57:32+00:00,2026-06-14T12:57:40+00:00,rcomer,1.75,False
31880,matplotlib/matplotlib,[Doc]: Release Notes - mistake in Japanese translation,Documentation,closed,2026-06-12T14:41:11+00:00,2026-06-12T16:27:43+00:00,QuLogic,0.07,False
31876,matplotlib/matplotlib,Matplotlib 3.11: text rendering differences noticed downstream,first-contribution,closed,2026-06-12T06:27:46+00:00,2026-06-12T10:36:45+00:00,rossbar,0.17,True
31875,matplotlib/matplotlib,[MNT]: macOS backend likely double-draws renderer output,GUI: MacOSX;Maintenance,open,2026-06-12T03:26:11+00:00,,,,
31869,matplotlib/matplotlib,[Doc]: coords_demo is not rendered correctly when downloaded as a Jupyter notebook,Documentation;status: upstream fix required;first-contribution,open,2026-06-10T11:53:33+00:00,,,,
31858,matplotlib/matplotlib,[Bug]: Event loop behavior differs across backends,topic: backends,open,2026-06-09T02:18:06+00:00,,,,
31853,matplotlib/matplotlib,[TST] Upcoming dependency test failures,,closed,2026-06-06T07:02:13+00:00,2026-06-06T07:53:02+00:00,rcomer,0.04,False
31813,matplotlib/matplotlib,[MNT]: macOS backend uses un-prefixed class names,GUI: MacOSX;Maintenance,open,2026-06-03T18:53:33+00:00,,,,
31809,matplotlib/matplotlib,[Bug]: figure.canvas.manager is set to None in between sequences of matplotlib calls,backend: ipympl;first-contribution,open,2026-06-03T17:57:33+00:00,,,,
31802,matplotlib/matplotlib,[Bug]: LaTeX X-Tick Labels are Vertically Misaligned When DPI is Set,topic: text;topic: ticks axis labels;topic: text/mathtext;first-contribution,open,2026-06-02T16:53:36+00:00,,,,
31799,matplotlib/matplotlib,[Bug]: Segmentation fault with fontconfig 2.18,first-contribution,closed,2026-06-01T16:34:55+00:00,2026-06-02T03:49:34+00:00,tacaswell,0.47,False
31798,matplotlib/matplotlib,[MNT]: macOS backend should always pair `+alloc`/`-init` calls,GUI: MacOSX;Maintenance,closed,2026-05-31T18:15:24+00:00,2026-07-24T03:16:21+00:00,greglucas,53.38,False
31797,matplotlib/matplotlib,[MNT]: Re-enable Automatic Reference Counting (ARC) for macOS backend.,GUI: MacOSX;Maintenance,closed,2026-05-31T17:58:04+00:00,2026-07-24T03:16:20+00:00,greglucas,53.39,False
31793,matplotlib/matplotlib,[MNT]: Inline ContourLabeler into ContourSet,status: needs comment/discussion;Maintenance,open,2026-05-31T10:06:56+00:00,,,,
31791,matplotlib/matplotlib,[MNT]: Remove backend state handling from rcParams,Maintenance,open,2026-05-31T08:52:42+00:00,,,,
31789,matplotlib/matplotlib,[TST] Upcoming dependency test failures,,closed,2026-05-30T12:41:34+00:00,2026-06-16T02:01:59+00:00,tacaswell,16.56,False
31787,matplotlib/matplotlib,[Bug]: Getting position of the polar spine causes a strange change of its shape,topic: polar,closed,2026-05-30T08:56:37+00:00,2026-05-30T09:01:27+00:00,rcomer,0.0,False
31786,matplotlib/matplotlib,[Bug]: Circles with equivalent facecolors have different appearances when alpha is specified,,closed,2026-05-30T07:45:03+00:00,2026-05-30T09:20:26+00:00,timhoffm,0.07,False
31770,matplotlib/matplotlib,[MNT]: macOS backend lacks standard keyboard shortcuts,GUI: MacOSX;Maintenance,open,2026-05-28T19:01:14+00:00,,,,
31763,matplotlib/matplotlib,[Doc]: Consider adding llms.txt,Documentation;status: needs comment/discussion,closed,2026-05-28T09:32:16+00:00,2026-05-30T07:00:01+00:00,timhoffm,1.89,False
31755,matplotlib/matplotlib,[Bug]: macOS backend leaks objects in wake_on_fd_write,GUI: MacOSX,closed,2026-05-27T19:29:43+00:00,2026-06-06T02:08:50+00:00,greglucas,9.28,False
31754,matplotlib/matplotlib,[Bug]: macOS backend leaks NSTrackingArea,,closed,2026-05-27T19:25:58+00:00,2026-06-04T06:21:22+00:00,QuLogic,7.46,False
31751,matplotlib/matplotlib,[Bug]: macOS backend lacks several autorelease pools,GUI: MacOSX;first-contribution,closed,2026-05-26T18:40:20+00:00,2026-06-07T18:35:08+00:00,iccir,12.0,False
31748,matplotlib/matplotlib,[Bug]: Re-adding annotation texts to the axes causes them to be obscured,topic: annotation,open,2026-05-26T04:03:11+00:00,,,,
31747,matplotlib/matplotlib,[MNT]: hardcoded zoom in view_init,topic: mplot3d;Community support;first-contribution,closed,2026-05-25T19:41:12+00:00,2026-05-26T19:01:33+00:00,scottshambaugh,0.97,False
31742,matplotlib/matplotlib,[Bug]: 3D wireframe plot error output (3.11.0rc2),topic: mplot3d;status: confirmed bug,closed,2026-05-24T14:15:42+00:00,2026-05-27T16:13:14+00:00,tacaswell,3.08,False
31730,matplotlib/matplotlib,[Bug]: Figure.add_artist() fails to re-render an image previously added via Figure.figimage() after .remove(),status: confirmed bug;topic: figures and subfigures,open,2026-05-22T12:50:56+00:00,,,,
31728,matplotlib/matplotlib,[Bug]: Doc build on 3.11 failure due to failed wx link,status: upstream fix required;Documentation: build,closed,2026-05-22T11:19:49+00:00,2026-06-04T11:28:38+00:00,timhoffm,13.01,False
31726,matplotlib/matplotlib,[Bug]: Corruption of 3D surface plot at log scale with negative or zero values (v3.11.0rc2),topic: mplot3d;status: confirmed bug,closed,2026-05-21T20:51:13+00:00,2026-05-29T18:35:45+00:00,ksunden,7.91,False
31723,matplotlib/matplotlib,[Doc]: Consolidate docs for moving ticks and axes labels to the top & right,Documentation,closed,2026-05-21T09:47:15+00:00,2026-05-27T21:15:39+00:00,timhoffm,6.48,False
31717,matplotlib/matplotlib,[Bug]: Marker sizes not consistent in Scatterplot,Community support,closed,2026-05-20T09:40:04+00:00,2026-05-20T14:23:27+00:00,gw-g,0.2,True
31715,matplotlib/matplotlib,[Bug]: Backend falls back to Agg even though TkAgg will work,backend: agg,open,2026-05-20T03:30:45+00:00,,,,
31702,matplotlib/matplotlib,[Bug]: manual positioning fails for ax.clabel,topic: contour,closed,2026-05-18T16:14:00+00:00,2026-06-10T20:15:37+00:00,QuLogic,23.17,False
31700,matplotlib/matplotlib,[Bug]: violinplot crashes on empty datasets,topic: plotting methods,closed,2026-05-18T10:52:40+00:00,2026-05-28T17:20:13+00:00,scottshambaugh,10.27,False
31699,matplotlib/matplotlib,[Doc]: Add a section on axis sharing to subplot_mosaic guide,Documentation,closed,2026-05-18T08:36:58+00:00,2026-05-27T21:08:34+00:00,timhoffm,9.52,False
31697,matplotlib/matplotlib,[Doc]: Explain ephemeral nature of ticks and tick_params vs. the properties of individual ticks,Documentation,closed,2026-05-17T21:04:19+00:00,2026-06-02T23:17:51+00:00,timhoffm,16.09,False
31694,matplotlib/matplotlib,[Bug]: PolarAxes missing get_rlim() and get_thetalim() getters,,closed,2026-05-17T18:10:58+00:00,2026-05-19T07:25:28+00:00,rcomer,1.55,False
31693,matplotlib/matplotlib,BUG: PolarAxes missing get_rlim() and get_thetalim() getters,status: duplicate,closed,2026-05-17T17:52:59+00:00,2026-05-17T17:55:16+00:00,QuLogic,0.0,False
31682,matplotlib/matplotlib,[Doc]: Artist tutorial should not encourage working with tick objects,Documentation,closed,2026-05-16T06:14:24+00:00,2026-05-22T21:48:25+00:00,tacaswell,6.65,False
31679,matplotlib/matplotlib,[Doc]: Outdated Python version reference in dependencies.rst manylinux section,Documentation,closed,2026-05-15T22:22:14+00:00,2026-05-16T02:02:40+00:00,QuLogic,0.15,False
31665,matplotlib/matplotlib,[Bug]: Timestamp not supported in 3D plots,topic: mplot3d,closed,2026-05-13T10:49:53+00:00,2026-05-13T18:31:13+00:00,rcomer,0.32,False
31655,matplotlib/matplotlib,[ENH]: Optional axes-aware text wrapping for wrap=True,New feature,open,2026-05-11T04:17:29+00:00,,,,
31635,matplotlib/matplotlib,[Feature Request]: Support wrapping text relative to axes boundaries,,closed,2026-05-08T09:52:06+00:00,2026-05-08T12:17:43+00:00,deepali-cg,0.1,True
31624,matplotlib/matplotlib,[MNT]: PolarTransform deprecation didn't warn,Release critical;Maintenance,closed,2026-05-06T19:41:02+00:00,2026-05-08T12:24:10+00:00,rcomer,1.7,False
31622,matplotlib/matplotlib,[Bug]: `tight` and `constrained` layouts honouring invisible parts of `floating_axis`,status: confirmed bug;topic: mpl_toolkit,closed,2026-05-06T17:21:04+00:00,2026-05-08T19:42:31+00:00,QuLogic,2.1,False
31607,matplotlib/matplotlib,[ENH]: Mixed shading in pcolor/pcolormesh,New feature,open,2026-05-02T13:26:37+00:00,,,,
31597,matplotlib/matplotlib,[Doc]: incorporate artist architecture content from matplotlib papers,Documentation;Difficulty: Hard,open,2026-05-01T15:05:32+00:00,,,,
31590,matplotlib/matplotlib,Should `_make_axis_parameter_optional` handle `None`?,Release critical,closed,2026-04-30T07:49:09+00:00,2026-05-07T19:27:02+00:00,tacaswell,7.48,False
31589,matplotlib/matplotlib,Downstream issues with 3.11.0rc1,Maintenance,closed,2026-04-30T07:16:37+00:00,2026-06-09T17:19:18+00:00,QuLogic,40.42,False
31586,matplotlib/matplotlib,[MNT]: Replace the use of FancyArrowPatch in streamplot by a simpler marker container,Performance;Maintenance,open,2026-04-29T13:39:52+00:00,,,,
31585,matplotlib/matplotlib,[Bug]: Different behaviour between showing and savefig PDF,backend: pdf,closed,2026-04-29T12:17:14+00:00,2026-05-22T05:06:19+00:00,tacaswell,22.7,False
31575,matplotlib/matplotlib,[Doc]: Add guidance how to deal with unstable text rendering in downstream tests (such as the changes in 3.11.0rc1),topic: text,closed,2026-04-27T08:59:58+00:00,2026-06-09T17:16:40+00:00,QuLogic,43.34,False
31574,matplotlib/matplotlib,[Bug]: polar projection with `labels` on `set_ticks` gives UserWarning,status: confirmed bug;Release critical,closed,2026-04-27T08:04:21+00:00,2026-04-29T07:32:28+00:00,rcomer,1.98,False
31568,matplotlib/matplotlib,[Bug]: savefig(bbox_inches='tight') clips axis labels on 3D axes,topic: mplot3d;status: confirmed bug,closed,2026-04-25T07:05:49+00:00,2026-06-30T14:58:42+00:00,scottshambaugh,66.33,False
31559,matplotlib/matplotlib,[ENH]: Add label vertical alignment to rcparams,New feature,open,2026-04-23T21:56:49+00:00,,,,
31537,matplotlib/matplotlib,[Bug]: Erroneous text wrapping when text vertical position is 1.0,status: confirmed bug;topic: text;status: has patch,open,2026-04-20T16:16:49+00:00,,,,
31536,matplotlib/matplotlib,[Bug]: savefig() breaks FancyArrowPatch position on saved PNG when using custom DPI,Community support,closed,2026-04-20T15:26:07+00:00,2026-05-29T08:19:35+00:00,anntzer,38.7,False
31523,matplotlib/matplotlib,[Bug]: twinx() and twiny() crash with cryptic errors on 3D axes,,closed,2026-04-18T06:51:43+00:00,2026-04-21T01:10:46+00:00,QuLogic,2.76,False
31513,matplotlib/matplotlib,[Bug]: Flaky test_contour.py::test_labels on minver CI,topic: text;topic: testing;topic: contour,closed,2026-04-17T02:42:15+00:00,2026-04-17T13:44:56+00:00,tacaswell,0.46,False
31506,matplotlib/matplotlib,[Doc]: fontweight options not documented correctly,Documentation,open,2026-04-16T11:04:41+00:00,,,,
31501,matplotlib/matplotlib,[ENH]: Shorthand for bbox_to_anchor,New feature,closed,2026-04-15T00:06:11+00:00,2026-04-15T00:46:46+00:00,igurin-invn,0.03,True
31500,matplotlib/matplotlib,[Bug]: macosx backend takes mouse events even if there is no window.,GUI: MacOSX;status: duplicate,closed,2026-04-14T21:44:40+00:00,2026-04-15T20:46:55+00:00,cinsk,0.96,True
31496,matplotlib/matplotlib,[Doc]: Define: User Guide > Plotting data,Documentation,open,2026-04-13T16:26:46+00:00,,,,
31495,matplotlib/matplotlib,Unavoidable warnings with pybind11 main branch,backend: agg;Maintenance,closed,2026-04-13T14:11:06+00:00,2026-04-16T20:27:02+00:00,story645,3.26,True
31493,matplotlib/matplotlib,[Bug]: contour/contourf silently produces nonsense levels when Z is constant (zmin == zmax),topic: contour;topic: plotting methods,open,2026-04-13T07:18:06+00:00,,,,
31481,matplotlib/matplotlib,[Bug]: ax.text() box size determined incorrectly for *-subscript (cuts off text at bottom),,closed,2026-04-09T14:49:21+00:00,2026-04-10T00:01:52+00:00,QuLogic,0.38,False
31480,matplotlib/matplotlib,[ENH]: `Axes.plot` typing,New feature,closed,2026-04-09T11:27:32+00:00,2026-06-09T18:12:26+00:00,ksunden,61.28,False
31474,matplotlib/matplotlib,[Doc]: Improve documentation of animations in jupyter notebooks,Documentation,open,2026-04-08T09:05:17+00:00,,,,
31473,matplotlib/matplotlib,[Doc]: Improve documentation of animations in jupyter notebooks,Documentation,closed,2026-04-08T09:04:22+00:00,2026-04-08T09:47:04+00:00,rcomer,0.03,False
31467,matplotlib/matplotlib,[ENH]: add a thinner minor grid to 3D plots,New feature;topic: mplot3d,open,2026-04-07T20:01:15+00:00,,,,
31464,matplotlib/matplotlib,[Doc]: finding the simple example,Documentation,closed,2026-04-07T12:16:01+00:00,2026-04-08T11:24:26+00:00,timhoffm,0.96,False
31462,matplotlib/matplotlib,[Bug]: Errorbar plot on log-scaled Axes sets incorrect automatic lower limits,status: confirmed bug;topic: plotting methods,closed,2026-04-07T10:09:27+00:00,2026-04-23T01:42:12+00:00,QuLogic,15.65,False
31457,matplotlib/matplotlib,Hopefully Helpful (AI) Contributing Policy Proposal,first-contribution,closed,2026-04-05T15:45:19+00:00,2026-04-08T16:07:12+00:00,MarkFazekas,3.02,True
31454,matplotlib/matplotlib,[Doc]: Amend AI policy by a concrete list of dos and don’ts,Documentation,closed,2026-04-04T23:55:51+00:00,2026-04-08T00:14:42+00:00,timhoffm,3.01,False
31452,matplotlib/matplotlib,[Doc]: svg links example should show the svgs?,Documentation,closed,2026-04-04T15:33:29+00:00,2026-05-16T06:17:31+00:00,timhoffm,41.61,False
31451,matplotlib/matplotlib,[Doc]: pong example broken,Documentation;status: invalid,closed,2026-04-04T14:57:44+00:00,2026-04-04T15:28:04+00:00,rcomer,0.02,False
31433,matplotlib/matplotlib,[MNT]: Mypy error,Maintenance,closed,2026-04-01T17:11:51+00:00,2026-04-02T19:28:09+00:00,tacaswell,1.09,False
31429,matplotlib/matplotlib,Incompatibility with Python 3.15 alpha 7,,closed,2026-03-31T12:56:27+00:00,2026-06-02T15:38:15+00:00,scottshambaugh,63.11,False
31424,matplotlib/matplotlib,[Bug]: Umbrella issue: matplotlib C/C++ Extension Analysis Report,Maintenance;first-contribution,open,2026-03-29T22:43:33+00:00,,,,
31406,matplotlib/matplotlib,[ENH]: [Bug]: secondary_xaxes().set_xlim/xbound should warn or raise that it is ineffective,New feature,closed,2026-03-27T09:54:02+00:00,2026-04-02T11:34:02+00:00,timhoffm,6.07,False
31404,matplotlib/matplotlib,[Bug]: Crash when removing contour set after removing contour labels,status: confirmed bug;topic: contour,closed,2026-03-27T05:27:25+00:00,2026-04-10T19:48:54+00:00,ksunden,14.6,False
31400,matplotlib/matplotlib,[ENH]: Support partial figsize setting,New feature,closed,2026-03-26T22:02:14+00:00,2026-03-31T02:41:21+00:00,QuLogic,4.19,False
31398,matplotlib/matplotlib,[Bug]: test suite fails against glib 2.88.0,status: upstream fix required;topic: testing;first-contribution,closed,2026-03-26T19:54:04+00:00,2026-05-19T19:29:31+00:00,QuLogic,53.98,False
31396,matplotlib/matplotlib,[MNT]: Consider consolidating the Formatter API,topic: ticks axis labels;Maintenance,open,2026-03-26T17:11:46+00:00,,,,
31388,matplotlib/matplotlib,Clarification regarding documentation version differences and consistency,Documentation;Community support,closed,2026-03-26T07:13:04+00:00,2026-03-26T11:18:52+00:00,timhoffm,0.17,False
31386,matplotlib/matplotlib,[ENH]: Improve tick density near zero for SymmetricalLogLocator,New feature;status: needs comment/discussion;first-contribution,closed,2026-03-26T03:05:53+00:00,2026-05-17T05:49:14+00:00,timhoffm,52.11,False
31378,matplotlib/matplotlib,DOC: Systemic fix for missing thumbnails in user_interfaces gallery examples,Documentation: examples;first-contribution,open,2026-03-25T07:15:39+00:00,,,,
31369,matplotlib/matplotlib,Dead link in colormap docs [Ware],Documentation;first-contribution,closed,2026-03-24T21:49:26+00:00,2026-03-24T23:56:08+00:00,story645,0.09,False
31346,matplotlib/matplotlib,[Sec]: Disable auto-loading custom matplotlibrc files,Security Hardening,open,2026-03-21T17:26:35+00:00,,,,
31344,matplotlib/matplotlib,[Bug]: Adding contour labels affects the shape of filled contours,,closed,2026-03-21T07:31:54+00:00,2026-03-23T17:34:57+00:00,jklymak,2.42,False
31340,matplotlib/matplotlib,[Bug]: outdated savannah URL in subprojects/freetype-2.6.1.wrap,topic: text/fonts;first-contribution,closed,2026-03-20T17:18:37+00:00,2026-03-29T10:51:08+00:00,timhoffm,8.73,False
31339,matplotlib/matplotlib,[ENH]: add `loc` parameter to the `fig.suptitle()`,New feature;status: needs comment/discussion,open,2026-03-20T12:19:42+00:00,,,,
31337,matplotlib/matplotlib,wording questions,Documentation;status: needs confirmation;first-contribution,closed,2026-03-19T16:58:23+00:00,2026-04-04T15:26:22+00:00,timhoffm,15.94,False
31335,matplotlib/matplotlib,[Bug]: Changing the color of a contour plot messes up the contour lines and fill colors,status: confirmed bug;topic: contour,open,2026-03-19T08:59:27+00:00,,,,
31333,matplotlib/matplotlib,[Bug]: AutoDateLocator confused by repeated hour at DST switch,topic: date handling,closed,2026-03-19T08:24:56+00:00,2026-03-19T20:18:22+00:00,StefRe,0.5,True
31330,matplotlib/matplotlib,[Bug]: Crash when removing colorbar axes in a constrained layout,,closed,2026-03-19T04:44:52+00:00,2026-04-24T11:04:50+00:00,timhoffm,36.26,False
31328,matplotlib/matplotlib,[ENH]: Support third-party layout engine string names,New feature,open,2026-03-18T20:20:04+00:00,,,,
31320,matplotlib/matplotlib,[DOC]: Using matplotlib.pyplot.pcolormesh with shading='flat',Documentation;first-contribution,closed,2026-03-17T12:54:54+00:00,2026-03-18T05:35:13+00:00,QuLogic,0.69,False
31319,matplotlib/matplotlib,[Bug]: Crash when removing a subfigure with a subplot in a figure,status: confirmed bug,closed,2026-03-17T11:36:53+00:00,2026-03-27T22:08:41+00:00,rcomer,10.44,False
31312,matplotlib/matplotlib,[ENH]: Use deterministic solver instead of constrained_layout?,topic: geometry manager,open,2026-03-16T04:08:42+00:00,,,,
31302,matplotlib/matplotlib,`stairs` with dashed linestyle and fill=True raises ValueError,topic: plotting methods,closed,2026-03-13T20:02:21+00:00,2026-03-20T18:53:51+00:00,ksunden,6.95,False
31289,matplotlib/matplotlib,[Bug]: QtAgg backend does not preserve linestyles refined by dash tuples after editing parameters,GUI: Qt;backend: agg,open,2026-03-12T08:17:42+00:00,,,,
31288,matplotlib/matplotlib,[Bug]: Cannot change xlabel after drawing custom axes with xlabel,topic: mpl_toolkit,closed,2026-03-12T07:50:38+00:00,2026-06-05T12:00:52+00:00,timhoffm,85.17,False
31286,matplotlib/matplotlib,[MNT]: Scale `val_in_range` method,Maintenance,closed,2026-03-11T23:52:32+00:00,2026-03-20T22:37:05+00:00,QuLogic,8.95,False
31277,matplotlib/matplotlib,[Bug]: 3D ax1's tick labels and ax2's title overlap in a constrained layout,topic: mplot3d;topic: geometry manager,closed,2026-03-11T07:46:57+00:00,2026-07-26T15:39:26+00:00,timhoffm,137.33,False
31276,matplotlib/matplotlib,[Bug]: Setting aspect back to auto cannot recover the original 3D plot,topic: mplot3d;status: confirmed bug,closed,2026-03-11T07:32:56+00:00,2026-07-16T19:09:31+00:00,QuLogic,127.48,False
31269,matplotlib/matplotlib,[ENH]: Support list of markers for scatter,New feature,closed,2026-03-10T15:27:52+00:00,2026-03-10T15:30:47+00:00,rcomer,0.0,False
31266,matplotlib/matplotlib,[Bug]: Setting alpha value of Circle changes the style of facecolor,,closed,2026-03-10T07:40:21+00:00,2026-03-10T11:18:30+00:00,rcomer,0.15,False
31264,matplotlib/matplotlib,[Doc]: A default of `None` should be properly documented as a default of `None`,Documentation;topic: typing,closed,2026-03-10T04:55:51+00:00,2026-03-11T00:26:43+00:00,timhoffm,0.81,False
31257,matplotlib/matplotlib,[Bug]: Update of markers' fillstyle removes rotation transform,topic: markers,open,2026-03-09T08:21:20+00:00,,,,
31256,matplotlib/matplotlib,"[ENH]: Extend semilogx, etc to 3D",New feature;topic: mplot3d;API: consistency,closed,2026-03-08T21:07:00+00:00,2026-03-10T21:05:27+00:00,anntzer,2.0,False
31254,matplotlib/matplotlib,"[MNT]: deprecate ""which"" parameter of `Axes.set_position`?",Maintenance,closed,2026-03-07T17:36:48+00:00,2026-04-17T02:24:42+00:00,QuLogic,40.37,False
31250,matplotlib/matplotlib,[TST] Upcoming dependency test failures,,closed,2026-03-07T11:19:48+00:00,2026-03-20T03:13:30+00:00,QuLogic,12.66,False
31247,matplotlib/matplotlib,"[Bug]: Changing limits by setting ticks does not emit ""x/ylim_changed""",topic: ticks axis labels,closed,2026-03-06T20:14:46+00:00,2026-03-17T10:41:54+00:00,timhoffm,10.6,False
31246,matplotlib/matplotlib,[Bug]: Cannot reset to original positions of x-tick labels after wrapping,status: needs clarification,closed,2026-03-06T10:48:00+00:00,2026-05-16T16:03:01+00:00,rcomer,71.22,False
31239,matplotlib/matplotlib,[MNT]: hexbin upper-case `C` as keyword-argument,API: consistency;status: needs comment/discussion;Maintenance,open,2026-03-05T08:51:04+00:00,,,,
31235,matplotlib/matplotlib,[Doc]: bad rendering of matplotlib.pyplot.quiver docs,Documentation,closed,2026-03-04T15:51:52+00:00,2026-03-13T02:56:57+00:00,story645,8.46,False
31233,matplotlib/matplotlib,[Bug]: Adjusting the facecolors of Poly3DCollection accidentally shuffles the color order,topic: collections and mappables,open,2026-03-04T13:30:21+00:00,,,,
31232,matplotlib/matplotlib,[Bug]: Resetting aspect to auto does not work for axes with twinx,topic: axes,open,2026-03-04T11:05:10+00:00,,,,
31229,matplotlib/matplotlib,[Bug]: Axes unexpectedly shrinks when adjusting the position in constrained layout,,closed,2026-03-03T04:54:17+00:00,2026-03-04T15:40:15+00:00,jklymak,1.45,False
31227,matplotlib/matplotlib,[ENH]: Allow contour levels to be decreasing,New feature;first-contribution,open,2026-03-02T20:50:02+00:00,,,,
31225,matplotlib/matplotlib,[Bug]: set_edgecolor(None) cannot recover the default style after changing the edge color of wedges with hatches,,closed,2026-03-02T13:23:46+00:00,2026-03-02T14:50:41+00:00,rcomer,0.06,False
31221,matplotlib/matplotlib,"[Doc]: ticks/ticklabels_rotation example should mention rotation_mode=""xtick""/""ytick""",Documentation,closed,2026-03-01T21:30:54+00:00,2026-03-02T16:34:24+00:00,story645,0.79,False
31220,matplotlib/matplotlib,"Should we use font metrics for line height instead of ""lp""?",topic: text;topic: text/fonts,closed,2026-03-01T18:17:23+00:00,2026-04-10T19:37:28+00:00,QuLogic,40.06,False
31216,matplotlib/matplotlib,[TST] Upcoming dependency test failures,,closed,2026-02-28T06:12:02+00:00,2026-02-28T08:16:21+00:00,rcomer,0.09,False
31215,matplotlib/matplotlib,[Bug]: 3D Lines can't be drawn over patches with `computed_zorder`,topic: mplot3d;first-contribution,closed,2026-02-28T01:30:41+00:00,2026-02-28T04:29:58+00:00,timhoffm,0.12,False
31213,matplotlib/matplotlib,[MNT]: 3D z axis margin is handled differently than x and z,topic: mplot3d;Maintenance,open,2026-02-27T23:20:56+00:00,,,,
31211,matplotlib/matplotlib,[ENH] Support for SVG-encoded colour glyphs,topic: text/fonts,open,2026-02-27T10:30:15+00:00,,,,
31210,matplotlib/matplotlib,[ENH] Support for COLRv1-encoded colour glyphs,topic: text/fonts,open,2026-02-27T10:26:14+00:00,,,,
31209,matplotlib/matplotlib,[ENH] Support for COLRv0-encoded colour glyphs,topic: text/fonts,open,2026-02-27T10:20:20+00:00,,,,
31208,matplotlib/matplotlib,[ENH] Support for SBIX-encoded colour glyphs,topic: text/fonts,open,2026-02-27T10:11:22+00:00,,,,
31207,matplotlib/matplotlib,[ENH] Support for CBDT/CBLC-encoded colour glyphs,topic: text/fonts,open,2026-02-27T09:41:48+00:00,,,,
31206,matplotlib/matplotlib,[ENH] Support for multicolour fonts,topic: text/fonts,open,2026-02-27T09:36:05+00:00,,,,
31205,matplotlib/matplotlib,[Bug]: Minor shift of ax2 unexpectedly increases the height of ax1 in constrained layout,topic: geometry manager;Community support,closed,2026-02-27T08:11:12+00:00,2026-03-02T14:55:50+00:00,rcomer,3.28,False
31199,matplotlib/matplotlib,[Doc]: better document discrete colormapping,Documentation,open,2026-02-25T12:27:09+00:00,,,,
31197,matplotlib/matplotlib,[Bug]:  Second figure save differs in axes width for subplots with shared y-axis and tight layout,topic: geometry manager;Community support,closed,2026-02-25T07:49:27+00:00,2026-02-25T09:23:57+00:00,timhoffm,0.07,False
31195,matplotlib/matplotlib,[ENH]: Design considerations for discrete colormapping,New feature;topic: color/color & colormaps,open,2026-02-24T17:02:41+00:00,,,,
31194,matplotlib/matplotlib,[ENH]: add `errorbar.capthick` and `errorbar.elinewidth` to mplstyle,New feature;topic: rcparams;first-contribution,closed,2026-02-24T14:03:17+00:00,2026-03-03T01:25:19+00:00,timhoffm,6.47,False
31184,matplotlib/matplotlib,[TST] Upcoming dependency test failures,,closed,2026-02-21T06:16:53+00:00,2026-02-23T18:25:11+00:00,QuLogic,2.51,False
31182,matplotlib/matplotlib,[Bug]: `ax.hist()` fails on sequence of timedeltas due to comparison with `np.inf`,topic: hist;topic: plotting methods,closed,2026-02-20T18:36:25+00:00,2026-03-11T00:40:47+00:00,timhoffm,18.25,False
31178,matplotlib/matplotlib,[Bug]: fig.colorbar() requires plt.cm.ScalarMappable() object instead of matplotlib.colors.ListedColormap() as it lacks .get_cmap(),Documentation;Community support;topic: color/color & colormaps,closed,2026-02-19T17:28:49+00:00,2026-02-25T12:28:35+00:00,timhoffm,5.79,False
31177,matplotlib/matplotlib,[BUG]: Screen scaling is not properly considered with Tk on X11,status: confirmed bug;GUI: tk;topic: dpi and resolution,open,2026-02-19T10:53:19+00:00,,,,
31175,matplotlib/matplotlib,[ENH]: mutation_aspect for Round BoxStyle type,New feature;first-contribution,open,2026-02-18T21:36:50+00:00,,,,
31174,matplotlib/matplotlib,[MNT]: `plt.show()` with `plt.style.use('dark_background')` leaves toolbar 'in light mode' when using `TkAgg` backend,Maintenance,closed,2026-02-18T19:30:54+00:00,2026-02-20T09:48:21+00:00,timhoffm,1.6,False
31173,matplotlib/matplotlib,Make downloading pre-built PDF docs easier,Documentation;status: needs comment/discussion;first-contribution,open,2026-02-18T19:03:47+00:00,,,,
31164,matplotlib/matplotlib,[MNT]: Adopt Scikit Learn's autoclose bot,status: needs comment/discussion;Maintenance,closed,2026-02-15T21:31:18+00:00,2026-03-18T23:47:13+00:00,story645,31.09,False
31161,matplotlib/matplotlib,The issue which you might like,first-contribution,closed,2026-02-14T22:15:43+00:00,2026-02-15T01:29:31+00:00,WeatherGod,0.13,True
31159,matplotlib/matplotlib,[TST] Upcoming dependency test failures,status: duplicate,closed,2026-02-14T06:38:55+00:00,2026-02-14T06:59:53+00:00,QuLogic,0.01,False
31158,matplotlib/matplotlib,[TST] Upcoming dependency test failures,,closed,2026-02-14T06:21:02+00:00,2026-02-14T07:01:11+00:00,QuLogic,0.03,False
31157,matplotlib/matplotlib,Spam,status: invalid;first-contribution,closed,2026-02-14T03:57:04+00:00,2026-02-14T04:47:20+00:00,timhoffm,0.03,False
31156,matplotlib/matplotlib,Spam,Documentation;status: invalid;first-contribution,closed,2026-02-13T23:39:40+00:00,2026-02-14T00:09:18+00:00,timhoffm,0.02,False
31149,matplotlib/matplotlib,[ENH]: Improve compatibility with array-like objects implementing __array__ (e.g. MLX arrays),New feature;first-contribution,closed,2026-02-13T09:29:30+00:00,2026-02-14T16:01:58+00:00,jklymak,1.27,False
31147,matplotlib/matplotlib,[Bug]: Initial save ignores text in a figure with constrained layout,Documentation;status: confirmed bug;topic: geometry manager,open,2026-02-13T06:20:25+00:00,,,,
31136,matplotlib/matplotlib,[Bug]: Cannot properly set transform for polar axes spine,status: needs clarification,closed,2026-02-12T07:54:09+00:00,2026-05-16T17:02:47+00:00,rcomer,93.38,False
31135,matplotlib/matplotlib,[Bug]: Setting figure for polar axes breaks the polar coordinates,status: needs clarification,closed,2026-02-12T07:23:42+00:00,2026-02-13T05:52:12+00:00,QuLogic,0.94,False
31130,matplotlib/matplotlib,[MNT] Switch from `np.column_stack()` to `np.vstack().T` for performance,,closed,2026-02-10T21:53:30+00:00,2026-02-11T10:46:33+00:00,scottshambaugh,0.54,False
31129,matplotlib/matplotlib,[Bug]: PDF backend: marker culling incorrectly drops non-centered Path markers,status: invalid,closed,2026-02-10T13:20:23+00:00,2026-02-11T12:50:16+00:00,sanrishi,0.98,True
31127,matplotlib/matplotlib,"[Doc]: quiver 3d does not support ""mid"" as an alias for ""middle"", but quiver 2d does",Documentation;topic: mplot3d;first-contribution,closed,2026-02-10T08:06:39+00:00,2026-02-27T20:55:54+00:00,scottshambaugh,17.53,False
31126,matplotlib/matplotlib,[Bug]: FigureCanvasTkAgg renders clipped/oversized when embedded in layout-managed container on Windows HiDPI,GUI: tk;topic: dpi and resolution;first-contribution,closed,2026-02-10T06:53:11+00:00,2026-03-11T20:34:14+00:00,timhoffm,29.57,False
31122,matplotlib/matplotlib,[ENH]: Give control whether twinx() or twiny() overlays the main axis,New feature;first-contribution,closed,2026-02-09T14:25:13+00:00,2026-04-12T21:58:12+00:00,timhoffm,62.31,False
31120,matplotlib/matplotlib,[MNT]: verbose toggle for CI,Maintenance,open,2026-02-08T22:52:27+00:00,,,,
31118,matplotlib/matplotlib,"[MNT]: Analyse, define and document Artist.axes",Maintenance,open,2026-02-08T08:37:40+00:00,,,,
31115,matplotlib/matplotlib,[TST] Upcoming dependency test failures,,closed,2026-02-07T17:25:03+00:00,2026-02-07T17:38:31+00:00,rcomer,0.01,False
31114,matplotlib/matplotlib,"[Bug]: TkAgg leaves behind ""zombie"" window in IPython sessions with MacOS Tahoe",OS: Apple;backend: agg,open,2026-02-07T17:03:13+00:00,,,,
31112,matplotlib/matplotlib,[TST] Upcoming dependency test failures,Maintenance;CI: testing,closed,2026-02-07T11:14:25+00:00,2026-02-13T19:22:15+00:00,ksunden,6.34,False
31109,matplotlib/matplotlib,[Bug]: Non-bottom axes cannot apply fontdict to xticklabels via set_xticklabels in subplots with sharex=True,Community support,closed,2026-02-07T05:23:29+00:00,2026-02-07T07:00:45+00:00,timhoffm,0.07,False
31108,matplotlib/matplotlib,Bump version of labeler action when available (>6.0.1),Maintenance;github_actions,closed,2026-02-06T14:12:29+00:00,2026-06-05T21:43:02+00:00,QuLogic,119.31,False
31106,matplotlib/matplotlib,"[Bug]: macOS Tahoe (v26) MacOSX backend leaves ""ghost"" window",GUI: MacOSX,closed,2026-02-06T11:14:09+00:00,2026-06-06T02:08:50+00:00,greglucas,119.62,False
31105,matplotlib/matplotlib,[MNT]: Color normalization in GraphicsContextBase,Maintenance,open,2026-02-06T11:12:47+00:00,,,,
31104,matplotlib/matplotlib,[ENH]: OpenType fonts for mathematical formulas,New feature;topic: text/fonts;topic: text/mathtext;first-contribution,open,2026-02-06T08:56:38+00:00,,,,
31097,matplotlib/matplotlib,[MNT]: Add get_shared_z_axes() and get_shared_view_axes(),topic: mplot3d;Maintenance,open,2026-02-06T06:30:36+00:00,,,,
31093,matplotlib/matplotlib,[ENH]: Modifier key to discretize rotations for 3D plots,New feature;topic: mplot3d,closed,2026-02-05T21:12:51+00:00,2026-03-04T07:38:18+00:00,timhoffm,26.43,False
31092,matplotlib/matplotlib,[Bug]: QuadMesh doesn't update face colors on set_color or set_facecolor,Community support,closed,2026-02-05T20:41:26+00:00,2026-02-06T23:56:59+00:00,rat-h,1.14,True
31086,matplotlib/matplotlib,[Bug]: Colorbar get_ticks() return the incorrect array,topic: ticks axis labels,closed,2026-02-05T09:44:50+00:00,2026-02-06T00:33:13+00:00,timhoffm,0.62,False
31084,matplotlib/matplotlib,[Bug]: Removing the colorbar causes the size of axes to decrease,,closed,2026-02-05T09:07:39+00:00,2026-02-05T12:48:55+00:00,timhoffm,0.15,False
31083,matplotlib/matplotlib,[MNT]: Feed all Qt tests to a single subprocess,Maintenance,open,2026-02-05T06:13:21+00:00,,,,
31079,matplotlib/matplotlib,[MNT]: Avoid using pyplot in tests,topic: testing;Maintenance,closed,2026-02-04T21:55:25+00:00,2026-02-05T21:17:50+00:00,timhoffm,0.97,False
31074,matplotlib/matplotlib,"[Bug]:  Python matplotlib 3D drawing always overrides Quiver drawing in 3D coordinate system with contour drawing, setting Zorder and adjusting the order of drawing are invalid",topic: mplot3d;Community support,closed,2026-02-04T08:50:58+00:00,2026-02-26T18:25:17+00:00,scottshambaugh,22.4,False
31073,matplotlib/matplotlib,[Bug]: Crash when Removing Suptitle in a Figure with Constrained Layout,status: confirmed bug;topic: geometry manager,closed,2026-02-04T07:30:14+00:00,2026-02-04T20:41:43+00:00,QuLogic,0.55,False
31066,matplotlib/matplotlib,[Bug]: Showing figures from multiple python-instances causes blank figures,OS: Apple;status: needs clarification,closed,2026-02-03T17:18:15+00:00,2026-02-04T11:49:04+00:00,vegardjervell,0.77,True
31055,matplotlib/matplotlib,[MNT]: Revisit architecture and handling of Artist properties,Maintenance,open,2026-02-02T09:01:44+00:00,,,,
31054,matplotlib/matplotlib,[MNT]: Inconsistency in log-scale handling: `bbox_inches='tight'` creates massive canvas for negative text coordinates,status: confirmed bug;Maintenance,closed,2026-02-02T08:11:12+00:00,2026-03-11T04:35:07+00:00,QuLogic,36.85,False
31049,matplotlib/matplotlib,TST: Any loaded backend may break CallbackRegistry exception tests,topic: testing,open,2026-01-30T00:15:51+00:00,,,,
31027,matplotlib/matplotlib,[MNT]: Handling of tools defaults,status: needs comment/discussion;Maintenance,open,2026-01-24T08:38:50+00:00,,,,
31019,matplotlib/matplotlib,[Doc]: Build failures on CircleCI,Documentation,closed,2026-01-23T04:14:25+00:00,2026-05-17T05:56:35+00:00,timhoffm,114.07,False
31018,matplotlib/matplotlib,[Bug]: Axis elements cut off when saving figure to file with tight_layout/bbox_inches,Community support,closed,2026-01-22T20:01:25+00:00,2026-01-27T13:06:47+00:00,rcomer,4.71,False
31017,matplotlib/matplotlib,[Bug]: Minor grid not show on twiny log scale axis,status: needs confirmation,closed,2026-01-22T16:59:04+00:00,2026-02-02T20:54:14+00:00,scottshambaugh,11.16,False
31009,matplotlib/matplotlib,[Bug]: Large pixels may overlap when using imshow(),status: confirmed bug;topic: images,closed,2026-01-21T21:55:53+00:00,2026-03-02T11:01:48+00:00,QuLogic,39.55,False
31008,matplotlib/matplotlib,Discussion: Use of masked arrays internally,API: consistency,open,2026-01-21T19:20:06+00:00,,,,
31003,matplotlib/matplotlib,[ENH]: Add types for `fig_kw` argument in `subplots`,New feature;topic: typing,closed,2026-01-20T19:39:09+00:00,2026-01-27T00:47:24+00:00,QuLogic,6.21,False
30998,matplotlib/matplotlib,"[Bug]: pd.read_csv(parse_dates), no decimal in data second leads to bad timestamp itnerpretation.",,closed,2026-01-19T15:23:51+00:00,2026-01-19T15:59:10+00:00,jklymak,0.02,False
30996,matplotlib/matplotlib,[Doc]: `contour` and `contourf` levels default not specified,Documentation,closed,2026-01-19T11:17:01+00:00,2026-01-29T11:11:12+00:00,timhoffm,10.0,False
30990,matplotlib/matplotlib,[ENH]: utilize the auto completion. ( let me show what Im working on),New feature,closed,2026-01-18T11:32:51+00:00,2026-04-01T13:52:51+00:00,timhoffm,73.1,False
30987,matplotlib/matplotlib,[Bug]: Inconsistent behavior of ax.minorticks_on and ax.grid,topic: ticks axis labels;topic: axes,open,2026-01-17T21:55:00+00:00,,,,
30981,matplotlib/matplotlib,[TST] Upcoming dependency test failures,,closed,2026-01-17T06:09:02+00:00,2026-01-17T20:01:04+00:00,scottshambaugh,0.58,False
30961,matplotlib/matplotlib,[Doc]: Setting up development environment guide doesn't work for Ubuntu 24.04 LTS,Documentation;Build,open,2026-01-14T03:23:57+00:00,,,,
30958,matplotlib/matplotlib,[ENH]: Gradient color support for specific plot types by agg filter,New feature,closed,2026-01-13T13:12:07+00:00,2026-01-14T06:12:09+00:00,pplotter,0.71,True
30957,matplotlib/matplotlib,[MNT]: Clarify the difference between Artist.set and Artist.update,Maintenance;Documentation: API,closed,2026-01-13T10:12:45+00:00,2026-02-02T11:34:29+00:00,rcomer,20.06,False
30953,matplotlib/matplotlib,[ENH]: Plot overlay,New feature,open,2026-01-12T10:27:06+00:00,,,,
30944,matplotlib/matplotlib,[ENH]: `Line2D.contains()` to return additional details,New feature,open,2026-01-08T18:35:24+00:00,,,,
30943,matplotlib/matplotlib,[Doc]: Weibull,status: invalid,closed,2026-01-08T12:30:26+00:00,2026-01-08T15:19:16+00:00,timhoffm,0.12,False
30941,matplotlib/matplotlib,Idea: Reducing verbosity through more compact API patterns,Maintenance,closed,2026-01-07T14:24:56+00:00,2026-01-15T10:07:32+00:00,rcomer,7.82,False
30934,matplotlib/matplotlib,[ENH]: Implement gapcolor for patch edges,New feature,closed,2026-01-04T20:30:47+00:00,2026-02-20T19:53:48+00:00,ksunden,46.97,False
30933,matplotlib/matplotlib,[MNT]: Lazy imports in python 3.15+,Performance;Maintenance,open,2026-01-04T17:30:30+00:00,,,,
30917,matplotlib/matplotlib,[Bug]: TimerAsyncio does not work with Python 3.14,Release critical,closed,2025-12-31T10:46:01+00:00,2026-01-08T10:03:43+00:00,timhoffm,7.97,False
30913,matplotlib/matplotlib,DEP: sunsetting `dateutil` as a hard dependency ?,,closed,2025-12-30T13:54:03+00:00,2025-12-31T10:19:51+00:00,neutrinoceros,0.85,True
30911,matplotlib/matplotlib,[MNT]: move Windows tests to GitHub Actions?,Maintenance,open,2025-12-30T12:47:46+00:00,,,,
30899,matplotlib/matplotlib,[Bug]: plot_directive does not raise warning or error when the code it runs fails,status: confirmed bug;topic: sphinx extension,closed,2025-12-25T17:29:27+00:00,2026-06-10T18:39:07+00:00,story645,167.05,False
30898,matplotlib/matplotlib,[Bug]: Blitting + draw_event behaves inconsistently between QtAgg and TkAgg backends #29928,topic: animation,open,2025-12-25T13:13:24+00:00,,,,
30897,matplotlib/matplotlib,[Bug] inset_axes fails under inline backend with bbox_inches=tight (renderer None),status: invalid,closed,2025-12-25T13:12:06+00:00,2025-12-25T19:11:10+00:00,timhoffm,0.25,False
30895,matplotlib/matplotlib,test_huge_range_log is failing with ValueError under NumPy 1.21,status: invalid,closed,2025-12-24T18:41:30+00:00,2025-12-25T03:53:22+00:00,QuLogic,0.38,False
30890,matplotlib/matplotlib,[ENH]: Built-in support for multi-color and multi-style text.,New feature;topic: text,open,2025-12-22T04:10:33+00:00,,,,
30885,matplotlib/matplotlib,[TST] Upcoming dependency test failures,,closed,2025-12-20T06:08:25+00:00,2026-01-10T18:07:18+00:00,rcomer,21.5,False
30883,matplotlib/matplotlib,[MNT]: More efficient CI usage,Maintenance,open,2025-12-19T10:42:20+00:00,,,,
30882,matplotlib/matplotlib,"[Bug]: Flaky tests with ""Python 3.11 on ubuntu-22.04 (Minimum Versions)""",CI: testing,closed,2025-12-18T16:06:05+00:00,2026-01-12T22:44:52+00:00,QuLogic,25.28,False
30881,matplotlib/matplotlib,[ENH]: pyplot.hist should raise error if passed a masked array,New feature,closed,2025-12-18T14:48:29+00:00,2025-12-20T11:53:34+00:00,nhsavage,1.88,True
30880,matplotlib/matplotlib,[Doc]: Clarify OO vs pyplot API in basic sine wave example,Documentation,closed,2025-12-18T13:04:01+00:00,2025-12-18T14:36:35+00:00,timhoffm,0.06,False
30878,matplotlib/matplotlib,Decomposition tree–style hierarchical drill-down visualization,New feature,closed,2025-12-18T05:52:26+00:00,2025-12-18T13:41:55+00:00,timhoffm,0.33,False
30877,matplotlib/matplotlib,[DOC] [BLD] Building / developing matplotlib with uv & pixi,Documentation;Build,open,2025-12-18T04:59:10+00:00,,,,
30874,matplotlib/matplotlib,[Bug]: Layout overlap with constrained_layout when adding long labels,topic: geometry manager;Community support,closed,2025-12-17T16:29:24+00:00,2025-12-17T18:56:10+00:00,sanrishi,0.1,False
30868,matplotlib/matplotlib,[Bug]: Axe3D text() method does not allow zdir=numpy.array(...),topic: mplot3d,closed,2025-12-16T17:14:37+00:00,2025-12-16T20:55:06+00:00,rcomer,0.15,False
30866,matplotlib/matplotlib,[Bug]: Incorrect offsets and scaling of EllipseCollection,Community support,closed,2025-12-16T07:59:47+00:00,2025-12-16T16:49:00+00:00,timhoffm,0.37,False
30859,matplotlib/matplotlib,[Bug]: ax.relim() ignores scatter artist,status: confirmed bug;API: consistency,closed,2025-12-15T05:40:16+00:00,2026-04-21T21:08:39+00:00,timhoffm,127.64,False
30857,matplotlib/matplotlib,[Bug]: ValueError: The 'color' keyword argument must have one color per dataset,,closed,2025-12-14T13:47:52+00:00,2025-12-27T11:16:12+00:00,timhoffm,12.89,False
30851,matplotlib/matplotlib,[Bug]: Random timeout failures in CI,CI: testing,open,2025-12-13T09:31:53+00:00,,,,
30850,matplotlib/matplotlib,[TST] Upcoming dependency test failures,,closed,2025-12-13T06:07:16+00:00,2026-02-13T17:57:50+00:00,QuLogic,62.49,False
30848,matplotlib/matplotlib,[MNT]: Should we request contributors to declare usage of AI?,Maintenance,closed,2025-12-13T03:17:18+00:00,2026-02-25T12:15:28+00:00,timhoffm,74.37,False
30840,matplotlib/matplotlib,[MNT]: `LocationEvent.modifiers` missing in type stub,Maintenance,closed,2025-12-11T20:54:25+00:00,2025-12-12T00:09:44+00:00,timhoffm,0.14,False
30839,matplotlib/matplotlib,renderer property in AxesImage.make_image() should be optional.,Community support,closed,2025-12-11T19:56:47+00:00,2025-12-13T14:09:51+00:00,tacaswell,1.76,False
30837,matplotlib/matplotlib,[Bug]: Some king of smoothing by default? When generating line plots?????,Community support,closed,2025-12-11T15:00:10+00:00,2025-12-11T15:22:48+00:00,timhoffm,0.02,False
30836,matplotlib/matplotlib,"[Bug]: Markers can be integers, but numpy integers fail",third-party integration: pandas,closed,2025-12-11T13:20:04+00:00,2026-01-17T01:23:15+00:00,QuLogic,36.5,False
30834,matplotlib/matplotlib,[Bug]: Thousands of minor ticks are generated after zoom out with home button in toolbar,Community support,closed,2025-12-10T17:54:06+00:00,2025-12-16T16:50:30+00:00,timhoffm,5.96,False
30833,matplotlib/matplotlib,Tests in Distribution Files,status: needs comment/discussion;Maintenance,open,2025-12-10T17:39:35+00:00,,,,
30831,matplotlib/matplotlib,[Bug]: AttributeError: 'TimedAnimation' object has no attribute '_framedata',Documentation;Community support,closed,2025-12-10T10:49:18+00:00,2026-04-18T10:57:00+00:00,timhoffm,129.01,False
30828,matplotlib/matplotlib,[MNT]: Collect style properties in a dedicated object,status: needs comment/discussion;Maintenance,open,2025-12-09T11:12:59+00:00,,,,
30809,matplotlib/matplotlib,[Bug]: test_invisible_Line_rendering test is flaky (too short timeout),,closed,2025-12-04T12:37:04+00:00,2026-01-03T04:39:58+00:00,QuLogic,29.67,False
30806,matplotlib/matplotlib,[Doc]: Add an optional - All release notes Page,Documentation,closed,2025-12-02T21:56:28+00:00,2025-12-03T02:11:49+00:00,ianhi,0.18,True
30804,matplotlib/matplotlib,[Bug]: Stackplot does not pass `facecolor(s)` correctly to fill_between,API: consistency,closed,2025-12-01T20:59:05+00:00,2025-12-11T20:49:02+00:00,tacaswell,9.99,False
30800,matplotlib/matplotlib,[TST] Upcoming dependency test failures,,closed,2025-11-29T13:13:59+00:00,2025-11-29T13:18:37+00:00,rcomer,0.0,False
30798,matplotlib/matplotlib,[TST] Upcoming dependency test failures,,closed,2025-11-29T06:07:09+00:00,2026-01-31T14:01:57+00:00,rcomer,63.33,False
30797,matplotlib/matplotlib,[Bug]: `ax.set_title()` ignores `size`/`fontsize` when `font` is a `FontProperties` object,,closed,2025-11-28T21:03:11+00:00,2025-11-29T09:11:25+00:00,JosephBARBIERDARNAL,0.51,True
30796,matplotlib/matplotlib,[Doc]: Information about deprecated colormaps missing from recent versions of the documentation,Documentation,closed,2025-11-28T14:26:39+00:00,2025-12-07T12:03:01+00:00,rcomer,8.9,False
30794,matplotlib/matplotlib,"[ENH]: Could matplotlib be used to draw diagrams (flow charts, mindmap, system architecture, etc) like TikZ for LaTeX?",New feature;Community support,closed,2025-11-27T09:16:18+00:00,2025-11-27T10:52:43+00:00,timhoffm,0.07,False
30793,matplotlib/matplotlib,[ENH]: Setting custom display range in colorbar,Community support,closed,2025-11-27T03:24:22+00:00,2025-11-28T15:34:21+00:00,jklymak,1.51,False
30792,matplotlib/matplotlib,Plot not displaying correctly when using Matplotlib,status: needs clarification,closed,2025-11-26T08:37:15+00:00,2025-12-18T14:48:30+00:00,timhoffm,22.26,False
30789,matplotlib/matplotlib,[MNT]: Discussion : Normalize hatch patterns per dataset instead of per patch in grouped_bar,Maintenance,closed,2025-11-25T13:25:25+00:00,2025-11-25T15:40:57+00:00,story645,0.09,False
30779,matplotlib/matplotlib,[TST] Upcoming dependency test failures,,closed,2025-11-22T06:15:56+00:00,2025-11-22T16:38:38+00:00,QuLogic,0.43,False
30772,matplotlib/matplotlib,[ENH]: Adding Zoom Option in Interactive 3D plot,New feature;topic: mplot3d,open,2025-11-21T09:30:07+00:00,,,,
30770,matplotlib/matplotlib,[Bug]: Bug / Inconsistency: Title Format Lost After Interactive Editing,status: confirmed bug,closed,2025-11-20T09:38:12+00:00,2025-12-11T20:53:48+00:00,tacaswell,21.47,False
30769,matplotlib/matplotlib,1. Feature Request: Editable Figure Format (MATLAB-like .fig functionality) Problem Background more interactive like MATLAB,New feature;status: duplicate,closed,2025-11-20T08:19:36+00:00,2025-11-23T23:10:13+00:00,anntzer,3.62,False
30767,matplotlib/matplotlib,[ENH]: Add rcParams for the width of the legend's box edge,New feature,closed,2025-11-19T23:55:30+00:00,2025-11-29T13:26:12+00:00,timhoffm,9.56,False
30765,matplotlib/matplotlib,[MNT]: Changing the release workflow for external builds,Maintenance,open,2025-11-18T23:52:54+00:00,,,,
30764,matplotlib/matplotlib,[Bug]: Hexbin with bins='log' doesn't handle zeros as described,,closed,2025-11-18T17:57:21+00:00,2025-11-21T15:59:37+00:00,QuLogic,2.92,False
30762,matplotlib/matplotlib,3.10.8 release workflow failed?,,closed,2025-11-18T16:53:16+00:00,2026-07-18T19:54:24+00:00,ksunden,242.13,False
30751,matplotlib/matplotlib,[ENH]: Add rcParams for xscale and yscale,New feature;topic: rcparams;Community support,closed,2025-11-15T03:23:22+00:00,2025-12-10T11:25:29+00:00,rcomer,25.33,False
30748,matplotlib/matplotlib,[Bug]: matplotlib regerates font cache every single time ipython starts,Community support,closed,2025-11-12T19:23:52+00:00,2025-11-13T14:55:32+00:00,tacaswell,0.81,False
30747,matplotlib/matplotlib,[Bug]: Autoscale not synced between shared axes when interactively zooming,,open,2025-11-12T13:33:33+00:00,,,,
30745,matplotlib/matplotlib,[Bug]: Unknown extra black rectangle with rounded corners in the figure,status: needs clarification,closed,2025-11-12T02:40:43+00:00,2025-11-12T05:54:20+00:00,khteh,0.13,True
30744,matplotlib/matplotlib,[Bug]: axis3d.Axis.get_tightbbox() is not including the offset_text,topic: mplot3d;status: confirmed bug,closed,2025-11-12T02:29:17+00:00,2025-12-04T16:16:58+00:00,timhoffm,22.57,False
30743,matplotlib/matplotlib,[ENH]: Implement scatter plot type when plotting a histogram,New feature,closed,2025-11-11T18:20:23+00:00,2025-11-11T19:55:25+00:00,tacaswell,0.07,False
30740,matplotlib/matplotlib,[ENH]: Support caption for code block in sphinx plot directive,New feature,closed,2025-11-11T12:40:53+00:00,2025-11-13T20:19:42+00:00,jklymak,2.32,False
30739,matplotlib/matplotlib,"[Bug]: grouped_bar can pass label and color twice, causing TypeError",,open,2025-11-11T00:55:20+00:00,,,,
30738,matplotlib/matplotlib,[DOC] Plotting common 3D mesh files in matplotlib,Documentation;topic: mplot3d,open,2025-11-10T19:30:27+00:00,,,,
30735,matplotlib/matplotlib,[Bug]: AttributeError: 'FigureCanvasInterAgg' object has no attribute 'tostring_rgb'. Did you mean: 'tostring_argb'?,status: downstream fix required,closed,2025-11-09T13:57:27+00:00,2025-11-20T18:36:08+00:00,QuLogic,11.19,False
30734,matplotlib/matplotlib,[TST] Upcoming dependency test failures,,closed,2025-11-08T10:52:54+00:00,2025-11-08T20:59:56+00:00,timhoffm,0.42,False
30731,matplotlib/matplotlib,[ENH]: Add a built-in dark/light theme toggle for Matplotlib,New feature,closed,2025-11-06T18:07:04+00:00,2025-11-06T23:21:36+00:00,timhoffm,0.22,False
30729,matplotlib/matplotlib,[MNT]: Refactor grouped_bar orientation logic using shared common_kwargs,Maintenance;status: invalid,closed,2025-11-05T02:15:44+00:00,2025-11-05T06:56:45+00:00,timhoffm,0.2,False
30728,matplotlib/matplotlib,[MNT]: DISCUSSION: Should Axes.grouped_bar() apply a default hatch pattern when none is provided?,Maintenance;status: invalid,closed,2025-11-05T01:42:46+00:00,2025-11-05T08:29:12+00:00,rcomer,0.28,False
30727,matplotlib/matplotlib,[ENH]: EngFormatter to print as significant figures,New feature;status: needs comment/discussion;status: autoclose candidate,open,2025-11-04T23:41:19+00:00,,,,
30722,matplotlib/matplotlib,Bars disappear when using rasterized=True in Axes.bar() with dense x-values,Community support,closed,2025-11-03T11:54:34+00:00,2025-11-03T14:54:27+00:00,Bbbbqsh,0.12,True
30719,matplotlib/matplotlib,Fix documentation,status: needs clarification,closed,2025-11-03T01:47:24+00:00,2025-11-12T13:16:03+00:00,timhoffm,9.48,False
30718,matplotlib/matplotlib,[Bug]: Clip box property of ax.text(...) has no effect,,open,2025-11-02T18:52:02+00:00,,,,
30712,matplotlib/matplotlib,[MNT]: DISCUSSION: Should Axes.grouped_bar() enforce hatch list length or allow cycling like colors?,status: needs clarification;Maintenance,closed,2025-10-31T20:17:20+00:00,2025-11-05T16:20:53+00:00,jklymak,4.84,False
30709,matplotlib/matplotlib,[Bug]: Mismatch in documented default behaviour of pcolormesh 'snap',Documentation,closed,2025-10-31T13:20:07+00:00,2026-01-02T11:29:37+00:00,timhoffm,62.92,False
30706,matplotlib/matplotlib,"[Bug]: Axes.grouped_bar() with non-string orientation (e.g., NumPy array) raises ambiguous truth-value error instead of clean ValueError",,closed,2025-10-30T20:25:35+00:00,2025-11-02T14:49:18+00:00,oscargus,2.77,True
30703,matplotlib/matplotlib,[Bug]: spurious test failures,,closed,2025-10-29T16:55:04+00:00,2025-12-13T09:47:29+00:00,timhoffm,44.7,False
30701,matplotlib/matplotlib,[Bug]: Compatibility Python 3.14 - libffi,status: downstream fix required,closed,2025-10-29T00:37:43+00:00,2025-10-29T01:14:31+00:00,QuLogic,0.03,False
30695,matplotlib/matplotlib,[Bug]: bbox_inches='tight' works differently when ax.plot() have markers,status: confirmed bug,closed,2025-10-28T09:55:18+00:00,2025-10-30T08:21:44+00:00,rcomer,1.94,False
30681,matplotlib/matplotlib,[Bug]: `set_position` does not work on an inset_axes,status: confirmed bug,closed,2025-10-24T21:03:05+00:00,2025-10-26T09:51:04+00:00,kdschlosser,1.53,True
30679,matplotlib/matplotlib,"[ENH]: A ""CenteredAsinhNorm"" would be useful",New feature,open,2025-10-24T16:22:07+00:00,,,,
30678,matplotlib/matplotlib,[Bug]: Keyboard events not releasing key properly,,closed,2025-10-24T02:55:29+00:00,2025-10-29T13:47:04+00:00,tacaswell,5.45,False
30673,matplotlib/matplotlib,[ENH]: Add custom hatch styling to grouped_bar,New feature;topic: hatch,closed,2025-10-22T18:55:10+00:00,2025-12-11T20:49:03+00:00,tacaswell,50.08,False
30670,matplotlib/matplotlib,[MNT]: Inconsistent type annotation,Maintenance,open,2025-10-22T09:55:07+00:00,,,,
30669,matplotlib/matplotlib,[Bug]: Type hint for fontproperties keyword in text.pyi is wrong,,closed,2025-10-22T05:45:35+00:00,2025-10-22T20:36:39+00:00,timhoffm,0.62,False
30666,matplotlib/matplotlib,[Bug]: calling pyplot.gca() outside the main thread crashes the interpreter with the MacOS backend,GUI: MacOSX,closed,2025-10-21T19:04:49+00:00,2025-10-31T12:09:04+00:00,greglucas,9.71,False
30664,matplotlib/matplotlib,[MNT]: Declare table() to be not further developed,Maintenance;topic: table,closed,2025-10-20T18:22:27+00:00,2025-11-24T08:37:59+00:00,timhoffm,34.59,False
30663,matplotlib/matplotlib,[Bug]: pyplot.grid(axis = 'x'/'y') inconsistent between display and export,,closed,2025-10-20T10:52:35+00:00,2025-10-20T11:24:31+00:00,tacaswell,0.02,False
30660,matplotlib/matplotlib,[TST] Upcoming dependency test failures,,closed,2025-10-18T06:06:58+00:00,2025-10-18T10:35:08+00:00,rcomer,0.19,False
30659,matplotlib/matplotlib,[Bug]: transforming FancyArrowPatch with connectionstyle to 3D has unexpected result,topic: mplot3d;Community support,closed,2025-10-17T16:05:26+00:00,2025-12-21T13:31:41+00:00,timhoffm,64.89,False
30658,matplotlib/matplotlib,[MNT]: First contributor workflow fails for first contributors,status: upstream fix required;Maintenance,closed,2025-10-17T08:05:09+00:00,2026-02-06T08:13:14+00:00,QuLogic,112.01,False
30654,matplotlib/matplotlib,[Bug]: error plotting: AttributeError: module 'gi' has no attribute 'require_version',,closed,2025-10-16T13:13:30+00:00,2025-10-21T07:55:53+00:00,QuLogic,4.78,False
30653,matplotlib/matplotlib,fontsize kwarg in ax.table() has no effect,status: duplicate,closed,2025-10-15T09:42:25+00:00,2025-10-15T09:57:26+00:00,rcomer,0.01,False
30651,matplotlib/matplotlib,"[MNT]: Add copyright information for google's ""turbo"" colormap?",Documentation;Maintenance,closed,2025-10-14T20:56:56+00:00,2026-03-20T19:22:29+00:00,ksunden,156.93,False
30650,matplotlib/matplotlib,[TST] Upcoming dependency test failures,,closed,2025-10-11T06:10:21+00:00,2025-10-14T17:01:11+00:00,rcomer,3.45,False
30649,matplotlib/matplotlib,"[ENH]: Improve how we manage the ""current version"" metadata",New feature;Documentation: website;Documentation: build,open,2025-10-10T15:05:03+00:00,,,,
30647,matplotlib/matplotlib,[Doc]: `xlim_changed` and `ylim_changed` not listed with other events,Documentation;status: needs comment/discussion,open,2025-10-10T07:13:50+00:00,,,,
30644,matplotlib/matplotlib,[Doc]: Stable docs reporting as unstable,Documentation,closed,2025-10-09T18:54:54+00:00,2025-10-21T06:23:27+00:00,QuLogic,11.48,False
30642,matplotlib/matplotlib,[Bug]: InsetIndicator rectangle and connectors forced to share clip_on property,,open,2025-10-08T03:50:53+00:00,,,,
30638,matplotlib/matplotlib,Add support for specifying an initial directory for the “Save” dialog in the Matplotlib toolbar,Community support,closed,2025-10-05T21:17:39+00:00,2025-10-08T12:34:23+00:00,rcomer,2.64,False
30637,matplotlib/matplotlib,[Bug]: axvline doesn't draw line correctly on second axes,Community support,closed,2025-10-05T13:00:43+00:00,2025-10-05T13:47:20+00:00,timhoffm,0.03,False
30623,matplotlib/matplotlib,[Bug]: Line3D is not represented correctly in a plot.,topic: mplot3d;Community support,closed,2025-10-01T04:13:33+00:00,2025-10-04T14:04:12+00:00,timhoffm,3.41,False
30622,matplotlib/matplotlib,[MNT]: Stop event sources rather than setting them to None in Animation._stop(),Maintenance,open,2025-09-30T15:52:33+00:00,,,,
30617,matplotlib/matplotlib,[ENH]: pyparsing 3.3.0a1 deprecation warnings,New feature,closed,2025-09-29T11:29:47+00:00,2025-10-09T20:20:57+00:00,ksunden,10.37,False
30613,matplotlib/matplotlib,[Bug]: violin's default alpha no longer persists,Release critical,closed,2025-09-28T10:42:26+00:00,2025-10-13T20:36:29+00:00,timhoffm,15.41,False
30611,matplotlib/matplotlib,[MNT]: black version,Maintenance,closed,2025-09-27T14:36:33+00:00,2025-09-28T13:08:58+00:00,dstansby,0.94,True
30604,matplotlib/matplotlib,[ENH]: Ability to set legend ncols parameter in mplstyle,New feature;topic: rcparams,open,2025-09-26T07:22:44+00:00,,,,
30602,matplotlib/matplotlib,[ENH]: Scrollable Sliders,New feature;topic: widgets/UI,open,2025-09-25T16:55:05+00:00,,,,
30601,matplotlib/matplotlib,"[ENH]: Please add full locale-support to all visualizable matplotlib-elements (title, lables, ticks, text, etc...)",New feature,closed,2025-09-25T12:35:51+00:00,2025-09-26T07:21:14+00:00,QuLogic,0.78,False
30592,matplotlib/matplotlib,[Bug]: Default backend crashes in 3.10.6 works in 3.4.3,Community support,closed,2025-09-22T00:46:03+00:00,2025-09-22T06:38:05+00:00,timhoffm,0.24,False
30588,matplotlib/matplotlib,[TST] Upcoming dependency test failures,,closed,2025-09-20T10:51:26+00:00,2025-09-22T18:18:58+00:00,rcomer,2.31,False
30585,matplotlib/matplotlib,[ENH]: Separate autoscale_x_left and autoscale_x_right (and likewise for y),New feature,open,2025-09-18T17:02:18+00:00,,,,
30584,matplotlib/matplotlib,[MNT]: Add PEP-723 metadata to bug report template,Maintenance,closed,2025-09-18T16:42:30+00:00,2026-06-03T02:32:10+00:00,QuLogic,257.41,False
30578,matplotlib/matplotlib,[MNT]: Deferred colormap creation,topic: color/color & colormaps;Maintenance,open,2025-09-17T22:16:42+00:00,,,,
30575,matplotlib/matplotlib,[Bug]: Regression in widget behavior,status: confirmed bug;Release critical,closed,2025-09-17T14:22:19+00:00,2026-01-23T15:59:25+00:00,larsoner,128.07,True
30574,matplotlib/matplotlib,[Bug]: Unicode symbols encoded with `\u....` with mathtext raise ParseFatalException,Documentation,closed,2025-09-17T11:51:44+00:00,2025-09-26T23:02:48+00:00,timhoffm,9.47,False
30568,matplotlib/matplotlib,[MNT]: Drop support for type3 embedding in pdf?,backend: pdf;topic: text/fonts;Maintenance,open,2025-09-16T08:35:32+00:00,,,,
30564,matplotlib/matplotlib,[Bug]: Qt5Agg icon remains black in dark mode,,closed,2025-09-16T03:00:20+00:00,2025-09-16T05:01:37+00:00,timhoffm,0.08,False
30563,matplotlib/matplotlib,[Bug]: 3D text does not respect rotation to make it parallel with a given zdir axis,Documentation;topic: mplot3d;topic: text,closed,2025-09-15T20:49:31+00:00,2025-12-18T16:08:38+00:00,timhoffm,93.8,False
30559,matplotlib/matplotlib,[ENH]: Backend versioning,New feature,closed,2025-09-14T21:32:13+00:00,2026-01-08T20:14:34+00:00,tacaswell,115.95,False
30557,matplotlib/matplotlib,[Bug]: Add native RTL (right-to-left) text rendering support for Hebrew and Arabic,status: duplicate;topic: text/fonts,closed,2025-09-14T20:31:37+00:00,2025-09-15T22:17:30+00:00,QuLogic,1.07,False
30555,matplotlib/matplotlib,[ENH]: Update Slider Range (valmin and valmax),New feature,open,2025-09-14T13:00:30+00:00,,,,
30552,matplotlib/matplotlib,[MNT]: improve readme_preview resolution,Maintenance,closed,2025-09-12T09:45:40+00:00,2025-09-13T02:42:21+00:00,LangQi99,0.71,True
30551,matplotlib/matplotlib,[Bug]: Mypy stubtest failure on disjoint_base,,closed,2025-09-12T08:52:08+00:00,2025-09-16T16:41:50+00:00,tacaswell,4.33,False
30550,matplotlib/matplotlib,JupyterLab kernel dies when plotting,status: needs clarification,closed,2025-09-12T08:05:42+00:00,2025-09-16T15:01:14+00:00,jklymak,4.29,False
30549,matplotlib/matplotlib,[Bug]: Inconsistent line anti-aliasing in PolyCollection,status: confirmed bug,open,2025-09-11T19:00:33+00:00,,,,
30547,matplotlib/matplotlib,[MNT]: Revamp `draw_path_collection()` API,Maintenance,open,2025-09-11T10:01:47+00:00,,,,
30546,matplotlib/matplotlib,[MNT]: Replace TextPath by Text().to_path(),Maintenance,open,2025-09-11T08:14:20+00:00,,,,
30544,matplotlib/matplotlib,[Bug]:,status: needs clarification;topic: text/unicode,closed,2025-09-10T22:38:49+00:00,2025-12-13T10:22:52+00:00,timhoffm,93.49,False
30541,matplotlib/matplotlib,[ENH]: Zooming single axis,New feature;topic: widgets/UI;topic: canvas and figure manager,closed,2025-09-10T08:20:24+00:00,2025-10-02T19:28:26+00:00,QuLogic,22.46,False
30538,matplotlib/matplotlib,[Bug]: Segfault in FT2Font.set_text(...),status: downstream fix required,closed,2025-09-09T21:37:45+00:00,2025-09-10T02:43:20+00:00,tacaswell,0.21,False
30537,matplotlib/matplotlib,Permanent solution for GioUnix warning,Release critical;GUI: gtk,closed,2025-09-09T13:36:33+00:00,2025-12-11T20:33:49+00:00,tacaswell,93.29,False
30534,matplotlib/matplotlib,[Bug]: pytest warning -  GioUnix was imported without specifying version,status: duplicate,closed,2025-09-09T02:01:09+00:00,2025-09-09T13:43:07+00:00,tacaswell,0.49,False
30529,matplotlib/matplotlib,Examples using Bivariate and Multivariate color maps,topic: color/color & colormaps;Documentation: examples,open,2025-09-08T13:08:26+00:00,,,,
30528,matplotlib/matplotlib,Better bivariate and multivariate colormaps,,open,2025-09-08T12:49:30+00:00,,,,
30527,matplotlib/matplotlib,Bivariate and multivariate colorbar,,open,2025-09-08T12:38:26+00:00,,,,
30526,matplotlib/matplotlib,"Imshow, pcolor and pcolormesh with Bivariate and Multivariate colormaps",topic: color/color & colormaps,closed,2025-09-08T12:24:19+00:00,2026-07-27T10:52:21+00:00,timhoffm,321.94,False
30525,matplotlib/matplotlib,"[Bug]: Pipeline fails with ""GioUnix was imported without specifying a version first""",,closed,2025-09-08T12:15:15+00:00,2025-09-09T13:43:27+00:00,tacaswell,1.06,False
30524,matplotlib/matplotlib,[Bug]: 3D bar chart unexpected behavior when using `axlim_clip` and `set_zlim`,topic: mplot3d;status: duplicate,closed,2025-09-08T02:43:47+00:00,2025-09-08T20:57:47+00:00,scottshambaugh,0.76,False
30522,matplotlib/matplotlib,[MNT]: PR Greeting GHA not working,status: upstream fix required;Maintenance,closed,2025-09-06T18:12:34+00:00,2025-10-03T17:30:43+00:00,timhoffm,26.97,False
30519,matplotlib/matplotlib,[ENH]: Add mechanism for feature flags,New feature,open,2025-09-05T07:51:04+00:00,,,,
30515,matplotlib/matplotlib,[ENH]: Built-in crosshair tool through gui-native crosshair cursor,New feature,open,2025-09-04T22:26:39+00:00,,,,
30503,matplotlib/matplotlib,Make Widget.useblit robust against underlying canvas changes,topic: widgets/UI,open,2025-09-02T09:26:54+00:00,,,,
30501,matplotlib/matplotlib,[Bug]: Matplotlib crashes kernel on fresh (windows) install,Community support;status: downstream fix required,closed,2025-09-01T10:54:37+00:00,2025-09-02T13:12:46+00:00,tacaswell,1.1,False
30500,matplotlib/matplotlib,[ENH]: ConciseDateFormatter option to control location of offset label,New feature,open,2025-09-01T01:00:55+00:00,,,,
30498,matplotlib/matplotlib,"[Doc]: Gallery example incorrect has ""unstable development version"" banner",Documentation,closed,2025-08-31T07:37:38+00:00,2025-09-03T01:31:40+00:00,QuLogic,2.75,False
30496,matplotlib/matplotlib,[Bug]: It shows 1 extra/redundant empty figure,status: needs clarification,closed,2025-08-30T05:33:03+00:00,2025-11-21T09:43:50+00:00,timhoffm,83.17,False
30493,matplotlib/matplotlib,[Bug]: test_save_figure_return seems flaky,GUI: Qt;topic: testing,closed,2025-08-30T03:38:27+00:00,2025-09-05T07:44:44+00:00,dstansby,6.17,False
30485,matplotlib/matplotlib,"[Bug]: figures with SpanSelector(..., useblit=True) can't be saved to SVG or PDF",,closed,2025-08-29T15:09:31+00:00,2025-09-02T16:43:31+00:00,tacaswell,4.07,False
30482,matplotlib/matplotlib,[ENH]: Add extra (optional-dependencies) for QT5Agg,New feature,closed,2025-08-28T21:18:20+00:00,2025-08-29T11:41:41+00:00,amarvin,0.6,True
30480,matplotlib/matplotlib,[Bug]: Can't compile Mac,OS: Apple;Build,closed,2025-08-28T16:56:38+00:00,2026-06-12T02:35:43+00:00,QuLogic,287.4,False
30474,matplotlib/matplotlib,[Bug]: Typo in method name: contains_branch_separately,,closed,2025-08-26T16:06:43+00:00,2025-09-02T21:56:39+00:00,timhoffm,7.24,False
30472,matplotlib/matplotlib,[Bug]: layout=compressed conflict with suptitle,status: confirmed bug;topic: geometry manager,closed,2025-08-26T07:51:31+00:00,2025-11-27T17:15:51+00:00,jklymak,93.39,False
30463,matplotlib/matplotlib,[Doc]: Two sources of a gallery figure for normal and high-DPI screen are different,Documentation,closed,2025-08-24T22:34:45+00:00,2026-01-01T10:22:12+00:00,rcomer,129.49,False
30458,matplotlib/matplotlib,[TST] Upcoming dependency test failures,,closed,2025-08-23T06:08:45+00:00,2025-08-23T16:42:57+00:00,timhoffm,0.44,False
30450,matplotlib/matplotlib,[ENH]: Embed matplotlib.figure.Figure object directly into PNG for later restoration and editing,New feature,closed,2025-08-21T10:13:59+00:00,2025-08-21T17:09:44+00:00,tacaswell,0.29,False
30449,matplotlib/matplotlib,[Bug]: Config directory location finder doesn't account for the home directory being undetermined.,,closed,2025-08-21T05:36:14+00:00,2025-08-22T09:59:50+00:00,timhoffm,1.18,False
30442,matplotlib/matplotlib,[ENH]: Add OrientedRectangleSelector (interactive rotated rectangle selector),New feature;topic: widgets/UI,open,2025-08-19T08:01:19+00:00,,,,
30439,matplotlib/matplotlib,[Doc]: Link AI policy on contributing page,Documentation,closed,2025-08-17T01:47:38+00:00,2025-11-19T00:44:17+00:00,timhoffm,93.96,False
30438,matplotlib/matplotlib,[Bug]: missing stubs for `plt.cm` (a.k.a. `matplotlib.pyplot.cm`),,closed,2025-08-16T23:10:58+00:00,2025-08-20T20:20:27+00:00,QuLogic,3.88,False
30437,matplotlib/matplotlib,[Doc]: Clarification of relative font sizes,Documentation,closed,2025-08-16T18:45:21+00:00,2025-08-17T22:20:01+00:00,timhoffm,1.15,False
30436,matplotlib/matplotlib,[Doc]: new contributor guidance on draft PRs,Documentation,closed,2025-08-16T11:44:45+00:00,2025-09-07T06:12:11+00:00,timhoffm,21.77,False
30432,matplotlib/matplotlib,Help with building older Matplotlib versions,Build,open,2025-08-15T01:46:10+00:00,,,,
30429,matplotlib/matplotlib,[Bug]: matplotlib.interactive re-enabled by e.g. matshow(),status: downstream fix required,closed,2025-08-14T18:58:19+00:00,2025-08-14T21:07:09+00:00,QuLogic,0.09,False
30427,matplotlib/matplotlib,`Doc Enhancement: Improve local development setup section in CONTRIBUTING.rst`,Documentation: devdocs,closed,2025-08-14T17:39:22+00:00,2025-08-16T11:40:56+00:00,rcomer,1.75,False
30420,matplotlib/matplotlib,[ENH]: Support parallel plotting,New feature,closed,2025-08-13T11:45:47+00:00,2025-08-16T07:46:42+00:00,anntzer,2.83,False
30419,matplotlib/matplotlib,[Bug]: Event handling with input in callback function,GUI: MacOSX,open,2025-08-13T00:31:09+00:00,,,,
30418,matplotlib/matplotlib,[Bug]: error using `add_collection3d` of `Line3DCollection` with `autolims=True` and lines containing different numbers of points,topic: mplot3d,closed,2025-08-12T17:17:49+00:00,2025-08-31T08:01:09+00:00,timhoffm,18.61,False
30417,matplotlib/matplotlib,[ENH]: Support using datetimes as `positions` argument to violin(...),New feature;topic: date handling,closed,2025-08-12T10:50:54+00:00,2026-01-25T17:41:16+00:00,rcomer,166.28,False
30413,matplotlib/matplotlib,[MNT]: c++11 narrowing error when building for 32 bit targets,Maintenance,closed,2025-08-10T20:02:21+00:00,2026-04-13T13:55:15+00:00,tacaswell,245.75,False
30410,matplotlib/matplotlib,[ENH]: (sphinxext) persist :context: across docstring or add plot setup directive,New feature;topic: sphinx extension,closed,2025-08-09T08:36:57+00:00,2025-08-26T21:29:35+00:00,nlgranger,17.54,True
30409,matplotlib/matplotlib,[Doc]: Update note on uv/python-build-standalone incompatibility,Documentation,closed,2025-08-08T22:08:08+00:00,2025-08-29T21:30:12+00:00,tacaswell,20.97,False
30400,matplotlib/matplotlib,[Bug]: Megabyte-level memory leak when using imshow() in a loop,,closed,2025-08-06T23:23:07+00:00,2025-08-07T02:47:55+00:00,timhoffm,0.14,False
30397,matplotlib/matplotlib,[Doc]: Fix version for switching to version 9 of the documentation.,Documentation,open,2025-08-06T09:46:26+00:00,,,,
30395,matplotlib/matplotlib,[Bug]: AutoDateLocator is not regular at the end of the month,Community support,closed,2025-08-06T09:21:47+00:00,2025-08-11T11:47:47+00:00,lionel42,5.1,True
30393,matplotlib/matplotlib,[Bug]: RadioButtons.set_label_props is expecting values of a single list,topic: widgets/UI,open,2025-08-05T11:42:54+00:00,,,,
30392,matplotlib/matplotlib,[Bug]:  removing module does not reliably work anymore in 3.10.5 (regression),,closed,2025-08-05T10:17:08+00:00,2025-08-13T20:47:05+00:00,timhoffm,8.44,False
30390,matplotlib/matplotlib,[ENH]: Gracefully handle python-build-standalone ImportError,New feature,closed,2025-08-05T01:20:25+00:00,2025-08-28T18:30:12+00:00,ksunden,23.72,False
30389,matplotlib/matplotlib,[Bug]: Arrow not drawing tip,Community support,closed,2025-08-04T14:59:34+00:00,2025-08-04T15:30:05+00:00,rcomer,0.02,False
30388,matplotlib/matplotlib,[Bug]: `libc++abi: terminating due to uncaught exception of type NSException` crash when combining tkinter and matplotlib with the macosx backend,GUI: MacOSX,open,2025-08-04T13:11:33+00:00,,,,
30386,matplotlib/matplotlib,BUG: Qt hi-dpi regression on windows and X11 with mpl 3.10.5,,closed,2025-08-03T18:34:33+00:00,2025-08-14T18:48:00+00:00,ksunden,11.01,False
30380,matplotlib/matplotlib,[TST]: Streamlining the `platform.machine() == 'x86_64'` check,Maintenance,open,2025-08-01T10:11:52+00:00,,,,
30379,matplotlib/matplotlib,[Bug]: segmentation error by using matplotlib.pyplot,,closed,2025-07-31T21:16:15+00:00,2025-07-31T22:02:25+00:00,ilja-schotte,0.03,True
30378,matplotlib/matplotlib,[Bug]: Outline of draggable legends and annotations not respected,,closed,2025-07-31T16:12:28+00:00,2025-08-14T04:29:22+00:00,QuLogic,13.51,False
30372,matplotlib/matplotlib,[Bug]: `button_press_event` fails on single-click with `macosx` backend,GUI: MacOSX,closed,2025-07-30T13:54:17+00:00,2025-07-31T13:06:31+00:00,cbrnr,0.97,True
30371,matplotlib/matplotlib,Request for Direct Legend Label Support for Contour Plots,Community support,closed,2025-07-30T11:44:53+00:00,2025-07-30T20:16:46+00:00,tnakaicode,0.36,True
30370,matplotlib/matplotlib,[Bug]: matplotlib simple example fails in Python 3.14,status: duplicate,closed,2025-07-30T01:07:31+00:00,2025-07-30T01:59:15+00:00,tacaswell,0.04,False
30365,matplotlib/matplotlib,[Bug]: Type hints for xy and xycoords in annotate are too strict,status: needs comment/discussion;topic: typing,closed,2025-07-28T18:28:00+00:00,2026-04-10T19:45:48+00:00,tacaswell,256.05,False
30364,matplotlib/matplotlib,[MNT]/[DOC]: Look into Axes3D.set_aspect `anchor` and `adjustable` arguments,Documentation;topic: mplot3d,closed,2025-07-28T02:56:08+00:00,2025-09-02T23:04:28+00:00,scottshambaugh,36.84,False
30361,matplotlib/matplotlib,[TST] Upcoming dependency test failures,,closed,2025-07-26T06:15:53+00:00,2025-07-28T23:18:44+00:00,QuLogic,2.71,False
30360,matplotlib/matplotlib,[Bug]: Recent test_determinism_check flakiness,topic: testing,open,2025-07-26T00:40:59+00:00,,,,
30355,matplotlib/matplotlib,[Bug]: violinplot with nan values fails silently,topic: plotting methods,open,2025-07-25T13:48:24+00:00,,,,
30342,matplotlib/matplotlib,[MNT]: Refactor data limits,Maintenance,open,2025-07-22T14:33:00+00:00,,,,
30338,matplotlib/matplotlib,"[ENH]: provide 'last' keyword for color argument : plot(x, y, color='last')",New feature,closed,2025-07-21T19:24:22+00:00,2025-07-22T16:32:33+00:00,jklymak,0.88,False
30336,matplotlib/matplotlib,[ENH]: Add ax.violinboxplot() for combined statistical visualization,Documentation: examples,closed,2025-07-20T00:48:15+00:00,2025-08-01T03:03:15+00:00,timhoffm,12.09,False
30331,matplotlib/matplotlib,"[ENH]: inset_axes has borderpadding, but not x/y individually.",New feature,closed,2025-07-18T13:03:11+00:00,2025-07-30T07:11:37+00:00,timhoffm,11.76,False
30325,matplotlib/matplotlib,[Bug]: fig.savefig throws error after radiobutton axes is removed,,closed,2025-07-17T16:23:47+00:00,2025-07-17T23:46:44+00:00,tacaswell,0.31,False
30323,matplotlib/matplotlib,[MNT]: validate linewidth,Maintenance,closed,2025-07-17T01:35:37+00:00,2025-07-18T19:54:40+00:00,rcomer,1.76,False
30320,matplotlib/matplotlib,[Bug]: `fill_between` with `get_xaxis_transform` increases y-limits,status: confirmed bug,closed,2025-07-16T09:29:33+00:00,2025-07-24T18:11:43+00:00,tacaswell,8.36,False
30318,matplotlib/matplotlib,[Bug]: type annotation of `Axes.get_legend()` misses `None`,🌱 Good first issue;topic: typing,closed,2025-07-16T06:36:27+00:00,2025-07-18T18:44:20+00:00,timhoffm,2.51,False
30313,matplotlib/matplotlib,[Bug]: revealed type for `Figure.subfigures` is not correct,topic: typing,closed,2025-07-15T13:00:18+00:00,2025-07-24T06:20:43+00:00,QuLogic,8.72,False
30310,matplotlib/matplotlib,[Bug]: figure canvas size does not always match figure size and dpi,,closed,2025-07-14T22:02:02+00:00,2025-07-14T23:44:33+00:00,QuLogic,0.07,False
30308,matplotlib/matplotlib,[Bug]: Zorder issue for lines drawn with ConnectionPatch over inset_axes/plot axes,Community support,closed,2025-07-14T18:03:48+00:00,2025-07-29T19:19:30+00:00,rcomer,15.05,False
30306,matplotlib/matplotlib,[Doc]: Broken links to fix in docs,Documentation,open,2025-07-14T13:15:33+00:00,,,,
30305,matplotlib/matplotlib,[Bug]: antialiased=False rendering show dependencies to the drawing orders of Polygons in a collection,,open,2025-07-13T18:39:07+00:00,,,,
30303,matplotlib/matplotlib,[Bug]: Draggable Legend is out of control unless it has a picker set.,status: needs confirmation,closed,2025-07-13T16:07:07+00:00,2025-07-15T13:06:46+00:00,brobr,1.87,True
30300,matplotlib/matplotlib,[Bug]: _constrained_layout takes several iterations to converge to expected result,status: won't or can't fix;topic: geometry manager,closed,2025-07-12T22:20:41+00:00,2026-05-16T22:44:27+00:00,jklymak,308.02,False
30298,matplotlib/matplotlib,[Bug]: Legend kwarg `labelcolor='linecolor'` not working properly when `facecolor` is `'None'` ,,closed,2025-07-12T15:16:53+00:00,2025-08-19T05:21:41+00:00,QuLogic,37.59,False
30296,matplotlib/matplotlib,[MNT]: Deprecate the axes parameter to RadialLocator,API: changes;Maintenance,closed,2025-07-11T21:41:37+00:00,2025-08-26T05:08:55+00:00,QuLogic,45.31,False
30290,matplotlib/matplotlib,plot_surface with facecolors distorts colors due to default shading=True,topic: mplot3d,open,2025-07-11T07:07:53+00:00,,,,
30285,matplotlib/matplotlib,[Bug]: Missing whitespace in _axes.py error message,,closed,2025-07-10T21:39:56+00:00,2025-07-11T02:27:40+00:00,QuLogic,0.2,False
30282,matplotlib/matplotlib,Figure out how to pass Text to Renderer.draw_text always,topic: text,open,2025-07-10T04:11:13+00:00,,,,
30280,matplotlib/matplotlib,[Bug]: Pillow 11.3 raises a deprecation warning when using TkAgg,,closed,2025-07-09T14:58:56+00:00,2025-07-09T16:00:38+00:00,tacaswell,0.04,False
30276,matplotlib/matplotlib,"[Bug]: Annotation clipping to rect works, but not when setting xlim",topic: annotation,open,2025-07-08T15:29:06+00:00,,,,
30263,matplotlib/matplotlib,[ENH]: Allow ignoring x-extent (but not y-extent) of xticklabels when computing axes extents (e.g. for geometry manager),New feature;topic: geometry manager,closed,2025-07-04T21:58:06+00:00,2025-08-28T00:43:13+00:00,QuLogic,54.11,False
30257,matplotlib/matplotlib,[MNT] [TYPING]: Use of Literal,Maintenance;topic: typing,closed,2025-07-03T20:39:52+00:00,2025-10-30T03:02:38+00:00,QuLogic,118.27,False
30254,matplotlib/matplotlib,Noisy exception interferes with debugging unrelated code,status: duplicate,closed,2025-07-03T09:31:08+00:00,2025-07-17T14:04:11+00:00,tacaswell,14.19,False
30249,matplotlib/matplotlib,[Bug]: DeprecationWarning from Pillow 11.3.0 about 'mode' parameter of PIL.Image.fromarray(),,closed,2025-07-02T12:22:43+00:00,2025-07-02T12:44:16+00:00,rcomer,0.01,False
30248,matplotlib/matplotlib,[Bug]: warning printed when using fontconfig 2.17,status: upstream fix required,closed,2025-07-02T10:30:23+00:00,2025-07-02T23:53:21+00:00,chrisjbillington,0.56,True
30242,matplotlib/matplotlib,[Bug]: Cannot create empty FancyArrow (expired numpy deprecation),,closed,2025-07-01T23:13:35+00:00,2025-07-03T05:14:53+00:00,QuLogic,1.25,False
30241,matplotlib/matplotlib,[ENH]: sharex=array for simple grouping,New feature,open,2025-07-01T19:33:03+00:00,,,,
30238,matplotlib/matplotlib,[ENH]: Add data parameter in Axes3D.plot like Axes.plot,New feature;topic: mplot3d,open,2025-07-01T15:18:58+00:00,,,,
30230,matplotlib/matplotlib,"[BUG]: Neither explicit data limit is respected when `constrained_layout` is used together with `set_aspect(..., ""datalim"")`",New feature,open,2025-06-30T15:08:29+00:00,,,,
30224,matplotlib/matplotlib,Add an example of plotting error bars for grouped experimental data,status: needs clarification;Documentation: examples,closed,2025-06-29T04:47:06+00:00,2025-07-11T20:43:52+00:00,rcomer,12.66,False
30219,matplotlib/matplotlib,[Bug]: tick_top and sharex do not work together,,open,2025-06-27T16:50:22+00:00,,,,
30218,matplotlib/matplotlib,[Bug]: Rendering on Wayland with fractional scaling looks bad,status: confirmed bug;status: upstream fix required;GUI: Qt,closed,2025-06-26T10:26:29+00:00,2025-07-24T18:45:16+00:00,QuLogic,28.35,False
30216,matplotlib/matplotlib,[Bug]: stem complaining about PyTorch's Tensor,third-party integration;topic: stem,closed,2025-06-25T21:01:29+00:00,2025-07-06T16:21:10+00:00,dstansby,10.81,False
30211,matplotlib/matplotlib,[Doc]: fix bug in release notes for matplotlib v3.5.0 and v3.7.0,Documentation,closed,2025-06-25T06:22:26+00:00,2025-06-25T07:10:23+00:00,timhoffm,0.03,False
30203,matplotlib/matplotlib,[Bug]: Cannot share both axis when setting aspect ratio,,open,2025-06-21T14:22:47+00:00,,,,
30182,matplotlib/matplotlib,[Doc]: misleading diagram in matplotlib.figure.Figure.subplots_adjust,Documentation,closed,2025-06-16T21:46:48+00:00,2025-06-17T04:54:55+00:00,timhoffm,0.3,False
30179,matplotlib/matplotlib,[Bug]: Inner border is not rendered correctly when using log-scale and polar projection.,status: confirmed bug;topic: polar,closed,2025-06-15T17:09:38+00:00,2025-06-30T08:39:31+00:00,timhoffm,14.65,False
30177,matplotlib/matplotlib,[Bug]: rorigin gives weird results when used with rscale('log') and rorigin behavior is unintuitive,,closed,2025-06-15T12:40:26+00:00,2025-06-15T16:52:32+00:00,jklymak,0.18,False
30176,matplotlib/matplotlib,[ENH]: axins border coordinates inside ax,New feature;status: needs clarification,closed,2025-06-14T11:31:01+00:00,2025-06-14T18:39:14+00:00,zfrhv,0.3,True
30173,matplotlib/matplotlib,Nightly anaconda wheel upload broken,,closed,2025-06-13T19:31:35+00:00,2025-06-18T17:27:56+00:00,QuLogic,4.91,False
30170,matplotlib/matplotlib,[Bug]: Inconsistent behavior of stylesheet contexts in Jupyter Notebooks,,closed,2025-06-13T11:11:49+00:00,2025-08-01T03:05:06+00:00,timhoffm,48.66,False
30169,matplotlib/matplotlib,[Doc]: Incorrect FAQ Link on Tutorials Page,Documentation,closed,2025-06-13T03:56:36+00:00,2025-07-11T02:31:12+00:00,QuLogic,27.94,False
30165,matplotlib/matplotlib,[Bug]: offset in transformed ellipse vertices,Documentation;Documentation: API,open,2025-06-11T14:03:43+00:00,,,,
30164,matplotlib/matplotlib,[Bug]: Removing spines in polar plot causes distortion of the plot,status: confirmed bug;topic: polar,closed,2025-06-11T12:56:32+00:00,2025-07-12T20:08:04+00:00,timhoffm,31.3,False
30160,matplotlib/matplotlib,[MNT]: pyplot type hints,Maintenance,closed,2025-06-10T19:14:55+00:00,2025-06-27T18:30:46+00:00,QuLogic,16.97,False
30159,matplotlib/matplotlib,[Bug]: Calling axes.clear() on a shared y or x-axis issues an unexpected warning with log scale,,open,2025-06-10T13:50:30+00:00,,,,
30158,matplotlib/matplotlib,[Bug]: Stackplot in SubFigure raises when drawing Legend,status: confirmed bug,closed,2025-06-10T12:43:31+00:00,2025-07-07T12:21:39+00:00,timhoffm,26.98,False
30157,matplotlib/matplotlib,[ENH]: Expand and diversify built-in style gallery,New feature;topic: styles,closed,2025-06-10T10:06:50+00:00,2025-08-25T21:55:10+00:00,anntzer,76.49,False
30152,matplotlib/matplotlib,[Bug]: Test pipeline failure on windows,,closed,2025-06-09T03:00:15+00:00,2025-06-12T12:04:10+00:00,timhoffm,3.38,False
30147,matplotlib/matplotlib,twinx and twiny could gain more convenience helpers,,open,2025-06-05T17:39:54+00:00,,,,
30139,matplotlib/matplotlib,[ENH]: A friendlier interface for pyplot,New feature,closed,2025-06-04T19:33:33+00:00,2025-06-06T17:38:30+00:00,tacaswell,1.92,False
30136,matplotlib/matplotlib,[Bug]: num2date behaves inconsistently with time zone within a container,status: needs clarification;topic: date handling,closed,2025-06-03T16:35:49+00:00,2025-06-04T05:35:49+00:00,QuLogic,0.54,False
30129,matplotlib/matplotlib,[ENH]: Automatically plot errorbar when using uncertainties library,New feature;status: needs clarification,closed,2025-06-02T19:11:58+00:00,2025-06-02T20:50:13+00:00,tacaswell,0.07,False
30125,matplotlib/matplotlib,[Bug]: Imshow log normalization is looking different,Community support,closed,2025-05-31T14:13:30+00:00,2025-05-31T15:03:59+00:00,rcomer,0.04,False
30117,matplotlib/matplotlib,[Bug]: Cut-off rotated x-tick label when using imshow and constrained layout,status: needs clarification;topic: geometry manager;topic: images,closed,2025-05-28T21:46:08+00:00,2025-08-21T15:48:54+00:00,timhoffm,84.75,False
30116,matplotlib/matplotlib,[Bug]:  Graphics window fails to show icons for buttons,status: downstream fix required,closed,2025-05-28T01:07:44+00:00,2025-05-29T14:07:07+00:00,tacaswell,1.54,False
30095,matplotlib/matplotlib,[ENH]: Add parameter to set line width of legend frame,New feature;topic: legend,closed,2025-05-22T08:12:58+00:00,2025-06-13T13:29:53+00:00,YoannUniKS,22.22,True
30094,matplotlib/matplotlib,[ENH]: Dark Mode for VS Code,New feature;topic: styles,closed,2025-05-22T07:58:51+00:00,2025-05-29T14:29:24+00:00,jklymak,7.27,False
30086,matplotlib/matplotlib,Add petroff6 and petroff8 color cycles to named color sequences example,,closed,2025-05-20T04:50:29+00:00,2025-05-20T19:35:21+00:00,jklymak,0.61,False
30083,matplotlib/matplotlib,"[Bug]: TkAgg: Subplot layout fails for large initial figure sizes, works when resized smaller (inverted behavior) on Raspberry Pi OS / Matplotlib 3.10.1",status: needs clarification,closed,2025-05-19T23:12:00+00:00,2025-08-01T03:07:03+00:00,timhoffm,73.16,False
30078,matplotlib/matplotlib,[Bug]: legend no longer works with itertools.chain,status: confirmed bug,closed,2025-05-19T14:46:43+00:00,2025-05-19T19:32:17+00:00,story645,0.2,False
30076,matplotlib/matplotlib,[Bug]:  Layout Managers are confused by complex arrangement of sub-figures and  gridspec's,status: confirmed bug;topic: geometry manager,closed,2025-05-19T10:01:57+00:00,2025-05-25T11:35:43+00:00,rcomer,6.07,False
30075,matplotlib/matplotlib,[MNT]: Rename axis3d.Axis to Axis3D,topic: mplot3d;API: consistency;topic: ticks axis labels;status: needs comment/discussion;Maintenance,open,2025-05-19T06:29:57+00:00,,,,
30074,matplotlib/matplotlib,[Doc]: Too much stuff in top level navigation.,Documentation,open,2025-05-18T22:12:08+00:00,,,,
30073,matplotlib/matplotlib,[Doc]: Google analytics not working?,Documentation,closed,2025-05-18T22:00:53+00:00,2025-05-19T00:10:05+00:00,jklymak,0.09,False
30072,matplotlib/matplotlib,[Doc]: Split-screen website formatting hides navigation links,Documentation,closed,2025-05-18T15:38:30+00:00,2025-05-18T18:56:59+00:00,jvalcher,0.14,True
30071,matplotlib/matplotlib,[Doc]: new color documentation should go into user docs,Documentation,open,2025-05-18T15:31:17+00:00,,,,
30064,matplotlib/matplotlib,[Bug]: Compiler Flag Drift May Affect matplotlib ABI Stability via Memory Assumptions,status: needs clarification,closed,2025-05-18T01:25:36+00:00,2025-05-18T04:45:45+00:00,jklymak,0.14,False
30060,matplotlib/matplotlib,Add the 6 color and 8 color sequence for the Petroff color cycles,topic: color/color & colormaps,closed,2025-05-17T06:54:35+00:00,2025-05-19T17:21:20+00:00,tacaswell,2.44,False
30056,matplotlib/matplotlib,[Bug]: set_position for tick labels don't work,status: won't or can't fix;Community support,closed,2025-05-15T17:58:28+00:00,2025-05-15T18:56:52+00:00,timhoffm,0.04,False
30051,matplotlib/matplotlib,[ENH]: Improve choropleth map support for geo datasets (individual country/region separation),Community support,closed,2025-05-13T23:17:42+00:00,2025-05-13T23:53:32+00:00,jklymak,0.02,False
30046,matplotlib/matplotlib,[Doc]: Documentation of the stable version still prompts that it is an unstable development version,Documentation,closed,2025-05-13T15:05:22+00:00,2025-05-13T21:01:53+00:00,story645,0.25,False
30042,matplotlib/matplotlib,[Bug]: pixeled dotted lines with no readability,status: needs clarification,closed,2025-05-12T05:22:51+00:00,2025-05-24T10:18:49+00:00,rcomer,12.21,False
30041,matplotlib/matplotlib,[Bug]: qt_compat error in handling pyside6 Qt enumerations for pyplot,Community support,closed,2025-05-12T00:07:50+00:00,2025-05-12T11:32:58+00:00,rcomer,0.48,False
30038,matplotlib/matplotlib,[Bug]: install in development mode fails,,open,2025-05-11T17:28:50+00:00,,,,
30026,matplotlib/matplotlib,[Doc]: add histogram as colorbar example,Documentation;topic: color/colorbar;Documentation: examples,closed,2025-05-07T20:18:57+00:00,2025-06-08T05:50:58+00:00,timhoffm,31.4,False
30022,matplotlib/matplotlib,[Doc]: matplotlib.figure.Figure.subplots_adjust figure,Documentation,closed,2025-05-06T19:26:42+00:00,2025-05-09T20:46:22+00:00,timhoffm,3.06,False
30021,matplotlib/matplotlib,[Bug]: Setting font.sans-serif is impossible by the intended way using matplotlib.rc because it contains a hyphen.,,closed,2025-05-06T17:18:30+00:00,2025-05-12T19:14:21+00:00,story645,6.08,False
30012,matplotlib/matplotlib,[Bug]: Constrained layout causes two windows to appear instead of one,,closed,2025-05-05T12:20:42+00:00,2025-05-05T12:28:09+00:00,rcomer,0.01,False
30007,matplotlib/matplotlib,"Axes.pie([0, 0]) crashes with “cannot convert float NaN to integer” when all slice sizes are zero",status: confirmed bug;🌱 Good first issue,closed,2025-05-04T05:39:33+00:00,2025-05-06T09:46:55+00:00,oscargus,2.17,False
29994,matplotlib/matplotlib,Missing type hints for `matplotlib.dates.DateFormatter`,topic: date handling;topic: typing,closed,2025-05-01T12:28:43+00:00,2025-08-04T11:08:17+00:00,rcomer,94.94,False
29985,matplotlib/matplotlib,[Bug]: Setting the edgecolor when using `ax.hist` raises `Invalid RGBA argument` in >=3.10,,closed,2025-04-28T22:27:18+00:00,2025-04-29T19:17:47+00:00,rcomer,0.87,False
29978,matplotlib/matplotlib,[Bug]: PGF file produces incorrect whitespace in the legend when using certain documentclass.,backend: pgf,open,2025-04-28T11:12:13+00:00,,,,
29977,matplotlib/matplotlib,"[Bug]: Histogram ignores `lw` argument, no warning or error",,closed,2025-04-28T09:58:17+00:00,2025-04-28T10:12:19+00:00,rcomer,0.01,False
29976,matplotlib/matplotlib,[Bug]: SIGSEGV on ft2font under certain compilation conditions,,closed,2025-04-28T02:33:16+00:00,2026-07-10T19:12:38+00:00,QuLogic,438.69,False
29964,matplotlib/matplotlib,"[Doc]: object description for ""spines""of matplot.axes.Axes not found",Documentation,closed,2025-04-25T10:38:10+00:00,2025-04-25T23:51:17+00:00,jklymak,0.55,False
29963,matplotlib/matplotlib,[Bug]: Histogram plots with logarithmic scale using float32 precision,status: upstream fix required,closed,2025-04-25T08:58:53+00:00,2025-04-25T11:03:53+00:00,anntzer,0.09,False
29961,matplotlib/matplotlib,[Bug]: pip install matplotlib failed due to kiwisolver whl build error on Win10 x86,Community support,closed,2025-04-23T16:49:52+00:00,2025-04-23T19:44:01+00:00,jklymak,0.12,False
29960,matplotlib/matplotlib,[Bug]: FuncAnimation function not typed properly,topic: typing,closed,2025-04-22T18:29:38+00:00,2025-04-29T13:51:55+00:00,tacaswell,6.81,False
29959,matplotlib/matplotlib,[MNT]: Python 3.14.0a7 test failures,Maintenance,closed,2025-04-22T13:51:01+00:00,2025-09-17T02:58:03+00:00,QuLogic,147.55,False
29957,matplotlib/matplotlib,"[ENH]: add_collection(..., autolim=True) should update view limits as well",New feature;topic: mplot3d,closed,2025-04-22T09:14:05+00:00,2025-08-02T07:53:36+00:00,QuLogic,101.94,False
29955,matplotlib/matplotlib,"[Bug]: when using histtype, linestyle is not carried through to plot",status: duplicate,closed,2025-04-21T19:13:40+00:00,2025-04-21T19:37:26+00:00,jklymak,0.02,False
29953,matplotlib/matplotlib,[Bug]: numerical instability of Path.arc for 0 degree or 360 degree arc,,closed,2025-04-21T05:13:04+00:00,2026-06-12T02:48:37+00:00,QuLogic,416.9,False
29942,matplotlib/matplotlib,[Bug]: Disconnecting shared axis,topic: ticks axis labels,closed,2025-04-18T11:48:46+00:00,2025-04-24T13:41:12+00:00,cvanelteren,6.08,True
29941,matplotlib/matplotlib,[ENH]: QRcode feature to make permanent link to the svg figure,Documentation: examples,closed,2025-04-18T10:37:12+00:00,2025-04-18T19:01:20+00:00,jklymak,0.35,False
29938,matplotlib/matplotlib,[ENH]: plt.colorbar add a colorbar which has the same height/width of original image,Documentation;Community support,closed,2025-04-18T08:58:16+00:00,2025-04-18T18:00:13+00:00,tacaswell,0.38,False
29937,matplotlib/matplotlib,[ENH]: adding colorbar do not change the size of the original image,Community support,closed,2025-04-18T08:54:03+00:00,2025-04-18T15:56:15+00:00,jklymak,0.29,False
29934,matplotlib/matplotlib,[MNT]: extent types should be numbers.Real,Maintenance,closed,2025-04-17T18:47:38+00:00,2025-04-18T15:22:48+00:00,tacaswell,0.86,False
29928,matplotlib/matplotlib,[Doc]: Blitting minimal example missing draw_event callback,Documentation;topic: animation,open,2025-04-16T11:38:34+00:00,,,,
29926,matplotlib/matplotlib,"[ENH]: Make rotation_mode=""xtick"" the default for ticks",New feature,open,2025-04-16T07:40:51+00:00,,,,
29924,matplotlib/matplotlib,[Bug]: AttributeError: module 'matplotlib' has no attribute 'backend_bases',status: needs clarification,closed,2025-04-16T04:50:28+00:00,2025-04-24T18:16:59+00:00,rcomer,8.56,False
29922,matplotlib/matplotlib,[ENH]: tab10 color sequence should return the tab-named colors,New feature,open,2025-04-16T01:28:50+00:00,,,,
29921,matplotlib/matplotlib,boilerplate.py seems to remove parameters,status: needs confirmation,closed,2025-04-16T01:09:53+00:00,2025-04-19T15:24:44+00:00,jklymak,3.59,False
29917,matplotlib/matplotlib,[Bug]: Contour plots using mollweide-projection,status: confirmed bug,closed,2025-04-15T10:52:30+00:00,2025-04-18T10:25:32+00:00,timhoffm,2.98,False
29915,matplotlib/matplotlib,[Bug]: axes.prop_cycle behavior change,,open,2025-04-14T14:33:52+00:00,,,,
29913,matplotlib/matplotlib,[Bug]: plt.ticklabel_format(style='plain') puts the y axis label out of frame,Community support,closed,2025-04-13T18:00:50+00:00,2025-04-13T19:13:27+00:00,rcomer,0.05,False
29912,matplotlib/matplotlib,[Bug]: findfont: Font family '<font>' not found. despite being present and queriable via fontconfig; never makes it to ~/.cache/matplotlib/fontlist-v330.json either,topic: text/fonts,open,2025-04-13T17:32:23+00:00,,,,
29909,matplotlib/matplotlib,[MNT]: set_dpi and get_dpi functions defined twice in figure.py,Maintenance,closed,2025-04-12T20:52:01+00:00,2025-04-13T01:59:52+00:00,tacaswell,0.21,False
29906,matplotlib/matplotlib,[Doc]: Autoscaling Axes or Autoscaling Axis?,Documentation,closed,2025-04-11T12:43:31+00:00,2025-04-20T01:29:18+00:00,timhoffm,8.53,False
29891,matplotlib/matplotlib,[Bug]: image alpha re-applied each draw?,Release critical;topic: images,closed,2025-04-09T17:34:45+00:00,2025-04-13T09:42:29+00:00,dstansby,3.67,False
29886,matplotlib/matplotlib,[Bug]: \right) is replaced with exclamation mark when using fontset='cm',status: duplicate;topic: text/mathtext,closed,2025-04-08T12:33:34+00:00,2025-04-17T18:46:07+00:00,QuLogic,9.26,False
29883,matplotlib/matplotlib,[Bug]: Missing backcompat for backends not supporting hatchcolors in draw_quad_mesh,Release critical,closed,2025-04-07T16:42:31+00:00,2025-04-12T11:45:36+00:00,anntzer,4.79,False
29882,matplotlib/matplotlib,[Bug]: plt.show() works intermittently in PyCharm,third-party integration,closed,2025-04-07T12:45:02+00:00,2025-08-01T03:10:12+00:00,timhoffm,115.6,False
29878,matplotlib/matplotlib,[ENH]: Surface plot does not support interpolation,New feature;topic: mplot3d,open,2025-04-06T14:22:17+00:00,,,,
29874,matplotlib/matplotlib,[Bug]: Backgroundcolor of text is set in a too wide range,topic: text,open,2025-04-06T08:27:11+00:00,,,,
29866,matplotlib/matplotlib,[ENH]: Allow specifying a typeface instead of a font,New feature;topic: text/fonts,open,2025-04-03T19:33:12+00:00,,,,
29865,matplotlib/matplotlib,[MNT]: `pillow==11.2.0` is yanked,Maintenance,closed,2025-04-03T17:56:23+00:00,2025-04-03T21:13:47+00:00,tacaswell,0.14,False
29864,matplotlib/matplotlib,[Bug]: TypeError: _warn() got an unexpected keyword argument 'skip_file_prefixes',,closed,2025-04-03T17:44:06+00:00,2025-04-04T05:48:06+00:00,WolfgangFahl,0.5,True
29863,matplotlib/matplotlib,[ENH]: Should we hide _preprocess_data from the stack trace?,New feature,closed,2025-04-03T12:00:58+00:00,2026-01-17T01:32:43+00:00,QuLogic,288.56,False
29860,matplotlib/matplotlib,`ax.pie()` raises `ValueError` when input contains `NaN`,API: argument checking,closed,2025-04-03T10:56:43+00:00,2025-04-24T21:49:34+00:00,dstansby,21.45,False
29857,matplotlib/matplotlib,[Bug]: Unexpected behavior of the line style specifiers in the histogram method,,closed,2025-04-02T10:04:46+00:00,2025-04-02T13:04:36+00:00,rcomer,0.12,False
29856,matplotlib/matplotlib,[Doc]: Surprising behavior of FuncAnimation example in the first frames,status: confirmed bug;topic: animation;status: needs comment/discussion,open,2025-04-02T07:56:41+00:00,,,,
29854,matplotlib/matplotlib,[Bug]: Build timeout in fresh repository if git index is not fresh,Build,open,2025-04-01T19:24:54+00:00,,,,
29852,matplotlib/matplotlib,[Bug]: Unable to install matplotlib (editable mode) in Github Codespace,status: confirmed bug;Build,open,2025-04-01T18:23:59+00:00,,,,
29849,matplotlib/matplotlib,[MNT]: Lifetime of pyplot figures,Maintenance;status: superseded,closed,2025-04-01T12:27:51+00:00,2025-10-13T17:42:43+00:00,timhoffm,195.22,False
29845,matplotlib/matplotlib,[MNT]: CI: cleanup: remove stale/outdated version range restrictions,Maintenance;CI: testing,closed,2025-04-01T10:14:08+00:00,2025-04-01T18:21:21+00:00,timhoffm,0.34,False
29844,matplotlib/matplotlib,[MNT]: CI: pygobject fails to install during ubuntu-22.04 GitHub Actions jobs,Maintenance,closed,2025-04-01T10:05:06+00:00,2025-05-12T22:40:59+00:00,timhoffm,41.52,False
29837,matplotlib/matplotlib,Strange ICE error when compiling with GCC,,closed,2025-03-31T00:09:50+00:00,2025-03-31T22:31:09+00:00,QuLogic,0.93,False
29835,matplotlib/matplotlib,[Bug]: TypeError raised when saving a figure with a ConnectionPatch line between two axes,status: needs clarification,closed,2025-03-30T19:04:49+00:00,2025-03-30T23:21:14+00:00,jklymak,0.18,False
29826,matplotlib/matplotlib,[ENH]: Add fancyarrow() as a function to draw single arrows,New feature,closed,2025-03-29T00:26:39+00:00,2025-04-01T00:02:30+00:00,timhoffm,2.98,False
29825,matplotlib/matplotlib,TST: Use shapes instead of actual text for layout manager tests,,closed,2025-03-28T17:58:20+00:00,2025-08-01T03:15:08+00:00,timhoffm,125.39,False
29824,matplotlib/matplotlib,Not easy to access Figure or figure-like without extra import,,closed,2025-03-28T17:35:37+00:00,2025-03-29T00:33:37+00:00,jklymak,0.29,False
29822,matplotlib/matplotlib,"[MNT]: CI: either remove, or separate cairocffi CI paths",Maintenance,open,2025-03-28T15:34:50+00:00,,,,
29815,matplotlib/matplotlib,Decide support level for axes_grid,topic: mpl_toolkit;topic: geometry manager,open,2025-03-26T23:51:45+00:00,,,,
29813,matplotlib/matplotlib,[MNT]: Cleanup internal import dependencies and initialization logic,Maintenance,open,2025-03-26T23:35:03+00:00,,,,
29812,matplotlib/matplotlib,[MNT]: Backport request for #29552 to 3.10.x,Maintenance,closed,2025-03-26T23:30:53+00:00,2025-03-27T09:01:15+00:00,QuLogic,0.4,False
29811,matplotlib/matplotlib,[Bug]: Cannot addWidget(FigureCanvasQTAgg) to QVBoxLayout,Community support,closed,2025-03-26T21:56:01+00:00,2025-03-26T23:18:52+00:00,jklymak,0.06,False
29809,matplotlib/matplotlib,[Bug]: Colourbars sometimes don't use all available width with ImageGrid,topic: mpl_toolkit,closed,2025-03-26T14:54:24+00:00,2025-03-28T11:15:21+00:00,timhoffm,1.85,False
29806,matplotlib/matplotlib,[Feature Request] Proper Arabic Language Support in Matplotlib Plots,topic: text,closed,2025-03-25T21:44:30+00:00,2026-04-10T19:35:37+00:00,QuLogic,380.91,False
29805,matplotlib/matplotlib,[Bug]: ImportError: cannot import name '_is_pandas_dataframe' from 'matplotlib.cbook',,closed,2025-03-25T19:05:35+00:00,2025-03-25T19:42:22+00:00,jklymak,0.03,False
29802,matplotlib/matplotlib,[Bug]: Doc build is broken,status: upstream fix required,closed,2025-03-25T00:13:33+00:00,2025-03-25T07:09:37+00:00,QuLogic,0.29,False
29799,matplotlib/matplotlib,[ENH]: set default color cycle to named color sequence,New feature;topic: rcparams;topic: color/cycle,closed,2025-03-24T16:57:39+00:00,2025-03-28T09:16:15+00:00,dstansby,3.68,False
29797,matplotlib/matplotlib,[MNT]: Flaky Windows_py31x tests on Azure Pipelines,OS: Microsoft;topic: testing;Maintenance,closed,2025-03-24T00:25:50+00:00,2025-05-05T10:02:32+00:00,timhoffm,42.4,False
29791,matplotlib/matplotlib,"[Bug]: Saving as an SVG and PDF produce different outputs with Latex characters, with wrong character sizing",topic: text/usetex;status: has patch,closed,2025-03-21T18:43:11+00:00,2025-05-28T06:02:17+00:00,QuLogic,67.47,False
29790,matplotlib/matplotlib,[Bug]: test_backend_pgf.py::test_rcupdate fails with texlive 2025,topic: text/usetex,open,2025-03-21T14:26:01+00:00,,,,
29788,matplotlib/matplotlib,"[Bug]: ImportError: Failed to import any of the following Qt binding modules: PyQt6, PySide6, PyQt5, PySide2",status: needs clarification;GUI: Qt;third-party integration,closed,2025-03-21T09:57:35+00:00,2025-03-28T13:06:29+00:00,anntzer,7.13,False
29785,matplotlib/matplotlib,[Bug]: Python 3.14 recursion error,status: duplicate,closed,2025-03-20T21:55:08+00:00,2025-03-20T23:36:01+00:00,QuLogic,0.07,False
29782,matplotlib/matplotlib,[ENH]: Make savefig close plot by default,New feature;API: changes,closed,2025-03-20T11:15:04+00:00,2025-12-13T10:47:02+00:00,timhoffm,267.98,False
29780,matplotlib/matplotlib,[Bug]: Setting 'lines.markeredgecolor' affects color of errorbar caps.,status: confirmed bug,closed,2025-03-19T14:19:52+00:00,2025-05-15T09:54:56+00:00,QuLogic,56.82,False
29779,matplotlib/matplotlib,[Bug]: get_default_filename removes '0' from file name instead of '\0' from window title,,closed,2025-03-19T01:51:05+00:00,2025-03-20T18:00:19+00:00,timhoffm,1.67,False
29778,matplotlib/matplotlib,"[Bug]: interpolation_stage=""data"" removes too many pixels in the vicinity of nans in upsampled, interpolated images",topic: images,open,2025-03-19T00:06:01+00:00,,,,
29775,matplotlib/matplotlib,[Doc]: Improve install guidance,Documentation,open,2025-03-18T23:35:39+00:00,,,,
29774,matplotlib/matplotlib,[Bug]: triage_tests.py is brittle against failures in test modules that have only check_figures_equal test,topic: testing,closed,2025-03-18T23:17:10+00:00,2025-08-26T00:49:41+00:00,timhoffm,160.06,False
29766,matplotlib/matplotlib,[MNT]: ci: ubuntu-20.04 GitHub Actions runner will soon be unmaintained,Maintenance,closed,2025-03-18T09:22:13+00:00,2025-04-01T00:47:42+00:00,timhoffm,13.64,False
29761,matplotlib/matplotlib,[Bug]: pcolormesh passes alpha value down to colormap instead of alpha blending,topic: color/alpha;topic: color/color & colormaps;topic: pcolor/pcolormesh,open,2025-03-16T14:21:19+00:00,,,,
29760,matplotlib/matplotlib,[Bug]: Changing the array returned by get_data affects future calls to get_data but does not change the plot on canvas.draw.,,closed,2025-03-15T19:18:59+00:00,2025-03-19T18:00:04+00:00,Rainald62,3.95,True
29757,matplotlib/matplotlib,[Doc]: duplicate tags,Documentation;Documentation: tags,closed,2025-03-14T19:11:21+00:00,2025-03-15T02:05:04+00:00,timhoffm,0.29,False
29753,matplotlib/matplotlib,[Doc]: color and colormap tags,Documentation;Documentation: tags,closed,2025-03-13T23:16:36+00:00,2025-03-14T18:21:01+00:00,timhoffm,0.79,False
29749,matplotlib/matplotlib,[Bug]: Unit tests: Ubuntu 22.04 lacks dependencies required for recent PyGObject versions,,closed,2025-03-13T00:37:55+00:00,2025-04-01T03:04:34+00:00,tacaswell,19.1,False
29746,matplotlib/matplotlib,[Doc]: Add uv and pixi install instructions,Documentation,closed,2025-03-12T17:01:12+00:00,2025-03-18T21:34:48+00:00,timhoffm,6.19,False
29743,matplotlib/matplotlib,[Bug]: memory backing figure is not freed when figure is closed,status: confirmed bug;Performance,open,2025-03-12T13:36:08+00:00,,,,
29741,matplotlib/matplotlib,[Bug]: Can't find pybind11 headers when building from source,OS: Apple;Build,closed,2025-03-12T13:23:05+00:00,2025-03-20T14:48:34+00:00,dstansby,8.06,False
29739,matplotlib/matplotlib,"Error finding ""ninja"" when setting up development environment",,open,2025-03-12T12:24:35+00:00,,,,
29736,matplotlib/matplotlib,[ENH]: ConnectionPatch's connection line arrow size and position issue,New feature;Community support,closed,2025-03-12T02:16:37+00:00,2025-03-29T07:51:13+00:00,timhoffm,17.23,False
29733,matplotlib/matplotlib,[Bug]: Matplotlib savefig and close break multiprocessing and numpy thread allocation,,open,2025-03-11T18:59:08+00:00,,,,
29732,matplotlib/matplotlib,[Bug]: Unit tests: MacOS 14 failures: gi-invoke-error-quark,OS: Apple,open,2025-03-11T14:10:28+00:00,,,,
29731,matplotlib/matplotlib,"[MNT]: in class cursor,when the mouse moves out of the ax, redrawing takes a long time",Maintenance,open,2025-03-11T04:39:52+00:00,,,,
29723,matplotlib/matplotlib,[Bug]: FAILED: lib/matplotlib/mpl-data/matplotlibrc,status: needs clarification,closed,2025-03-10T02:05:00+00:00,2025-04-14T13:58:01+00:00,anntzer,35.5,False
29722,matplotlib/matplotlib,[MNT]: Upcoming version of `pyparsing` will start emitting `DeprecationWarnings` for legacy pre-PEP8 method and argument names,Maintenance,closed,2025-03-09T20:59:36+00:00,2025-06-21T02:25:09+00:00,QuLogic,103.23,False
29720,matplotlib/matplotlib,[Bug]: Inset Axes Failing for Geographic Plot,,closed,2025-03-09T03:59:36+00:00,2025-03-09T20:09:25+00:00,moss-xyz,0.67,True
29717,matplotlib/matplotlib,[Bug]: Using a linestyle tuple with a histogram crashes with matplotlib 3.10,,closed,2025-03-08T01:49:19+00:00,2025-03-12T00:23:23+00:00,story645,3.94,False
29713,matplotlib/matplotlib,[Bug]: Matplotlib selects TkAgg backend on LXC containers,,closed,2025-03-06T16:35:37+00:00,2025-03-14T08:38:47+00:00,ianthomas23,7.67,False
29712,matplotlib/matplotlib,[Doc]: Stable version of documentation has unstable banner,Documentation,closed,2025-03-06T16:35:05+00:00,2025-03-09T12:44:57+00:00,timhoffm,2.84,False
29711,matplotlib/matplotlib,[ENH]: directional antialiasing filter,New feature;topic: images,open,2025-03-06T11:49:33+00:00,,,,
29710,matplotlib/matplotlib,How do I convert a 'jet'-transformed image to its original values?,,closed,2025-03-06T11:26:25+00:00,2025-03-06T11:57:42+00:00,timhoffm,0.02,False
29707,matplotlib/matplotlib,[Bug]: Simple plot chart with multiple values in Y is not being rendered correctly and gives an error.,status: downstream fix required,closed,2025-03-05T17:44:44+00:00,2025-03-05T18:42:59+00:00,timhoffm,0.04,False
29706,matplotlib/matplotlib,[Bug]: Unexpected output when using `fill` with a polar projection plot,,open,2025-03-05T15:40:42+00:00,,,,
29704,matplotlib/matplotlib,Option to add FancyBboxPatch around quiverkey(),New feature,open,2025-03-04T22:49:45+00:00,,,,
29703,matplotlib/matplotlib,"[Bug]: Linewidths in scatter unexpectedly scale when using ""o"" shape",status: won't or can't fix,closed,2025-03-04T12:51:15+00:00,2025-06-07T07:51:18+00:00,timhoffm,94.79,False
29702,matplotlib/matplotlib,[Bug]: Annotation heatmap,,closed,2025-03-03T20:29:09+00:00,2025-03-03T21:24:55+00:00,jklymak,0.04,False
29699,matplotlib/matplotlib,"[ENH]: Add `zorder` (grid, scatter, line, etc) in `rcParams`",New feature,open,2025-03-03T14:40:52+00:00,,,,
29694,matplotlib/matplotlib,[Bug]: LogLocator sometimes draws fewer ticks than it can,topic: ticks axis labels,closed,2025-02-28T22:47:08+00:00,2025-03-19T00:36:50+00:00,timhoffm,18.08,False
29688,matplotlib/matplotlib,"[Bug]: ""Bad file descriptor"" raised repeatedly when plt.pause() interrupted in IPython",status: confirmed bug,closed,2025-02-27T17:25:39+00:00,2025-07-01T08:19:30+00:00,anntzer,123.62,False
29687,matplotlib/matplotlib,[Bug]: possible race condition between TextBoxes with toolmanager and QtAgg,status: confirmed bug;topic: widgets/UI;topic: toolbar,open,2025-02-27T17:03:51+00:00,,,,
29685,matplotlib/matplotlib,[Bug]: I found a suspected memory leak when running blitting,status: needs clarification;Community support,closed,2025-02-27T15:05:59+00:00,2025-02-27T15:34:25+00:00,QianZhang19,0.02,True
29681,matplotlib/matplotlib,[ENH]: Add parameter 'error_linestyle' to plt.errorbar(),New feature,closed,2025-02-26T14:57:35+00:00,2025-04-30T01:09:46+00:00,QuLogic,62.43,False
29679,matplotlib/matplotlib,[Bug]: LaTeX path with Python IDLE vs Mac Terminal,status: upstream fix required;Community support,closed,2025-02-26T09:05:55+00:00,2025-02-28T18:00:05+00:00,Cyrkhan,2.37,True
29678,matplotlib/matplotlib,"[Bug]: Matplotlib falls back to ""headless"" backend after a while in ssh -X session",status: needs clarification,closed,2025-02-25T16:51:44+00:00,2025-02-27T15:56:38+00:00,erjoalgo,1.96,True
29672,matplotlib/matplotlib,[Bug]: Matplotlib and Herbie,,closed,2025-02-24T17:31:22+00:00,2025-02-24T18:18:04+00:00,jp2nyy,0.03,True
29671,matplotlib/matplotlib,[ENH]: Add long names for markers,New feature,open,2025-02-24T11:33:07+00:00,,,,
29659,matplotlib/matplotlib,[Bug]: Unnecessary double start of `Animation` in some circumstances,topic: animation,open,2025-02-22T07:02:28+00:00,,,,
29658,matplotlib/matplotlib,[MNT]: `font_manager.findSystemFonts` takes too long on macOS,status: needs clarification;Maintenance,closed,2025-02-22T00:03:18+00:00,2025-07-05T08:55:28+00:00,anntzer,133.37,False
29657,matplotlib/matplotlib,Colorbar with different ticks format,Community support,closed,2025-02-21T20:00:06+00:00,2025-02-21T20:12:19+00:00,dmargarone,0.01,True
29654,matplotlib/matplotlib,[Bug]: KeyError when hovering over interactive plot in ipython,status: duplicate;backend: ipympl,closed,2025-02-21T15:06:12+00:00,2025-02-21T15:16:33+00:00,ianthomas23,0.01,False
29653,matplotlib/matplotlib,[ENH]: Make fill_between 'step' argument consistent with plot,New feature;API: consistency,open,2025-02-21T11:25:49+00:00,,,,
29649,matplotlib/matplotlib,[Bug]: plot directive not handling indentation of long option strings,topic: sphinx extension;accessibility,closed,2025-02-20T22:05:50+00:00,2025-02-28T15:03:50+00:00,timhoffm,7.71,False
29648,matplotlib/matplotlib,[Bug]: AttributeError: 'Legend' object has no attribute 'legendHandles',Community support,closed,2025-02-20T09:58:25+00:00,2025-02-20T13:51:06+00:00,camilaagw,0.16,True
29647,matplotlib/matplotlib,[ENH]: Allow list of padding values for bar_label,New feature;🌱 Good first issue,closed,2025-02-19T19:05:34+00:00,2025-03-18T16:29:12+00:00,timhoffm,26.89,False
29646,matplotlib/matplotlib,[Bug]: Markers with string-type integer values are converted to integers in cycler and matplotlibrc,,open,2025-02-19T12:48:32+00:00,,,,
29643,matplotlib/matplotlib,[ENH]: improve the data structure of transformer pipeline base on the math structure of coordinate transformations,New feature,open,2025-02-18T09:32:29+00:00,,,,
29637,matplotlib/matplotlib,Plot.Show is minimized after input command,,closed,2025-02-17T17:42:22+00:00,2025-08-01T03:22:12+00:00,timhoffm,164.4,False
29636,matplotlib/matplotlib,[MNT]: API consistency for Figure layout_engine,API: consistency;API: changes;Maintenance,open,2025-02-17T11:02:56+00:00,,,,
29635,matplotlib/matplotlib,[MNT]: API consistency for figsize,API: consistency;API: changes;Maintenance,open,2025-02-17T11:00:15+00:00,,,,
29634,matplotlib/matplotlib,[ENH]: Be able to ignore specific plots when autoscaling axes,New feature,open,2025-02-17T10:31:59+00:00,,,,
29630,matplotlib/matplotlib,[Bug]: Unable to use single Quantity for xerr in ax.errorbar,third-party integration;topic: units and array ducktypes,open,2025-02-16T13:48:09+00:00,,,,
29629,matplotlib/matplotlib,[MNT]: Up to ~60x worse Plotting Performance when using Units,third-party integration;topic: units and array ducktypes;Performance;status: downstream fix required,closed,2025-02-16T13:40:49+00:00,2025-03-04T15:42:50+00:00,jklymak,16.08,False
29628,matplotlib/matplotlib,Newlines should not be scaped when using setting usetex=True,Difficulty: Medium;Difficulty: Hard;topic: text/usetex,open,2025-02-16T08:16:47+00:00,,,,
29618,matplotlib/matplotlib,[Bug]: FigureCanvasQT is seemingly prematurely freed under certain conditions,GUI: Qt,closed,2025-02-14T03:35:30+00:00,2025-08-29T20:20:23+00:00,ksunden,196.7,False
29615,matplotlib/matplotlib,[Bug]: pcolormesh's default x/y range might break `set_scale('log')`,status: confirmed bug;status: has patch,closed,2025-02-13T14:00:19+00:00,2025-03-31T17:51:12+00:00,dstansby,46.16,False
29606,matplotlib/matplotlib,[Doc]: axvline.x sets x not y,Documentation,closed,2025-02-11T23:47:34+00:00,2025-02-12T02:48:20+00:00,QuLogic,0.13,False
29603,matplotlib/matplotlib,[Bug]: Setting `text.usetex=True` in `pyplot.rcParams` Raises FIPS Compliance Errors,,closed,2025-02-11T18:25:35+00:00,2025-02-12T15:21:16+00:00,tacaswell,0.87,False
29596,matplotlib/matplotlib,[Bug]: Position and BBox of mathtext are slightly offset from the expected ones and inconsistent with normal text,topic: text/mathtext,open,2025-02-09T13:34:59+00:00,,,,
29595,matplotlib/matplotlib,[Bug]: Setting alpha with an array is ignored with jupyterlab %inline backend,,closed,2025-02-09T02:21:38+00:00,2025-04-03T13:15:27+00:00,timhoffm,53.45,False
29594,matplotlib/matplotlib,[MNT]: Consolidate tick API,Maintenance,open,2025-02-08T09:38:33+00:00,,,,
29586,matplotlib/matplotlib,[ENH]: Arbitrary placement of 3D axes & panes,New feature;topic: mplot3d,open,2025-02-06T21:22:51+00:00,,,,
29583,matplotlib/matplotlib,Update GSoC 2025 Idea List,,closed,2025-02-06T07:30:32+00:00,2025-02-17T12:10:31+00:00,timhoffm,11.19,False
29579,matplotlib/matplotlib,[Bug]: Matplotlib GTK4 Segmentation Fault,status: duplicate,closed,2025-02-05T09:33:15+00:00,2025-02-06T02:20:14+00:00,QuLogic,0.7,False
29578,matplotlib/matplotlib,[Bug]: button event key error when using %matplotlib widget in jupyter lab,status: duplicate;backend: ipympl,closed,2025-02-04T18:10:10+00:00,2025-02-04T18:35:11+00:00,ianthomas23,0.02,False
29575,matplotlib/matplotlib,[Doc]: QuadContourSet does not contain a collections attribute like stated in the manual,Documentation,closed,2025-02-04T14:37:18+00:00,2025-02-04T17:40:47+00:00,rcomer,0.13,False
29573,matplotlib/matplotlib,[MNT]: Deprecate ImageMagickWriter in favor of pillow & ffmpeg?,topic: animation;Maintenance,open,2025-02-03T21:43:17+00:00,,,,
29570,matplotlib/matplotlib,[ENH]: text with custom width,New feature;topic: text,open,2025-02-03T15:08:47+00:00,,,,
29567,matplotlib/matplotlib,[Bug]: ImageMagickWriter,,open,2025-02-03T01:54:28+00:00,,,,
29562,matplotlib/matplotlib,[MNT]: Remove rcParams deprecation machinery,topic: rcparams;Maintenance,closed,2025-02-01T15:39:23+00:00,2025-02-05T08:26:18+00:00,timhoffm,3.7,False
29551,matplotlib/matplotlib,[Bug]: 3D tick label position jitter when rotating the plot view,topic: text;backend: agg,closed,2025-01-30T17:38:36+00:00,2026-02-03T18:09:23+00:00,anntzer,369.02,False
29550,matplotlib/matplotlib,[Bug]: `set_alpha` on an Axes behaves strangely,,closed,2025-01-30T08:49:38+00:00,2025-01-31T09:08:54+00:00,timhoffm,1.01,False
29544,matplotlib/matplotlib,[Bug]: Logarithmic scale of the y-axis does not work when the range is small,,closed,2025-01-29T13:30:16+00:00,2025-01-30T20:39:23+00:00,ksunden,1.3,False
29541,matplotlib/matplotlib,[Doc]: A few problems on Image resampling page,Documentation,closed,2025-01-28T22:10:04+00:00,2026-07-07T14:38:05+00:00,jklymak,524.69,False
29540,matplotlib/matplotlib,"[Bug]: matshow(..., fignum=...) broken",status: confirmed bug;Documentation: API,closed,2025-01-28T20:56:02+00:00,2025-04-03T06:59:45+00:00,QuLogic,64.42,False
29535,matplotlib/matplotlib,[Doc]: Typo in Solarized Light stylesheet example code,Documentation,closed,2025-01-28T17:22:50+00:00,2025-01-28T17:49:57+00:00,scottshambaugh,0.02,False
29534,matplotlib/matplotlib,[Bug]: missing graph,Community support,closed,2025-01-28T16:37:05+00:00,2025-04-23T18:04:25+00:00,rcomer,85.06,False
29532,matplotlib/matplotlib,[Bug]: ScalarFormatter can't be forced to use an offset of 1,status: confirmed bug;🌱 Good first issue;topic: ticks axis labels,closed,2025-01-28T08:46:28+00:00,2025-01-29T08:41:05+00:00,rcomer,1.0,False
29528,matplotlib/matplotlib,[Bug]: set_rticks makes polar autoscale move the origin away from zero,topic: polar,closed,2025-01-27T10:06:35+00:00,2025-03-29T20:25:53+00:00,rcomer,61.43,False
29527,matplotlib/matplotlib,[Bug]: unaligned multiline text when using math mode,topic: text/mathtext,open,2025-01-27T09:30:42+00:00,,,,
29524,matplotlib/matplotlib,[Doc]: Unclear how to compile `c_internals` in code space,Documentation;Documentation: devdocs,closed,2025-01-26T08:55:53+00:00,2025-01-26T19:48:13+00:00,timhoffm,0.45,False
29523,matplotlib/matplotlib,Documentions,Documentation,closed,2025-01-26T07:00:09+00:00,2025-01-26T07:42:44+00:00,ragineedarade,0.03,True
29522,matplotlib/matplotlib,[Bug]: Image color limits not correctly updated with set_clim() IFF color bar present AND new norm.vmin > old norm.vmax,status: confirmed bug;topic: color/colorbar,closed,2025-01-25T21:46:43+00:00,2025-02-28T15:24:42+00:00,timhoffm,33.73,False
29542,matplotlib/matplotlib,"Search: ""codex"" term returns no results on devdocs",Documentation,closed,2025-01-25T19:51:59+00:00,2025-12-15T14:41:15+00:00,tacaswell,323.78,False
29519,matplotlib/matplotlib,[Bug]:  'PillowWriter' object has no attribute '_frame' shouldn't be  '_frames'?,,closed,2025-01-25T17:09:00+00:00,2025-01-27T23:29:22+00:00,timhoffm,2.26,False
29516,matplotlib/matplotlib,[Bug]: Cannot draw arrow from polar plot origin after setting rticks,status: confirmed bug;topic: text,open,2025-01-24T17:28:49+00:00,,,,
29515,matplotlib/matplotlib,[Doc]: Some 3.10 API changes are missing,Documentation,closed,2025-01-24T17:07:32+00:00,2025-01-24T23:11:39+00:00,ksunden,0.25,False
29512,matplotlib/matplotlib,[MNT]: Make the matplotlib.category module private,Maintenance,closed,2025-01-24T12:51:55+00:00,2025-01-27T13:34:32+00:00,timhoffm,3.03,False
29510,matplotlib/matplotlib,[ENH]: Log Scale for Violin Plots (by calculating Kernel Density Estimate in log space),New feature,open,2025-01-24T10:42:43+00:00,,,,
29507,matplotlib/matplotlib,[Bug]: Duplicating the labels in the `height`/`width` argument in `barh()`/`bar` leads to undrawn bars,topic: units and array ducktypes,closed,2025-01-23T16:28:52+00:00,2025-01-24T15:47:10+00:00,rcomer,0.97,False
29504,matplotlib/matplotlib,[Bug]: Change in ListedColormap behavior in 3.10.0,,closed,2025-01-22T21:51:35+00:00,2025-12-13T11:22:44+00:00,timhoffm,324.56,False
29496,matplotlib/matplotlib,[ENH]: visual plot builder,New feature,closed,2025-01-20T23:24:24+00:00,2025-01-22T16:21:33+00:00,jklymak,1.71,False
29492,matplotlib/matplotlib,[Bug]: Face color of right-side table cells without right edge rendered wrongly,topic: table,closed,2025-01-20T16:28:47+00:00,2025-01-20T18:16:39+00:00,timhoffm,0.07,False
29489,matplotlib/matplotlib,[Bug]: Systematic test failures with ubuntu-22.04-arm pipeline,CI: testing,closed,2025-01-20T11:12:23+00:00,2025-01-21T23:05:16+00:00,QuLogic,1.5,False
29487,matplotlib/matplotlib,[Bug]: LinearSegmentedColormap returns different results for int/float when used as a function,status: duplicate,closed,2025-01-20T10:45:34+00:00,2025-01-20T11:49:55+00:00,timhoffm,0.04,False
29484,matplotlib/matplotlib,"[Bug]: On polar axis, stem plot with non-zero bottom has an extra red line.",,closed,2025-01-19T18:51:11+00:00,2025-01-25T07:30:03+00:00,QuLogic,5.53,False
29483,matplotlib/matplotlib,[Bug]: Impossible to save and show an animation at the same time,status: needs clarification,closed,2025-01-19T16:28:24+00:00,2025-05-29T13:13:32+00:00,zef126,129.86,True
29482,matplotlib/matplotlib,[Bug]: 3D bar chart appears over axis when using zlim,topic: mplot3d;status: confirmed bug,open,2025-01-18T21:58:06+00:00,,,,
29480,matplotlib/matplotlib,[TST] Upcoming dependency test failures,,closed,2025-01-18T07:58:08+00:00,2025-01-21T05:45:49+00:00,QuLogic,2.91,False
29479,matplotlib/matplotlib,[TST] Upcoming dependency test failures,,closed,2025-01-18T06:13:16+00:00,2025-01-21T06:03:19+00:00,QuLogic,2.99,False
29475,matplotlib/matplotlib,[Doc]: interactive rebase instructions outdated?,Documentation,closed,2025-01-16T11:28:24+00:00,2026-01-17T23:27:00+00:00,timhoffm,366.5,False
29474,matplotlib/matplotlib,[ENH]: Show parameter names in error message for mismatched array sizes in bar(),New feature;🌱 Good first issue,closed,2025-01-15T11:46:29+00:00,2025-01-31T12:25:11+00:00,tacaswell,16.03,False
29472,matplotlib/matplotlib,[Bug]: fig.savefig broken with Python 3.13.0?,,closed,2025-01-14T21:34:26+00:00,2025-06-30T23:33:39+00:00,QuLogic,167.08,False
29468,matplotlib/matplotlib,[MNT]: Unite property cycles for lines and patches,Maintenance,open,2025-01-13T09:16:37+00:00,,,,
29467,matplotlib/matplotlib,[Bug]: RectangleSelector Disappears and Becomes Difficult to Move in combination with Cursor Widget,,open,2025-01-13T04:33:50+00:00,,,,
29466,matplotlib/matplotlib,I figured it out... Sorry guys. Simply close this issue.,,closed,2025-01-12T13:55:44+00:00,2025-01-12T14:16:06+00:00,rcomer,0.01,False
29455,matplotlib/matplotlib,[Bug]: Type hints for ax argument in scale_factory does not allow None,,closed,2025-01-11T12:23:09+00:00,2025-12-13T11:24:08+00:00,timhoffm,335.96,False
29454,matplotlib/matplotlib,[Bug]: Type hints for where argument in ax.fill_between does not allow np.ndarrays,topic: typing,closed,2025-01-11T11:07:53+00:00,2025-12-13T11:25:50+00:00,timhoffm,336.01,False
29447,matplotlib/matplotlib,[Doc]: `subplot` behavior is not same as the doc reads in 3.10(stable),Documentation,closed,2025-01-10T03:00:48+00:00,2025-01-24T13:49:30+00:00,rcomer,14.45,False
29446,matplotlib/matplotlib,ENH: add entrys to legend explicitly,New feature;topic: legend,open,2025-01-09T20:36:00+00:00,,,,
29440,matplotlib/matplotlib,[Bug]: Disabling autoscaling after autoscaling plots,,open,2025-01-09T10:03:32+00:00,,,,
29439,matplotlib/matplotlib,[Bug]: np.nan in PolyCollection linewidths causes huge performance penalty,Performance,open,2025-01-09T09:54:06+00:00,,,,
29434,matplotlib/matplotlib,[Bug]: High memory usage in `Figure.savefig`,Documentation;Performance,open,2025-01-08T21:18:05+00:00,,,,
29430,matplotlib/matplotlib,[Bug]: Gridlines won't disappear in PDF readers,Community support,closed,2025-01-07T23:08:48+00:00,2025-01-12T03:54:25+00:00,vslokenb,4.2,True
29429,matplotlib/matplotlib,[ENH]: Giving artists optional ids,New feature,open,2025-01-07T22:53:02+00:00,,,,
29428,matplotlib/matplotlib,[Doc]: Multipage PDF: unclear which backend supports and which does not support attach_note(),Documentation,closed,2025-01-07T20:41:08+00:00,2025-01-11T08:49:59+00:00,rcomer,3.51,False
29426,matplotlib/matplotlib,[Bug]: Matplotlib Interactive window not showing in VSCode with mpl>=9.0.0,,closed,2025-01-07T15:13:47+00:00,2025-12-19T07:32:41+00:00,timhoffm,345.68,False
29425,matplotlib/matplotlib,[ENH]: Set list in marker parameter when plotting using matplotlib.pyplot.plot,Community support,closed,2025-01-07T14:25:13+00:00,2025-01-08T10:48:14+00:00,albavilanova,0.85,True
29422,matplotlib/matplotlib,[MNT]: Remove the label API from Artist,Maintenance,open,2025-01-07T09:03:22+00:00,,,,
29418,matplotlib/matplotlib,[Bug]: Having issues getting `Figure.legend` to work with constrained layout and `SubFigure`,Community support,closed,2025-01-07T01:26:23+00:00,2025-05-12T20:47:15+00:00,rcomer,125.81,False
29414,matplotlib/matplotlib,[ENH]: Compute ticks of log scaled axes a bit better?,New feature,closed,2025-01-06T18:52:37+00:00,2025-01-07T10:47:54+00:00,doronbehar,0.66,True
29410,matplotlib/matplotlib,[Bug]: Modifying Axes' position also alters the original Bbox object used for initialization,,closed,2025-01-06T08:07:47+00:00,2025-01-10T18:33:46+00:00,timhoffm,4.43,False
29403,matplotlib/matplotlib,"[Bug]: error in:  set_aspect(""equal"")",Community support,closed,2025-01-04T22:08:30+00:00,2025-01-04T23:49:56+00:00,jamesclarke22,0.07,True
29396,matplotlib/matplotlib,[Bug]: Style flag errors trying to save figures as PDF with font Inter,status: confirmed bug;Release critical;topic: text/fonts,closed,2025-01-03T03:38:40+00:00,2025-01-08T09:18:58+00:00,oscargus,5.24,False
29395,matplotlib/matplotlib,[Bug]: History frames still exists when using FuncAnimation in MacOS (M2 Silicon),status: needs clarification;Community support,closed,2025-01-02T15:25:31+00:00,2025-01-04T18:06:56+00:00,rcomer,2.11,False
29387,matplotlib/matplotlib,[MNT]: Fix 3.10 release notes and merge up,Maintenance,closed,2024-12-30T00:29:15+00:00,2025-01-09T20:22:23+00:00,story645,10.83,False
29385,matplotlib/matplotlib,[MNT]: new public method to help title positioning,New feature;topic: ticks axis labels;Maintenance,closed,2024-12-29T15:06:57+00:00,2026-03-15T17:21:34+00:00,rcomer,441.09,False
29384,matplotlib/matplotlib,[Bug]: `FuncAnimation` doesn't iterate all the way to the end of `frames`,status: needs clarification,closed,2024-12-29T04:39:46+00:00,2025-01-04T18:06:04+00:00,rcomer,6.56,False
29383,matplotlib/matplotlib,[Bug]: inset colorbar colours and frame misaligned,backend: pdf;topic: color/colorbar,open,2024-12-28T12:36:30+00:00,,,,
29381,matplotlib/matplotlib,[Bug]: title position incorrect for polar plot,status: confirmed bug;Release critical,closed,2024-12-27T16:01:10+00:00,2025-01-06T23:42:59+00:00,scottshambaugh,10.32,False
29380,matplotlib/matplotlib,[MNT]: deprecate auto hatch fallback to patch.edgecolor when edgecolor='None',Maintenance;topic: hatch,open,2024-12-25T00:19:58+00:00,,,,
29379,matplotlib/matplotlib,[Bug]: secondary_axis Fails with NaN Values from Partly Non-Invertable Function,status: won't or can't fix,closed,2024-12-23T20:01:22+00:00,2025-01-04T18:17:42+00:00,rcomer,11.93,False
29373,matplotlib/matplotlib,[Bug]: Poor rendering of Poly3DCollection with axlim clipping,topic: mplot3d,open,2024-12-22T20:54:53+00:00,,,,
29368,matplotlib/matplotlib,[Bug]: Wrong scaling of `NonUniformImage` with logarithmic axes,Community support,closed,2024-12-21T12:50:57+00:00,2024-12-31T10:09:07+00:00,david-zwicker,9.89,True
29359,matplotlib/matplotlib,[Doc]: stable docs link to dev,Documentation,closed,2024-12-20T18:08:49+00:00,2024-12-20T20:56:25+00:00,greglucas,0.12,False
29357,matplotlib/matplotlib,[Bug]: Incorrect rendering of Abugida fonts on Matplotlib visualization,topic: text,closed,2024-12-20T12:23:05+00:00,2026-04-10T19:35:43+00:00,QuLogic,476.3,False
29350,matplotlib/matplotlib,[Bug]: Matplotlib causes segmentation fault when hovering mouse over graph,,closed,2024-12-19T19:34:32+00:00,2025-01-06T16:12:29+00:00,greglucas,17.86,False
29349,matplotlib/matplotlib,[MNT]: Remove axis parameter from scales,Maintenance,closed,2024-12-19T15:08:14+00:00,2025-08-24T22:04:42+00:00,timhoffm,248.29,False
29339,matplotlib/matplotlib,[ENH]: Allow joining ContourSets,New feature,closed,2024-12-17T17:48:17+00:00,2024-12-17T19:36:52+00:00,stefanv,0.08,True
29337,matplotlib/matplotlib,KeyError: 'buttons' when plotting with matplotlib / ipympl backend in Jupyter Notebook within VSCode presumably due to typo,status: downstream fix required,closed,2024-12-17T16:49:00+00:00,2024-12-18T06:51:44+00:00,gnbl,0.59,True
29335,matplotlib/matplotlib,[ENH]: Indicating change of scale for symlog,Documentation,closed,2024-12-17T10:22:46+00:00,2024-12-21T07:03:55+00:00,timhoffm,3.86,False
29334,matplotlib/matplotlib,"[Bug]: Type annotation for `add_subplots` has incorrect return type for `projection=""3d""`",,closed,2024-12-17T08:44:13+00:00,2025-05-02T19:24:21+00:00,stefanv,136.44,False
29332,matplotlib/matplotlib,[ENH]: Typing: broaden acceptable floats,New feature;topic: typing,closed,2024-12-17T00:05:41+00:00,2025-12-19T07:38:24+00:00,timhoffm,367.31,False
29327,matplotlib/matplotlib,[TST] Upcoming dependency test failures,,closed,2024-12-16T18:26:39+00:00,2024-12-17T03:58:44+00:00,QuLogic,0.4,False
29319,matplotlib/matplotlib,[Bug]: Legend with location set to ‘best’ overlaps with the title when the titles is moved down,Documentation;Documentation: API,closed,2024-12-16T08:25:31+00:00,2025-12-16T12:11:14+00:00,rcomer,365.16,False
29318,matplotlib/matplotlib,`patches.Scatter()` and `patches.Plot()` should be added.,Community support,closed,2024-12-15T17:14:51+00:00,2024-12-17T13:41:34+00:00,timhoffm,1.85,False
29313,matplotlib/matplotlib,[DOC]: possible typos,,closed,2024-12-14T17:18:49+00:00,2024-12-18T22:33:07+00:00,timhoffm,4.22,False
29312,matplotlib/matplotlib,[Doc]: Link rendered incorrectly,Documentation,closed,2024-12-14T16:22:12+00:00,2024-12-14T19:20:59+00:00,timhoffm,0.12,False
29307,matplotlib/matplotlib,[TST] Upcoming dependency test failures,,closed,2024-12-14T06:09:07+00:00,2024-12-16T18:13:42+00:00,tacaswell,2.5,False
29305,matplotlib/matplotlib,[Doc]: Dead link in dev workflow docs,Documentation,closed,2024-12-14T02:05:18+00:00,2025-01-13T21:52:11+00:00,timhoffm,30.82,False
29301,matplotlib/matplotlib,[Bug]: Blank EPS output with legend and annotate,status: confirmed bug;backend: ps;topic: legend;topic: annotation,closed,2024-12-13T11:10:11+00:00,2024-12-16T08:41:38+00:00,timhoffm,2.9,False
29300,matplotlib/matplotlib,[Bug]: Background of rotated png is rendered black,,closed,2024-12-13T06:41:27+00:00,2025-07-24T09:49:01+00:00,anntzer,223.13,False
29298,matplotlib/matplotlib,"[Doc]: The link at ""see also"" is incorrect. (Axes.violin)",Documentation,closed,2024-12-13T02:31:42+00:00,2024-12-13T21:06:33+00:00,rcomer,0.77,False
29294,matplotlib/matplotlib,[Doc]: Style methods documented as part of matplotlib but not pyplot,Documentation;status: needs comment/discussion,open,2024-12-12T18:20:05+00:00,,,,
29293,matplotlib/matplotlib,[Bug]: missing icons,status: duplicate,closed,2024-12-12T10:44:29+00:00,2024-12-12T15:59:07+00:00,greglucas,0.22,False
29291,matplotlib/matplotlib,[Bug]: Calling a python script which imports matplotlib in C++ project shows ImportError,,closed,2024-12-12T07:28:56+00:00,2024-12-13T01:24:31+00:00,QuLogic,0.75,False
29284,matplotlib/matplotlib,[Bug]: `get_ticklabels`/`set_ticklabels` gives incorrect values in log plot,Community support,closed,2024-12-11T14:58:39+00:00,2025-01-06T00:14:48+00:00,scottshambaugh,25.39,False
29282,matplotlib/matplotlib,[Doc]: Improvements /sorting content for Quickstart Guide / Matplotlib Application Interfaces,Documentation,open,2024-12-11T13:52:21+00:00,,,,
29275,matplotlib/matplotlib,[Bug]: clip_on=False dosen't work,Community support,closed,2024-12-10T10:31:19+00:00,2024-12-19T15:18:20+00:00,timhoffm,9.2,False
29271,matplotlib/matplotlib,[Bug]: MatPlotLib crashes kernel,,closed,2024-12-09T21:03:24+00:00,2025-12-13T11:30:57+00:00,timhoffm,368.6,False
29263,matplotlib/matplotlib,[Bug]: mypy failures in CI,,closed,2024-12-09T11:30:57+00:00,2024-12-09T19:17:37+00:00,tacaswell,0.32,False
29261,matplotlib/matplotlib,[MNT]: Confusing edgecolor behavior for Patch and Collection,Maintenance,open,2024-12-08T23:44:21+00:00,,,,
29259,matplotlib/matplotlib,[Bug]: No module named pyplot,Community support,closed,2024-12-08T21:01:23+00:00,2024-12-09T15:54:06+00:00,tacaswell,0.79,False
29256,matplotlib/matplotlib,[Bug]: canvas.manager.set_window_title does not work to figure with `WebAgg` backend,status: confirmed bug;GUI: webagg;topic: backends,closed,2024-12-08T08:19:23+00:00,2025-01-07T09:05:24+00:00,timhoffm,30.03,False
29253,matplotlib/matplotlib,[Bug]: Numbers in words not italic,status: confirmed bug;topic: text/fonts;topic: text/mathtext,closed,2024-12-07T13:55:40+00:00,2026-04-10T19:37:37+00:00,QuLogic,489.24,False
29248,matplotlib/matplotlib,[Bug]: Figure.align_labels() confused by GridSpecFromSubplotSpec,,closed,2024-12-07T01:54:15+00:00,2024-12-12T00:59:27+00:00,QuLogic,4.96,False
29245,matplotlib/matplotlib,[Bug]: Annotation doesn't disappear when using FuncAnimation,Community support,closed,2024-12-06T16:48:57+00:00,2024-12-09T10:27:01+00:00,HJA24,2.73,True
29241,matplotlib/matplotlib,[Bug]: Instructions for setting up conda dev environment in environment.yml give issues with MacOS/zsh ,,closed,2024-12-06T11:00:15+00:00,2024-12-07T06:21:10+00:00,timhoffm,0.81,False
29237,matplotlib/matplotlib,[Doc]: Website _very_ slow,Documentation,closed,2024-12-05T18:17:33+00:00,2025-12-13T11:29:58+00:00,timhoffm,372.72,False
29234,matplotlib/matplotlib,TODO spotted: Separating xy2 and slope ,,open,2024-12-05T07:14:55+00:00,,,,
29233,matplotlib/matplotlib,[Bug]: xkcd mode broken on RC/dev,,closed,2024-12-05T05:10:28+00:00,2024-12-05T20:37:27+00:00,story645,0.64,False
29231,matplotlib/matplotlib,[Bug]: Cannot add a collection to 3d subplot,topic: mplot3d,closed,2024-12-04T23:49:40+00:00,2024-12-06T18:33:29+00:00,scottshambaugh,1.78,False
29229,matplotlib/matplotlib,[Bug]: Icons do not work with GTK,,closed,2024-12-04T21:13:20+00:00,2024-12-13T00:35:56+00:00,jklymak,8.14,False
29227,matplotlib/matplotlib,[Bug]: Introductory example on the pyplot API page does not show - missing plt.show(),Documentation,closed,2024-12-04T17:53:31+00:00,2024-12-06T18:02:12+00:00,scottshambaugh,2.01,False
29224,matplotlib/matplotlib,[Bug]: Matplotlib don't take into account savefig.pad_inches when plt.plot(... transform=fig.dpi_scale_trans),,open,2024-12-03T18:42:04+00:00,,,,
29223,matplotlib/matplotlib,[Bug]: Matplotlib does not consistently transform plotted elements with plt.xscale('log'),Community support,closed,2024-12-03T12:18:11+00:00,2024-12-03T15:26:15+00:00,jklymak,0.13,False
29219,matplotlib/matplotlib,[Bug]: Missing axes limits auto-scaling support for LineCollection,status: confirmed bug,closed,2024-12-02T19:38:32+00:00,2025-08-02T08:00:28+00:00,QuLogic,242.52,False
29218,matplotlib/matplotlib,[MNT]: test failures in codespaces,Maintenance,open,2024-12-02T11:27:35+00:00,,,,
29216,matplotlib/matplotlib,[Bug]: ,status: needs clarification,closed,2024-12-02T03:44:19+00:00,2024-12-03T00:29:34+00:00,QuLogic,0.86,False
29212,matplotlib/matplotlib,[Bug]: 3.9.3 release upload failed,,closed,2024-12-01T03:11:22+00:00,2024-12-01T11:52:59+00:00,QuLogic,0.36,False
29208,matplotlib/matplotlib,[Bug]: Distribution `matplotlib==3.9.3 @ registry+https://pypi.org/simple` can't be installed because it doesn't have a source distribution or wheel for the current platform,Community support,closed,2024-11-30T11:19:16+00:00,2024-11-30T19:48:04+00:00,hongbo-miao,0.35,True
29205,matplotlib/matplotlib,[Bug]: Strange saving behaviour using inset_axes,,closed,2024-11-29T15:08:17+00:00,2024-11-29T15:23:24+00:00,ibrajeem,0.01,True
29204,matplotlib/matplotlib,[Bug]: twiny in log scale can't set `tick_params(top=False)`,Community support,closed,2024-11-29T02:54:11+00:00,2024-11-29T16:27:08+00:00,timhoffm,0.56,False
29202,matplotlib/matplotlib,[Bug]: `fontsize` in tables not working,Difficulty: Easy;🌱 Good first issue;topic: table,closed,2024-11-28T09:57:58+00:00,2024-12-16T14:23:46+00:00,oscargus,18.18,False
29201,matplotlib/matplotlib,[Bug]: PyQt5 cannot plot with plot interval=20msec,status: needs clarification;GUI: Qt,closed,2024-11-28T05:48:44+00:00,2025-02-02T23:11:01+00:00,timhoffm,66.72,False
29198,matplotlib/matplotlib,[Bug]: matplotlib/tkinter: RuntimeError: main thread is not in main loop,,closed,2024-11-27T02:51:09+00:00,2025-02-02T23:25:44+00:00,jklymak,67.86,False
29193,matplotlib/matplotlib,[Bug]: Cannot install matplotlib on Windows 10 32-bit in Python 3.12,Community support,closed,2024-11-26T10:47:33+00:00,2024-11-26T16:48:35+00:00,timhoffm,0.25,False
29192,matplotlib/matplotlib,"[Bug]: Can't ""import matplotlib.pyplot as plt""",Community support,closed,2024-11-26T03:29:42+00:00,2024-11-30T04:45:54+00:00,QuLogic,4.05,False
29190,matplotlib/matplotlib,[Bug]: inconsistent ‘animation.FuncAnimation’ between display and save,status: upstream fix required,closed,2024-11-26T02:54:16+00:00,2024-12-05T22:52:20+00:00,timhoffm,9.83,False
29185,matplotlib/matplotlib,[MNT]: Python 3.14: multiple RecursionErrors when running tests ,status: duplicate;Maintenance,closed,2024-11-25T10:51:29+00:00,2024-11-25T15:23:05+00:00,tacaswell,0.19,False
29183,matplotlib/matplotlib,[Bug]: I give an RGB image to imsave but I don't have the right color map!,status: confirmed bug;Difficulty: Easy;🌱 Good first issue,closed,2024-11-24T23:04:57+00:00,2025-05-07T05:31:57+00:00,timhoffm,163.27,False
29181,matplotlib/matplotlib,[Doc]: locally testing changes,Documentation;Documentation: devdocs,closed,2024-11-24T10:51:40+00:00,2024-11-27T16:29:29+00:00,timhoffm,3.23,False
29179,matplotlib/matplotlib,[Bug]: Incorrect pcolormesh when shading='nearest' and only the mesh data C is provided.,status: confirmed bug;🌱 Good first issue,closed,2024-11-23T07:31:33+00:00,2024-11-30T19:12:33+00:00,rcomer,7.49,False
29173,matplotlib/matplotlib,[Bug]:  Font fallback issue with CJK characters in text containing math formulas,status: confirmed bug,open,2024-11-22T12:29:38+00:00,,,,
29162,matplotlib/matplotlib,[ENH]: Event to notify non-motion after a specific amount of time,New feature;status: duplicate,closed,2024-11-20T11:54:58+00:00,2024-11-21T15:20:06+00:00,tacaswell,1.14,False
29160,matplotlib/matplotlib,[Bug]: ConciseDateFormatter doesn't handle DST changes correctly,topic: date handling,open,2024-11-20T05:27:42+00:00,,,,
29158,matplotlib/matplotlib,[ENH]: ConnectionPatch support for 2d->3D axes,New feature;topic: mplot3d;topic: annotation,open,2024-11-19T23:04:34+00:00,,,,
29157,matplotlib/matplotlib,FUTURE BUG: reconsider how we deep-copy path objects,Difficulty: Hard,closed,2024-11-19T20:55:21+00:00,2025-06-26T02:40:43+00:00,tacaswell,218.24,False
29156,matplotlib/matplotlib,[Bug]: Poly3DCollection initialization cannot properly handle parameter verts when it is a list of nested tuples and shade is False ,topic: mplot3d;Difficulty: Easy;🌱 Good first issue,closed,2024-11-19T01:39:06+00:00,2024-12-12T00:11:32+00:00,scottshambaugh,22.94,False
29151,matplotlib/matplotlib,[Bug]: plt.bar do not display histogram value,Community support,closed,2024-11-16T20:36:39+00:00,2024-11-17T01:08:52+00:00,jklymak,0.19,False
29146,matplotlib/matplotlib,[MNT]: Add Type Checking to Avoid AttributeError in Functions Handling Units,status: needs clarification;Maintenance,closed,2024-11-15T21:18:07+00:00,2025-01-04T18:08:47+00:00,rcomer,49.87,False
29142,matplotlib/matplotlib,[MNT]: Draggable legend gets stuck on cursor after scroll event,status: confirmed bug;status: has patch,closed,2024-11-14T16:58:20+00:00,2025-04-02T18:31:12+00:00,timhoffm,139.06,False
29141,matplotlib/matplotlib,[MNT]: Colormap refactoring,topic: color/color & colormaps;Maintenance,open,2024-11-14T14:53:03+00:00,,,,
29139,matplotlib/matplotlib,"[Bug]: Qt, opencv, matplotlib interaction -> matplotlib figure, ax trigger error, causes SIGABRT without error trace.",,closed,2024-11-14T12:20:53+00:00,2024-11-14T15:51:35+00:00,tacaswell,0.15,False
29131,matplotlib/matplotlib,[Bug]: Automated test failing,status: duplicate,closed,2024-11-13T01:57:33+00:00,2024-11-13T02:20:17+00:00,QuLogic,0.02,False
29126,matplotlib/matplotlib,[Bug]: TkAgg backend is broken with tcl/tk 9.0,,closed,2024-11-12T13:52:50+00:00,2024-11-15T20:10:21+00:00,jklymak,3.26,False
29119,matplotlib/matplotlib,"[Bug]: Intermittent failure on GitHub Windows runner: `_tkinter.TclError: invalid command name ""tcl_findLibrary""`",,closed,2024-11-11T11:03:08+00:00,2024-11-12T08:59:34+00:00,DanielYang59,0.91,True
29103,matplotlib/matplotlib,[ENH]: AutoMinorLocator should support unevenly spaced ticks,New feature,open,2024-11-08T20:18:00+00:00,,,,
29101,matplotlib/matplotlib,[Doc]: ax.scatter `alpha` also supports an array-like of floats,Documentation,closed,2024-11-08T08:43:24+00:00,2024-12-14T02:45:14+00:00,QuLogic,35.75,False
29090,matplotlib/matplotlib,[MNT]: More consistent color parameters for bar(),Maintenance,closed,2024-11-05T22:53:22+00:00,2024-11-30T19:49:20+00:00,rcomer,24.87,False
29082,matplotlib/matplotlib,[Bug]: plt.imshow raises KeyError: 'changed'  in a multiprocessing setup,Community support,closed,2024-11-05T17:28:01+00:00,2024-11-06T14:45:19+00:00,Alex17Li,0.89,True
29076,matplotlib/matplotlib,[Bug]: Calling start() multiple times on a macos timer doesn't stop the previous timer,GUI: MacOSX,closed,2024-11-05T16:11:01+00:00,2026-07-24T03:16:20+00:00,greglucas,625.46,False
29072,matplotlib/matplotlib,[Bug]: bar chart with variable fill not working,,closed,2024-11-04T22:48:37+00:00,2024-11-05T22:59:36+00:00,timhoffm,1.01,False
29067,matplotlib/matplotlib,[Bug]: `secondary_xaxis` produces ticks at incorrect locations,Documentation: tutorials,closed,2024-11-04T14:34:54+00:00,2024-11-21T08:56:40+00:00,timhoffm,16.77,False
29063,matplotlib/matplotlib,[MNT]: Add a default `markevery` for lines in rcParams,status: duplicate;Maintenance,closed,2024-11-03T00:28:59+00:00,2024-11-03T02:20:34+00:00,jklymak,0.08,False
29060,matplotlib/matplotlib,[Bug]: Multiple 3D objects are not rendered correctly,topic: mplot3d;Community support,closed,2024-11-01T08:50:23+00:00,2024-11-01T18:58:58+00:00,scottshambaugh,0.42,False
29056,matplotlib/matplotlib,Sort out why the Qt editor widget needs to reset the unit states,topic: units and array ducktypes,open,2024-10-31T20:41:36+00:00,,,,
29050,matplotlib/matplotlib,"[Bug]: LogFormatter(minor_thresholds=...) should count actually drawn ticks, not number of decades spanned by axes",topic: ticks axis labels,closed,2024-10-31T10:58:43+00:00,2024-12-19T03:34:04+00:00,QuLogic,48.69,False
29049,matplotlib/matplotlib,[Bug]: matplotlib.axes.Axes.bar_label covered axis text.,status: duplicate,closed,2024-10-31T10:27:44+00:00,2024-10-31T19:42:41+00:00,QuLogic,0.39,False
29047,matplotlib/matplotlib,[ENH]: Registering custom markers,New feature,closed,2024-10-31T01:01:10+00:00,2025-12-13T11:32:45+00:00,timhoffm,408.44,False
29045,matplotlib/matplotlib,[ENH]: implement back/forward buttons on mouse move events on macOS,New feature,closed,2024-10-30T19:57:45+00:00,2024-11-07T16:04:29+00:00,greglucas,7.84,False
29043,matplotlib/matplotlib,[Bug]: Script never returns when using `qt6-main >=6.8`,,closed,2024-10-30T18:27:24+00:00,2024-11-06T08:58:14+00:00,trexfeathers,6.6,True
29042,matplotlib/matplotlib,"[Bug]: colors.LinearSegmentedColormap.from_list fails when using a (""<color>"", alpha) tuple",,closed,2024-10-29T23:24:11+00:00,2025-02-01T06:58:59+00:00,timhoffm,94.32,False
29040,matplotlib/matplotlib,[Bug]: Interactively switching plot to logit scale with some values out of range crashes UI and erases plot,,open,2024-10-29T17:12:51+00:00,,,,
29029,matplotlib/matplotlib,Timer + long-running callback expectations,GUI: Qt;GUI: wx;GUI: gtk;GUI: MacOSX;GUI: tk;GUI: nbagg;GUI: webagg,open,2024-10-28T17:08:06+00:00,,,,
29026,matplotlib/matplotlib,[ENH]: Polar Plots. YTicks. Allow placement also on the left side (for negative values),Community support,closed,2024-10-27T14:40:42+00:00,2024-10-27T20:01:17+00:00,A-Infor,0.22,True
29025,matplotlib/matplotlib,[ENH]:  Add markevery rcParam,New feature;topic: rcparams,open,2024-10-25T23:54:01+00:00,,,,
29020,matplotlib/matplotlib,AIX internal CI build break #Matplotlib,,closed,2024-10-25T04:45:35+00:00,2024-10-29T20:58:48+00:00,greglucas,4.68,False
29011,matplotlib/matplotlib,[Bug]: Figure.autofmt_xdate() not working in presence of colorbar with constrained layout,,closed,2024-10-23T12:15:38+00:00,2024-10-29T21:03:42+00:00,greglucas,6.37,False
29008,matplotlib/matplotlib,[Bug]: intersphinx on meson-python is broken,Documentation: build,closed,2024-10-22T08:56:12+00:00,2024-10-22T09:34:41+00:00,timhoffm,0.03,False
29004,matplotlib/matplotlib,Decide how to document SecondaryAxes,Documentation;Documentation: API,open,2024-10-21T18:05:04+00:00,,,,
29003,matplotlib/matplotlib,"I keep getting these Axes errors and I don't know why. ""Cannot attribute 'add_collection3d' for class 'Axes' Attribute 'add_collection3d' is unknown""",status: duplicate;Community support,closed,2024-10-21T06:12:33+00:00,2024-10-21T08:00:00+00:00,timhoffm,0.07,False
29002,matplotlib/matplotlib,[Bug]: `cmap` mutating inputs,status: downstream fix required,closed,2024-10-21T03:32:58+00:00,2024-10-21T14:35:30+00:00,jklymak,0.46,False
28995,matplotlib/matplotlib,[Bug]: The Z-axis of 3D figures cannot be visualized properly.,topic: mplot3d;status: duplicate;Community support,closed,2024-10-20T06:13:00+00:00,2024-11-01T19:00:28+00:00,scottshambaugh,12.53,False
28994,matplotlib/matplotlib,[Bug]: Figure Number Gives Type Error,topic: typing,closed,2024-10-19T20:02:17+00:00,2024-10-23T19:23:09+00:00,greglucas,3.97,False
28991,matplotlib/matplotlib,[Bug]: matplotlib (kiwisolver) interference with other package,,closed,2024-10-18T13:37:32+00:00,2024-10-22T07:36:48+00:00,QuLogic,3.75,False
28990,matplotlib/matplotlib,[Bug]: no longer able to set multiple hatch colors,status: confirmed bug,closed,2024-10-17T22:21:16+00:00,2024-10-21T21:09:46+00:00,ksunden,3.95,False
28985,matplotlib/matplotlib,[ENH]: Cannot disable coordinate display in ToolManager/Toolbar (it's doable in NavigationToolbar2),New feature;MEP: MEP22,closed,2024-10-16T15:57:26+00:00,2024-10-23T16:01:18+00:00,tacaswell,7.0,False
28983,matplotlib/matplotlib,[Doc]: outdated links for violin/boxplot,Documentation,closed,2024-10-16T12:50:26+00:00,2025-12-30T18:46:28+00:00,timhoffm,440.25,False
28980,matplotlib/matplotlib,[Bug]: matplotlib plotly style reload library not working with Python3.11,,open,2024-10-15T20:17:48+00:00,,,,
28979,matplotlib/matplotlib,[Bug]: Plots do not appear when debugging in `matplotlib >= 3.9`.,status: duplicate,closed,2024-10-15T18:38:00+00:00,2024-10-17T09:52:41+00:00,ianthomas23,1.64,False
28977,matplotlib/matplotlib,[Bug]: typing.get_type_hints fails for multiple pyplot plotting functions,topic: typing,closed,2024-10-15T18:00:27+00:00,2025-12-13T11:36:41+00:00,timhoffm,423.73,False
28973,matplotlib/matplotlib,[Error]: Unable to change offset to regular counting method,topic: ticks axis labels,closed,2024-10-12T07:10:07+00:00,2025-12-13T11:38:26+00:00,timhoffm,427.19,False
28969,matplotlib/matplotlib,Unexpected behavior of `add_patch` with points around zero and large `linewidth`,,closed,2024-10-11T13:05:21+00:00,2024-10-11T15:36:58+00:00,jklymak,0.11,False
28962,matplotlib/matplotlib,[Bug]: gtk4 backend does not set guiEvent attribute,GUI: gtk,closed,2024-10-10T13:38:32+00:00,2024-10-16T08:25:10+00:00,QuLogic,5.78,False
28961,matplotlib/matplotlib,[MNT]: Defining bins in a graph takes way too long ,Maintenance,closed,2024-10-10T13:38:08+00:00,2024-10-10T14:15:50+00:00,Chuck321123,0.03,True
28960,matplotlib/matplotlib,[Bug]: High CPU utilization of the macosx backend,status: confirmed bug;GUI: MacOSX,closed,2024-10-09T21:31:04+00:00,2024-10-30T20:05:33+00:00,tacaswell,20.94,False
28959,matplotlib/matplotlib,"[Bug]: Broken functionality: Qt5/PySide2, using interactive mode, fig.canvas.draw() then fig.canvas.flush_events() leaves plot in non-interactive state.",GUI: Qt;status: duplicate,closed,2024-10-09T18:37:36+00:00,2024-10-18T01:29:24+00:00,tacaswell,8.29,False
28958,matplotlib/matplotlib,[Bug]: Changing the color of points in a 3-dimensional graph when changing the viewing angle,Community support,closed,2024-10-09T17:50:11+00:00,2024-10-10T21:46:44+00:00,jklymak,1.16,False
28957,matplotlib/matplotlib,[Bug]: Possible defect in backend selection with Python 3.13 on Windows,,closed,2024-10-09T14:37:24+00:00,2024-10-10T05:27:50+00:00,neutrinoceros,0.62,False
28956,matplotlib/matplotlib,[Bug]: Incorrect Y limits,Community support,closed,2024-10-09T06:42:46+00:00,2024-10-10T05:24:58+00:00,savitha-suresh,0.95,True
28955,matplotlib/matplotlib,[ENH]: Ability to get a gridspec from a figure after it is added.,New feature,open,2024-10-08T22:47:25+00:00,,,,
28951,matplotlib/matplotlib,[ENH]: Better positioning of rotated tick labels,New feature,closed,2024-10-07T20:38:28+00:00,2025-01-31T12:48:34+00:00,tacaswell,115.67,False
28944,matplotlib/matplotlib,[Bug]: calling title before making polar plot,Documentation;Community support,closed,2024-10-07T10:59:43+00:00,2024-10-29T21:10:12+00:00,greglucas,22.42,False
28941,matplotlib/matplotlib,[Bug]: unexplicit error message when using `matplotlib.colors.rgb_to_hsv()` with wrong input,status: confirmed bug;topic: color/color & colormaps,closed,2024-10-04T16:49:47+00:00,2024-10-10T08:07:46+00:00,oscargus,5.64,False
28931,matplotlib/matplotlib,[Bug]: plt.savefig incorrectly discarded z-axis label when saving Line3D/Bar3D/Surf3D images using bbox_inches='tight',status: duplicate,closed,2024-10-03T11:05:30+00:00,2024-10-03T14:17:36+00:00,rcomer,0.13,False
28929,matplotlib/matplotlib,"[MNT]: Clarify whether the values of an AxesImage are known as ""data"" or as ""array""",API: consistency;Maintenance,open,2024-10-03T09:36:23+00:00,,,,
28928,matplotlib/matplotlib,[ENH]: Is there a way to plot a long format data in matplotlib without pivoting the table ? ,New feature,closed,2024-10-03T07:40:28+00:00,2024-10-03T12:40:19+00:00,jklymak,0.21,False
28927,matplotlib/matplotlib,[Bug]: Enforce that Line data modifications are sequences,,closed,2024-10-03T04:52:52+00:00,2024-10-07T11:36:16+00:00,rcomer,4.28,False
28922,matplotlib/matplotlib,[Bug]: Title of middle subplot does not auto-wrap like subplots on edge,,closed,2024-10-02T16:07:43+00:00,2024-10-02T16:25:51+00:00,timhoffm,0.01,False
28921,matplotlib/matplotlib,[ENH]: support `pgf.rcfonts: False` option for non-pgf backend,New feature;status: duplicate;topic: text/usetex,closed,2024-10-02T11:54:38+00:00,2024-10-02T19:46:10+00:00,anntzer,0.33,False
28920,matplotlib/matplotlib,[Doc]: Suppress missing references through a ! prefix instead of missing_references extension.,Documentation;mentored: sprint,closed,2024-10-01T21:03:20+00:00,2025-12-08T14:37:47+00:00,timhoffm,432.73,False
28917,matplotlib/matplotlib,[Bug]: Inconsistent behavior of the supported dtype of linedwith argument for the errorbar function,API: consistency,closed,2024-10-01T17:08:48+00:00,2024-10-01T20:41:30+00:00,Vinvin202020,0.15,True
28915,matplotlib/matplotlib,[Doc]: Preferred way of specifying colormaps via `cmap`,Documentation,closed,2024-10-01T09:00:16+00:00,2025-01-15T04:41:19+00:00,QuLogic,105.82,False
28912,matplotlib/matplotlib,Axes3D cannot be accessed,status: needs clarification,closed,2024-10-01T03:15:41+00:00,2024-10-02T07:03:56+00:00,MrCherub,1.16,True
28909,matplotlib/matplotlib,[Bug]: ax.set_yticklabels(list) skips first item of argument list.,Community support,closed,2024-09-30T16:34:48+00:00,2024-09-30T17:17:03+00:00,timhoffm,0.03,False
28908,matplotlib/matplotlib,[Bug]: Possible performance issue with _LazyTickList,Performance,closed,2024-09-30T15:58:33+00:00,2024-10-01T06:32:47+00:00,anntzer,0.61,False
28907,matplotlib/matplotlib,[Bug]: completely freezes,status: needs clarification,closed,2024-09-29T14:50:21+00:00,2024-10-30T01:16:24+00:00,name-used,30.43,True
28901,matplotlib/matplotlib,[Bug]: OverflowError: int too big to convert ,status: duplicate,closed,2024-09-27T22:29:39+00:00,2024-09-28T12:13:34+00:00,tacaswell,0.57,False
28898,matplotlib/matplotlib,[Bug]: Matplotlib font error for negative data,topic: text/usetex;topic: text/fonts,closed,2024-09-27T07:54:07+00:00,2024-09-27T14:28:45+00:00,anntzer,0.27,False
28894,matplotlib/matplotlib,"[Bug]: Padding at the edges of `GridSpecFromSubplotSpec` is double counted with `layout=""constrained""`",,open,2024-09-26T17:09:48+00:00,,,,
28893,matplotlib/matplotlib,[Bug]: Lines between points are invisible when there are more than 7 subfigures per row,,closed,2024-09-26T16:12:39+00:00,2024-10-02T18:10:56+00:00,vealocia,6.08,True
28892,matplotlib/matplotlib,"[Doc]: Be more specific on dependencies that need to be installed for a ""reasonable"" dev environment",Documentation,closed,2024-09-26T15:34:15+00:00,2024-09-27T16:53:29+00:00,timhoffm,1.06,False
28891,matplotlib/matplotlib,"[Bug]: `GridSpecFromSubplotSpec` displayed incorrectly with `layout=""constrained""`",,open,2024-09-26T01:08:57+00:00,,,,
28889,matplotlib/matplotlib,[Doc]: Reintroduce glossary for matplotlib terms and concepts,Documentation,closed,2024-09-25T23:26:16+00:00,2025-11-26T16:34:53+00:00,timhoffm,426.71,False
28885,matplotlib/matplotlib,[Bug]: Strange errorbar caps when polar axes have non-default theta direction or theta zero location,status: confirmed bug;topic: polar,closed,2024-09-25T13:23:30+00:00,2024-10-18T18:13:04+00:00,ksunden,23.2,False
28884,matplotlib/matplotlib,[ENH]: Expand `hist()` signature to support aliases and plural kwargs,New feature,closed,2024-09-25T09:29:51+00:00,2025-02-14T07:40:45+00:00,QuLogic,141.92,False
28878,matplotlib/matplotlib,[Bug]: secondary_axis and log scale behaviour,Community support,closed,2024-09-24T16:33:49+00:00,2024-09-25T16:57:06+00:00,subsurfaceiodev,1.02,True
28876,matplotlib/matplotlib,[Bug]: mutation_aspect for FancyBboxPatch does wrong scaling,status: needs clarification,closed,2024-09-24T16:06:47+00:00,2024-10-07T12:04:24+00:00,timhoffm,12.83,False
28873,matplotlib/matplotlib,[Bug]: hist()'s doc for edgecolors/facecolors does not match behavior (which is itself not very consistent),Documentation;Release critical;API: consistency,closed,2024-09-24T07:23:48+00:00,2024-09-25T09:31:11+00:00,timhoffm,1.09,False
28872,matplotlib/matplotlib,[Bug]: Why is there an offset between grey bars and width of arrows in upper limits (reproducible data and code provided),status: needs clarification;status: needs revision,closed,2024-09-24T07:03:15+00:00,2024-09-24T13:48:56+00:00,jklymak,0.28,False
28870,matplotlib/matplotlib,[Bug]: axline doesn't work with some axes scales,status: confirmed bug;status: has patch,closed,2024-09-24T04:52:13+00:00,2024-10-17T19:04:16+00:00,ksunden,23.59,False
28867,matplotlib/matplotlib,"[Bug]: Why is there an offset between grey bars and width of arrows in upper limits using geometric mean (Original post , reproducible code and data added)",status: needs clarification,closed,2024-09-23T11:28:12+00:00,2024-09-23T14:53:39+00:00,jklymak,0.14,False
28866,matplotlib/matplotlib,Possible memory leak in pybind11 migration,Release critical,closed,2024-09-23T09:31:58+00:00,2024-10-09T19:12:23+00:00,ksunden,16.4,False
28865,matplotlib/matplotlib,[Bug]: Matplotlib clabels too close to the boundary,,open,2024-09-23T08:12:40+00:00,,,,
28864,matplotlib/matplotlib,[Bug]: Unable to suppress minor ticks in loglog plot with constrained layout,,closed,2024-09-22T21:33:01+00:00,2024-09-23T03:50:58+00:00,jsdodge,0.26,True
28860,matplotlib/matplotlib,[ENH]: Add Independent xlabelpad and ylabelpad Options to rcParams,New feature,open,2024-09-21T18:47:02+00:00,,,,
28855,matplotlib/matplotlib,[Bug]: Using an ipython config of `InteractiveShellApp.matplotlib='inline'` fails on macos for `matplotlib>3.9.0`,OS: Apple;status: downstream fix required;third-party integration: jupyter,closed,2024-09-20T19:03:55+00:00,2025-07-25T18:26:51+00:00,tacaswell,307.97,False
28854,matplotlib/matplotlib,[Bug]: Inconsistency as to whether Line2D.get_data() preserves types of input sequences,API: consistency,open,2024-09-20T16:30:31+00:00,,,,
28851,matplotlib/matplotlib,[MNT]: Define Axes.clear semantics,Maintenance,open,2024-09-20T08:29:51+00:00,,,,
28847,matplotlib/matplotlib,[Bug]: Titles for subplots between other subplots are not wrapped,Community support,closed,2024-09-19T18:08:20+00:00,2024-09-19T19:43:23+00:00,DUOLabs333,0.07,True
28846,matplotlib/matplotlib,[Bug]: Axes.cla() resets axis label position of twin axes,topic: ticks axis labels,closed,2024-09-19T16:32:08+00:00,2026-03-26T20:56:20+00:00,timhoffm,553.18,False
28835,matplotlib/matplotlib,[Bug]: Matplotlib issue with mosaic and colorbars,,open,2024-09-18T20:18:34+00:00,,,,
28834,matplotlib/matplotlib,[MNT]: Should we add priority tags to issues / features,Maintenance,open,2024-09-18T14:08:59+00:00,,,,
28833,matplotlib/matplotlib,[MNT]: Data size consistency checks in _CollectionsWithSizes,Difficulty: Hard;Maintenance,open,2024-09-18T09:04:25+00:00,,,,
28832,matplotlib/matplotlib,[Doc]: https://matplotlib.org/stable/,Documentation,closed,2024-09-17T15:03:38+00:00,2024-09-17T15:48:10+00:00,Ovidius-01,0.03,True
28827,matplotlib/matplotlib,[Bug]: FontProperties objects are not deleted when using fig.savefig,status: confirmed bug,closed,2024-09-16T12:01:52+00:00,2025-10-21T21:24:16+00:00,timhoffm,400.39,False
28817,matplotlib/matplotlib,[Bug]: `~/.config/matplotlib` is never used because `~/.config` is a symlink,,closed,2024-09-13T21:46:33+00:00,2024-09-16T18:39:30+00:00,tacaswell,2.87,False
28816,matplotlib/matplotlib,[MNT]: Refactor data limit handling,Maintenance,open,2024-09-13T12:49:04+00:00,,,,
28813,matplotlib/matplotlib,[Bug]: pip install matplotlib fails,,closed,2024-09-12T23:56:20+00:00,2024-09-13T21:43:37+00:00,tacaswell,0.91,False
28809,matplotlib/matplotlib,[ENH]: Support avif as output format,New feature;status: upstream fix required;🌱 Good first issue,closed,2024-09-12T14:05:53+00:00,2025-07-30T20:41:28+00:00,QuLogic,321.27,False
28804,matplotlib/matplotlib,[MNT]: Broken compatibility with numpy 2.1.*,Maintenance,closed,2024-09-12T02:54:36+00:00,2024-09-12T05:29:43+00:00,ksunden,0.11,False
28800,matplotlib/matplotlib,"[ENH]: AxLine xy1/xy2 setters should take xy as single parameters, (possibly) not separate ones",New feature;API: consistency;API: changes,closed,2024-09-11T09:28:24+00:00,2024-10-04T07:25:31+00:00,QuLogic,22.91,False
28799,matplotlib/matplotlib,[ENH]: Set 'rotation' to clabel,New feature;Community support,closed,2024-09-11T06:52:14+00:00,2024-09-11T14:45:42+00:00,auroralin0408,0.33,True
28794,matplotlib/matplotlib,[Doc]: Frame grabbing docs outdated?,Documentation,closed,2024-09-09T13:34:51+00:00,2024-09-12T09:29:50+00:00,QuLogic,2.83,False
28793,matplotlib/matplotlib,`patheffects.SimpleLineShadow` calling non-existent `get_foreground` method from GraphicsContextBase,status: confirmed bug,closed,2024-09-08T21:58:07+00:00,2026-02-06T21:31:22+00:00,tacaswell,515.98,False
28782,matplotlib/matplotlib,[Bug]: String `contour(colors)` gives confusing error when `extend` used,status: confirmed bug,closed,2024-09-05T06:22:05+00:00,2024-09-14T09:41:05+00:00,QuLogic,9.14,False
28780,matplotlib/matplotlib,Doc build fails with numpy>=2.1.0,Maintenance;Documentation: build,closed,2024-09-03T17:55:07+00:00,2025-02-14T00:20:14+00:00,story645,163.27,False
28778,matplotlib/matplotlib,Set the transparency of lines or scatter points through the .mplstyle file,New feature;topic: rcparams,closed,2024-09-03T07:46:15+00:00,2025-02-10T22:35:19+00:00,timhoffm,160.62,False
28774,matplotlib/matplotlib,"[Bug]: matplotlib.ticker.LogLocator.tick_values(vmin, vmax) returns values outside of specified range",,closed,2024-09-01T20:33:30+00:00,2024-09-02T18:40:16+00:00,jklymak,0.92,False
28773,matplotlib/matplotlib,[ENH]: Improvement of Animation for wxagg,New feature,closed,2024-08-31T16:45:51+00:00,2024-09-06T17:18:58+00:00,komoto48g,6.02,True
28772,matplotlib/matplotlib,[Bug]: `axes.get_tick_params()` does not return `labelbottom` or `labeltop`,status: confirmed bug;status: duplicate;🌱 Good first issue;topic: ticks axis labels,closed,2024-08-31T06:22:14+00:00,2024-09-12T12:41:35+00:00,rcomer,12.26,False
28770,matplotlib/matplotlib,[ENH]: Plot recipes for custom types,New feature,open,2024-08-30T11:56:55+00:00,,,,
28769,matplotlib/matplotlib,[Bug]: Gouraud shading for `plt.tripcolor` is slightly off,status: confirmed bug;Difficulty: Hard;topic: tri,open,2024-08-30T06:04:52+00:00,,,,
28768,matplotlib/matplotlib,[Bug]: Axes divider not working when running API doc example,status: duplicate,closed,2024-08-30T02:23:07+00:00,2024-08-30T02:56:17+00:00,QuLogic,0.02,False
28766,matplotlib/matplotlib,[Bug]: Alignment of minus sign when using LaTeX,topic: text/usetex,closed,2024-08-29T14:27:18+00:00,2026-03-04T20:56:57+00:00,anntzer,552.27,False
28763,matplotlib/matplotlib,[MNT]: ListedColormap inconsistencies,API: consistency;topic: color/color & colormaps;Maintenance;Documentation: API,closed,2024-08-29T09:04:27+00:00,2025-01-13T18:30:08+00:00,timhoffm,137.39,False
28762,matplotlib/matplotlib,[Bug]: Unable to generate a simple plot when compiled with Intel,,closed,2024-08-28T14:25:06+00:00,2024-12-10T16:43:14+00:00,tacaswell,104.1,False
28761,matplotlib/matplotlib,[Bug]: fails with pyQt5==5.15.11,status: upstream fix required;GUI: Qt,closed,2024-08-28T08:12:05+00:00,2024-08-28T18:12:27+00:00,tacaswell,0.42,False
28759,matplotlib/matplotlib,"[Bug]: `colors.is_color_like` accepts ""0"" and ""1"" as valid colors",,closed,2024-08-27T17:13:44+00:00,2024-08-27T17:27:51+00:00,tacaswell,0.01,False
28758,matplotlib/matplotlib,[ENH]: Specifying figure size based on width and ratio/aspect,New feature;topic: figures and subfigures,closed,2024-08-27T08:27:01+00:00,2026-03-26T22:06:14+00:00,timhoffm,576.57,False
28750,matplotlib/matplotlib,Followup documentation for petroff color sequence,Documentation;Difficulty: Medium;🌱 Good first issue,closed,2024-08-22T15:14:09+00:00,2025-05-18T15:45:11+00:00,rcomer,269.02,False
28745,matplotlib/matplotlib,[MNT]: document linestyle as an mpltype,Documentation;Maintenance;Documentation: API,open,2024-08-22T04:06:15+00:00,,,,
28742,matplotlib/matplotlib,[MNT]: new build thinks it's installing 3.4.0.dev,Maintenance,closed,2024-08-21T10:52:26+00:00,2024-08-21T18:11:37+00:00,rcomer,0.3,False
28731,matplotlib/matplotlib,[Bug]: Plotting numpy.array of dtype float32 with pyplot.imshow and specified colors.LogNorm produces wrong colors,,closed,2024-08-15T16:59:21+00:00,2024-08-15T19:44:52+00:00,jklymak,0.11,False
28729,matplotlib/matplotlib,[Bug]: `Invalid vmax or vmin` for colormap with LogNorm scaling using vmin+vmax,Community support,closed,2024-08-15T14:28:53+00:00,2024-08-16T00:05:18+00:00,timhoffm,0.4,False
28726,matplotlib/matplotlib,feature request: support passing DataFrames to table.table,New feature;topic: table,closed,2024-08-15T08:41:06+00:00,2024-10-29T10:01:03+00:00,timhoffm,75.06,False
28723,matplotlib/matplotlib,[ENH]: Choose which axis aspect ratio is set by,New feature;status: needs clarification,closed,2024-08-14T21:58:04+00:00,2025-01-02T19:16:26+00:00,jklymak,140.89,False
28722,matplotlib/matplotlib,"[Doc]: document ""out-of-the-box"" interactivity",Documentation,open,2024-08-14T17:54:56+00:00,,,,
28721,matplotlib/matplotlib,[Doc]: Even on https://matplotlib.org/stable/: This is documentation for an unstable development version.,Documentation,closed,2024-08-14T16:38:11+00:00,2024-08-15T01:25:00+00:00,tacaswell,0.37,False
28719,matplotlib/matplotlib,[Bug]: Colorbar not displaying correctly with pcolormesh and polar projection in Matplotlib 3.7.0,,closed,2024-08-14T08:37:13+00:00,2024-08-14T14:41:01+00:00,Devanshi-Bavaria,0.25,True
28717,matplotlib/matplotlib,[Bug]: Annotation clip path / box regression in 3.9,topic: annotation,open,2024-08-13T14:51:45+00:00,,,,
28716,matplotlib/matplotlib,"Size hint method in Qt backend should be named `minimumSizeHint`, not `minumumSizeHint`",🌱 Good first issue,closed,2024-08-13T13:21:29+00:00,2024-08-16T05:31:33+00:00,QuLogic,2.67,False
28715,matplotlib/matplotlib,[Bug]: CI doc builds fail since a couple of days,,closed,2024-08-13T08:02:34+00:00,2024-08-14T09:14:16+00:00,timhoffm,1.05,False
28712,matplotlib/matplotlib,[Bug]: Cygwin builds are broken,status: upstream fix required,open,2024-08-13T06:47:50+00:00,,,,
28708,matplotlib/matplotlib,[ENH]: Possible improvements for out-of-the-box interactivity,New feature,open,2024-08-12T13:01:12+00:00,,,,
28703,matplotlib/matplotlib,[BUG]: `Patch3D` does not correctly set `verts` on initialization,topic: mplot3d,open,2024-08-10T21:09:03+00:00,,,,
28701,matplotlib/matplotlib,[MNT]: Separate the generation of polygon vertices from `_fill_between_x_or_y`,Maintenance,closed,2024-08-10T20:43:58+00:00,2024-10-11T19:20:07+00:00,tacaswell,61.94,False
28700,matplotlib/matplotlib,[Bug]: Segmentation fault on creating a figure with QtAgg backend,,closed,2024-08-10T07:49:31+00:00,2024-08-12T06:26:44+00:00,glebdovzhenko,1.94,True
28698,matplotlib/matplotlib,[bug]: arrowstyle doc interpolation in FancyPatch.set_arrow(),Documentation;🌱 Good first issue,closed,2024-08-09T20:23:34+00:00,2024-08-13T16:15:29+00:00,timhoffm,3.83,False
28696,matplotlib/matplotlib,[Doc]: Analytics sharing policy,Documentation,closed,2024-08-09T17:54:51+00:00,2024-08-22T20:47:51+00:00,story645,13.12,False
28694,matplotlib/matplotlib,[Bug]: mplot3d - axes3d has_data() type checking,topic: mplot3d;status: needs clarification,open,2024-08-09T15:01:45+00:00,,,,
28693,matplotlib/matplotlib,DOC: Best practice when to use ax.set_thing(foo) vs ax.set(thing=foo),Documentation,open,2024-08-09T14:09:54+00:00,,,,
28690,matplotlib/matplotlib,[MNT]: Move norms to from colors.py to separate file norms.py,Maintenance,open,2024-08-09T08:20:05+00:00,,,,
28685,matplotlib/matplotlib,[Bug]: Failing to see histogram while plotting array of almost equal set of numbers,,closed,2024-08-08T15:12:27+00:00,2024-08-08T16:59:18+00:00,jklymak,0.07,False
28684,matplotlib/matplotlib,[Bug]: Can't add tools to the toolbar,GUI: MacOSX;topic: toolbar,closed,2024-08-08T13:55:30+00:00,2024-08-09T05:44:48+00:00,Valentin-2002,0.66,True
28681,matplotlib/matplotlib,[Bug]: text misplaced on subplots with histograms,Community support,closed,2024-08-08T09:03:49+00:00,2024-08-08T12:01:10+00:00,pedro-w,0.12,True
28680,matplotlib/matplotlib,[Bug]: plotting multiple series with legend fails on matplotlib >= 3.9.0,status: needs clarification,closed,2024-08-08T08:12:12+00:00,2024-08-08T14:13:56+00:00,tacaswell,0.25,False
28678,matplotlib/matplotlib,plt.plot() terminating with uncaught exception of type NSException [Bug]: ,status: needs clarification,closed,2024-08-08T05:13:11+00:00,2024-08-08T14:21:33+00:00,tacaswell,0.38,False
68199,pandas-dev/pandas,BUG: Series/DataFrame.replace with a callable value silently stores the function instead of applying or rejecting it,,open,2026-09-06T04:24:27+00:00,,,,
68041,pandas-dev/pandas,BUG: read_csv fails to finalize index when engine='pyarrow' and dtype is scalar (or dict without an index specified),Bug;IO CSV;Arrow,open,2026-09-04T22:29:23+00:00,,,,
68026,pandas-dev/pandas,BUG: to_xml() export not valid for bool dtype,Bug;Needs Triage;IO XML,open,2026-09-04T16:15:29+00:00,,,,
68009,pandas-dev/pandas,BUG: addition of non-UTC DatetimeArray with large Timedelta returns None,Bug;Datetime;Non-Nano,open,2026-09-04T09:06:16+00:00,,,,
67995,pandas-dev/pandas,BUILD: window/meson.build never passes --shared=pandas._libs._cyutility to its extensions,,open,2026-09-04T02:16:23+00:00,,,,
67994,pandas-dev/pandas,BUILD: pyproject.toml banned-api comment is wrong — TID251 does resolve np.random through the alias,,open,2026-09-04T02:16:22+00:00,,,,
67993,pandas-dev/pandas,TST: pandas/tests/api/test_api.py::TestApi::test_api fails when that directory is run on its own,,open,2026-09-04T02:16:21+00:00,,,,
67992,pandas-dev/pandas,BUG: find_stack_level treats third-party `pandas*` packages as pandas-internal,,open,2026-09-04T02:16:15+00:00,,,,
67991,pandas-dev/pandas,TST: test_duplicated_hashtable_impl monkeypatches _SIZE_CUTOFF on a path that never reads it,,open,2026-09-04T02:16:14+00:00,,,,
67989,pandas-dev/pandas,BENCH: ChainIndexing benchmark no longer measures chained assignment,Benchmark,closed,2026-09-04T02:05:49+00:00,2026-09-05T19:58:19+00:00,jbrockmendel,1.74,True
67986,pandas-dev/pandas,"CI: sanitizers environment has no pyarrow, so the read_csv pyarrow string path is never sanitized",Build;CI,open,2026-09-04T01:56:48+00:00,,,,
67985,pandas-dev/pandas,BUG: validate_test_dependencies.py is blind to pixi [target.*.dependencies],Build;CI,open,2026-09-04T01:42:37+00:00,,,,
67984,pandas-dev/pandas,TST: set LC_TIME in the test body instead of skipping under skip_if_not_english_lc_time,Testing,open,2026-09-04T01:42:22+00:00,,,,
67983,pandas-dev/pandas,"CI: setup-pixi action's environment input description points at pyproject.toml, but the environments are in pixi.toml",CI,closed,2026-09-04T01:42:07+00:00,2026-09-04T07:51:21+00:00,jorisvandenbossche,0.26,True
67982,pandas-dev/pandas,CI: pixi-version is pinned in three places and dependabot bumps none of them,CI,open,2026-09-04T01:41:55+00:00,,,,
67970,pandas-dev/pandas,PERF: avoid per-element group labels in nullable DataFrame axis=1 reductions,Performance;Needs Triage,open,2026-09-03T22:44:53+00:00,,,,
67969,pandas-dev/pandas,PERF: avoid temporary allocations in multi-block DataFrame axis=1 reductions,Performance;Needs Triage,open,2026-09-03T22:06:57+00:00,,,,
67967,pandas-dev/pandas,PERF: avoid redundant allocations in StringArray duplicated and value_counts,Performance;Needs Triage,open,2026-09-03T20:57:53+00:00,,,,
67949,pandas-dev/pandas,"BUG: pd.to_numeric with errors=""coerce"" fails to produce actual NA values when applied to dtype string[pyarrow] values",Bug;Dtype Conversions;Arrow,open,2026-09-03T08:16:31+00:00,,,,
67928,pandas-dev/pandas,API: Add reduction methods to ExtensionArray,API Design;Needs Discussion;ExtensionArray;ExtensionArray - New Method Request,open,2026-09-02T20:55:02+00:00,,,,
67759,pandas-dev/pandas,BUG: `pd.merge` gives `float`s instead of integer extensions,Nullable by default,closed,2026-09-01T18:05:02+00:00,2026-09-01T20:21:02+00:00,jorisvandenbossche,0.09,False
67756,pandas-dev/pandas,API: `.value_counts(normalize=False)` should return unsigned integers,API Design;Closing Candidate,closed,2026-09-01T17:11:17+00:00,2026-09-03T15:59:55+00:00,kuraga,1.95,True
67755,pandas-dev/pandas,"BUG: DataFrame.plot.bar raises ""Must supply freq for datetime value"" with datetime x column",Bug;Visualization;Regression;Closing Candidate,open,2026-09-01T16:53:27+00:00,,,,
67754,pandas-dev/pandas,BUG: IntervalDtype.__from_arrow__ ignores the struct-level validity bitmap,Bug;Missing-data;Interval;Arrow,open,2026-09-01T16:10:28+00:00,,,,
67753,pandas-dev/pandas,"BUG: IntervalArray.__arrow_array__ rejects ExtensionDtype subtypes, and ArrowIntervalType metadata cannot round-trip them",Bug;Interval;IO Parquet;Arrow,open,2026-09-01T16:10:26+00:00,,,,
67751,pandas-dev/pandas,DOC: Opening a Pull Request Instructions Incorrect,Docs;Needs Discussion,open,2026-09-01T13:33:50+00:00,,,,
67728,pandas-dev/pandas,ENH: Add DataFrame.headtail() to show first and last N rows together,Enhancement;Filters,closed,2026-09-01T07:33:06+00:00,2026-09-02T20:45:12+00:00,rhshadrach,1.55,True
67727,pandas-dev/pandas,BUG: barcharts grouped in subplots behave incorrectly with stacked=False,Bug;Visualization,open,2026-09-01T07:04:43+00:00,,,,
67726,pandas-dev/pandas,BUG: IndexError with certain subplot order in stacked barchart,Bug;Visualization,open,2026-09-01T06:54:10+00:00,,,,
67470,pandas-dev/pandas,"ENH: include cell location in ExcelWriter warning for values exceeding the 32,767 character limit",Bug;IO Excel;Warnings,open,2026-08-30T16:25:19+00:00,,,,
67375,pandas-dev/pandas,BUG: read_csv with usecols raises IndexError in low-memory mixed-dtype warning path,Bug;Regression;IO CSV,closed,2026-08-30T04:40:23+00:00,2026-09-03T22:42:03+00:00,jbrockmendel,4.75,False
67074,pandas-dev/pandas,pandas `read_pickle` RCE via Ungated `pickle.load` on the Documented Persistence Format,,closed,2026-08-29T06:16:18+00:00,2026-08-29T17:02:41+00:00,rhshadrach,0.45,False
67066,pandas-dev/pandas,BUG: zoneinfo transition times causes incorrect localization of some Timestamps on 32 bit platforms,Bug;Regression;32bit;Timestamp,open,2026-08-28T21:49:38+00:00,,,,
67065,pandas-dev/pandas,"BUG: HDFStore.select with where=""cat == None"" returns empty DataFrame for Categorical columns instead of matching missing/NaN rows",Bug;Regression;IO HDF5,open,2026-08-28T21:25:14+00:00,,,,
67064,pandas-dev/pandas,DOC: user guide SQL section lacks PostgreSQL (psycopg 3) recipes,Docs,open,2026-08-28T21:04:59+00:00,,,,
67055,pandas-dev/pandas,BUG: Pandas 3: RangeIndex values can be modified from the outside,Bug;Copy / view semantics,open,2026-08-28T09:21:47+00:00,,,,
67040,pandas-dev/pandas,BUG: Issues with stacked/grouped bars in subplot charts,Bug;Needs Triage,closed,2026-08-28T06:54:07+00:00,2026-09-01T07:09:27+00:00,jnettels,4.01,True
67024,pandas-dev/pandas,"BUG: `Series.str.extract` with `ArrowDtype` raises on unnamed capture groups, and drops them when mixed with named ones",Bug;Strings;Arrow,open,2026-08-27T12:55:16+00:00,,,,
67023,pandas-dev/pandas,BUG: Series.corr returns a finite correlation for exactly constant Series,Bug;Duplicate Report;cov/corr,closed,2026-08-27T11:09:57+00:00,2026-08-31T21:45:31+00:00,rhshadrach,4.44,False
67022,pandas-dev/pandas,BUG: Series.std returns a non-zero value for an exactly constant float64 Series,Bug;Reduction Operations,closed,2026-08-27T10:52:04+00:00,2026-08-27T21:46:43+00:00,rhshadrach,0.45,False
67018,pandas-dev/pandas,DOC: Pluralise word in 'axis' parameter explanation for dropna() function,Docs;Missing-data,closed,2026-08-27T00:19:15+00:00,2026-08-29T00:02:05+00:00,jbrockmendel,1.99,False
67014,pandas-dev/pandas,API: Restrictions on EA scalar types,API Design;Needs Discussion;ExtensionArray,open,2026-08-26T22:20:02+00:00,,,,
67012,pandas-dev/pandas,"DOC, API: `read_*` methods alignment",Docs;Needs Discussion;API - Consistency,open,2026-08-26T19:43:37+00:00,,,,
67010,pandas-dev/pandas,"BUG: read_csv with engine=""pyarrow"" and usecols orders columns as given in usecols instead of file order",Bug;IO CSV;Arrow,open,2026-08-26T19:00:31+00:00,,,,
67008,pandas-dev/pandas,"BUG: read_csv with engine=""pyarrow"", header=None and usecols relabels columns positionally instead of keeping file positions",Bug;IO CSV,open,2026-08-26T18:34:36+00:00,,,,
67005,pandas-dev/pandas,BUG: read_csv with integer `names` treats integer `dtype` keys as both label and position,Bug;IO CSV;Needs Discussion,open,2026-08-26T13:58:30+00:00,,,,
66966,pandas-dev/pandas,ENH: Allow assign() lambdas to optionally receive the target column as a second argument,Enhancement;Needs Discussion;expressions,open,2026-08-23T19:03:58+00:00,,,,
66939,pandas-dev/pandas,BLD: Cython 3.3.0 breaks the from-source CI builds with -Werror=array-bounds,,closed,2026-08-22T20:22:44+00:00,2026-08-23T01:50:47+00:00,jbrockmendel,0.23,False
66893,pandas-dev/pandas,BUG: `groupby(...).indices` / `get_group()` return the wrong group with `sort=False` + Categorical key + multiple keys,Bug;Groupby,open,2026-08-21T01:27:54+00:00,,,,
66877,pandas-dev/pandas,BUG: rollforward/rollback accept date but their type hints reject it,Bug;Frequency;Needs Discussion,open,2026-08-20T15:56:49+00:00,,,,
66850,pandas-dev/pandas,"ENH: add `DatetimeIndexResampler`, `PeriodIndexResampler` and `TimedeltaIndexResampler` to `pandas.api.typing`",Enhancement;Docs;API Design;API - Consistency,open,2026-08-19T14:27:40+00:00,,,,
66834,pandas-dev/pandas,BUG: coerce empty-string IEEE NaN to null for pyarrow floats,Bug;Arrow,closed,2026-08-18T14:37:50+00:00,2026-08-27T11:37:42+00:00,jorisvandenbossche,8.87,False
66807,pandas-dev/pandas,ENH: Disclose offending values in `IntervalArray._validate`,Enhancement;Error Reporting;Interval,closed,2026-08-16T18:38:37+00:00,2026-09-03T18:17:04+00:00,jbrockmendel,17.99,False
66774,pandas-dev/pandas,BUG: test_duplicated_hashtable_impl generates identical codes for every MultiIndex level,Bug;Testing,closed,2026-08-15T07:02:34+00:00,2026-08-17T17:11:06+00:00,jbrockmendel,2.42,False
66764,pandas-dev/pandas,DOC:  visibility issues in dark mode for some of the content,Docs;Needs Triage;Closing Candidate,closed,2026-08-14T17:05:28+00:00,2026-08-16T15:41:08+00:00,rhshadrach,1.94,False
66761,pandas-dev/pandas,TST: assert_frame_equal now raises for mismatching freq in MultiIndex level,Testing,closed,2026-08-14T14:58:52+00:00,2026-09-04T20:56:49+00:00,jbrockmendel,21.25,False
66750,pandas-dev/pandas,BUG: test_spss_metadata fails with pyreadstat 1.3.6 due to new original_variable_informats metadata key,,closed,2026-08-13T17:45:59+00:00,2026-08-15T23:56:58+00:00,mroeschke,2.26,True
66745,pandas-dev/pandas,ENH: Add pd.read_txt(...),Enhancement;Needs Triage,closed,2026-08-12T23:27:59+00:00,2026-08-13T01:43:10+00:00,MihirNaik05,0.09,True
66743,pandas-dev/pandas,DISCUSSION:  Should `pandas` allow any non-string iterable for various arguments?,Needs Discussion;API - Consistency,open,2026-08-12T19:22:59+00:00,,,,
66742,pandas-dev/pandas,DOC: Update `DataFrame` and `Index` docs to say that `dicts` are accepted and the keys are used,Docs,open,2026-08-12T19:07:47+00:00,,,,
66740,pandas-dev/pandas,TRACKER: support for Python 3.15,Master Tracker;Python 3.15,open,2026-08-12T15:28:32+00:00,,,,
66735,pandas-dev/pandas,BLD: build failures of xsimd code on linux,Build,closed,2026-08-12T09:06:47+00:00,2026-08-14T15:04:40+00:00,jbrockmendel,2.25,False
66725,pandas-dev/pandas,DOC: propagate #64647 for deprecating `DatetimeIndex`/`TimedeltaIndex` constructor keywords,Docs;CI,closed,2026-08-11T13:04:14+00:00,2026-08-12T10:01:22+00:00,jorisvandenbossche,0.87,False
66724,pandas-dev/pandas,DOC: propagate #66666 for deprecating `select_dtypes` non-standard `datetimetz`/`period` dtype strings,Docs;Needs Triage,closed,2026-08-11T12:37:18+00:00,2026-08-11T23:24:56+00:00,rhshadrach,0.45,False
66709,pandas-dev/pandas,"BUG: to_json(date_format=""epoch"") ignores date_unit for datetime-likes behind Categorical/Sparse dtypes",Bug;IO JSON,closed,2026-08-10T19:27:37+00:00,2026-08-10T22:21:34+00:00,jbrockmendel,0.12,False
66703,pandas-dev/pandas,BUG: boolean-mask operations on a null-dtype ArrowDtype column abort the process (SIGABRT),Bug;Segfault;Arrow,open,2026-08-10T16:54:51+00:00,,,,
66699,pandas-dev/pandas,BUG: assert_series_equal ignores atol/rtol when comparing integer and float dtypes with check_dtype=False,,closed,2026-08-10T16:32:33+00:00,2026-08-19T18:58:51+00:00,jbrockmendel,9.1,False
66697,pandas-dev/pandas,BUG: tz_localize with a timedelta `nonexistent` silently wraps int64 when the shift leaves the representable range,Bug;Timezones,closed,2026-08-10T15:30:03+00:00,2026-08-11T19:20:14+00:00,jbrockmendel,1.16,False
66688,pandas-dev/pandas,"API: astype to CategoricalDtype matches by lookup instead of casting, so legitimate casts silently become NaN",Bug;Dtype Conversions;API Design;Categorical,open,2026-08-10T01:09:03+00:00,,,,
66675,pandas-dev/pandas,TST: Replace hypothesis with fixed pytest parameterizations,Testing,closed,2026-08-09T18:46:05+00:00,2026-08-29T00:00:57+00:00,jbrockmendel,19.22,False
66674,pandas-dev/pandas,RLS: 3.1,Release,open,2026-08-09T18:35:23+00:00,,,,
66673,pandas-dev/pandas,BUG: DataFrame.unstack(sort=False) mislabels columns when the unstacked level has unused entries,Bug;Reshaping,open,2026-08-09T18:21:29+00:00,,,,
66672,pandas-dev/pandas,BUG: Series.unstack(sort=False) puts the NaN column first while its values stay in place,Bug;Reshaping,closed,2026-08-09T18:21:12+00:00,2026-09-01T02:09:56+00:00,jbrockmendel,22.33,False
66657,pandas-dev/pandas,BUG: read_csv (c engine) heap buffer overflow on short rows before a wide field,Bug;IO CSV;Segfault,closed,2026-08-08T12:17:23+00:00,2026-08-30T00:16:25+00:00,jbrockmendel,21.5,False
66656,pandas-dev/pandas,BUG: Passing a tuple at creation for 1-d  index in df is fine but rename_axis with tuple fails,Bug;Indexing,open,2026-08-08T01:35:13+00:00,,,,
66639,pandas-dev/pandas,BUG: read_csv(sep=None) raises TypeError instead of falling back to the python engine,Bug;Regression;IO CSV,closed,2026-08-06T16:58:16+00:00,2026-08-15T21:25:31+00:00,jbrockmendel,9.19,False
66630,pandas-dev/pandas,DOC: Notes of `pd.crosstab` contradicts Examples on Categorical handling,Docs;Reshaping,closed,2026-08-05T08:27:44+00:00,2026-08-31T21:27:08+00:00,jbrockmendel,26.54,False
66626,pandas-dev/pandas,NumPy/object fallbacks in Arrow-backed arrays,Master Tracker;Upstream issue;Arrow,open,2026-08-05T06:34:51+00:00,,,,
66622,pandas-dev/pandas,BUG: segfault on next() after a chunked read_csv chunk raised (C engine),Bug;IO CSV;Segfault,closed,2026-08-04T20:00:59+00:00,2026-08-07T18:09:05+00:00,jbrockmendel,2.92,False
66616,pandas-dev/pandas,"DOC: ""10 minutes to pandas"" guide doesn't explain that double brackets return a DataFrame, not a Series",Docs,closed,2026-08-04T03:46:59+00:00,2026-08-16T15:51:37+00:00,rhshadrach,12.5,False
66615,pandas-dev/pandas,BUG: Inconsistent date time handling with serialized data,Bug;IO JSON;Closing Candidate,open,2026-08-04T02:48:38+00:00,,,,
66608,pandas-dev/pandas,BUG: `pandas.Timestamp.view` gives `DeprecationWarning` under `numpy >= 2.5`,Bug;Timedelta,closed,2026-08-03T13:53:55+00:00,2026-08-08T23:31:02+00:00,jbrockmendel,5.4,False
66605,pandas-dev/pandas,BUG: cumsum/cumprod raises ArrowInvalid: overflow on integer ArrowDtypes instead of upcasting,Bug;Needs Discussion;Arrow,open,2026-08-02T19:02:44+00:00,,,,
66593,pandas-dev/pandas,BUG: memory_usage(deep=True) under-reports by ~4x for arrow-backed string Index once the engine is built,Bug;Strings;Index;Arrow,open,2026-08-01T18:41:35+00:00,,,,
66588,pandas-dev/pandas,BUG: DataFrame.stack raises a bare AssertionError when level contains duplicate entries,,closed,2026-08-01T17:33:53+00:00,2026-08-06T20:03:11+00:00,jbrockmendel,5.1,False
66579,pandas-dev/pandas,"BUG: read_excel(engine=""odf"") ignores office:value on <table:covered-table-cell>",Bug;IO Excel,closed,2026-08-01T14:24:42+00:00,2026-08-24T21:20:25+00:00,rhshadrach,23.29,False
66574,pandas-dev/pandas,DOC: rename_categories dict example is a no-op in categorical.rst,Docs;Needs Triage,closed,2026-07-31T23:59:06+00:00,2026-08-01T17:28:11+00:00,jbrockmendel,0.73,False
66571,pandas-dev/pandas,BUG: partial-string slicing on a PeriodIndex with an anchored freq resolves bounds one period early,Bug;Indexing;Period,open,2026-07-31T22:49:25+00:00,,,,
66564,pandas-dev/pandas,DOC: 1.4 and earlier not available: 404 error,Docs;Needs Triage,closed,2026-07-31T17:06:52+00:00,2026-07-31T23:26:10+00:00,wjandrea,0.26,True
66552,pandas-dev/pandas,BUG: datetimelike arithmetic landing on the NaT sentinel silently returns NaT,Bug;Datetime;Missing-data;Timedelta,closed,2026-07-30T16:54:25+00:00,2026-08-11T18:21:34+00:00,jbrockmendel,12.06,False
66551,pandas-dev/pandas,"BUG: datetimelike arithmetic landing on the NaT sentinel returns NaT, plus float64 precision loss in timedelta64 arithmetic/reductions",Bug;Datetime;Missing-data;Timedelta;Numeric stability,closed,2026-07-30T16:22:17+00:00,2026-08-07T18:09:36+00:00,jbrockmendel,8.07,False
66550,pandas-dev/pandas,"BUG: tz_localize misreports wall times whose UTC value is unrepresentable (NaT sentinel, int64 wrap, OOB read)",Bug;Timezones,closed,2026-07-30T16:21:13+00:00,2026-08-01T00:26:07+00:00,jbrockmendel,1.34,False
66549,pandas-dev/pandas,BUG: remaining NaT-sentinel and out-of-bounds gaps in datetimelike arithmetic (GH-66510 follow-ups),Bug;Datetime;Missing-data;Timedelta;Frequency,closed,2026-07-30T16:16:20+00:00,2026-08-28T00:39:33+00:00,jbrockmendel,28.35,False
66545,pandas-dev/pandas,ENH: Add limit_distance parameter to Series/DataFrame.interpolate,Enhancement;Missing-data,closed,2026-07-30T15:16:17+00:00,2026-08-21T12:07:13+00:00,rhshadrach,21.87,False
66542,pandas-dev/pandas,BUG: to_datetime raises bare AssertionError for invalid errors= value,Bug;Needs Triage,closed,2026-07-30T06:21:14+00:00,2026-07-31T20:37:50+00:00,jbrockmendel,1.59,False
66527,pandas-dev/pandas,BUG: DataFrame.loc assignment with boolean column indexer raises NotImplementedError for single-column DataFrame,Indexing;Regression;Strings,open,2026-07-29T06:42:14+00:00,,,,
66525,pandas-dev/pandas,BUG: read_csv c engine collapses distinct fields sharing a NUL-terminated prefix with dtype=object or dtype='category',Bug;IO CSV;Strings;Needs Discussion,closed,2026-07-29T03:35:55+00:00,2026-08-01T02:41:30+00:00,jbrockmendel,2.96,False
66524,pandas-dev/pandas,BUG: read_csv c engine silently truncates integer and boolean fields at an embedded NUL byte,Bug;IO CSV;Needs Discussion,closed,2026-07-29T03:35:38+00:00,2026-08-02T16:41:36+00:00,jbrockmendel,4.55,False
66523,pandas-dev/pandas,"BUG/API: ewm with equally spaced times disagrees with no-times for adjust=False, ignore_na=False on NaN data",Bug;Missing-data;Needs Discussion;Window;API - Consistency,open,2026-07-29T03:35:02+00:00,,,,
66522,pandas-dev/pandas,BUG: DataFrame.ewm(...).online().mean() ignores the decay for single-column frames,Bug;Window;numba,open,2026-07-29T03:34:32+00:00,,,,
66518,pandas-dev/pandas,BUG: IntervalArray silently builds interval[int64] with an object-dtype right side,Bug;Interval,closed,2026-07-29T03:27:10+00:00,2026-08-04T16:32:55+00:00,jbrockmendel,6.55,False
66517,pandas-dev/pandas,BUG: convert_dtypes raises OverflowError for integers outside the int64 range,Bug;Dtype Conversions,closed,2026-07-29T03:27:05+00:00,2026-08-15T21:25:01+00:00,jbrockmendel,17.75,False
66514,pandas-dev/pandas,BUG: object of type 'list_iterator' has no len(),Bug;Needs Discussion,open,2026-07-28T21:37:45+00:00,,,,
66510,pandas-dev/pandas,BUG: Timestamp.replace(nanosecond=...) can produce a Timestamp whose value is the NaT sentinel,Bug;Timestamp,closed,2026-07-28T21:09:24+00:00,2026-07-29T19:59:20+00:00,jbrockmendel,0.95,False
66509,pandas-dev/pandas,"BUG: read_parquet(to_pandas_kwargs={""self_destruct"": True}) segfaults",Bug;IO Parquet;Segfault,closed,2026-07-28T20:49:39+00:00,2026-07-30T07:40:43+00:00,jorisvandenbossche,1.45,False
66501,pandas-dev/pandas,BUG:,Bug;expressions,closed,2026-07-28T08:31:15+00:00,2026-08-16T16:26:23+00:00,rhshadrach,19.33,False
66499,pandas-dev/pandas,BUG: DataFrame.eq() incorrectly rejects scalar strings in type annotations,Docs;Typing,open,2026-07-28T06:11:08+00:00,,,,
66497,pandas-dev/pandas,"DOC: Installation guide uses outdated ""source activate"" conda syntax",Docs;Needs Triage,closed,2026-07-28T04:30:27+00:00,2026-07-28T17:38:05+00:00,jbrockmendel,0.55,False
66496,pandas-dev/pandas,"DOC: On ""Contributing to the documentation"", Conflicting info on if Pandas uses Travis-CI or  GitHub Actions",Docs;Needs Triage,closed,2026-07-28T04:15:56+00:00,2026-07-28T16:41:22+00:00,mroeschke,0.52,False
66493,pandas-dev/pandas,BUG: unexercised divmod/rdivmod in tests / always False assertion,,closed,2026-07-27T20:48:56+00:00,2026-08-01T01:32:56+00:00,jbrockmendel,4.2,False
66490,pandas-dev/pandas,BUG: `factorize(use_na_sentinel=True)` ignores `use_na_sentinel` for pre-encoded PyArrow `DictionaryArray`s,Bug;Algos;Arrow,open,2026-07-27T20:11:43+00:00,,,,
66489,pandas-dev/pandas,BUG: ujson_dumps can segfault when Python API return values are not checked during encoding,Bug;Needs Triage,closed,2026-07-27T18:49:03+00:00,2026-07-28T22:45:38+00:00,Alvaro-Kothe,1.16,True
66475,pandas-dev/pandas,BUG: read_sas segfaults on a SAS7BDAT file with an out-of-range row_length in the header,IO SAS;Segfault,closed,2026-07-26T15:06:25+00:00,2026-08-02T15:01:01+00:00,jbrockmendel,7.0,False
66474,pandas-dev/pandas,ENH: Provide a Consistent Round-Trip Contract for Axis Metadata Across Excel and Other IO Formats,Enhancement;IO Excel,open,2026-07-26T11:31:43+00:00,,,,
66470,pandas-dev/pandas,API: read_sas should decode text by default instead of returning bytes,API Design;Needs Discussion;IO SAS;API - Consistency,closed,2026-07-25T21:08:01+00:00,2026-07-27T14:42:11+00:00,jbrockmendel,1.73,False
66451,pandas-dev/pandas,"DOC: `io.excel._util.pop_header_name`, `read_{excel,csv}`: only the _last_ column is taken",,closed,2026-07-24T10:37:23+00:00,2026-07-27T20:33:27+00:00,rhshadrach,3.41,False
66443,pandas-dev/pandas,BUG: Series.dt.to_pydatetime() returns a Series with a reset RangeIndex instead of preserving the parent index,Bug;Needs Triage,closed,2026-07-23T15:45:12+00:00,2026-08-10T01:28:21+00:00,jbrockmendel,17.4,False
66437,pandas-dev/pandas,"DOC: Black text appears in dark mode, insufficient contrast",Docs,closed,2026-07-23T12:08:10+00:00,2026-07-30T04:46:34+00:00,fangchenli,6.69,True
66436,pandas-dev/pandas,BUG: A test_to_datetime.py test fails on Python 3.15,Bug;Python 3.15,closed,2026-07-23T11:14:20+00:00,2026-08-04T20:14:57+00:00,jbrockmendel,12.38,False
66434,pandas-dev/pandas,DOC: what's new for 3.0.5 link broken,Docs,closed,2026-07-23T06:47:41+00:00,2026-07-23T09:02:01+00:00,jorisvandenbossche,0.09,False
66420,pandas-dev/pandas,ENH: Ability to specify locale in Datetime and strftime for format,Enhancement;Needs Discussion,open,2026-07-22T06:31:49+00:00,,,,
66413,pandas-dev/pandas,DOC: Fix plural mistakes in 10 minutes to pandas guide,Docs;Needs Triage,closed,2026-07-21T23:45:21+00:00,2026-07-22T01:15:39+00:00,rhshadrach,0.06,False
66411,pandas-dev/pandas,BUG: implicit inclusion of MinGW header `wingdi.h` causes conflict with `ERROR` ,Bug;Build;Windows;Needs Triage,closed,2026-07-21T17:28:46+00:00,2026-07-21T23:00:09+00:00,jbrockmendel,0.23,False
66410,pandas-dev/pandas,BUG: Cannot build `pandas` with MSVC,Build;Windows;Free Threading,open,2026-07-21T17:18:06+00:00,,,,
66407,pandas-dev/pandas,BUG: styler.format.na_rep not respected inside pd.option_context,Docs;Styler,closed,2026-07-21T14:59:48+00:00,2026-07-23T18:19:27+00:00,jbrockmendel,2.14,False
66400,pandas-dev/pandas,BUG: pd.testing.assert_series_equal not respecting passed in `atol` argument,Bug;Testing,closed,2026-07-20T22:05:41+00:00,2026-08-15T01:58:48+00:00,jbrockmendel,25.16,False
66391,pandas-dev/pandas,ENH: UnicodeDecodeError from read_csv could suggest common alternative encodings,Enhancement;IO CSV;Needs Triage;Closing Candidate,closed,2026-07-20T11:35:47+00:00,2026-08-21T02:54:27+00:00,jbrockmendel,31.64,False
66390,pandas-dev/pandas,BUG: ArrowDtype timestamp comparison with datetime.date scalar loses null propagation,Bug;Numeric Operations;Closing Candidate;Arrow,open,2026-07-20T11:33:27+00:00,,,,
66389,pandas-dev/pandas,ENH: Support `tz_convert` on naive timestamps when naive tz specified,Enhancement;Needs Discussion,open,2026-07-20T11:15:22+00:00,,,,
66382,pandas-dev/pandas,"BUG: read_csv(dtype=""category"") ignores dtype_backend for the c and python engines",IO CSV;Needs Discussion,open,2026-07-19T22:29:59+00:00,,,,
66379,pandas-dev/pandas,DOC: Minor typo in DataFrame.ewm,Docs;Window,closed,2026-07-19T15:50:58+00:00,2026-08-05T18:25:18+00:00,jbrockmendel,17.11,False
66378,pandas-dev/pandas,"DOC: `read_{csv,excel}` skip rows (columns) above (before) header (index columns)",Docs;IO CSV;IO Excel,open,2026-07-19T13:03:43+00:00,,,,
66377,pandas-dev/pandas,API: `read_excel`: `.index.names` vs `.columns.names`,API Design;IO CSV;IO Excel;API - Consistency,open,2026-07-19T12:38:33+00:00,,,,
66376,pandas-dev/pandas,"BUG: `read_{csv,excel}(<...>, header=[0,1], index_col=[0,1])` take different `.columns.names`",Bug;IO CSV;IO Excel;MultiIndex;API - Consistency,open,2026-07-19T11:20:45+00:00,,,,
66374,pandas-dev/pandas,BUG: `MultiIndex.__repr__`: inconsistent output,Output-Formatting;MultiIndex,open,2026-07-19T10:28:33+00:00,,,,
66373,pandas-dev/pandas,BUG: `read_excel` (with tupled `header`): incorrect `.columns`,Bug;IO Excel;MultiIndex,closed,2026-07-19T10:24:47+00:00,2026-08-16T20:18:54+00:00,kuraga,28.41,False
66372,pandas-dev/pandas,"BUG: `read_excel`: `ValueError: Length of new names must be 1, got 2`",Bug;IO Excel,open,2026-07-19T10:02:31+00:00,,,,
66368,pandas-dev/pandas,BUG: `str.split()`/`rsplit()` with no separator on `ArrowDtype` keeps empty whitespace tokens,Bug;Strings;Arrow,open,2026-07-19T07:50:44+00:00,,,,
66359,pandas-dev/pandas,QST: `DatetimeIndex` in multi-indexes,,closed,2026-07-17T16:54:15+00:00,2026-07-17T18:22:47+00:00,kuraga,0.06,False
66356,pandas-dev/pandas,BUG: Segfaults from various python api call return values not being checked during encode by ujson,Bug;IO JSON;Segfault,closed,2026-07-17T11:03:57+00:00,2026-08-15T21:57:45+00:00,jbrockmendel,29.45,False
66349,pandas-dev/pandas,DOC: Series.eq() fill_value docs outdated for string dtype,Docs;Numeric Operations,closed,2026-07-16T11:16:19+00:00,2026-08-08T14:37:33+00:00,jbrockmendel,23.14,False
66348,pandas-dev/pandas,BUG: ASCII mode is broken for `str.match`,Bug;Strings,closed,2026-07-16T07:05:44+00:00,2026-08-15T19:12:41+00:00,jbrockmendel,30.5,False
66347,pandas-dev/pandas,REF: Reduce cognitive complexity of `tokenize_bytes`,Refactor;IO CSV,closed,2026-07-15T23:13:55+00:00,2026-07-16T00:50:50+00:00,Alvaro-Kothe,0.07,False
66346,pandas-dev/pandas,DEPR: `groupby.nth.__getitem__`,Groupby;Deprecate,closed,2026-07-15T20:43:58+00:00,2026-09-03T18:36:37+00:00,jbrockmendel,49.91,False
66341,pandas-dev/pandas,BUG: str.split returns string formatted list in version 3.0.x,Regression;Strings,closed,2026-07-15T12:47:05+00:00,2026-08-28T14:39:02+00:00,jorisvandenbossche,44.08,False
66333,pandas-dev/pandas,DOC: Clarify PeriodIndex.from_fields scalar input requirements,Docs,open,2026-07-14T15:40:24+00:00,,,,
66329,pandas-dev/pandas,pandas.pydata.org serves no /.well-known/security.txt (RFC 9116),Admin;Web,open,2026-07-14T11:29:49+00:00,,,,
66310,pandas-dev/pandas,"BUG: False ChainedAssignmentError, misattributed to the caller, when setitem runs in Cython-compiled code — and no supported way to disable the check",Bug;Needs Triage,closed,2026-07-12T23:25:38+00:00,2026-07-14T03:54:41+00:00,rhshadrach,1.19,False
66292,pandas-dev/pandas,PERF: union_indexes is slow for homogeneous RangeIndexes during DataFrame concatenation,Performance;Needs Triage,closed,2026-07-11T12:20:50+00:00,2026-07-12T19:37:31+00:00,rhshadrach,1.3,False
66289,pandas-dev/pandas,"BUG: merge_asof says ""tolerance must be positive"" but accepts tolerance=0",Bug;Reshaping;Error Reporting,open,2026-07-11T07:35:49+00:00,,,,
66287,pandas-dev/pandas,"BUG: MultiIndex.set_levels/set_codes give self-contradictory ""must be list-like"" error for a nested value with a scalar level",Bug;Error Reporting;MultiIndex,open,2026-07-11T01:08:18+00:00,,,,
66285,pandas-dev/pandas,BUILD: Fix and remove 32-bit compiler warning suppressions,Build;32bit,closed,2026-07-10T23:28:57+00:00,2026-07-11T00:09:28+00:00,Alvaro-Kothe,0.03,False
66281,pandas-dev/pandas,ENH: Optimize Series.apply User-Defined Functions (UDFs) via JIT Compilation Engine Option,Enhancement;Performance;Needs Discussion;Apply,open,2026-07-10T18:41:46+00:00,,,,
66268,pandas-dev/pandas,PERF: Fast-path DataFrame.dropna for homogeneous single-block DataFrames,Performance,closed,2026-07-10T12:17:41+00:00,2026-08-18T00:22:03+00:00,jbrockmendel,38.5,False
66266,pandas-dev/pandas,DEPR: Using lists and tuples interchangeably in resample,Resample;Deprecate,closed,2026-07-10T10:41:07+00:00,2026-08-19T00:11:07+00:00,rhshadrach,39.56,False
66263,pandas-dev/pandas,PERF: Skip full array allocation in RangeIndex.isin for small query inputs,Performance,open,2026-07-10T10:19:56+00:00,,,,
66261,pandas-dev/pandas,PERF: C-Import low-level Cython utilities to bypass Python dispatch overhead,Performance;Closing Candidate,closed,2026-07-10T07:58:02+00:00,2026-08-10T20:51:29+00:00,jbrockmendel,31.54,False
66259,pandas-dev/pandas,BUG: parallel read_csv (GH-64347) diverges from the serial path in several cases,Bug;IO CSV,closed,2026-07-10T02:03:10+00:00,2026-08-11T16:12:46+00:00,jbrockmendel,32.59,False
66257,pandas-dev/pandas,BUG:  `cummax` / `cummin` incorrect for pyarrow floating dtypes,Bug;Needs Triage,closed,2026-07-10T00:32:01+00:00,2026-07-13T21:23:19+00:00,jbrockmendel,3.87,False
66255,pandas-dev/pandas,BUG: Float64 vs float64 incorrect result when using empty slice,Bug;Needs Triage,open,2026-07-09T23:48:50+00:00,,,,
66241,pandas-dev/pandas,CI: Unpin CI dependencies,CI;Needs Triage,closed,2026-07-09T21:39:21+00:00,2026-07-10T15:40:25+00:00,mroeschke,0.75,False
66232,pandas-dev/pandas,Consider adding a changelog to track version history,,closed,2026-07-09T08:23:52+00:00,2026-07-09T17:04:00+00:00,jbrockmendel,0.36,False
66215,pandas-dev/pandas,DEPR: Deprecate misleading CachedAccessor alias,Internals;Deprecate,closed,2026-07-08T23:53:09+00:00,2026-08-22T15:18:29+00:00,jbrockmendel,44.64,False
66211,pandas-dev/pandas,DOC: Should `pandas.api.types.is_array_like` be documented?,Docs,closed,2026-07-08T13:42:09+00:00,2026-07-09T13:33:27+00:00,rhshadrach,0.99,False
66207,pandas-dev/pandas,PERF: Pure Python loops when calculating validity masks and offset arrays in Interchange Protocol,Performance;Interchange,closed,2026-07-08T04:43:51+00:00,2026-08-01T15:18:17+00:00,rhshadrach,24.44,False
66205,pandas-dev/pandas,PERF: High overhead in stack frame warning inspections (find_stack_level),Performance;Needs Triage,closed,2026-07-08T04:27:22+00:00,2026-07-08T21:43:49+00:00,jbrockmendel,0.72,False
66203,pandas-dev/pandas,PERF: High overhead in DataFrame.apply(raw=True) due to np.apply_along_axis,Performance;Apply,open,2026-07-07T19:19:26+00:00,,,,
66197,pandas-dev/pandas,PERF: String column serialization in Interchange protocol is slow,Performance;Needs Triage,closed,2026-07-07T17:10:02+00:00,2026-07-08T21:12:18+00:00,jbrockmendel,1.17,False
66195,pandas-dev/pandas,BUG: CustomBusinessMonthBegin and CustomBusinessMonthEnd type signatures are missing the calendar and weekmask keyword arguments,Bug;Needs Triage,closed,2026-07-07T15:18:49+00:00,2026-07-16T00:23:10+00:00,Alvaro-Kothe,8.38,False
66193,pandas-dev/pandas,BUG|CI: CI is running full benchmark suite,,closed,2026-07-07T11:27:59+00:00,2026-07-07T19:12:08+00:00,mroeschke,0.32,False
66192,pandas-dev/pandas,BUG: Incorrect formatting of empty `frozenset` in object Series,Bug;Needs Triage,closed,2026-07-07T11:20:42+00:00,2026-07-08T21:08:54+00:00,jbrockmendel,1.41,False
66177,pandas-dev/pandas,DEPR: read_feather,Deprecate;Needs Discussion;IO Parquet,open,2026-07-06T20:22:22+00:00,,,,
66151,pandas-dev/pandas,BUG: `pivot_table` with `margins=True` raises KeyError when dict aggfunc doesn't cover every aggregated column,Bug;Reshaping,open,2026-07-05T19:12:54+00:00,,,,
66142,pandas-dev/pandas,BUG: `Series.to_json()` wraps `np.uint64` values ≥ `2**63` when stored in `object` dtype,Bug;IO JSON,closed,2026-07-04T09:39:13+00:00,2026-08-16T01:05:15+00:00,jbrockmendel,42.64,False
66140,pandas-dev/pandas,ENH: Enable LSan in CI,Enhancement;CI;Needs Discussion,open,2026-07-03T22:20:23+00:00,,,,
66138,pandas-dev/pandas,BUG: Misleading error when using precompiled regular expressions with flags other than ignore case and unicode,Bug;Error Reporting;Strings,closed,2026-07-03T15:14:45+00:00,2026-08-11T21:24:49+00:00,rhshadrach,39.26,False
66133,pandas-dev/pandas,ENH: Relational operators between series object to be allowed if matching indexes are found in both Series being compared,Enhancement;Duplicate Report,closed,2026-07-03T05:01:59+00:00,2026-07-04T14:12:24+00:00,rhshadrach,1.38,False
66105,pandas-dev/pandas,BUG: DataFrame.loc partial assignment upcasts dtype of untouched columns,Bug;Needs Triage,closed,2026-06-30T21:54:04+00:00,2026-07-04T17:38:37+00:00,jbrockmendel,3.82,False
66104,pandas-dev/pandas,BUG: date_range crashes python process,Bug;Needs Triage,closed,2026-06-30T14:19:54+00:00,2026-07-13T20:28:36+00:00,jbrockmendel,13.26,False
66102,pandas-dev/pandas,Add type hints to public API functions,,closed,2026-06-30T06:48:24+00:00,2026-06-30T15:10:11+00:00,jbrockmendel,0.35,False
66100,pandas-dev/pandas,BUG: Assignment on negative slice gives error,Bug;Needs Triage,closed,2026-06-30T03:35:08+00:00,2026-07-02T17:16:08+00:00,jbrockmendel,2.57,False
66089,pandas-dev/pandas,"BUG: pd.date_range(freq='h') produces astronomically large freq on Python 3.14, causing OverflowError",,closed,2026-06-29T08:14:41+00:00,2026-07-13T20:28:36+00:00,jbrockmendel,14.51,False
66087,pandas-dev/pandas,BUG: DataFrame is mutating the Index,Bug;Needs Triage,closed,2026-06-29T00:16:09+00:00,2026-06-29T00:16:21+00:00,Popck182,0.0,True
66086,pandas-dev/pandas,"BUG: Segfault constructing pd.Timedelta on Python 3.14 (pandas 3.0.4, regression from 3.0.3)",,closed,2026-06-28T23:00:41+00:00,2026-07-13T20:28:36+00:00,jbrockmendel,14.89,False
66085,pandas-dev/pandas,BUG: pd.to_datetime segfaults on Series of duplicated ISO8601 strings (regression in 3.0.4),,closed,2026-06-28T22:26:02+00:00,2026-07-13T20:28:35+00:00,jbrockmendel,14.92,False
66083,pandas-dev/pandas,BUG: Segfault constructing pd.Timedelta with numpy 2.3.x/2.4.x on Python 3.14 (pandas 3.0.4),,closed,2026-06-28T20:42:46+00:00,2026-07-13T20:28:35+00:00,jbrockmendel,14.99,False
66080,pandas-dev/pandas,BUG:,Bug;Needs Triage,open,2026-06-28T11:54:31+00:00,,,,
66069,pandas-dev/pandas,BUG: Series.str.match returns wrong result for ^a|b patterns on string[pyarrow] dtype,Bug;Strings,closed,2026-06-27T22:03:09+00:00,2026-06-27T23:36:33+00:00,jorisvandenbossche,0.06,False
66054,pandas-dev/pandas,bug: dataframe created from the series index can unexpectedly mutate the original object,Duplicate Report,closed,2026-06-27T16:55:57+00:00,2026-06-27T18:52:07+00:00,jorisvandenbossche,0.08,False
66050,pandas-dev/pandas,BUG: pd.array() silently drops missing values when converting NumPy masked arrays,Bug;Missing-data;Constructors,closed,2026-06-27T06:58:11+00:00,2026-06-27T10:09:58+00:00,rhshadrach,0.13,False
66039,pandas-dev/pandas,Consider adding a changelog to track version history,,closed,2026-06-26T11:20:10+00:00,2026-06-26T17:26:33+00:00,jbrockmendel,0.25,False
66038,pandas-dev/pandas,ENH: Add a way to directly access the NAType,Enhancement;Typing;Closing Candidate,closed,2026-06-26T10:52:44+00:00,2026-06-27T03:31:30+00:00,jbrockmendel,0.69,False
66035,pandas-dev/pandas,BUG: DataFrame created from Index or Series unexpectedly changes the original object,Duplicate Report,closed,2026-06-26T03:45:58+00:00,2026-06-26T04:31:37+00:00,jbrockmendel,0.03,False
66017,pandas-dev/pandas,DataFrame constructed from Index or Series mutates the original object,Duplicate Report,closed,2026-06-25T17:19:02+00:00,2026-06-25T17:54:18+00:00,jorisvandenbossche,0.02,False
66012,pandas-dev/pandas,BUG: DataFrame constructor from Index/Series doesn't track CoW refs properly,Bug;Duplicate Report,closed,2026-06-24T16:09:03+00:00,2026-06-24T19:00:31+00:00,jorisvandenbossche,0.12,False
66009,pandas-dev/pandas,BUG: Series.combine_first incorrectly handles duplicate indices instead of raising ValueError,Bug;Indexing;Closing Candidate,closed,2026-06-24T09:49:13+00:00,2026-07-11T07:48:54+00:00,Johnhi19,16.92,True
65989,pandas-dev/pandas,BUG: consistency with R in NA handling for categoricals comparisons (with strings),Missing-data;Categorical,closed,2026-06-23T07:21:35+00:00,2026-06-25T16:31:37+00:00,jorisvandenbossche,2.38,False
65987,pandas-dev/pandas,Add logging support for better observability,,closed,2026-06-23T07:02:06+00:00,2026-06-23T16:30:59+00:00,mroeschke,0.4,False
65917,pandas-dev/pandas,Project Showcase: AI-powered financial chart analysis using your library,,closed,2026-06-20T17:39:25+00:00,2026-06-20T19:19:16+00:00,jbrockmendel,0.07,False
65915,pandas-dev/pandas,BUG: Plotting with timezone-aware and normalized `DatetimeIndex` drops tz-info,Bug;Visualization;Needs Discussion,open,2026-06-20T02:57:28+00:00,,,,
65914,pandas-dev/pandas,"BUG: `groupby(..., axis=1).plot()` throws deprecation warning with incorrect message",Bug;Groupby,closed,2026-06-19T21:17:36+00:00,2026-06-19T21:20:28+00:00,rhshadrach,0.0,False
65911,pandas-dev/pandas,DEPR: by_blocks in tm.assert_frame_equal,Testing;Deprecate,closed,2026-06-18T21:35:52+00:00,2026-06-24T19:14:34+00:00,jbrockmendel,5.9,False
65908,pandas-dev/pandas,BUILD: issue with loading the python library function,Build;Warnings;Arrow,closed,2026-06-18T15:16:23+00:00,2026-06-18T20:49:41+00:00,rhshadrach,0.23,False
65905,pandas-dev/pandas,[BUG] NULL pointer dereference in total_seconds (ujson encoder),IO JSON,closed,2026-06-18T02:34:34+00:00,2026-06-29T16:32:49+00:00,WillAyd,11.58,True
65904,pandas-dev/pandas,[BUG] NULL pointer dereference in get_long_attr (ujson encoder),IO JSON,closed,2026-06-18T02:34:29+00:00,2026-06-29T16:32:48+00:00,WillAyd,11.58,False
65903,pandas-dev/pandas,[BUG] Use-after-free in int64ToIso: result freed but still dereferenced,IO JSON,closed,2026-06-18T02:34:21+00:00,2026-06-29T16:32:48+00:00,WillAyd,11.58,False
65899,pandas-dev/pandas,BUG: merge with NaN-labeled join key produces duplicate columns,Bug;Reshaping,open,2026-06-17T21:19:01+00:00,,,,
65895,pandas-dev/pandas,failing tests when building pandas 2.3.3 with GCC 16 on i586,Build;Needs Info,closed,2026-06-17T13:33:27+00:00,2026-06-22T09:32:52+00:00,P3p111n0,4.83,True
65894,pandas-dev/pandas,BUG: Series.dt.isocalendar() does not align index when using pyarrow dates,Bug;Datetime;Arrow,closed,2026-06-17T02:41:21+00:00,2026-06-25T20:52:33+00:00,rhshadrach,8.76,False
65892,pandas-dev/pandas,BUG: Inconsistent nan to None behaviour in replace() with scalar vs list value,Bug;Missing-data;Strings;replace,open,2026-06-16T14:36:31+00:00,,,,
65891,pandas-dev/pandas,DOC: Page not found error for versions 1.4 and below,Docs,open,2026-06-16T12:39:05+00:00,,,,
65889,pandas-dev/pandas,BUG: DataFrame derived from Index can mutate the original Index,Bug;Duplicate Report,closed,2026-06-16T00:07:56+00:00,2026-06-16T07:14:41+00:00,jorisvandenbossche,0.3,False
65881,pandas-dev/pandas,DEPR: Series.dt.freq returning a string instead of DateOffset,Frequency;Deprecate;Needs Discussion,closed,2026-06-14T14:33:32+00:00,2026-08-05T00:43:25+00:00,jbrockmendel,51.42,False
65880,pandas-dev/pandas,Potential resource leak when exception occurs during file operation,,closed,2026-06-14T12:29:28+00:00,2026-06-14T14:17:52+00:00,jbrockmendel,0.08,False
65877,pandas-dev/pandas,DEPR: deprecate DataFrame construction from ragged list of sequences,Deprecate;Needs Discussion;Constructors,closed,2026-06-14T03:01:22+00:00,2026-08-07T00:47:23+00:00,jbrockmendel,53.91,False
65872,pandas-dev/pandas,README vs Code: 2 contradictions found,,closed,2026-06-13T01:11:41+00:00,2026-06-13T01:29:25+00:00,jbrockmendel,0.01,False
65871,pandas-dev/pandas,[TEST]: Plotting tests fail with matplotlib 3.11.0 — color cycle returns RGB tuples instead of hex strings,,closed,2026-06-13T00:58:15+00:00,2026-06-13T00:59:46+00:00,vyasr,0.0,True
65870,pandas-dev/pandas,BUG: DataFrame constructor mutates original Index when using CoW,Bug;Duplicate Report;Constructors;Copy / view semantics,closed,2026-06-12T20:41:43+00:00,2026-06-13T14:10:34+00:00,rhshadrach,0.73,False
65868,pandas-dev/pandas,BUG: missing deprecation warning about epoch timestamps in the index in to_json(),Bug;IO JSON;Deprecate,closed,2026-06-12T18:04:21+00:00,2026-06-27T22:25:13+00:00,jorisvandenbossche,15.18,False
65865,pandas-dev/pandas,MCP to help OSS devs understand pandas-dev/pandas,,closed,2026-06-12T11:04:18+00:00,2026-06-12T12:45:08+00:00,ankitzm,0.07,True
65863,pandas-dev/pandas,ENH: Support %N directive in strptime parsing (to_datetime / Timestamp with format=),Enhancement;Datetime,closed,2026-06-12T01:52:00+00:00,2026-06-30T21:51:49+00:00,jbrockmendel,18.83,False
65857,pandas-dev/pandas,WEB: pandas.pydata.org homepage still says latest is 3.0.1,Web,closed,2026-06-11T13:41:26+00:00,2026-06-15T08:42:45+00:00,jorisvandenbossche,3.79,False
65838,pandas-dev/pandas,BUG: DataFrame constructor mutates original Index when created from Index,Bug;Duplicate Report,closed,2026-06-09T23:19:14+00:00,2026-06-10T03:42:26+00:00,rhshadrach,0.18,False
65837,pandas-dev/pandas,PERF: Big slowdown of searchsorted on pd.Series,Performance;Regression;Strings;Sorting,closed,2026-06-09T23:04:59+00:00,2026-06-18T18:00:57+00:00,jbrockmendel,8.79,False
65834,pandas-dev/pandas,BUILD: pip install fails with build error,Build,closed,2026-06-09T15:28:35+00:00,2026-06-09T15:50:58+00:00,cbica-chind,0.02,True
65833,pandas-dev/pandas,BUG: ignore_index=True has no effect on already sorted Series,Bug;Series;Sorting,closed,2026-06-09T14:02:43+00:00,2026-06-20T10:59:23+00:00,rhshadrach,10.87,False
65813,pandas-dev/pandas,"DOC: read_csv ""quoting"" type is malformed",Docs,closed,2026-06-05T13:50:52+00:00,2026-07-07T16:23:17+00:00,jbrockmendel,32.11,False
65810,pandas-dev/pandas,BUG: to_parquet (pyarrow engine) opens the local file path twice,Bug;Needs Triage,closed,2026-06-04T13:22:09+00:00,2026-06-17T21:23:49+00:00,jbrockmendel,13.33,False
65805,pandas-dev/pandas,"BUG:  DataFrame.add(fill_value=...) promotes nullable integer dtypes to Float64, inconsistent with Series",Bug;Dtype Conversions;Numeric Operations,open,2026-06-03T17:01:53+00:00,,,,
65804,pandas-dev/pandas,BUG: pd.array does not preserve missing values when converting NumPy masked arrays,Bug;Duplicate Report,closed,2026-06-03T15:41:14+00:00,2026-06-03T16:44:49+00:00,jorisvandenbossche,0.04,False
65778,pandas-dev/pandas,"BUG: `DataFrame.to_dict(orient=""index"", into=...)` does not apply `into` to nested mappings",Bug;IO Data,closed,2026-06-02T10:16:55+00:00,2026-07-09T14:26:22+00:00,rhshadrach,37.17,False
65770,pandas-dev/pandas,BUG: assert_series_equal ignores check_series_type=False for ndarray subclass-backed Series on exact comparison path,Bug;Testing;Error Reporting,closed,2026-06-01T16:06:51+00:00,2026-07-13T00:48:24+00:00,jbrockmendel,41.36,False
65765,pandas-dev/pandas,BUG: pivot_table with multiple values and margins=True return result of margins not correct,Bug;Reshaping,open,2026-05-31T12:45:17+00:00,,,,
65740,pandas-dev/pandas,"BUG: pd.resample() is returning wrong result since pandas 2.2, padding with NaN and changing types",Bug;Resample,open,2026-05-27T12:09:38+00:00,,,,
65737,pandas-dev/pandas,DOC: Fix outdated matplotlib link in visualization.rst (pinned to v2.0.2),Docs,closed,2026-05-26T22:26:26+00:00,2026-06-03T07:11:03+00:00,jorisvandenbossche,7.36,False
65735,pandas-dev/pandas,BUG: Incoherent dynamic dtype changes in `.map()`,Bug;Dtype Conversions;Needs Discussion;Apply,open,2026-05-26T13:37:47+00:00,,,,
65734,pandas-dev/pandas,"DOC: Add ""Try it in your browser!"" interactive button to documentation",Docs,open,2026-05-25T17:12:16+00:00,,,,
65730,pandas-dev/pandas,CI: add Zizmor setup in workflow,CI,closed,2026-05-25T12:41:53+00:00,2026-07-10T02:47:09+00:00,jbrockmendel,45.59,False
65712,pandas-dev/pandas,API: how to handle time zone (DST) transitions in the distant future?,API Design;Timezones;Needs Discussion,open,2026-05-22T16:33:03+00:00,,,,
65710,pandas-dev/pandas,BUG: `DataFrame.any`/`all(skipna=False)` raises ValueError instead of returning NA,Bug;Missing-data;NA - MaskedArrays;Reduction Operations,closed,2026-05-22T14:26:32+00:00,2026-06-23T20:11:42+00:00,jbrockmendel,32.24,False
65700,pandas-dev/pandas,REGR (main): MultiIndex.equals now takes into account bitwidth of the codes,Bug,closed,2026-05-21T13:09:01+00:00,2026-06-27T16:13:29+00:00,jbrockmendel,37.13,False
65690,pandas-dev/pandas,BUG: pyarrow-nightly CI fails during Pixi install due to stale locked nightly wheel,Bug;CI,closed,2026-05-20T02:20:34+00:00,2026-09-01T20:59:12+00:00,jorisvandenbossche,104.78,False
65685,pandas-dev/pandas,"BUG: Index.where(..., Index) fails on 3.1.0 but works on 3.0.3",Bug;Index,closed,2026-05-19T13:39:44+00:00,2026-05-21T14:34:35+00:00,jorisvandenbossche,2.04,False
65684,pandas-dev/pandas,ENH: Add `df.corrupt()` accessor to inject random faults and typos for Data Science education,Enhancement;Needs Triage,closed,2026-05-19T06:52:43+00:00,2026-05-19T20:08:10+00:00,rhshadrach,0.55,False
65676,pandas-dev/pandas,ENH/API: Architectural Audit - Are other inplace=True methods bypassing CoW reference tracking?,Bug;Needs Discussion;Copy / view semantics;Closing Candidate,closed,2026-05-18T05:01:04+00:00,2026-08-19T01:45:17+00:00,rhshadrach,92.86,False
65664,pandas-dev/pandas,"BUG: Data corruption after `.eval(..., inplace=True)`.",Bug;expressions;Copy / view semantics,closed,2026-05-16T23:24:52+00:00,2026-06-28T07:29:41+00:00,jorisvandenbossche,42.34,False
65654,pandas-dev/pandas,BUG: DataFrame.melt silently corrupts data on var_name output-name collisions,Bug;Reshaping,closed,2026-05-15T23:58:58+00:00,2026-06-27T00:13:08+00:00,jbrockmendel,42.01,False
65652,pandas-dev/pandas,PERF: pandas.io.sql.has_table slow for ADBC driver with large database,Performance;IO SQL,closed,2026-05-15T20:53:56+00:00,2026-06-02T23:26:16+00:00,WillAyd,18.11,False
65649,pandas-dev/pandas,BUG: assert_index_equal does not raised on extra unused levels,Bug;Testing;Needs Discussion,open,2026-05-15T11:04:58+00:00,,,,
65608,pandas-dev/pandas,BUG: Timedeltas less than 1 second truncate to 0,Regression;Numeric Operations;Timedelta,open,2026-05-12T00:12:53+00:00,,,,
65588,pandas-dev/pandas,BUG: `DataFrame.eval` inconsistently handles duplicated columns,Bug;expressions;Non-Unique Columns/Rows,closed,2026-05-11T13:56:09+00:00,2026-06-10T08:22:12+00:00,jorisvandenbossche,29.77,False
65553,pandas-dev/pandas,ENH: Improve missing column KeyError message in DataFrame access,Enhancement;Error Reporting;Needs Discussion;Closing Candidate,closed,2026-05-09T11:18:01+00:00,2026-05-09T16:23:27+00:00,mroeschke,0.21,False
65550,pandas-dev/pandas,BUG:  `groupby` cumprod/cummin/cummax returns `Float64` for nullable integers when group key contains `NA`,Bug;Groupby;Dtype Conversions;NA - MaskedArrays;Transformations,closed,2026-05-08T22:56:54+00:00,2026-05-15T11:33:32+00:00,rhshadrach,6.53,False
65524,pandas-dev/pandas,BUG: read_excel with index_col and parse_dates=True fails to create a DatetimeIndex when used with the pyarrow backend,Bug;IO Excel;Arrow,open,2026-05-08T10:41:30+00:00,,,,
65518,pandas-dev/pandas,BUG: Conversion from np.ma.masked_array to pd.array does not preserve missing values,Bug;Duplicate Report,closed,2026-05-08T01:11:36+00:00,2026-05-08T07:25:18+00:00,jorisvandenbossche,0.26,False
65500,pandas-dev/pandas,"BUG: pandas.DataFrame.max fails on datetime64[ns, ...] columns with different time zones and NaT in the data",Bug;Datetime;Missing-data;Reduction Operations,closed,2026-05-07T14:42:16+00:00,2026-07-08T21:04:34+00:00,jbrockmendel,62.27,False
65483,pandas-dev/pandas,BUG: DataFrame.fillna() with ArrowDtype(pa.null()) columns causes Arrow C++ assertion failure (core dump),Bug;Upstream issue;Arrow,closed,2026-05-06T09:37:05+00:00,2026-08-02T22:58:12+00:00,Alvaro-Kothe,88.56,False
65478,pandas-dev/pandas,BUG: SparseArray.mean missing skipna argument,Missing-data;Sparse;API - Consistency;Reduction Operations,closed,2026-05-06T01:41:10+00:00,2026-06-27T00:38:19+00:00,jbrockmendel,51.96,False
65472,pandas-dev/pandas,DOC: Missing docstring for enable_data_resource_formatter in printing module,Docs;Needs Discussion;Closing Candidate,closed,2026-05-05T17:33:36+00:00,2026-05-06T16:02:05+00:00,rhshadrach,0.94,False
65469,pandas-dev/pandas,BUG: regression in nightlies: `Index.str.findall` crashes,Regression,closed,2026-05-05T13:45:27+00:00,2026-05-21T19:22:27+00:00,jorisvandenbossche,16.23,False
65462,pandas-dev/pandas,DEP: update of fsspec 2026.4 broke compressed csv reading,IO CSV;Dependencies,closed,2026-05-04T13:29:58+00:00,2026-05-05T16:36:11+00:00,mroeschke,1.13,False
65458,pandas-dev/pandas,BUG: `Series.values` returns inconsistent type (`ndarray` vs `MaskedArray`) depending on whether DataFrame rows are pre-sorted by groupby key,Bug;Algos,closed,2026-05-04T06:56:26+00:00,2026-08-31T19:55:50+00:00,jbrockmendel,119.54,False
65452,pandas-dev/pandas,API: tracker for single-element listlike RHS inconsistency in setitem,Indexing;Master Tracker;Needs Discussion,open,2026-05-03T15:51:56+00:00,,,,
65446,pandas-dev/pandas,"BUG: Swapping values with iloc causes aligns axes, wrong example in docs",Bug;Indexing;Copy / view semantics,closed,2026-05-02T15:47:02+00:00,2026-06-15T13:31:22+00:00,jorisvandenbossche,43.91,False
65419,pandas-dev/pandas,BUG: Index.get_indexer matches pd.NA against NaN for list input but not ndarray input,Bug;Indexing,open,2026-04-29T20:38:08+00:00,,,,
65408,pandas-dev/pandas,BUG: wrong results with numexpr multiplication,Bug;Numeric Operations;Needs Info,closed,2026-04-29T09:13:35+00:00,2026-09-05T21:45:51+00:00,mroeschke,129.52,False
65393,pandas-dev/pandas,PERF: skip redundant Index.equals calls in pd.concat,Performance,closed,2026-04-28T03:07:52+00:00,2026-07-17T22:57:22+00:00,natmokval,80.83,True
65382,pandas-dev/pandas,PERF: cache BlockManager.get_dtypes() result,Performance;Internals,closed,2026-04-27T20:07:48+00:00,2026-07-14T16:22:58+00:00,jbrockmendel,77.84,False
65381,pandas-dev/pandas,PERF: Replace dateutil-based parser fallback with a regex-based parser in tslibs.parsing,Datetime;Performance;API Design;Needs Discussion,open,2026-04-27T17:29:35+00:00,,,,
65380,pandas-dev/pandas,PERF: skip to_datetime cache=True overhead for input shapes where it cannot help,Datetime;Performance,closed,2026-04-27T17:21:00+00:00,2026-05-08T21:18:28+00:00,jbrockmendel,11.16,False
65375,pandas-dev/pandas,BUG:  Index `&` operator performs bitwise AND instead of set intersection for int64 dtype in v2.2.3,Usage Question,closed,2026-04-27T03:50:22+00:00,2026-04-27T10:44:28+00:00,jorisvandenbossche,0.29,False
65373,pandas-dev/pandas,"BUG: nansem with mask + skipna + axis={0,1} returns scalar np.nan instead of array of np.nan",Bug;Reduction Operations,closed,2026-04-26T14:48:36+00:00,2026-08-29T17:59:41+00:00,jbrockmendel,125.13,False
65369,pandas-dev/pandas,"DOC: `to_numeric` ""Returns"" is missing Index and scalars, may have other problems",Docs;Dtype Conversions,closed,2026-04-25T23:30:58+00:00,2026-05-05T21:32:51+00:00,rhshadrach,9.92,False
65361,pandas-dev/pandas,ENH: Introduce SECURITY.md,Enhancement;CI,closed,2026-04-24T15:03:57+00:00,2026-04-28T21:35:06+00:00,fangchenli,4.27,False
65357,pandas-dev/pandas,"BUG: df.query() returning an empty dataframe on this condition - col1 in (col2, col3)",Bug;expressions,closed,2026-04-24T08:53:11+00:00,2026-05-03T13:50:53+00:00,rhshadrach,9.21,False
65345,pandas-dev/pandas,"BUG: interpolate(method=""linear"", limit_direction=""forward"") leaves NAs unchanged for pyarrow dtype",Bug;Missing-data;Regression;Arrow,open,2026-04-23T12:34:36+00:00,,,,
65333,pandas-dev/pandas,BUG: Series.combine_first fails when names are of type Timestamp,Bug;Timestamp;combine/combine_first/update,closed,2026-04-22T14:13:57+00:00,2026-05-03T13:22:26+00:00,rhshadrach,10.96,False
65326,pandas-dev/pandas,API/BUG: .loc tuple ambiguity with MultiIndex when nlevels == ndim,Indexing;API Design;MultiIndex,open,2026-04-21T23:57:48+00:00,,,,
65324,pandas-dev/pandas,"MultiIndex: inconsistent 'mixed depth' squeezing behavior across axes, NA types, and operations",API Design;MultiIndex;Needs Discussion,open,2026-04-21T23:46:38+00:00,,,,
65320,pandas-dev/pandas,ENH: `df.duplicated()` default behavior should default to tagging all duplicates as `True`,Docs;API Design;duplicated;Change Default Keyword/Option Request,closed,2026-04-21T19:02:42+00:00,2026-06-30T02:47:58+00:00,jbrockmendel,69.32,False
65315,pandas-dev/pandas,BUG: DataFrame/Series.rename silently downcasts nullable index/column dtypes to NumPy dtypes,Bug;ExtensionArray;Index,closed,2026-04-21T02:26:55+00:00,2026-04-29T08:29:56+00:00,jorisvandenbossche,8.25,False
65308,pandas-dev/pandas,BUG: pyarrow engine timestamp conversion fails when doing pd.read_csv,Usage Question,open,2026-04-20T08:00:08+00:00,,,,
65252,pandas-dev/pandas,BUILD: Fails with meson 1.11.0,Build;Upstream issue,closed,2026-04-15T12:16:39+00:00,2026-06-18T21:37:18+00:00,rhshadrach,64.39,False
65249,pandas-dev/pandas,ENH: pd.crosstab with normalize='index' and margins=True drops the marginal 'Total' column.,Enhancement;Reshaping;Needs Discussion;Needs Info,closed,2026-04-15T01:04:20+00:00,2026-07-21T20:28:03+00:00,rhshadrach,97.81,False
65237,pandas-dev/pandas,"BUG: read_csv() into FloatingArrays converts np.nan into pd.NA, even with distinguish_nan_and_na=True",Bug;IO CSV;NA - MaskedArrays,open,2026-04-14T22:29:44+00:00,,,,
65227,pandas-dev/pandas,"BUG: [REGRESSION] to_csv cannot handle FloatingArrays with np.nan, even with distinguish_nan_and_na=True",Bug;IO CSV;NA - MaskedArrays,closed,2026-04-14T21:35:19+00:00,2026-04-21T15:51:08+00:00,jorisvandenbossche,6.76,False
65226,pandas-dev/pandas,CI regression: Doc Build and pre-commit jobs failing across multiple PRs,,closed,2026-04-14T18:16:16+00:00,2026-04-15T15:54:57+00:00,jbrockmendel,0.9,False
65223,pandas-dev/pandas,BUG: 1-element pd.NA boolean arrays are all() but not any(),Missing-data;Usage Question,closed,2026-04-14T16:34:06+00:00,2026-04-14T21:19:26+00:00,rhshadrach,0.2,False
65220,pandas-dev/pandas,BUG: `operation 'add' not supported for dtype 'string[pyarrow]' with dtype 'str'`,Bug;Numeric Operations;Strings,closed,2026-04-14T09:45:48+00:00,2026-04-16T19:35:14+00:00,mroeschke,2.41,False
65218,pandas-dev/pandas,"BUG: `DataFrame.agg([...], numeric_only=True)` returns `NaN` for non-numeric columns instead of excluding them",Bug;Apply,closed,2026-04-13T23:48:06+00:00,2026-04-30T01:35:36+00:00,jbrockmendel,16.07,False
65213,pandas-dev/pandas,BUILD: meson.build fails in Pandas 2.3.1 as of earlier today due to meson 1.11 update,Build,closed,2026-04-13T18:49:19+00:00,2026-04-13T22:23:31+00:00,Alvaro-Kothe,0.15,False
65210,pandas-dev/pandas,API: Index.take discards fill_value and raises unnecessarily,Bug;Index,closed,2026-04-13T17:28:10+00:00,2026-04-27T20:54:18+00:00,jorisvandenbossche,14.14,False
65190,pandas-dev/pandas,ENH: Simplify reading vertically stacked CSV tables,Enhancement;IO CSV;Closing Candidate,closed,2026-04-12T13:48:48+00:00,2026-04-12T14:46:38+00:00,jbrockmendel,0.04,False
65160,pandas-dev/pandas,PERF: Specify `how` when calling `merge._factorize_keys` when possible,Performance;Reshaping,closed,2026-04-10T22:35:32+00:00,2026-04-29T00:18:17+00:00,rhshadrach,18.07,False
65150,pandas-dev/pandas,BUG: pd.to_timedelta ignores unit value for certain float values,Regression;Timedelta;Non-Nano,closed,2026-04-10T13:25:48+00:00,2026-04-20T20:20:40+00:00,jbrockmendel,10.29,False
65140,pandas-dev/pandas,"BUG: `groupby(..., as_index=False)[col].ohlc()` returns group keys in the index",Bug;Groupby,closed,2026-04-09T22:54:16+00:00,2026-04-10T22:33:21+00:00,rhshadrach,0.99,False
65122,pandas-dev/pandas,ENH: Add DataFrame.memory_report() for actionable dtype optimization suggestions,Enhancement;Closing Candidate;Describe/info/etc,closed,2026-04-08T14:35:08+00:00,2026-04-09T18:23:29+00:00,mroeschke,1.16,False
65118,pandas-dev/pandas,BUG: Regression - `df[key] = df[key] / x` silently drops assignment on MultiIndex columns with mixed-dtype level and single sub-column,Indexing;Regression;MultiIndex,closed,2026-04-08T09:25:52+00:00,2026-06-27T23:46:14+00:00,jorisvandenbossche,80.6,False
65112,pandas-dev/pandas,BUG: Regression when using `.str[...]` accessor on `ArrowExtensionArray`,Bug;Regression;Strings;Arrow,closed,2026-04-07T14:03:36+00:00,2026-06-01T21:40:14+00:00,rhshadrach,55.32,False
65100,pandas-dev/pandas,BUG: `GroupBy.any()`/`all()` on NumPy `bool` columns return `NaN` for empty groups and upcast to `float64` instead of `bool`,Bug;Groupby;Categorical,closed,2026-04-06T19:36:19+00:00,2026-04-07T13:29:33+00:00,rhshadrach,0.75,False
65068,pandas-dev/pandas,DOC: Typo in the webpage docs/getting_started/intro_tutorials/09_timeseries.html,Docs;Needs Triage,closed,2026-04-04T13:38:42+00:00,2026-04-04T16:54:35+00:00,mroeschke,0.14,False
65065,pandas-dev/pandas,"BUG: ADBCDatabase does not escape SQL identifiers in delete_rows, read_table, and to_sql",Bug;Needs Triage,closed,2026-04-04T07:20:54+00:00,2026-06-27T19:28:31+00:00,jorisvandenbossche,84.51,False
65062,pandas-dev/pandas,DOC: Reading issue in dark mode,Docs;Needs Triage,closed,2026-04-04T03:36:42+00:00,2026-08-01T16:52:36+00:00,rhshadrach,119.55,False
65050,pandas-dev/pandas,DOC: Clarify rolling window behavior with negative offset strings and froward rolling windows,Docs;Window,open,2026-04-03T10:24:35+00:00,,,,
65047,pandas-dev/pandas,ENH/BUG: Utilize `_values_for_json` in `Series.to_json`,Enhancement;IO JSON,closed,2026-04-03T03:26:47+00:00,2026-05-28T13:23:18+00:00,jorisvandenbossche,55.41,False
65034,pandas-dev/pandas,BUG: `dtype_backend='pyarrow'` doesn't work for all types,Bug;Arrow,open,2026-04-02T21:03:12+00:00,,,,
65003,pandas-dev/pandas,"PERF: DataFrame row-wise .loc assignment is much slower with string_storage=""pyarrow"" than ""python""",Performance;Arrow;setitem-with-expansion,closed,2026-04-02T13:05:00+00:00,2026-04-09T18:14:22+00:00,mroeschke,7.21,False
65000,pandas-dev/pandas,"BUG: `na_rep=""""` in `DataFrame.to_csv` not applied consistently",Bug;Needs Triage,closed,2026-04-02T08:41:22+00:00,2026-04-02T09:30:29+00:00,toby-coleman,0.03,True
64994,pandas-dev/pandas,DOC: Clarify Series index alignment in DataFrame.assign,Docs;Needs Triage,closed,2026-04-01T21:50:14+00:00,2026-05-06T16:50:51+00:00,jbrockmendel,34.79,False
64980,pandas-dev/pandas,BUG: unintended side-effect of colorbar in plot(),Bug;Visualization;Needs Triage,open,2026-04-01T13:34:29+00:00,,,,
64979,pandas-dev/pandas,Consider hardening XMLParser configuration in read_xml (XXE risk with untrusted input),IO XML,open,2026-04-01T13:22:57+00:00,,,,
64978,pandas-dev/pandas,BUG: read_parquet fails with tz aware data,Bug;Timezones;IO Parquet,closed,2026-04-01T12:19:42+00:00,2026-04-10T16:56:19+00:00,mroeschke,9.19,False
64977,pandas-dev/pandas,BUG: AttributeError: 'StringArray' object has no attribute 'sort',Bug;ExtensionArray - New Method Request,closed,2026-04-01T09:08:02+00:00,2026-06-10T22:13:30+00:00,jbrockmendel,70.55,False
64969,pandas-dev/pandas,BUG: dtype check fails for `object` due to being `NumpyEADtype` in `frame.to_series`,Bug;Needs Triage,open,2026-03-31T18:59:03+00:00,,,,
64968,pandas-dev/pandas,BUG: pyarrow-backed string dtype addition with missing value scalar fails,Bug;Strings;Arrow,closed,2026-03-31T18:52:08+00:00,2026-04-16T12:59:01+00:00,jorisvandenbossche,15.75,False
64941,pandas-dev/pandas,"BUG: `str.replace("""", """")` sometimes hangs up the console",Bug;Strings;Arrow,closed,2026-03-31T08:45:09+00:00,2026-04-28T15:12:09+00:00,jorisvandenbossche,28.27,False
64938,pandas-dev/pandas,DEPR: PeriodIndex.is_full,Period;Deprecate,closed,2026-03-30T21:49:27+00:00,2026-08-02T00:26:27+00:00,jbrockmendel,124.11,False
64915,pandas-dev/pandas,ENH: Recursive Struct Explode,Enhancement;Reshaping;Needs Discussion,open,2026-03-29T20:14:10+00:00,,,,
64910,pandas-dev/pandas,DOC:  Arrow Series Accessor,Docs;Arrow;Accessors,closed,2026-03-28T18:09:19+00:00,2026-07-07T16:40:16+00:00,jbrockmendel,100.94,False
64889,pandas-dev/pandas,BUG: `Index(ArrowExtensionArray(...))` cannot be `get_indexer`ed,Bug;Indexing;Nested Data;Arrow,open,2026-03-27T12:06:13+00:00,,,,
64888,pandas-dev/pandas,BUILD: Update Pandas on Skills Network,Build;Needs Triage,closed,2026-03-27T08:33:54+00:00,2026-03-27T15:46:50+00:00,mroeschke,0.3,False
64885,pandas-dev/pandas,CI: Increased instability in Github Actions,CI,open,2026-03-26T20:28:52+00:00,,,,
64884,pandas-dev/pandas,Discussion: SIMD strategy for pandas C/C++ code,Build;Performance;Needs Discussion;Closing Candidate,closed,2026-03-26T18:02:38+00:00,2026-07-07T16:43:11+00:00,jbrockmendel,102.94,False
64883,pandas-dev/pandas,PERF: sort_index on RangeIndex with level= copies data blocks unnecessarily,Performance,closed,2026-03-26T17:52:58+00:00,2026-04-21T17:14:58+00:00,mroeschke,25.97,False
64872,pandas-dev/pandas,BUG: `str.replace` inconsistency between `pyarrow` and `python` types,Bug;Strings;Arrow,open,2026-03-26T02:00:45+00:00,,,,
64866,pandas-dev/pandas,DOC: bool vs int in object-dtype methods,Docs,closed,2026-03-26T00:39:12+00:00,2026-04-16T19:38:15+00:00,jbrockmendel,21.79,False
64847,pandas-dev/pandas,CI: Migrate Conda/Mamba usage in CI with Pixi,CI,open,2026-03-25T23:25:03+00:00,,,,
64844,pandas-dev/pandas,BUG: numpy array type is not being respected in `Index` constructor,Docs;Usage Question;Constructors,closed,2026-03-25T18:13:15+00:00,2026-05-13T17:35:47+00:00,jbrockmendel,48.97,False
64841,pandas-dev/pandas,"ENH: add method=""time"" to .reindex() to interpolate timeseries to different DatetimeIndex",Enhancement;Needs Triage,closed,2026-03-25T16:03:22+00:00,2026-03-25T22:36:49+00:00,veenstrajelmer,0.27,True
64834,pandas-dev/pandas,BUG: bdate_range returns one less days when end and periods are given,Regression;Frequency,closed,2026-03-24T23:44:58+00:00,2026-04-24T08:37:16+00:00,jorisvandenbossche,30.37,False
64828,pandas-dev/pandas,BUG: Timedelta.round() raises ZeroDivisionError when internal unit is 's' and target frequency is sub-second,Regression;Timedelta;Non-Nano,closed,2026-03-24T19:00:20+00:00,2026-04-10T17:36:04+00:00,jbrockmendel,16.94,False
64825,pandas-dev/pandas,BUG: concatenating Series with overlapping Interval names fails,Bug;Reshaping;Interval,closed,2026-03-24T13:12:06+00:00,2026-06-26T22:54:27+00:00,jbrockmendel,94.4,False
64824,pandas-dev/pandas,BUG: inconsistent behaviour of min_rows and max_rows in dataframe to_string in pd 3.0.1,Bug;Output-Formatting,open,2026-03-24T11:18:29+00:00,,,,
64819,pandas-dev/pandas,BUG: DataFrames with backwards time index cannot be plotted,Visualization;Regression,closed,2026-03-24T05:16:52+00:00,2026-03-31T17:26:24+00:00,mroeschke,7.51,False
64750,pandas-dev/pandas,DOC: `[source]` links are incorrect,Docs,closed,2026-03-21T15:43:10+00:00,2026-03-31T10:03:13+00:00,jorisvandenbossche,9.76,False
64749,pandas-dev/pandas,BUG: can no longer use `__getitem__` on `np.True_` column with `True`,Indexing;Regression,closed,2026-03-21T14:49:46+00:00,2026-03-26T00:37:42+00:00,mroeschke,4.41,False
64747,pandas-dev/pandas,QST: كيف احصل على بيانات الاسهم من ياهو فايننس على اكسل,Usage Question;Needs Triage,closed,2026-03-21T10:31:04+00:00,2026-03-21T21:12:16+00:00,jbrockmendel,0.45,False
64744,pandas-dev/pandas,Pandas dataframe does not initialize,Bug;Needs Triage,closed,2026-03-21T00:21:45+00:00,2026-03-21T15:53:53+00:00,mroeschke,0.65,False
64738,pandas-dev/pandas,ENH: Add coerce errors functionality to pandas.Series.apply,Enhancement;Apply;Closing Candidate,closed,2026-03-20T14:21:34+00:00,2026-03-20T15:58:12+00:00,mroeschke,0.07,False
64737,pandas-dev/pandas,BUG: case_when() does return default string type,Bug;Dtype Conversions;Conditionals,closed,2026-03-20T11:44:33+00:00,2026-03-20T12:30:57+00:00,rhshadrach,0.03,False
64733,pandas-dev/pandas,ENH: Make NaN repr for `Index` match `Series/DataFrame`,Output-Formatting,open,2026-03-20T00:27:07+00:00,,,,
64730,pandas-dev/pandas,BLD|CI: Failing to Build Wheels on macosx_x86_64,,closed,2026-03-19T22:43:08+00:00,2026-03-20T17:51:30+00:00,Alvaro-Kothe,0.8,False
64713,pandas-dev/pandas,BUG:,Bug;Needs Triage,closed,2026-03-19T15:04:13+00:00,2026-03-19T15:45:29+00:00,mvdven1991,0.03,True
64711,pandas-dev/pandas,BUG: No longer possible to assign `attrs` to pandas column,Docs;metadata;Copy / view semantics,closed,2026-03-19T13:52:12+00:00,2026-07-20T18:16:31+00:00,jbrockmendel,123.18,False
64707,pandas-dev/pandas,DIST: Include Vendored Licenses in Wheel,,closed,2026-03-19T12:39:33+00:00,2026-03-20T18:32:39+00:00,mroeschke,1.25,False
64704,pandas-dev/pandas,convert_dtypes corrupts column shape on sliced DataFrame with mixed dtypes,,closed,2026-03-19T11:29:46+00:00,2026-03-19T16:50:12+00:00,jorisvandenbossche,0.22,False
64703,pandas-dev/pandas,Hosting of the pandas website and documentation,Docs;Needs Discussion;Web,open,2026-03-19T10:39:08+00:00,,,,
64702,pandas-dev/pandas,BUG: Wrong dataframe data after `convert_dtypes`,Bug;Dtype Conversions;Strings;Arrow,closed,2026-03-19T10:11:31+00:00,2026-03-21T02:55:33+00:00,jbrockmendel,1.7,False
64681,pandas-dev/pandas,DOC: incomplete sentence in Styler docstring,Docs,closed,2026-03-18T08:59:15+00:00,2026-03-20T01:20:25+00:00,jbrockmendel,1.68,False
64663,pandas-dev/pandas,BUG: to_typst creates empty cells for hidden items,Bug;Styler,open,2026-03-17T19:21:17+00:00,,,,
64657,pandas-dev/pandas,BUG: DataFrame.sum() crashes on empty DataFrame with string + numeric columns,Bug;Regression;Strings,closed,2026-03-17T14:37:56+00:00,2026-03-30T14:54:43+00:00,jorisvandenbossche,13.01,False
64656,pandas-dev/pandas,BUG:,Bug;Needs Triage,closed,2026-03-17T14:35:16+00:00,2026-03-17T14:36:02+00:00,fadi-auguria,0.0,True
64655,pandas-dev/pandas,"BUG: C engine of `read_csv` converts `1 ,` to an integer",Bug;Regression;IO CSV,closed,2026-03-17T13:56:52+00:00,2026-04-28T13:27:41+00:00,jorisvandenbossche,41.98,False
64650,pandas-dev/pandas,DOC: Creating a development environment - update to Step 1: install a C Compiler,Docs,closed,2026-03-17T06:25:18+00:00,2026-06-21T15:42:31+00:00,jbrockmendel,96.39,False
64635,pandas-dev/pandas,BUG: mask(inplace=True) gives where() results in EA recursive path,,closed,2026-03-16T21:28:09+00:00,2026-03-26T14:56:42+00:00,jbrockmendel,9.73,False
64633,pandas-dev/pandas,DOC: missing redirect for moved docs,Docs,closed,2026-03-16T20:02:08+00:00,2026-03-17T08:10:53+00:00,jorisvandenbossche,0.51,False
64627,pandas-dev/pandas,ENH: Proposal for pd.col() for multi-column and regex column selection,Enhancement;Needs Discussion;expressions,closed,2026-03-16T12:21:50+00:00,2026-03-17T07:01:31+00:00,lukhi-laksh,0.78,True
64622,pandas-dev/pandas,BUG/DOC: Migration User Guide is missing (404),Docs,closed,2026-03-15T22:33:19+00:00,2026-04-16T15:35:33+00:00,jorisvandenbossche,31.71,False
64604,pandas-dev/pandas,BUG: Need to be able to specify location of legacy files for tests,Bug;Testing;IO HDF5;Needs Info,closed,2026-03-15T16:29:06+00:00,2026-04-16T19:48:07+00:00,jbrockmendel,32.14,False
64597,pandas-dev/pandas,"Deprecate `engine=""fastparquet""` in `pd.read_parquet`",Deprecate;Dependencies,closed,2026-03-14T18:29:25+00:00,2026-03-26T18:54:04+00:00,mroeschke,12.02,False
64588,pandas-dev/pandas,ENH: pd.interpolate() add skip interpolation when gap exceeds limit.,Enhancement;Missing-data;Needs Discussion,open,2026-03-14T00:32:10+00:00,,,,
64584,pandas-dev/pandas,DOC: HTTP 522 when trying to load Pandas documentation website,Docs,closed,2026-03-13T15:57:35+00:00,2026-03-18T14:55:07+00:00,jorisvandenbossche,4.96,False
64578,pandas-dev/pandas,BUG: constructing string ArrowExtensionArray with NaNs fails,Bug;Arrow,open,2026-03-13T07:56:35+00:00,,,,
64560,pandas-dev/pandas,API: how to treat numpy string dtype (and aliases) as dtype argument in constructors?,API Design;Strings;Needs Discussion,open,2026-03-12T15:41:45+00:00,,,,
64555,pandas-dev/pandas,PERF: dates.apply(lambda x: 100 * x.year + x.month) in Stata writer can be vectorized,Performance;IO Stata,closed,2026-03-12T06:01:52+00:00,2026-03-19T09:13:45+00:00,jorisvandenbossche,7.13,False
64546,pandas-dev/pandas,BUG: Plotting with duplicate column names gives misleading error,Bug;Visualization,closed,2026-03-12T01:06:31+00:00,2026-03-22T18:41:07+00:00,jbrockmendel,10.73,False
64528,pandas-dev/pandas,ENH: Check type of objects in assert_series_equal,Enhancement;Testing;Needs Discussion,open,2026-03-11T11:35:37+00:00,,,,
64524,pandas-dev/pandas,BUG: `read_html` parses nested table incorrectly when using `html5lib` or `bs4` flavors,Bug;IO HTML,closed,2026-03-11T06:36:03+00:00,2026-04-26T13:07:09+00:00,rhshadrach,46.27,False
64511,pandas-dev/pandas,BUG: Assigning pd.NA to ArrowStringArray after 3-way slice concat silently corrupts other rows,Bug;Duplicate Report;Strings;Arrow,closed,2026-03-10T21:31:44+00:00,2026-03-11T10:48:12+00:00,jorisvandenbossche,0.55,False
64460,pandas-dev/pandas,DEPR: deprecate set_eng_float_format,Output-Formatting;Deprecate;Needs Discussion,closed,2026-03-07T22:42:00+00:00,2026-04-18T17:04:18+00:00,mroeschke,41.77,False
64458,pandas-dev/pandas,"DOC: Fix incorrect Sphinx cross references in older, whatsnew restructred text files.",Docs,closed,2026-03-07T19:42:11+00:00,2026-03-21T16:40:04+00:00,mroeschke,13.87,False
64454,pandas-dev/pandas,Add ARM64 (AArch64) benchmark coverage (ASV runner) to monitor perf regressions and gaps (incl. Kunpeng),Performance;Benchmark,open,2026-03-07T16:24:36+00:00,,,,
64450,pandas-dev/pandas,API: Add reduction methods to ExtensionArray subclasses,API Design;ExtensionArray,closed,2026-03-07T12:42:02+00:00,2026-07-12T16:17:53+00:00,rhshadrach,127.15,False
64446,pandas-dev/pandas,DOC: Public APIs missing from the API reference documentation,Docs;Needs Triage,closed,2026-03-07T07:05:59+00:00,2026-03-07T18:45:56+00:00,mroeschke,0.49,False
64429,pandas-dev/pandas,PERF: Avoid intermediate `ndarray[object]` array when constructing a pyarrow-backed string data from untyped data,Performance;Strings;Arrow,open,2026-03-06T17:53:26+00:00,,,,
64428,pandas-dev/pandas,BUG: `DataFrame.div()` ignores `axis`,Bug;Numeric Operations,closed,2026-03-06T17:37:05+00:00,2026-03-16T11:20:57+00:00,rhshadrach,9.74,False
64426,pandas-dev/pandas,Double braces used in docs in `read_csv`,,closed,2026-03-06T16:36:01+00:00,2026-03-06T16:37:07+00:00,Dr-Irv,0.0,True
64419,pandas-dev/pandas,DOC: rendering bug - `{{ }}` shown instead of `{ }` across API documentation,Docs,closed,2026-03-06T10:47:10+00:00,2026-03-06T21:48:22+00:00,rhshadrach,0.46,False
64395,pandas-dev/pandas,DEPR: float_precision in read_csv,IO CSV;Deprecate;Needs Discussion,closed,2026-03-05T02:22:04+00:00,2026-03-26T18:05:17+00:00,mroeschke,21.66,False
64394,pandas-dev/pandas,DOC: Example of a `dict` for the `dtype` argument is wrong,Docs,closed,2026-03-04T20:36:43+00:00,2026-03-06T14:27:39+00:00,jorisvandenbossche,1.74,False
64393,pandas-dev/pandas,BUG: error when summing string to `pa.large_string`-backed Series,Bug;Numeric Operations;Strings;Arrow,closed,2026-03-04T15:21:11+00:00,2026-04-24T02:14:35+00:00,jbrockmendel,50.45,False
64391,pandas-dev/pandas,BUG: `eval` not working with string containment,Bug;expressions,open,2026-03-04T13:30:13+00:00,,,,
64383,pandas-dev/pandas,BUG: DataFrame.sort_index does fails with `AssertionError`,Bug;Sorting,closed,2026-03-03T13:14:42+00:00,2026-03-26T16:51:07+00:00,jbrockmendel,23.15,False
64381,pandas-dev/pandas,DOC: Typo in Cheatsheet regarding df.dtypes,Docs,closed,2026-03-03T10:14:05+00:00,2026-03-09T16:57:28+00:00,mroeschke,6.28,False
64363,pandas-dev/pandas,PERF: datetime index getters functions are 10 times slower with ZoneInfo vs pytz timezone,Datetime;Performance,closed,2026-03-02T13:34:04+00:00,2026-05-06T08:45:13+00:00,jorisvandenbossche,64.8,False
64349,pandas-dev/pandas,BUG: large memory allocation when attempting to convert an int/float dict of arrays into dataframe,Arrow,closed,2026-02-28T20:40:33+00:00,2026-03-03T15:02:40+00:00,ikrommyd,2.77,True
64345,pandas-dev/pandas,DISC: pd.option_context thread-safety,Multithreading,open,2026-02-28T03:12:45+00:00,,,,
64337,pandas-dev/pandas,BUG: Dataframe.to_sql() overrides registered date and time converters in SQLite,Bug;IO SQL,open,2026-02-27T12:20:59+00:00,,,,
64322,pandas-dev/pandas,"BUG: Regression with interpolate: ""ValueError: window shape cannot be larger than input array shape""",Missing-data;Regression,closed,2026-02-26T14:31:28+00:00,2026-03-06T14:31:52+00:00,jorisvandenbossche,8.0,False
64320,pandas-dev/pandas,"BUG: Assigning pd.NA to StringDtype column causes ""Unknown error: Wrapping .. failed"" after pd.concat with PyArrow",Bug;Strings;Arrow,closed,2026-02-26T11:00:23+00:00,2026-03-11T10:12:34+00:00,jorisvandenbossche,12.97,False
64315,pandas-dev/pandas,Test Issue from API,,closed,2026-02-26T01:52:02+00:00,2026-02-26T12:36:20+00:00,jorisvandenbossche,0.45,False
64314,pandas-dev/pandas,Test Issue from API,,closed,2026-02-26T01:50:10+00:00,2026-02-26T12:34:09+00:00,jorisvandenbossche,0.45,False
64313,pandas-dev/pandas,Test Issue from API,,closed,2026-02-26T01:49:47+00:00,2026-02-26T12:34:01+00:00,jorisvandenbossche,0.45,False
64312,pandas-dev/pandas,Test Issue from API,,closed,2026-02-26T01:49:30+00:00,2026-02-26T12:33:54+00:00,jorisvandenbossche,0.45,False
64310,pandas-dev/pandas,BUG: HDFStore.select(where=...) silently returns empty DataFrame with datetime64[us] index,Regression;IO HDF5;Non-Nano,closed,2026-02-25T20:24:11+00:00,2026-02-27T14:40:10+00:00,jorisvandenbossche,1.76,False
64308,pandas-dev/pandas,ENH: add Expression for index,Enhancement;Needs Discussion;expressions,open,2026-02-25T15:36:35+00:00,,,,
64303,pandas-dev/pandas,PERF: DataFrame.describe() calls Series.reindex() N times instead of once,Performance;Describe/info/etc,closed,2026-02-25T07:22:50+00:00,2026-02-25T21:48:06+00:00,rhshadrach,0.6,False
64300,pandas-dev/pandas,ENH: Plotting support for ExtensionArrays,Enhancement;Visualization,open,2026-02-24T19:06:52+00:00,,,,
64298,pandas-dev/pandas,BUG: pandas discarding index when loading from parquet,Bug;IO Parquet;Closing Candidate;Upstream issue,open,2026-02-24T18:23:26+00:00,,,,
64297,pandas-dev/pandas,`IntervalDtype.__from_arrow__` raises a TypeError when subtype is a nullable ExtensionDtype,Bug;Interval;NA - MaskedArrays,open,2026-02-24T17:53:13+00:00,,,,
64281,pandas-dev/pandas,BUG: test_dt64arr_cmp_arraylike_invalid[tzlocal] fails on Windows,Bug;Needs Triage,closed,2026-02-23T08:35:59+00:00,2026-05-25T12:44:55+00:00,Aniketsy,91.17,True
64280,pandas-dev/pandas,BUG: pandas.array accepts multidimensional arguments,Bug;Error Reporting;Constructors,open,2026-02-23T01:54:05+00:00,,,,
64272,pandas-dev/pandas,BUILD: generate_version.py line ending breaks build (WSL),Build;Closing Candidate,closed,2026-02-22T00:58:39+00:00,2026-07-24T15:47:22+00:00,mroeschke,152.62,False
64271,pandas-dev/pandas,BUG: `generate_version.py` line ending breaks build (WSL),Bug;Needs Triage,closed,2026-02-22T00:56:05+00:00,2026-02-22T00:57:59+00:00,yushiyangk,0.0,True
64267,pandas-dev/pandas,BUG: Error message when using pd.col() and power operator ** in new expression syntax,Bug;expressions,closed,2026-02-21T19:06:04+00:00,2026-02-23T17:47:44+00:00,mroeschke,1.95,False
64266,pandas-dev/pandas,ENH: Methods to potentially change for future.python_scalars,Enhancement;Needs Discussion;python_scalars,open,2026-02-21T18:48:13+00:00,,,,
64263,pandas-dev/pandas,Suggestion: link a RAG / LLM debugging checklist (WFGY Problem Map) in the docs,Enhancement;Closing Candidate,closed,2026-02-21T15:25:23+00:00,2026-02-21T21:37:07+00:00,mroeschke,0.26,False
64255,pandas-dev/pandas,ENH: `series.argsort(stable=True)` currently does nothing,Bug;Series;Sorting,open,2026-02-20T18:01:56+00:00,,,,
64253,pandas-dev/pandas,BUG: The order of items in `pd.concat` matters for the resulting `.index.freq`.,Bug;Reshaping;Frequency,open,2026-02-20T11:45:45+00:00,,,,
64252,pandas-dev/pandas,BUG: inconsitant parsing of dates with us to ns resolution,Bug;Datetime,open,2026-02-20T11:03:03+00:00,,,,
64250,pandas-dev/pandas,PERF: object-dtype iloc setitem with datetimelike list-like indexers is slow on large arrays,Datetime;Indexing;Performance,closed,2026-02-20T07:36:39+00:00,2026-04-10T15:27:41+00:00,jbrockmendel,49.33,False
64249,pandas-dev/pandas,PERF: object-dtype iloc setitem with datetimelike list-like indexers is slow on large arrays,,closed,2026-02-20T07:26:48+00:00,2026-02-20T07:33:09+00:00,SC-Dylan,0.0,True
64241,pandas-dev/pandas,API: PeriodIndex(dt64_data) depends on container for data,Period;Needs Discussion;API - Consistency,closed,2026-02-19T16:00:01+00:00,2026-06-19T21:15:06+00:00,jbrockmendel,120.22,False
64240,pandas-dev/pandas,BUG: Inconsistent handling of offsets in `to_timedelta`,Bug;Needs Triage,closed,2026-02-19T15:56:21+00:00,2026-03-28T17:31:22+00:00,jbrockmendel,37.07,False
64239,pandas-dev/pandas,BUG: convert_dtypes does not correctly set the storage in the dtype repr,Bug;Dtype Conversions;Closing Candidate;Arrow,open,2026-02-19T15:26:10+00:00,,,,
64238,pandas-dev/pandas,"BUG: convert_dtype with dtype_backend=""numpy_nullable"" return an object with pyarrow storage",Bug;Dtype Conversions;Needs Discussion;Arrow,open,2026-02-19T15:20:53+00:00,,,,
64229,pandas-dev/pandas,PERF: loc/iloc setitem with list-of-lists unnecessarily round-trips through object array,Performance;Needs Triage,closed,2026-02-18T19:00:58+00:00,2026-03-26T00:18:27+00:00,jbrockmendel,35.22,False
64227,pandas-dev/pandas,API: PeriodArray._from_sequence(ints),Period;Needs Discussion;API - Consistency,closed,2026-02-18T16:41:19+00:00,2026-08-07T21:20:37+00:00,jbrockmendel,170.19,False
64224,pandas-dev/pandas,DOC: wrong source link for `pandas.DataFrame` because of __module__ changes,Docs;Regression,closed,2026-02-18T15:12:07+00:00,2026-04-30T08:39:19+00:00,jorisvandenbossche,70.73,False
64223,pandas-dev/pandas,DOC: source links not working: 404 on GitHub,Docs,closed,2026-02-18T15:01:12+00:00,2026-03-06T17:05:08+00:00,jorisvandenbossche,16.09,False
64219,pandas-dev/pandas,DOC: Pandas 3.0 blogpost has invalid str migration link,Docs;Needs Triage,closed,2026-02-18T11:24:28+00:00,2026-02-18T15:46:37+00:00,jorisvandenbossche,0.18,False
64214,pandas-dev/pandas,DOC: Clarify deprecation and removal of Substitution and Appender classes,Docs;Deprecate;Closing Candidate,closed,2026-02-18T06:43:40+00:00,2026-02-18T18:04:17+00:00,mroeschke,0.47,False
64208,pandas-dev/pandas,BUG: test_assignment_not_inplace incorrectly xfailed due to wrong assertion,Bug;Testing,closed,2026-02-17T22:18:15+00:00,2026-02-18T21:58:55+00:00,jbrockmendel,0.99,False
64207,pandas-dev/pandas,DEPR: Offset.name,Deprecate,closed,2026-02-17T21:34:42+00:00,2026-02-28T19:40:28+00:00,jbrockmendel,10.92,False
64198,pandas-dev/pandas,BUG:  `read_excel` with `usecols` still mangles column names when duplicates exist elsewhere in spreadsheet,Bug;IO Excel,open,2026-02-17T16:41:52+00:00,,,,
64196,pandas-dev/pandas,BUG: For `infer_dtype` `skipna` is ignored for Period / Interval,Bug,open,2026-02-17T15:32:58+00:00,,,,
64192,pandas-dev/pandas,DOC: Version 3.0.0 has does not mention deprecation of non-keyword agruments in to_excel,Docs;Needs Triage,closed,2026-02-17T14:26:57+00:00,2026-02-18T04:26:29+00:00,afeld,0.58,True
64188,pandas-dev/pandas,BUG: normalize_json no longer supports top-level missing entries,Bug;IO JSON,closed,2026-02-17T13:07:23+00:00,2026-03-25T09:03:42+00:00,jorisvandenbossche,35.83,False
64184,pandas-dev/pandas,BUG: Inconsistent number conversion with leading zeros in to_numeric(),Bug;Dtype Conversions,closed,2026-02-17T11:02:28+00:00,2026-08-31T21:24:00+00:00,jbrockmendel,195.43,False
64180,pandas-dev/pandas,BUG: to_hdf on dataframe with string column failing with compression,Bug;IO HDF5;Strings,closed,2026-02-17T07:57:56+00:00,2026-03-26T19:30:44+00:00,jbrockmendel,37.48,False
64174,pandas-dev/pandas,"DEPR: Period ""freq"" -> ""unit""",Period;Deprecate;Needs Discussion,open,2026-02-16T22:07:19+00:00,,,,
64173,pandas-dev/pandas,API: Period subtraction,API Design;Numeric Operations;Timedelta;Period,open,2026-02-16T21:44:54+00:00,,,,
64172,pandas-dev/pandas,DOC: Redundant and misspelled command in docs,Docs,closed,2026-02-16T21:42:18+00:00,2026-02-17T08:39:45+00:00,jorisvandenbossche,0.46,False
64152,pandas-dev/pandas,QST: Understanding list-like functions in transform and apply command in pandas,Deprecate;Needs Discussion;Apply,open,2026-02-14T18:35:59+00:00,,,,
64150,pandas-dev/pandas,"BUG: DataFrame.unstack(0, sort=False) creates fake column names",Bug;Reshaping,open,2026-02-14T18:01:14+00:00,,,,
64146,pandas-dev/pandas,PERF: `DataFrame.merge(sort=False)` slow for unsorted single-key integer joins when other side is sorted/unique and range-like,Performance;Needs Triage,closed,2026-02-14T16:31:00+00:00,2026-04-04T00:08:53+00:00,jbrockmendel,48.32,False
64144,pandas-dev/pandas,DOC:  Improve description on Series.case_when,Docs;Needs Triage,closed,2026-02-14T16:17:57+00:00,2026-04-04T21:09:12+00:00,jbrockmendel,49.2,False
64141,pandas-dev/pandas,Not needed RuntimeWarning in to_datetime from dataframe with missing values,Datetime;Warnings,closed,2026-02-14T15:10:46+00:00,2026-03-06T22:11:10+00:00,jbrockmendel,20.29,False
64129,pandas-dev/pandas,BUG: unique().item() query no longer possible since unique() method no longer returns array,Bug;Duplicate Report,closed,2026-02-13T00:33:43+00:00,2026-02-13T13:08:49+00:00,rhshadrach,0.52,False
64126,pandas-dev/pandas,PERF: Avoid drop_duplicates(keep=False) in DataFrame.__getitem__ for single-column access,Indexing;Performance,closed,2026-02-12T19:48:41+00:00,2026-02-16T19:14:27+00:00,mroeschke,3.98,False
64123,pandas-dev/pandas,BUG: Different result from str.find depending on dtype,Bug;Strings;Arrow,closed,2026-02-12T00:14:15+00:00,2026-03-30T13:37:35+00:00,jorisvandenbossche,46.56,False
64107,pandas-dev/pandas,API/BUG: support for operations with custom objects / object dtype,Numeric Operations,open,2026-02-10T16:36:57+00:00,,,,
64094,pandas-dev/pandas,DOC: explain the float_precision parameter,Docs;IO Data,closed,2026-02-09T15:33:58+00:00,2026-03-26T18:06:32+00:00,jbrockmendel,45.11,False
64074,pandas-dev/pandas,ENH: Nearest_in_time fill for time series data,Enhancement;Missing-data,open,2026-02-08T09:06:28+00:00,,,,
64070,pandas-dev/pandas,ENH: add `pd.col` to `pd.DataFrame.case_when`,Enhancement;expressions,closed,2026-02-08T03:15:41+00:00,2026-03-14T17:25:07+00:00,rhshadrach,34.59,False
64069,pandas-dev/pandas,"DOC: Broken external links in ""Debugging C extensions"" documentation",Docs;Needs Triage,closed,2026-02-07T16:57:51+00:00,2026-02-10T22:52:48+00:00,rhshadrach,3.25,False
64060,pandas-dev/pandas,"BUG: pandas 3.0.0 and pyarrow 21.0.0, pd.merge left join with 3 keys incorrectly matches a NaN key with a non-NaN value.",Bug;Arrow,closed,2026-02-07T06:05:21+00:00,2026-02-17T14:37:11+00:00,jorisvandenbossche,10.36,False
64056,pandas-dev/pandas,DOC: v2.3 source link goes to main branch,Docs,closed,2026-02-06T17:39:54+00:00,2026-02-11T08:17:50+00:00,jorisvandenbossche,4.61,False
64055,pandas-dev/pandas,BUG: pandas read_sas not working anymore,Bug;Needs Triage,closed,2026-02-06T15:31:02+00:00,2026-02-06T22:24:33+00:00,AntonioNieto92,0.29,True
64054,pandas-dev/pandas,ENH: add ability to style index names in to_excel,Enhancement;IO Excel;Needs Triage,open,2026-02-06T12:21:02+00:00,,,,
64047,pandas-dev/pandas,BUG: Reindexing with fill_value,Bug;Duplicate Report,closed,2026-02-05T21:41:01+00:00,2026-02-05T22:12:04+00:00,rhshadrach,0.02,False
64044,pandas-dev/pandas,BUG: pd.to_timedelta unit inconsistently handled,Bug;Regression;Timedelta,closed,2026-02-05T20:19:58+00:00,2026-02-11T17:12:19+00:00,jorisvandenbossche,5.87,False
64038,pandas-dev/pandas,ENH: Allow merge to override columns,Enhancement;Reshaping;Needs Discussion;Closing Candidate,closed,2026-02-05T13:41:49+00:00,2026-02-09T12:36:20+00:00,Balthasar-eu,3.95,True
64037,pandas-dev/pandas,BUG: wrong type nan values series,Usage Question;Strings,closed,2026-02-05T13:11:29+00:00,2026-02-05T16:02:00+00:00,lionel42,0.12,True
64028,pandas-dev/pandas,DOC: Intersphinx references to common items break on latest docs,Docs;Needs Discussion;Closing Candidate,closed,2026-02-04T18:30:51+00:00,2026-03-16T21:03:50+00:00,rhshadrach,40.11,False
64023,pandas-dev/pandas,BUG: segfault in test when using pandas with freezegun,Bug;Segfault,closed,2026-02-04T11:25:23+00:00,2026-08-31T21:59:14+00:00,rhshadrach,208.44,False
64012,pandas-dev/pandas,BUG: to_datetime does not recast units when passing a DatetimeIndex,Usage Question,open,2026-02-03T22:23:07+00:00,,,,
64011,pandas-dev/pandas,"DOC: Code example includes Python REPL prompts (>>>), causing copy-paste errors",Docs;Needs Triage,closed,2026-02-03T19:41:34+00:00,2026-02-03T20:20:46+00:00,mroeschke,0.03,False
64007,pandas-dev/pandas,BUG: Index is incorrectly de-serialised by fastparquet after mulitple parquets written to different io.BytesIO streams with DataFrame.to_parquet,Bug;IO Parquet;Closing Candidate;Upstream issue,closed,2026-02-03T14:19:08+00:00,2026-05-16T03:19:32+00:00,rhshadrach,101.54,False
64006,pandas-dev/pandas,"BUG: `pd.read_hdf` unable to retrieve a pd.Series with dtype as ""datetime64"" since v3.0.0",Bug;IO HDF5;Non-Nano,closed,2026-02-03T13:11:37+00:00,2026-02-17T15:42:49+00:00,jorisvandenbossche,14.11,False
64005,pandas-dev/pandas,"ENH: Determination of result ""flavor"" when based on multiple input flavors",Enhancement;Dtype Conversions,open,2026-02-03T12:10:33+00:00,,,,
64002,pandas-dev/pandas,ENH: Refactor: centralize describe function selection,Enhancement;Refactor;Needs Triage,closed,2026-02-03T07:08:44+00:00,2026-02-08T10:08:58+00:00,vkverma9534,5.13,True
63993,pandas-dev/pandas,BUG: `DataFrame.reindex` with multiple `columns` and a string `fill_value` raises `AssertionError` with `3.0.0`,Bug;Indexing;Regression,closed,2026-02-02T20:19:05+00:00,2026-02-11T10:26:41+00:00,jorisvandenbossche,8.59,False
63991,pandas-dev/pandas,"DOC: GroupBy API is showing under ""typing"" instead of ""groupby""",Docs;Needs Triage,closed,2026-02-02T18:19:50+00:00,2026-02-02T21:26:07+00:00,rhshadrach,0.13,False
63990,pandas-dev/pandas,"DOC: dev docs missing version, also banner",Docs,closed,2026-02-02T17:58:35+00:00,2026-02-09T10:43:16+00:00,jorisvandenbossche,6.7,False
63967,pandas-dev/pandas,PERF: Offset classes access private variables via properties instead of directly in offsets.pyx,Performance;Frequency,closed,2026-01-31T19:16:37+00:00,2026-02-05T17:21:04+00:00,mroeschke,4.92,False
63957,pandas-dev/pandas,ENH: Allow `np.ndarray` in `check_result_array` for certain `dtype`,Enhancement;Groupby;Apply,closed,2026-01-31T00:52:03+00:00,2026-02-16T22:57:33+00:00,mroeschke,16.92,False
63939,pandas-dev/pandas,BUG: unary operators not supported with `pd.col`,Bug;expressions,closed,2026-01-29T19:35:57+00:00,2026-01-31T18:26:58+00:00,mroeschke,1.95,False
63938,pandas-dev/pandas,BUG: Odd behavior of `Index.searchsorted`,Bug;Dtype Conversions,open,2026-01-29T17:02:17+00:00,,,,
63936,pandas-dev/pandas,BUG: refs not set when creating DataFrame from Series/Index with StringDtype and infer_string=False,Bug;Copy / view semantics,closed,2026-01-29T15:13:51+00:00,2026-06-27T19:01:14+00:00,jorisvandenbossche,149.16,False
63935,pandas-dev/pandas,BUG: 3.0.0 Regression - can no longer shuffle `Series[string]` with numpy,Bug;Strings,closed,2026-01-29T11:57:45+00:00,2026-02-09T17:08:09+00:00,mroeschke,11.22,False
63921,pandas-dev/pandas,BUG: import pandas ImportError: DLL load failed while importing base,Bug;Needs Triage,closed,2026-01-28T21:31:18+00:00,2026-01-28T21:45:41+00:00,mroeschke,0.01,False
63920,pandas-dev/pandas,BUG: groupby with observed=False assigns rows with NaN categorical keys to wrong groups,Bug;Groupby;Missing-data;Regression;Categorical,closed,2026-01-28T21:08:51+00:00,2026-01-31T18:15:33+00:00,mroeschke,2.88,False
63917,pandas-dev/pandas,Pandas,,closed,2026-01-28T19:44:38+00:00,2026-01-28T20:04:32+00:00,mroeschke,0.01,False
63913,pandas-dev/pandas,BUG: Cannot access groups when using `.groupby(dropna=False)`,Bug;Groupby;Missing-data,closed,2026-01-28T13:52:55+00:00,2026-01-28T23:01:17+00:00,rhshadrach,0.38,False
63904,pandas-dev/pandas,BUG: assert_frame_equal changes behavior in 3.0 for nested arrays without documentation,Bug;Needs Triage,closed,2026-01-27T21:40:21+00:00,2026-06-01T21:59:04+00:00,jbrockmendel,125.01,False
63903,pandas-dev/pandas,"BUG: Pandas converts nullable int to float, even when this loses data",Bug;Dtype Conversions;Apply,closed,2026-01-27T18:04:37+00:00,2026-02-16T22:16:21+00:00,rhshadrach,20.17,False
63901,pandas-dev/pandas,BUG: string regex operation with unicode escape sequence failing,Regression;Strings;Arrow,open,2026-01-27T15:53:34+00:00,,,,
63899,pandas-dev/pandas,BUG: DataFrame derived from Index can mutate the Index,Bug;Copy / view semantics,closed,2026-01-27T14:04:01+00:00,2026-01-28T21:04:27+00:00,mroeschke,1.29,False
63889,pandas-dev/pandas,BUG: Handling of `None` column name in `from_records()` is now all-NaN instead of values,Bug;IO Data;Regression,closed,2026-01-26T17:45:31+00:00,2026-02-10T17:45:23+00:00,mroeschke,15.0,False
63879,pandas-dev/pandas,BUG: Conversion from numpy masked arrays to pandas array does not preserve missing values,Bug;Constructors,closed,2026-01-26T07:01:05+00:00,2026-02-16T22:14:03+00:00,rhshadrach,21.63,False
63876,pandas-dev/pandas,BUG: AttributeError: 'ArrowStringArray' object has no attribute 'item',Bug;Strings;ExtensionArray,closed,2026-01-25T21:49:16+00:00,2026-02-17T20:35:04+00:00,jorisvandenbossche,22.95,False
63863,pandas-dev/pandas,ENH: Data Entropy & Information Loss Tracking for DataFrame Transformations,Enhancement;Closing Candidate,closed,2026-01-25T09:58:56+00:00,2026-01-27T17:50:37+00:00,mroeschke,2.33,False
63855,pandas-dev/pandas,BUG: ExponentialMovingWindow.agg/aggregate fails when passing a callable,Bug;Window,open,2026-01-24T22:32:50+00:00,,,,
63842,pandas-dev/pandas,"BUG: `DataFrame[StringDtype].where(DataFrame[bool], list[str])` returns object type instead of StringDtype.",Bug;Strings,open,2026-01-24T01:10:02+00:00,,,,
63833,pandas-dev/pandas,RLS: 3.0.x releases,Release,open,2026-01-23T18:25:27+00:00,,,,
63832,pandas-dev/pandas,BUG: bug in pandas 3.0 with posixpath inside Series,Bug;Strings;Arrow,closed,2026-01-23T13:46:20+00:00,2026-06-27T22:12:10+00:00,jorisvandenbossche,155.35,False
63830,pandas-dev/pandas,BUG: read_excel with pyarrow backend does not infer correct data type with mixed values inside column,Bug;IO Excel;Arrow,open,2026-01-23T09:05:26+00:00,,,,
63818,pandas-dev/pandas,DOC: `DataFrame.stack()` should be updated for 3.0,Docs;Reshaping,closed,2026-01-22T23:10:10+00:00,2026-03-11T11:59:15+00:00,rhshadrach,47.53,False
63811,pandas-dev/pandas,DOC: 3.0 release notes has an odd contributor issue,Docs;Needs Triage,closed,2026-01-22T14:54:13+00:00,2026-01-23T18:33:17+00:00,mroeschke,1.15,False
63810,pandas-dev/pandas,DOC: add py:type reference targets to each entry in pandas.api.typing.aliases,Docs,closed,2026-01-22T13:26:52+00:00,2026-02-03T21:05:50+00:00,Dr-Irv,12.32,False
63804,pandas-dev/pandas,BUILD: Docs dependency fails on Python 3.14 due to outdated sphinx-theme-builder,Build,closed,2026-01-22T05:35:09+00:00,2026-01-22T15:22:53+00:00,skalwaghe-56,0.41,True
63803,pandas-dev/pandas,TST: remove PANDAS_FUTURE_INFER_STRING=0 test workflow,Testing;Strings,open,2026-01-22T00:08:30+00:00,,,,
63794,pandas-dev/pandas,DOC: Typo in 3.0.0 release notes,Docs;Needs Triage,closed,2026-01-21T14:46:42+00:00,2026-01-21T15:45:03+00:00,jorisvandenbossche,0.04,False
63791,pandas-dev/pandas,BUG: inferred_freq is infers the wrong freq 2BQS-OCT instead of 2BQS-JAN,Bug;Frequency,open,2026-01-21T10:35:01+00:00,,,,
63790,pandas-dev/pandas,BUG: sort_values() does not retain Name property of Dataframe,Bug;Groupby;Apply,closed,2026-01-21T10:26:09+00:00,2026-01-22T22:14:03+00:00,rhshadrach,1.49,False
63787,pandas-dev/pandas,BUG: Inconsistent BOM handling in pd.read_csv with encoding='utf-8',Bug;IO CSV,closed,2026-01-21T07:51:36+00:00,2026-03-01T20:56:43+00:00,rhshadrach,39.55,False
63774,pandas-dev/pandas,BUG: `DataFrame.from_records` ignores exclude argument when `nrows=0`,Bug;IO Data,closed,2026-01-20T15:06:53+00:00,2026-03-11T15:47:25+00:00,jbrockmendel,50.03,False
63769,pandas-dev/pandas,BUG: rolling on time-based index wrongly,Bug;Needs Triage,open,2026-01-20T02:53:26+00:00,,,,
63767,pandas-dev/pandas,DOC: suggestion for getting started guide on selecting data,Docs,closed,2026-01-20T02:39:16+00:00,2026-01-24T16:02:08+00:00,rhshadrach,4.56,False
63757,pandas-dev/pandas,BUG: inconsistent date string conversion leads to large downstream performance degradation.  ,Bug;Needs Triage,open,2026-01-19T16:20:16+00:00,,,,
63745,pandas-dev/pandas,"ERR: better error message when doing `convert_dtypes(dtype_backend=""pyarrow"")` without pyarrow installed",Bug;Error Reporting;Arrow,closed,2026-01-18T23:41:14+00:00,2026-03-18T20:24:53+00:00,jbrockmendel,58.86,False
63742,pandas-dev/pandas,PERF: Improve performance of named aggregations with no relabling,Groupby;Performance;Apply,closed,2026-01-18T18:54:15+00:00,2026-02-01T19:46:09+00:00,rhshadrach,14.04,False
63739,pandas-dev/pandas,BUG: str methods fail with regex backreferences on PyArrow dtype,Bug;Strings;Arrow,closed,2026-01-18T17:51:09+00:00,2026-01-20T21:26:16+00:00,rhshadrach,2.15,False
63738,pandas-dev/pandas,BUG: Regex backreferences fail on PyArrow backend (RE2 limitation),,closed,2026-01-18T17:46:52+00:00,2026-01-18T17:47:40+00:00,sanrishi,0.0,True
63735,pandas-dev/pandas,BUG: sort_values fails on columns with more than 2^18 entries,Bug;Upstream issue;Sorting,closed,2026-01-18T13:50:54+00:00,2026-01-20T14:58:20+00:00,jorisvandenbossche,2.05,False
63732,pandas-dev/pandas,"BUG: Inconsistent NaN detection based on Series dtype, to_numeric dtype_backend, None vs np.nan, strings in orig list",Bug;Needs Triage,open,2026-01-18T08:12:37+00:00,,,,
63721,pandas-dev/pandas,Cleanup: Add type: ignore comments for comparison-overlap in datetimes.py,,closed,2026-01-17T16:07:05+00:00,2026-01-17T17:10:25+00:00,rhshadrach,0.04,False
63712,pandas-dev/pandas,"ENH: Add high-level ""themes"" or ""presets"" to Styler API",Enhancement;Needs Discussion;Styler;Closing Candidate,open,2026-01-16T18:50:55+00:00,,,,
63708,pandas-dev/pandas,BUG: `pd.read_spss()` generates `attrs` that cause `DataFrame.to_parquet` to crash when generating JSON metadata.,Bug;IO Data;Upstream issue;Arrow,closed,2026-01-16T14:57:29+00:00,2026-01-16T17:34:23+00:00,mroeschke,0.11,False
63701,pandas-dev/pandas,BLD: fix all compile warnings and re-enable -Werror on CI,Build,closed,2026-01-15T16:32:41+00:00,2026-04-20T14:21:06+00:00,jorisvandenbossche,94.91,False
63687,pandas-dev/pandas,ENH: `Timestamp.round`: officially accept `Timedelta` arguments,Enhancement;Timestamp,closed,2026-01-14T19:41:18+00:00,2026-04-28T01:55:36+00:00,jbrockmendel,103.26,False
63686,pandas-dev/pandas,BUG: mesonbuild versioning in environment.yml,Bug;Needs Triage,closed,2026-01-14T18:15:39+00:00,2026-01-15T16:20:33+00:00,mroeschke,0.92,False
63685,pandas-dev/pandas,BUG: data races when simultaneously reading data frames in multiple threads,Bug;Free Threading,closed,2026-01-14T17:35:21+00:00,2026-02-08T18:13:14+00:00,mroeschke,25.03,False
63684,pandas-dev/pandas,ENH: `read_excel` function fill merged_area content with left top cell content,Enhancement;IO Excel;Needs Discussion,open,2026-01-14T15:26:03+00:00,,,,
63683,pandas-dev/pandas,String dtype: differences in regex operations because of engine (Python vs RE2),Strings;API - Consistency,open,2026-01-14T15:10:26+00:00,,,,
63681,pandas-dev/pandas,BUG: ExcelWriter can't use ISFORMULA in conditional formatting,Bug;Needs Triage,closed,2026-01-14T11:21:28+00:00,2026-01-14T15:09:26+00:00,Zennate,0.16,True
63668,pandas-dev/pandas,DOC: Documentation unclear on how to use read_xml() with xpath parameter and a default namespace,Docs;Needs Triage;IO XML,closed,2026-01-13T10:51:22+00:00,2026-08-10T01:36:08+00:00,jbrockmendel,208.61,False
63650,pandas-dev/pandas,BUG: pd.to_numeric Segmentation fault,Bug;Needs Discussion;Segfault,closed,2026-01-12T08:24:36+00:00,2026-03-12T16:13:34+00:00,mroeschke,59.33,False
63649,pandas-dev/pandas,DOC: Clarification needed on free-threaded (3.14t) Windows wheel availability in 2.3.3 release notes,Build;Docs,closed,2026-01-12T07:23:24+00:00,2026-01-13T10:17:38+00:00,jorisvandenbossche,1.12,False
63640,pandas-dev/pandas,BUG: Missing explicit libm dependency in meson.build causes undefined symbol errors,Bug;Build,closed,2026-01-11T04:53:40+00:00,2026-02-04T02:24:46+00:00,mroeschke,23.9,False
63636,pandas-dev/pandas,"ENH: Create `.rdiff()`, like `.diff()` but reversed, like `.rsub()` and `.sub()`",Enhancement;Transformations,closed,2026-01-10T21:40:09+00:00,2026-01-11T13:38:29+00:00,rhshadrach,0.67,False
63633,pandas-dev/pandas,CI: Consider usage of scipy_doctest,Docs;CI;Needs Discussion,open,2026-01-10T16:50:37+00:00,,,,
63630,pandas-dev/pandas,BUG: Reading from CSV files with mixed numbers and letters leads to Segmentation Fault,Bug;IO CSV,closed,2026-01-10T09:11:54+00:00,2026-01-24T14:59:31+00:00,rhshadrach,14.24,False
63608,pandas-dev/pandas,DOC: document BaseMaskedDtype.from_numpy_dtype,Docs;Needs Discussion,open,2026-01-08T11:04:31+00:00,,,,
63604,pandas-dev/pandas,"BUG:  DataFrame from an array of dictionaries, has missing columns",Bug;Needs Triage,closed,2026-01-07T13:14:19+00:00,2026-01-07T13:23:55+00:00,adbumi,0.01,True
63603,pandas-dev/pandas,"ENH: stock_board_industry_name_em() be better,if add two items.",Enhancement;Needs Triage,closed,2026-01-07T12:30:22+00:00,2026-01-07T17:28:09+00:00,mroeschke,0.21,False
63599,pandas-dev/pandas,ENH: read_csv raises ParserError or hangs on certain malformed inputs,Enhancement;Error Reporting;IO CSV,closed,2026-01-06T22:58:25+00:00,2026-01-09T21:38:40+00:00,rhshadrach,2.94,False
63592,pandas-dev/pandas,DOC: Improve flow of '10 minutes to pandas' by adding an intro to the Merge section,Docs;Needs Triage,open,2026-01-06T16:16:19+00:00,,,,
63581,pandas-dev/pandas,BUG: iloc[0] raises ValueError with SparseArray column and numpy array column,Bug;Sparse;Closing Candidate,closed,2026-01-06T01:07:20+00:00,2026-03-14T17:29:15+00:00,rpadaki,67.68,True
63574,pandas-dev/pandas,BUG: pd.read_sql returns fewer rows than manual cursor execution for the same query and connection,Bug;IO SQL;Needs Triage,open,2026-01-05T09:54:48+00:00,,,,
63572,pandas-dev/pandas,"BUG: pd.read_json fails with ""Value is too big!"" on large integers, while json.load + DataFrame works",Bug;IO JSON,open,2026-01-05T02:48:47+00:00,,,,
63567,pandas-dev/pandas,"BUG: `pd.array([float(""nan"")], str)` does not convert to `pd.NA`",Bug;Needs Triage,closed,2026-01-04T11:15:30+00:00,2026-01-04T15:34:30+00:00,rhshadrach,0.18,False
63559,pandas-dev/pandas,DEPR: Series.round and Series.clip on non-numeric and non-object dtypes,Deprecate;Needs Discussion;Series;Transformations,open,2026-01-03T12:50:21+00:00,,,,
63557,pandas-dev/pandas,ENH: Add .center() method to DataFrame/Series for inspecting middle rows.,Enhancement;Indexing,closed,2026-01-03T06:36:14+00:00,2026-01-03T13:07:03+00:00,rhshadrach,0.27,False
63555,pandas-dev/pandas,DOC: Fix SA01 for pandas.StringDtype.na_value,Docs;Needs Triage,closed,2026-01-03T06:22:24+00:00,2026-01-03T13:08:02+00:00,rhshadrach,0.28,False
63553,pandas-dev/pandas,"DOC: Fix SA01,ES01,PR07 for pandas.util.hash_pandas_object",Docs;Needs Triage,closed,2026-01-03T05:53:42+00:00,2026-01-03T13:08:01+00:00,rhshadrach,0.3,False
63551,pandas-dev/pandas,ENH: Decay-weighted rolling aggregations with defined behavior for duplicate timestamps,Enhancement;Needs Discussion;Window,closed,2026-01-03T02:32:57+00:00,2026-01-30T19:18:07+00:00,rhshadrach,27.7,False
63540,pandas-dev/pandas,"DOC: Fix SA01,EX01 for pandas.DataFrame.from_arrow",Docs,closed,2026-01-02T10:42:19+00:00,2026-01-03T13:01:14+00:00,rhshadrach,1.1,False
63527,pandas-dev/pandas,BUG: PyArrow-backed datetime index missing numpy-like attributes,Bug;Indexing;Arrow,open,2025-12-31T22:50:48+00:00,,,,
63526,pandas-dev/pandas,BUG: `.loc` slicing fails on PyArrow-backed date index,Bug;Indexing;Arrow,open,2025-12-31T21:44:11+00:00,,,,
63521,pandas-dev/pandas,BUG: comparison of categoricals with NA,Bug;Missing-data;Categorical,closed,2025-12-31T11:01:37+00:00,2025-12-31T14:15:16+00:00,rhshadrach,0.13,False
63518,pandas-dev/pandas,BUG: pd.Grouper converts PyArrow timestamp to numpy datetime64,Bug;Groupby;pyarrow dtype retention,closed,2025-12-31T02:09:34+00:00,2026-01-01T19:28:25+00:00,mroeschke,1.72,False
63511,pandas-dev/pandas,ENH: first-class UUID support,Enhancement;Needs Discussion;ExtensionArray,open,2025-12-30T13:36:13+00:00,,,,
63489,pandas-dev/pandas,ENH: drop function should take kwarg rows,Enhancement,closed,2025-12-26T23:06:58+00:00,2025-12-27T13:15:38+00:00,rhshadrach,0.59,False
63484,pandas-dev/pandas,BUG: pd.api.types.pandas_dtype raise different exception with numpy=2.4.0,Bug;Error Reporting;Compat,closed,2025-12-25T12:38:52+00:00,2026-01-02T08:05:51+00:00,fangchenli,7.81,False
63477,pandas-dev/pandas,QST: Error while building document,Build;Docs;Windows;Closing Candidate,closed,2025-12-24T03:33:23+00:00,2026-05-09T15:57:00+00:00,mroeschke,136.52,False
63476,pandas-dev/pandas,ENH: Add an opt in operation report for time memory and copy behavior,Enhancement;Closing Candidate,closed,2025-12-23T23:03:14+00:00,2026-01-20T17:51:03+00:00,mroeschke,27.78,False
63475,pandas-dev/pandas,ENH: Sampling a contiguous block from a DF,Docs;Indexing,closed,2025-12-23T20:48:01+00:00,2026-03-12T21:07:52+00:00,rhshadrach,79.01,False
63472,pandas-dev/pandas,BUG: specifying unit in to_datetime when parsing strings causes different error behaviour,Bug;Non-Nano;Timestamp,open,2025-12-23T14:22:14+00:00,,,,
63465,pandas-dev/pandas,ENH: display.timedelta_format similar to display.float_format,Enhancement;Output-Formatting;Needs Discussion;New Option Request,open,2025-12-22T22:07:48+00:00,,,,
63459,pandas-dev/pandas,API: comparing time series with index of different unit should work,API Design;Timedelta;Non-Nano;Timestamp,closed,2025-12-22T13:59:47+00:00,2026-01-12T23:22:33+00:00,mroeschke,21.39,False
63458,pandas-dev/pandas,BUG: 3.0rc0: comparing `StringArray`s with `==` yields a `bool[pyarrow]` array with no `.sum()` method,Bug;API - Consistency;Arrow,closed,2025-12-22T10:29:27+00:00,2026-07-04T14:46:51+00:00,rhshadrach,194.18,False
63444,pandas-dev/pandas,BUG: Rounding of an empty Series should return empty Series,Error Reporting;Needs Discussion,closed,2025-12-21T00:17:14+00:00,2026-01-06T02:46:55+00:00,rhshadrach,16.1,False
63442,pandas-dev/pandas,API: read_json should follow general default of microseconds,IO JSON;Timestamp,closed,2025-12-20T21:23:15+00:00,2026-01-18T22:56:00+00:00,jorisvandenbossche,29.06,False
63437,pandas-dev/pandas,BUG: 3.0.0rc1 sdist fails tests with `--no-strict-data-files`,Bug;Testing,closed,2025-12-20T08:01:21+00:00,2025-12-20T20:27:20+00:00,mroeschke,0.52,False
63433,pandas-dev/pandas,BUG: DataFrame.astype leave the dataframe extremely fragmented (one block per column),Performance;Dtype Conversions,open,2025-12-19T16:11:59+00:00,,,,
63430,pandas-dev/pandas,BLD: Windows nightlies are missing from scientific-python-nightly-wheels,CI,closed,2025-12-19T11:28:59+00:00,2025-12-19T18:04:19+00:00,mroeschke,0.27,False
63429,pandas-dev/pandas,BUG: `NotImplementedError: eq not implemented for <class 'range'>` when comparing `columns` and `range` in pandas 3.0.0rc0 with pyarrow,Bug;Regression;Numeric Operations;Strings;Arrow,closed,2025-12-19T09:04:19+00:00,2026-01-31T18:40:33+00:00,mroeschke,43.4,False
63428,pandas-dev/pandas,DOC: Add Chinese version of README (README_zh.md),Docs;Needs Triage,closed,2025-12-19T06:01:33+00:00,2025-12-20T16:12:42+00:00,xingyubobo33333,1.42,True
63420,pandas-dev/pandas,BUG: Failing to set list of `pd.NaT` on column of dataframe of type datetime64[us],Indexing;Regression;Timestamp,closed,2025-12-19T01:25:36+00:00,2026-01-05T22:28:13+00:00,mroeschke,17.88,False
63419,pandas-dev/pandas,BUG: pd.to_datetime with low-reso unit and high-reso origin,Bug;Timestamp,closed,2025-12-19T00:20:40+00:00,2026-05-08T19:11:57+00:00,jbrockmendel,140.79,False
63418,pandas-dev/pandas,ENH: Add read/write support for the Vortex columnar format,Enhancement;Closing Candidate;IO Format Request,closed,2025-12-18T23:51:55+00:00,2026-03-18T03:17:31+00:00,jbrockmendel,89.14,False
63417,pandas-dev/pandas,PERF/API: arithmetic result.index.dtype with mismatched-dtype equal-values indexes,Bug;Performance;API Design;Numeric Operations,open,2025-12-18T23:33:33+00:00,,,,
63415,pandas-dev/pandas,DOC: Show source link in documentation appears broken,Docs;Needs Triage,closed,2025-12-18T16:23:41+00:00,2025-12-19T12:59:44+00:00,benrutter,0.86,True
63412,pandas-dev/pandas,BUG: regresssion in 3.0rc: cannot save df with MultiIndex to HDF,Regression;IO HDF5;Strings,closed,2025-12-18T11:29:51+00:00,2025-12-18T18:35:17+00:00,mroeschke,0.3,False
63404,pandas-dev/pandas,"BUG: `Series([], dtype=""datetime/timedelta64[non-nano]"").quantile()` raises instead of returning NaT",Bug;Timedelta;Reduction Operations,closed,2025-12-18T00:29:21+00:00,2025-12-18T23:18:29+00:00,mroeschke,0.95,False
63403,pandas-dev/pandas,DEP: Drop NumPy 1.26 support,Dependencies,closed,2025-12-17T21:33:19+00:00,2026-08-12T14:38:18+00:00,jorisvandenbossche,237.71,False
63399,pandas-dev/pandas,BUG: pandas copy_on_write mode deprecation warning points to `contextlib` module,Bug;Needs Triage,closed,2025-12-17T16:13:44+00:00,2025-12-17T17:18:21+00:00,TomAugspurger,0.04,True
63396,pandas-dev/pandas,Constructor with invalid unicode: automatically fall back to object dtype?,Strings,closed,2025-12-17T12:27:37+00:00,2026-01-23T18:18:20+00:00,mroeschke,37.24,False
63393,pandas-dev/pandas,REGR: registered accessors are no longer cached per DataFrame,Needs Discussion;Accessors,open,2025-12-17T09:45:47+00:00,,,,
63391,pandas-dev/pandas,REGR: RangeIndex __getitem__ filtering with boolean extension array of length 1,Indexing;Regression;Index,closed,2025-12-17T09:09:36+00:00,2025-12-17T22:55:53+00:00,mroeschke,0.57,False
63388,pandas-dev/pandas,API: copy np.ndarray inputs to Index subclass constructors by default,API Design;Index;Copy / view semantics,closed,2025-12-16T21:17:41+00:00,2025-12-18T19:57:06+00:00,mroeschke,1.94,False
63385,pandas-dev/pandas,BUG: string replace results in invalid regular expression: invalid perl operator: (?<=,Strings;Arrow,closed,2025-12-16T15:43:47+00:00,2026-01-21T10:21:45+00:00,jorisvandenbossche,35.78,False
63378,pandas-dev/pandas,DOC: the type of `name` in `bdate_range` should be `Hashable`,Docs,closed,2025-12-16T10:38:15+00:00,2025-12-16T19:16:04+00:00,mroeschke,0.36,False
63377,pandas-dev/pandas,"DOC: the default value of `duplicates` in `cut` should be `""raise""`",Docs,closed,2025-12-16T10:28:33+00:00,2025-12-16T14:58:27+00:00,jorisvandenbossche,0.19,False
63376,pandas-dev/pandas,DOC: the default value of `engine` argument in `eval` should be `None`,Docs;expressions,closed,2025-12-16T08:43:12+00:00,2025-12-22T13:08:27+00:00,jorisvandenbossche,6.18,False
63375,pandas-dev/pandas,Improve error messages for common mistakes,,closed,2025-12-16T04:34:38+00:00,2025-12-16T17:39:31+00:00,mroeschke,0.55,False
63374,pandas-dev/pandas,ENH: Vectorization (e.g. SIMD) in pandas' Hashtable Operations for Performance Improvement,Performance,open,2025-12-16T03:58:47+00:00,,,,
63373,pandas-dev/pandas,ENH: Fixed-length strings in read_csv,Enhancement;IO CSV;Strings,closed,2025-12-15T22:28:11+00:00,2026-01-01T15:52:30+00:00,rhshadrach,16.73,False
63372,pandas-dev/pandas,BUG: (pandas 3.0rc0) `.str.isdigit` regression for fractional powers,Strings,closed,2025-12-15T20:59:10+00:00,2025-12-15T22:05:32+00:00,rhshadrach,0.05,False
63371,pandas-dev/pandas,BUG: (pandas 3.0rc0) `str.cat` is not retaining `index` dtype,Bug;Strings;Needs Discussion;Index,open,2025-12-15T19:45:25+00:00,,,,
63328,pandas-dev/pandas,BUG: inconsistency with missing values comparison,Bug;Missing-data;Numeric Operations,open,2025-12-11T08:05:28+00:00,,,,
63322,pandas-dev/pandas,BUG: pd.col does not support & for combining conditions in .loc,Bug;Numeric Operations;expressions,closed,2025-12-11T02:47:49+00:00,2025-12-13T16:50:14+00:00,rhshadrach,2.59,False
63320,pandas-dev/pandas,BUG: Division results in 0 values for large dfs with numpy==2.3.5,Bug;Upstream issue,closed,2025-12-10T17:52:06+00:00,2026-04-28T17:50:38+00:00,mroeschke,139.0,False
63317,pandas-dev/pandas,BUG: `DataFrame.apply(axis='columns')` loses pyarrow-backed dtypes / does not preserve dtype_backend,Bug;Needs Discussion;Apply;pyarrow dtype retention,open,2025-12-09T22:46:44+00:00,,,,
63315,pandas-dev/pandas,BUG: OSError 22 (Invalid argument) in tzconversion tests on Windows/Python 3.11,Bug;Windows;Timezones;Upstream issue,open,2025-12-09T20:04:46+00:00,,,,
63314,pandas-dev/pandas,BUG: large pivot_table has incorrect output with Python 3.14,Bug;Reshaping;Python 3.14,closed,2025-12-09T18:10:54+00:00,2026-01-06T22:20:39+00:00,rhshadrach,28.17,False
63311,pandas-dev/pandas,BUG: Inconsistent behavior for `step` with slice for label-based indexing,Docs;Indexing,closed,2025-12-09T17:12:19+00:00,2025-12-14T18:12:20+00:00,mroeschke,5.04,False
63306,pandas-dev/pandas,BUG: Series stealing references from CategoricalIndex is invalid for read-only arrays,Bug;Copy / view semantics,closed,2025-12-09T03:13:18+00:00,2025-12-16T21:10:54+00:00,mroeschke,7.75,False
63304,pandas-dev/pandas,BUG(pandas 3.0 regression): `drop(index=...)` doesn't accept NA values when using arrow dtype in index,Bug;Missing-data;Regression;Arrow,closed,2025-12-08T22:53:41+00:00,2026-06-27T23:00:30+00:00,jorisvandenbossche,201.0,False
63299,pandas-dev/pandas,ENH: Persian date,Enhancement;Needs Triage;Closing Candidate,closed,2025-12-08T18:41:59+00:00,2026-03-18T17:23:43+00:00,jbrockmendel,99.95,False
63298,pandas-dev/pandas,"DOC: Improve text for ""Migrating to Copy-on-Write""",Docs;Indexing,closed,2025-12-08T18:01:22+00:00,2026-07-23T18:19:28+00:00,jbrockmendel,227.01,False
63289,pandas-dev/pandas,DOC: update the DataFrame.copy() docstring to current state with CoW,Docs;Copy / view semantics,closed,2025-12-07T13:09:50+00:00,2026-01-12T15:46:32+00:00,jorisvandenbossche,36.11,False
63288,pandas-dev/pandas,BUG: Adding pyarrow column to missing column changes to NaN in DataFrame addition,Bug;Numeric Operations;Arrow,open,2025-12-06T21:22:25+00:00,,,,
63287,pandas-dev/pandas,ENH: Support expressions in `pd.qcut`,Enhancement;Needs Discussion;expressions;cut,closed,2025-12-06T21:10:07+00:00,2025-12-23T18:07:22+00:00,mroeschke,16.87,False
63283,pandas-dev/pandas,BUG: `.dt.seconds` Discrepancy Between NumPy and PyArrow Timedelta Dtypes,Bug;Timedelta;Arrow,closed,2025-12-06T15:35:09+00:00,2026-08-06T16:31:50+00:00,fangchenli,243.04,False
63280,pandas-dev/pandas,"BUG:  `str` dtype does not return pyarrow boolean (`bool[pyarrow]`) output for elementwise checks (equality, etc.)",Numeric Operations;Strings;Arrow,closed,2025-12-05T23:47:24+00:00,2025-12-06T13:50:34+00:00,rhshadrach,0.59,False
63279,pandas-dev/pandas,DOC: Address other string types in Pandas 3 string migration guide,Docs;Strings,closed,2025-12-05T23:07:19+00:00,2025-12-14T15:31:59+00:00,rhshadrach,8.68,False
63278,pandas-dev/pandas,"BUG: Period(distant_past_timestamp, freq=""us"")",Bug;Needs Triage,closed,2025-12-05T22:52:35+00:00,2025-12-30T22:37:24+00:00,mroeschke,24.99,False
63277,pandas-dev/pandas,ENH: Support `pd.col` in `.loc` for Series,Enhancement;Needs Discussion;expressions,open,2025-12-05T18:09:48+00:00,,,,
63275,pandas-dev/pandas,API: default to microseconds for Timestamp/Timedelta creation from numeric input,API Design;Non-Nano,open,2025-12-05T15:18:24+00:00,,,,
63272,pandas-dev/pandas,BUG: pd.to_datetime behaves strange (unexpected change to ns precision),Bug;Non-Nano,closed,2025-12-05T09:49:56+00:00,2025-12-18T10:23:51+00:00,jorisvandenbossche,13.02,False
63271,pandas-dev/pandas,"BUG: Unexpected behaviour in .loc method when looking for ""None"" values",API Design;PDEP missing values,open,2025-12-05T09:31:31+00:00,,,,
63270,pandas-dev/pandas,ENH: Add `unit` argument to `to_datetime` and `to_timedelta` to avoid value-dependent parsing,Enhancement;Datetime;Needs Discussion,open,2025-12-05T02:34:04+00:00,,,,
63269,pandas-dev/pandas,BUG: SUpport numpy 2.0 pls,Bug;Build,closed,2025-12-05T01:23:41+00:00,2025-12-05T12:26:47+00:00,rhshadrach,0.46,False
63264,pandas-dev/pandas,BUG: pandas 3.0.0rc0 hard-requires `tzdata` Python package,Bug;Error Reporting;Timezones,closed,2025-12-04T17:17:22+00:00,2025-12-19T15:53:53+00:00,jorisvandenbossche,14.94,False
63262,pandas-dev/pandas,BUG: `KeyError` in `Series.__getitem__` with datetime index and mixed unit slice in pandas 3.0.0rc0,Bug;Non-Nano,closed,2025-12-04T15:47:32+00:00,2025-12-08T18:25:21+00:00,mroeschke,4.11,False
63258,pandas-dev/pandas,DOC: Code example doesn't run as shown,Docs;Copy / view semantics,closed,2025-12-04T01:56:41+00:00,2025-12-04T17:30:42+00:00,mroeschke,0.65,False
63255,pandas-dev/pandas,BUG: `pd.Series.where` incorrectly casts `<NA>` to float `NaN`,Bug;Strings;Closing Candidate,closed,2025-12-03T16:46:30+00:00,2026-05-09T15:59:36+00:00,mroeschke,156.97,False
63250,pandas-dev/pandas,BUG: Inconsistency between `Series[bool].__truediv__(list[bool])` and `Series[bool].truediv(list[bool])`,Bug;Numeric Operations;Needs Discussion,open,2025-12-02T09:56:23+00:00,,,,
63246,pandas-dev/pandas,Panda 🐼,,closed,2025-12-02T00:38:13+00:00,2025-12-02T00:43:16+00:00,mroeschke,0.0,False
63245,pandas-dev/pandas,Windows Free Thread,Enhancement;Needs Triage,closed,2025-12-01T19:14:10+00:00,2025-12-01T19:30:38+00:00,mroeschke,0.01,False
63243,pandas-dev/pandas,BUG: Only 16 decimal places can be retained while reading values ​​with more than 16 decimal places from CSV files,Bug;IO CSV,closed,2025-12-01T15:18:34+00:00,2026-03-31T16:36:53+00:00,jbrockmendel,120.05,False
63242,pandas-dev/pandas,BUG: validation merge arguments on/left_on/right_on/left_index/right_index needs improvement,Bug;Reshaping;Error Reporting,closed,2025-12-01T15:16:12+00:00,2025-12-05T12:49:13+00:00,rhshadrach,3.9,False
63240,pandas-dev/pandas,"`gs://` URLs support in `read_feather()`, `read_pickle()` docs",Docs;IO Parquet,closed,2025-12-01T11:42:56+00:00,2025-12-04T17:32:23+00:00,mroeschke,3.24,False
63236,pandas-dev/pandas,BUG/API: to_json with non-nano TimedeltaIndex,Bug;IO JSON;Non-Nano,closed,2025-11-30T22:57:22+00:00,2026-01-21T08:17:07+00:00,jorisvandenbossche,51.39,False
63235,pandas-dev/pandas,BUG: Deprecation warnings with option_context have incorrect stacklevel,Bug;Warnings,closed,2025-11-30T21:42:41+00:00,2026-08-28T18:26:17+00:00,jbrockmendel,270.86,False
63230,pandas-dev/pandas,BUG: SettingWithCopyWarning is not shown with copy-on-write disabled,Bug;Copy / view semantics,closed,2025-11-29T22:14:35+00:00,2025-12-01T09:01:46+00:00,jorisvandenbossche,1.45,False
63225,pandas-dev/pandas,"BUG: Trying to add an object with __iter__ but no __len__ using .loc[row, col] fails",Bug;Indexing;Needs Discussion,open,2025-11-28T02:27:00+00:00,,,,
63221,pandas-dev/pandas,BUG: PyArrow string: list indexing and negative indices fail after str.split(),Bug;Nested Data;Arrow,open,2025-11-27T19:51:01+00:00,,,,
63219,pandas-dev/pandas,BUG: Inconsistent behavior with groupby and copy-on-write,Bug;Groupby;Copy / view semantics,closed,2025-11-27T09:59:24+00:00,2025-12-04T17:57:43+00:00,mroeschke,7.33,False
63218,pandas-dev/pandas,BUG: Inconsisten nunique behavior with Intervals on latest nightly,Bug;Regression;Interval,closed,2025-11-27T09:01:08+00:00,2025-12-05T17:35:25+00:00,mroeschke,8.36,False
63215,pandas-dev/pandas,API: provide (advanced) utility to update (swap) the underlying array of a Series in-place,API Design;ExtensionArray;Copy / view semantics,open,2025-11-26T22:23:28+00:00,,,,
63213,pandas-dev/pandas,BUG: Inconsistent str implementation for Timestamp with different units,Bug;Needs Triage,closed,2025-11-26T17:32:33+00:00,2025-11-26T17:34:50+00:00,davetapley,0.0,True
63209,pandas-dev/pandas,DOC: `Index.putmask` can accept more than `np.ndarray[bool]` for `mask`,Docs;Index,closed,2025-11-26T14:38:20+00:00,2025-12-01T18:57:25+00:00,mroeschke,5.18,False
63207,pandas-dev/pandas,PDEP-8 inplace keyword deprecation - implementation tracker issue,Master Tracker;inplace,open,2025-11-26T09:38:31+00:00,,,,
63205,pandas-dev/pandas,BUG: Unexpected `TypeError` for subclasses of `np.ndarray` in `comparison_op`,Bug;Regression;Numeric Operations;Subclassing,closed,2025-11-26T01:21:52+00:00,2026-02-02T02:16:50+00:00,rhshadrach,68.04,False
63194,pandas-dev/pandas,BUG: option_context does not accept a dict,Bug,closed,2025-11-24T21:39:13+00:00,2025-11-25T03:11:20+00:00,rhshadrach,0.23,False
63191,pandas-dev/pandas,DOC: `name` in `Index.to_frame` is claimed to default to `index.name`,Docs,closed,2025-11-24T15:50:39+00:00,2026-02-18T14:13:02+00:00,jorisvandenbossche,85.93,False
63189,pandas-dev/pandas,"DOC: `Index.take` can have `axis=""index""`, in contrast to the claims `int` and `always 0`",Docs;Index,closed,2025-11-24T14:59:26+00:00,2025-11-25T18:15:35+00:00,mroeschke,1.14,False
63188,pandas-dev/pandas,BUG: read_excel of to_excel not equal to original dataframe,Bug;IO Excel,closed,2025-11-24T11:00:50+00:00,2025-11-25T03:17:27+00:00,rhshadrach,0.68,False
63187,pandas-dev/pandas,"BUG: `.loc[:, [*labels]]` inconsistently reorders `MultiIndex`ed `Series` and `DataFrame`s",Bug;Indexing;Sorting,open,2025-11-24T09:35:15+00:00,,,,
63180,pandas-dev/pandas,BUG: Wrong Results for `Rolling.sem`,Bug;Window;Reduction Operations,closed,2025-11-23T22:05:29+00:00,2025-11-25T18:32:00+00:00,mroeschke,1.85,False
63170,pandas-dev/pandas,BUG: Arrow duration reduction consistency,Bug;Dtype Conversions;Reduction Operations;Arrow,closed,2025-11-21T21:04:16+00:00,2026-01-05T19:39:11+00:00,mroeschke,44.94,False
63169,pandas-dev/pandas,BUG: Index.intersection returns reference instead of new instance,Bug;Index;setops,closed,2025-11-21T19:29:58+00:00,2025-12-19T16:03:10+00:00,jorisvandenbossche,27.86,False
63168,pandas-dev/pandas,BUG: read_csv failure to convert dtype is not considered a 'bad line',Bug;IO CSV,open,2025-11-21T12:48:26+00:00,,,,
63167,pandas-dev/pandas,BUG: read_csv segmentation fault in version 2.3.3,Bug;IO CSV;Segfault;Closing Candidate,closed,2025-11-21T11:39:43+00:00,2026-03-18T00:57:50+00:00,jbrockmendel,116.55,False
63161,pandas-dev/pandas,ENH: GPU support on Apple hardware (MPS),Enhancement;Build;Closing Candidate,closed,2025-11-20T16:26:18+00:00,2026-03-18T00:58:35+00:00,jbrockmendel,117.36,False
63160,pandas-dev/pandas,ENH: meson should detect gcc/clang if vswhere not available.. on windows. when installing from pip.,Enhancement;Build;Windows,closed,2025-11-20T15:02:38+00:00,2026-04-21T17:32:21+00:00,mroeschke,152.1,False
63156,pandas-dev/pandas,BUG: groupby median() doesn't exclude NaT for datetime64 columns,Bug;Duplicate Report,closed,2025-11-19T18:51:21+00:00,2025-11-19T23:03:02+00:00,rhshadrach,0.17,False
63155,pandas-dev/pandas,ENH: make sorting algorithm options to `value_counts` and record it in the docs,Enhancement;Algos;Sorting,closed,2025-11-19T16:58:46+00:00,2025-12-04T17:16:23+00:00,mroeschke,15.01,False
63154,pandas-dev/pandas,"DOC: clarify that `value_counts`, `sort_values`, `sort_index` etc. are deterministic",Docs;Sorting,closed,2025-11-19T16:49:45+00:00,2026-08-19T16:58:55+00:00,jbrockmendel,273.01,False
63153,pandas-dev/pandas,ENH: Add TOON (Token Object Oriented Notation) I/O Support,Enhancement;Closing Candidate;IO Format Request,closed,2025-11-19T16:34:08+00:00,2026-03-18T00:58:58+00:00,jbrockmendel,118.35,False
63144,pandas-dev/pandas,DOC: Incorrect typing in `astype` for the `copy` argument,Docs;Copy / view semantics;Closing Candidate,closed,2025-11-18T16:00:36+00:00,2026-05-18T21:10:38+00:00,rhshadrach,181.22,False
63141,pandas-dev/pandas,CLN:  s variable in _init_dict,Docs;Needs Triage,closed,2025-11-18T07:56:05+00:00,2025-11-18T22:31:32+00:00,rhshadrach,0.61,False
63140,pandas-dev/pandas,"BUG: dateutil 2.9.x cannot load tzdata on systems without system zoneinfo (z/OS, AIX, some Unix variants)",Bug;Needs Triage,closed,2025-11-18T05:27:33+00:00,2025-11-18T08:42:27+00:00,dbaranwal06,0.14,True
63138,pandas-dev/pandas,ENH: Add DataFrame.to_toon() method for TOON serialization support,Enhancement;Closing Candidate;IO Format Request,closed,2025-11-17T18:14:56+00:00,2025-11-18T14:22:03+00:00,rhshadrach,0.84,False
63128,pandas-dev/pandas,BUG: undefined symbol when building Pandas with a custom python installation,Bug;Build,closed,2025-11-16T15:37:05+00:00,2025-11-24T01:11:27+00:00,rhshadrach,7.4,False
63120,pandas-dev/pandas,"Possible redundant assertion `issubclass(type(a), type(a))`",Testing;Clean,closed,2025-11-15T07:29:39+00:00,2025-11-16T13:59:51+00:00,rhshadrach,1.27,False
63119,pandas-dev/pandas,Redundant type checks and dead code requiring refactoring,Testing;Clean,closed,2025-11-15T07:04:04+00:00,2025-11-18T03:12:57+00:00,rhshadrach,2.84,False
63116,pandas-dev/pandas,ENH: Add mapping of nullable columns to pandas.to_sql,Enhancement;IO SQL;Needs Triage,open,2025-11-14T22:37:43+00:00,,,,
63112,pandas-dev/pandas,BUG: `pandas.array` works fine when 2-D array contains string,Bug;Error Reporting;Constructors;Nested Data,closed,2025-11-14T17:13:16+00:00,2026-02-22T15:45:42+00:00,rhshadrach,99.94,False
63111,pandas-dev/pandas,DOC: `from_dataframe` contains deprecated parameter `DataFrameXchg` but is not deprecated itself,Docs;Interchange,closed,2025-11-14T08:50:45+00:00,2026-06-30T17:26:10+00:00,jbrockmendel,228.36,False
63105,pandas-dev/pandas,"String dtype: known differences and performance considerations for ""pyarrow"" vs ""python"" storage variants",Docs;Strings,open,2025-11-13T13:44:33+00:00,,,,
63101,pandas-dev/pandas,BUG: Strings in Excel number formats do not preserve case,Bug;IO Excel;Styler,closed,2025-11-12T22:28:49+00:00,2026-07-07T20:09:57+00:00,jbrockmendel,236.9,False
63099,pandas-dev/pandas,API: reconsider returning read-only arrays from DataFrame/Series .array/.values/__array__,API Design;Needs Discussion;Copy / view semantics,open,2025-11-12T18:30:27+00:00,,,,
63095,pandas-dev/pandas,BUG: Inconsistency of `BooleanArray.__and__` with `pd.NA` and `[pd.NA]`,Bug;Numeric Operations;Deprecate;NA - MaskedArrays,open,2025-11-12T10:17:43+00:00,,,,
63094,pandas-dev/pandas,API: consistently preserve null values for `**0` in nullable dtypes,Missing-data;API Design;Numeric Operations;NA - MaskedArrays,open,2025-11-12T10:10:42+00:00,,,,
63092,pandas-dev/pandas,ENH: Add Native Support for Reading CoNLL Files in Pandas,Enhancement;Needs Triage;Closing Candidate;IO Format Request,closed,2025-11-12T07:51:55+00:00,2025-11-25T19:43:33+00:00,mroeschke,13.49,False
63089,pandas-dev/pandas,BUG: read_csv results in SIGSEGV,Bug;IO CSV;Segfault,closed,2025-11-12T05:14:05+00:00,2025-11-17T21:01:39+00:00,rhshadrach,5.66,False
63084,pandas-dev/pandas,DOC: missing docs for `pd.col` Expression objects,Docs;expressions,open,2025-11-11T22:40:31+00:00,,,,
63078,pandas-dev/pandas,"BUG: when np.datetime64[ns] is a type in a MultiIndex, ""NotImplementedError"" when trying to return the df from a joblib.delayed",Bug;Needs Triage,closed,2025-11-11T15:44:07+00:00,2026-06-23T16:11:30+00:00,jbrockmendel,224.02,False
63071,pandas-dev/pandas,BUG: DataFrame.loc[] returns object type instead of float,Bug;Indexing;Dtype Conversions,closed,2025-11-11T04:15:34+00:00,2026-04-01T00:45:13+00:00,jbrockmendel,140.85,False
63068,pandas-dev/pandas,DOC: Improve now() by adding examples,Docs;Timestamp,closed,2025-11-10T21:59:36+00:00,2025-11-29T13:04:00+00:00,rhshadrach,18.63,False
63064,pandas-dev/pandas,API: Series[bool with missing] + bool consistency,Numeric Operations;API - Consistency;NA - MaskedArrays,open,2025-11-10T17:27:44+00:00,,,,
63061,pandas-dev/pandas,BUG/ENH: `DataFrame.__eq__()` and `__ne__()` should return `bool`,Enhancement;Closing Candidate,closed,2025-11-10T14:01:56+00:00,2025-11-12T02:32:29+00:00,rhshadrach,1.52,False
63049,pandas-dev/pandas,ENH: Optional preservation of Sparse columns in Parquet/Feather via Arrow metadata,Sparse;IO Parquet,open,2025-11-09T02:01:16+00:00,,,,
63045,pandas-dev/pandas,BUG: String categories are not quoted as expected,Bug;Output-Formatting;Categorical,closed,2025-11-08T13:32:20+00:00,2025-11-13T12:04:12+00:00,jorisvandenbossche,4.94,False
63040,pandas-dev/pandas,"not necessarily for this PR, but should we add an EA attribute specifying whether copy=False is ignored?  that way we could avoid overriding tests?",,closed,2025-11-08T02:29:29+00:00,2026-04-18T17:01:55+00:00,mroeschke,161.61,False
63030,pandas-dev/pandas,ENH: Standardize calculation of Pearson correlation,Enhancement;Needs Triage;cov/corr,open,2025-11-07T17:22:12+00:00,,,,
63027,pandas-dev/pandas,ENH: Dataframe melt : the variable column should be typed as string,Enhancement;Reshaping,closed,2025-11-07T14:55:59+00:00,2025-11-07T18:49:04+00:00,rhshadrach,0.16,False
63019,pandas-dev/pandas,BUG: pd.json_normalize has inconsistent validation for non-string keys - accepts integers in some parameter combinations but rejects in others,Bug;Error Reporting;IO JSON,closed,2025-11-07T03:40:00+00:00,2025-11-27T10:22:39+00:00,rhshadrach,20.28,False
63014,pandas-dev/pandas,ENH: prefix support for pd.merge,Enhancement;Reshaping;Needs Triage,open,2025-11-06T19:17:13+00:00,,,,
63010,pandas-dev/pandas,BUG: ExcelFile.parse sets sheet.max_row and sheet.max_column to None,Bug;IO Excel,closed,2025-11-06T16:41:03+00:00,2026-07-10T10:57:36+00:00,rhshadrach,245.76,False
63007,pandas-dev/pandas,BUG: Inconsistency between `Series[float].__rfloordiv__([timedelta])` and `rfloordiv` and further,Bug;Numeric Operations;Needs Discussion,open,2025-11-06T09:03:29+00:00,,,,
62998,pandas-dev/pandas,BUG: query column if values in list fails in Debian,Bug;Needs Triage,closed,2025-11-05T13:23:33+00:00,2025-11-06T22:00:13+00:00,rhshadrach,1.36,False
62995,pandas-dev/pandas,BUG: df.to_sql() lose datetime precision when uploading data to SQL Server temp table,Bug;IO SQL,closed,2025-11-05T11:09:50+00:00,2026-06-23T16:50:22+00:00,jbrockmendel,230.24,False
62990,pandas-dev/pandas,BUG: Series.loc slicing raises KeyError unexpectedly,Bug;Indexing;Error Reporting,closed,2025-11-05T01:29:43+00:00,2025-12-18T17:35:49+00:00,jorisvandenbossche,43.67,False
62981,pandas-dev/pandas,BUG: `item_from_zerodim` converts objects of subclasses of `ndarray` to `float`,Bug,closed,2025-11-04T16:13:48+00:00,2025-11-14T17:40:16+00:00,jbrockmendel,10.06,False
62980,pandas-dev/pandas,ENH: Add primary_key and auto_increment parameters to DataFrame.to_sql(),Enhancement;IO SQL,closed,2025-11-04T16:00:11+00:00,2026-08-31T21:57:04+00:00,rhshadrach,300.25,False
62974,pandas-dev/pandas,### Prerequisites,,closed,2025-11-03T19:56:48+00:00,2025-11-03T19:57:28+00:00,sasipadi,0.0,True
62966,pandas-dev/pandas,DOC: `Series.sum()` has examples that don't illustrate the actual results,Docs,closed,2025-11-03T15:13:03+00:00,2025-12-31T17:46:52+00:00,mroeschke,58.11,False
62963,pandas-dev/pandas,BUG: EngFormatter accuracy wrong,Bug;Output-Formatting,closed,2025-11-02T19:25:52+00:00,2025-11-03T23:51:08+00:00,rhshadrach,1.18,False
62949,pandas-dev/pandas,BUG: concat warning when joining with empty and columns have different dtype,Bug;Reshaping;Needs Discussion;Warnings,closed,2025-11-01T12:22:51+00:00,2025-11-10T17:54:07+00:00,rhshadrach,9.23,False
62946,pandas-dev/pandas,BUG: `Rolling.skew` and `Rolling.kurt` return NaN for low-variance windows,Bug;Window;Numeric stability,closed,2025-11-01T01:48:42+00:00,2026-03-13T20:32:56+00:00,jbrockmendel,132.78,False
62940,pandas-dev/pandas,"ENH: Add an option to ""nunique"" to skip columns that contain unhashable values",Enhancement;Needs Triage,closed,2025-10-31T17:41:14+00:00,2025-11-03T15:07:52+00:00,wjandrea,2.89,False
62938,pandas-dev/pandas,ENH: Add `right` argument to `pandas.qcut` to support left-inclusive binning,Enhancement;Duplicate Report;cut,closed,2025-10-31T13:49:14+00:00,2026-08-31T21:55:39+00:00,rhshadrach,304.34,False
62937,pandas-dev/pandas,BUG: rolling().corr() crash with time period,Bug;Window;Segfault,open,2025-10-31T13:44:07+00:00,,,,
62936,pandas-dev/pandas,BUG: timeseries (tz-aware) .plot() fails if timeseries begin is at edge of DST change-over,Bug;Visualization;Timezones,open,2025-10-31T09:12:39+00:00,,,,
62930,pandas-dev/pandas,ENH: Update `testing.assert_frame_equal` message to list all cols with diffs,Enhancement;Testing;Needs Triage,open,2025-10-31T00:14:48+00:00,,,,
62926,pandas-dev/pandas,BUG: indexing a MultiIndex-ed DataFrame (only) with a scalar on a level and a slice on another doesn't drop a level,Bug;Indexing;MultiIndex,open,2025-10-30T21:53:37+00:00,,,,
62923,pandas-dev/pandas,DOC: `tolerance` in `Index.reindex` can be a `Sequence` at runtime,Docs;Index,closed,2025-10-30T20:52:36+00:00,2025-10-31T16:49:14+00:00,mroeschke,0.83,False
62922,pandas-dev/pandas,BUG: read_parquet fails when passing a list of remote files (gcs),Bug;Error Reporting;IO Parquet,open,2025-10-30T19:49:16+00:00,,,,
62919,pandas-dev/pandas,DEPR: verify_integrity in DataFrame.set_index,Indexing;Deprecate,closed,2025-10-30T18:27:03+00:00,2025-11-07T19:43:04+00:00,mroeschke,8.05,False
62918,pandas-dev/pandas,DEPR: Series.combine with non-Series,Deprecate;combine/combine_first/update,open,2025-10-30T17:52:24+00:00,,,,
62915,pandas-dev/pandas,BUG: index.union fails at DST boundary,Bug;Timezones;Needs Tests;Index,closed,2025-10-30T07:32:37+00:00,2025-12-01T18:49:59+00:00,mroeschke,32.47,False
62911,pandas-dev/pandas,BUG: Type stub deleted for function that is not even officially deprecated,Bug;Needs Triage,closed,2025-10-29T21:54:33+00:00,2025-10-29T23:02:26+00:00,mroeschke,0.05,False
62903,pandas-dev/pandas,BUG: `pd.concat()` produces invalid index when inputs have `Int64Dtype` index with `NA`s,Bug;Missing-data;MultiIndex,open,2025-10-29T01:54:42+00:00,,,,
62899,pandas-dev/pandas,DOC: inconsistent default values in the initialiser for `RangeIndex`,Docs,closed,2025-10-28T17:41:00+00:00,2025-10-29T18:37:25+00:00,mroeschke,1.04,False
62898,pandas-dev/pandas,Missing manylinux wheels for nightly build,Build,closed,2025-10-28T17:17:57+00:00,2025-12-09T20:14:10+00:00,TomAugspurger,42.12,False
62897,pandas-dev/pandas,"BUG: `Index.join` works when `other` is `Series`, giving `Index`",Deprecate;Index,closed,2025-10-28T17:11:18+00:00,2025-11-04T19:35:08+00:00,jbrockmendel,7.1,False
62888,pandas-dev/pandas,"BUG: factorize with objects differentiate 0/1 from False, True",Bug;Algos,closed,2025-10-27T23:37:48+00:00,2026-03-17T02:20:39+00:00,rhshadrach,140.11,False
62883,pandas-dev/pandas,BUILD: arm32 cross compile issues,Build;ARM,open,2025-10-27T20:35:11+00:00,,,,
62881,pandas-dev/pandas,"BUG: pd.read_csv crashes when CSV contains ""2e06918610327a"" in version 2.3.3",Bug;IO CSV;Closing Candidate,closed,2025-10-27T20:03:51+00:00,2025-10-27T21:30:19+00:00,zihaooo,0.06,True
62878,pandas-dev/pandas,BUG: Pyarrow numeric dtype fillna filled not null entry,Bug;Missing-data;Upstream issue;Arrow,closed,2025-10-27T11:05:01+00:00,2025-10-28T10:17:01+00:00,rhshadrach,0.97,False
62870,pandas-dev/pandas,ENH: Double-double arithmetic for precision operations with float64s,Enhancement;Numeric stability,closed,2025-10-26T20:08:02+00:00,2026-03-17T20:12:19+00:00,eicchen,142.0,True
62864,pandas-dev/pandas,BUG: Wrong skewness and kurtosis for degenerate distributions,Bug;Window,closed,2025-10-26T17:57:26+00:00,2026-03-13T20:32:55+00:00,jbrockmendel,138.11,False
62849,pandas-dev/pandas,BUG: bdate_range with cbh fails,Bug;Frequency,closed,2025-10-25T21:54:48+00:00,2025-11-03T15:42:19+00:00,jbrockmendel,8.74,False
62846,pandas-dev/pandas,BUG: Resampler.interpolate downcast keyword deprecated?,Bug;Dtype Conversions;Deprecate,closed,2025-10-25T21:17:32+00:00,2025-10-27T17:44:22+00:00,mroeschke,1.85,False
62840,pandas-dev/pandas,ENH: Make pd.to_datetime with format parameter more robust to dirty data,Enhancement;Datetime;Closing Candidate,closed,2025-10-25T15:09:16+00:00,2025-11-26T20:43:56+00:00,mroeschke,32.23,False
62838,pandas-dev/pandas,BUG: ENH: Improve IntCastingNaNError message to suggest solutions for NaN in integer conversion,Enhancement;Dtype Conversions;Error Reporting;Needs Triage,closed,2025-10-25T12:59:18+00:00,2025-11-08T17:43:10+00:00,mroeschke,14.2,False
62833,pandas-dev/pandas,ENH: Add convenience API to summarize null counts grouped by dtype (e.g. df.dtype_nulls.summary()),Enhancement;Describe/info/etc,open,2025-10-25T07:21:22+00:00,,,,
62829,pandas-dev/pandas,BUG: json_normalize doesn't handle nan well when max_level=n,Bug;Error Reporting;IO JSON,closed,2025-10-25T01:37:52+00:00,2025-11-04T18:03:19+00:00,mroeschke,10.68,False
62826,pandas-dev/pandas,ENH: Bit operations on dataframes with same shapes,Enhancement;Numeric Operations;Needs Triage;Closing Candidate,closed,2025-10-24T21:32:13+00:00,2026-06-24T16:03:37+00:00,jbrockmendel,242.77,False
62820,pandas-dev/pandas,CI: Pyodide checks failing with NotImplemented error,,closed,2025-10-24T16:19:54+00:00,2025-10-27T20:51:58+00:00,mroeschke,3.19,False
62816,pandas-dev/pandas,BUG: `.unstack(sort=False)` reorders columns labels without the column values,Bug;Reshaping,closed,2025-10-24T06:22:06+00:00,2026-08-10T02:41:11+00:00,jbrockmendel,289.85,False
62810,pandas-dev/pandas,BUG: False positive ChainedAssignmentError in 3.14 (but not 3.13),Bug;Needs Triage,closed,2025-10-23T20:31:48+00:00,2025-10-23T21:22:55+00:00,sam-s,0.04,True
62807,pandas-dev/pandas,DOC: read_excel dtype_backend  default or no default?,Docs;IO Excel,closed,2025-10-23T09:22:22+00:00,2025-10-23T13:15:05+00:00,rhshadrach,0.16,False
62802,pandas-dev/pandas,BUG: StringArray with NA behaves different to numpy object array for elementwise comparisons,Bug;Missing-data;Strings;Compat;Needs Triage,open,2025-10-22T23:41:03+00:00,,,,
62800,pandas-dev/pandas,BUG: dtype and NA mask not preserved when applying numpy ufuncs to an ArrowDtype Series,Bug;Missing-data;Arrow;ufuncs,closed,2025-10-22T20:19:32+00:00,2025-10-29T23:03:30+00:00,mroeschke,7.11,False
62796,pandas-dev/pandas,Improve missing dep error advice to include other package managers,Error Reporting,closed,2025-10-22T18:13:58+00:00,2026-05-11T21:17:24+00:00,jbrockmendel,201.13,False
62792,pandas-dev/pandas,"BUG: HDF5 file stores hardcoded pandas version ""0.15.2"" instead of actual pandas version",IO HDF5;Clean,closed,2025-10-22T14:29:54+00:00,2026-06-03T16:51:27+00:00,mroeschke,224.1,False
62787,pandas-dev/pandas,BUG: Enabling Copy on Write with DataFrame.replace Raises Exception with np.nan as replacement value,Bug;Copy / view semantics,closed,2025-10-22T10:53:08+00:00,2025-10-26T17:44:16+00:00,rhshadrach,4.29,False
62778,pandas-dev/pandas,BUG: groupby.<reduction>(numeric_only=) does not validate non-bool arguments,Bug;Groupby;Error Reporting,closed,2025-10-21T21:13:18+00:00,2025-10-27T20:27:38+00:00,rhshadrach,5.97,False
62775,pandas-dev/pandas,"BUG: DataFrame.from_dict() drops empty rows with orient='index', inconsistently with empty columns",Bug;IO Data,closed,2025-10-21T18:20:43+00:00,2026-07-08T18:01:16+00:00,jbrockmendel,259.99,False
62771,pandas-dev/pandas,fillna for np.float64(np.nan),PDEP missing values,closed,2025-10-21T02:31:34+00:00,2025-10-24T03:49:53+00:00,randomseed42,3.05,True
62769,pandas-dev/pandas,BUG: pd.read_parquet raises exception filtering on Period type columns,Bug;IO Parquet;Arrow,open,2025-10-20T23:53:07+00:00,,,,
62768,pandas-dev/pandas,DOC: MultiIndex.swaplevel default argument values could use an explanation,Docs;Index,closed,2025-10-20T21:21:56+00:00,2025-12-04T18:52:59+00:00,mroeschke,44.9,False
62766,pandas-dev/pandas,BUG: boolean operations for Index return np.array instead of Index,Bug;Numeric Operations;Needs Discussion,open,2025-10-20T20:15:05+00:00,,,,
62742,pandas-dev/pandas,``validate``in ``merge`` should list out which rows are validating the condition,Reshaping;Error Reporting,closed,2025-10-18T22:53:52+00:00,2025-10-25T17:40:52+00:00,mroeschke,6.78,False
62740,pandas-dev/pandas,BUG: `read_csv` is inconsistent with large exponent,Bug;IO CSV,closed,2025-10-18T21:47:13+00:00,2025-10-21T19:51:44+00:00,WillAyd,2.92,False
62739,pandas-dev/pandas,BUG: reading space-delimited CSV file and skipping first row with double quote in it fails,Bug;IO CSV,closed,2025-10-18T17:52:57+00:00,2025-11-04T13:00:31+00:00,rhshadrach,16.8,False
62736,pandas-dev/pandas,Create `.editorconfig`,CI;Needs Discussion,closed,2025-10-18T13:21:15+00:00,2025-10-28T18:55:05+00:00,Alvaro-Kothe,10.23,False
62733,pandas-dev/pandas,ENH: `\centering` option for `DataFrame.to_latex()` method,Enhancement;IO LaTeX,closed,2025-10-18T08:43:35+00:00,2025-10-26T06:52:42+00:00,attack68,7.92,True
62725,pandas-dev/pandas,BUG: `resample` with `asfreq` ignores `origin` if the dataframe has a fixed frequency,Bug;Resample,closed,2025-10-17T11:16:32+00:00,2025-11-04T17:11:48+00:00,mroeschke,18.25,False
62724,pandas-dev/pandas,BUG: `UnboundLocalError` when calling `pd.option_context` with an invalid key on the `main` branch,Bug;Needs Triage,closed,2025-10-17T08:54:44+00:00,2025-10-17T22:52:44+00:00,mroeschke,0.58,False
62723,pandas-dev/pandas,"BUG: assignment to `Series.iloc` with `dtype=""object""` converts dictionary to `Series`",Indexing;Needs Discussion,open,2025-10-17T05:29:22+00:00,,,,
62719,pandas-dev/pandas,ENH: Add Series.split and DataFrame.split,Enhancement;Reshaping;Needs Discussion,open,2025-10-16T20:51:37+00:00,,,,
62717,pandas-dev/pandas,Consolidate decimal digit -> str functions in tokenizer.c,,closed,2025-10-16T20:02:23+00:00,2026-03-17T20:32:49+00:00,mroeschke,152.02,False
62716,pandas-dev/pandas,DOC: Where can I find the Pandas 3.0.0 Release timeline,Docs;Needs Triage,closed,2025-10-16T18:29:37+00:00,2025-10-16T20:48:05+00:00,mroeschke,0.1,False
62712,pandas-dev/pandas,BUG: `TimedeltaIndex` and `Index[timedelta]` behave differently upon `__rtruediv__`,Bug;Numeric Operations;Upstream issue,closed,2025-10-16T12:34:10+00:00,2025-10-23T21:29:30+00:00,rhshadrach,7.37,False
62711,pandas-dev/pandas,BUG: pandera check fails with pandas `KeyError` on certain columns starting with version 2.3.3,Bug,closed,2025-10-16T09:11:01+00:00,2025-10-19T13:20:47+00:00,rhshadrach,3.17,False
62710,pandas-dev/pandas,BUG: Series with NA values are replaced with NaN when mapping over categorial data with a default providing dictionary,Bug;Missing-data;Apply,closed,2025-10-16T07:58:50+00:00,2026-05-06T00:46:19+00:00,rhshadrach,201.7,False
62708,pandas-dev/pandas,DOC: Explain how to load data in Google Colab,Docs,closed,2025-10-16T02:35:43+00:00,2025-12-28T19:24:15+00:00,afeld,73.7,False
62705,pandas-dev/pandas,BUG: Pivoting empty DataFrame fails with period-like dtypes,Period;Needs Tests,closed,2025-10-15T21:58:05+00:00,2025-11-06T16:36:29+00:00,mroeschke,21.78,False
62704,pandas-dev/pandas,ENH: Prevent filling in `unstack()`,Enhancement;Reshaping;Needs Triage,open,2025-10-15T21:03:04+00:00,,,,
62701,pandas-dev/pandas,Ruff format fails on test_query_eval.py ,,closed,2025-10-15T11:57:30+00:00,2025-10-15T17:26:44+00:00,mroeschke,0.23,False
62694,pandas-dev/pandas,PERF: rolling std/var x100 slower in current dev version,Performance;Window,closed,2025-10-14T14:18:46+00:00,2025-10-20T22:24:32+00:00,mroeschke,6.34,False
62693,pandas-dev/pandas,CLN: Use IndentPPDirectives AfterHash in clang-format,Code Style;Clean,closed,2025-10-14T14:10:25+00:00,2026-01-02T14:35:31+00:00,WillAyd,80.02,False
62690,pandas-dev/pandas,There may be a problem in the Dockerfile provided in the root directory.,Build;Closing Candidate,closed,2025-10-14T11:07:26+00:00,2025-10-30T01:25:21+00:00,zhangbowen-coder,15.6,True
62687,pandas-dev/pandas,API/DEPR: disallow casting nan-float to bool,Bug;Missing-data;Dtype Conversions;Needs Discussion;Nullable by default,open,2025-10-14T01:41:01+00:00,,,,
62682,pandas-dev/pandas,"BUG: self,_box_pa throws unique error when passed categorical or interval dtype",Bug;Error Reporting,open,2025-10-13T19:32:13+00:00,,,,
62679,pandas-dev/pandas,"BUG: test_compression leaves ""pyarrow"" file behind",Bug;Needs Triage,closed,2025-10-13T18:12:03+00:00,2025-10-14T17:06:09+00:00,mroeschke,0.95,False
62669,pandas-dev/pandas,BUG: Calling SparseArray.cumsum leads to infinite recursion,Bug;Sparse;Transformations,closed,2025-10-12T18:04:18+00:00,2025-11-30T18:17:27+00:00,mroeschke,49.01,False
62660,pandas-dev/pandas,"BUG: pd.read_csv() does not work on MacOS with file, but with StringIO",Bug;IO CSV;Needs Info,closed,2025-10-11T19:13:05+00:00,2026-03-31T16:35:45+00:00,jbrockmendel,170.89,False
62659,pandas-dev/pandas,ENH: multi slice in loc,Enhancement;Indexing;Closing Candidate,closed,2025-10-11T16:19:22+00:00,2026-05-09T16:09:19+00:00,mroeschke,209.99,False
62653,pandas-dev/pandas,BUG: Series.str.replace stopped working with regex groups,Bug;Strings;Arrow,closed,2025-10-11T07:58:09+00:00,2025-10-27T17:36:41+00:00,mroeschke,16.4,False
62651,pandas-dev/pandas,ENH: : Add header Autofilter and optional bold via engine_kwargs in to_excel,Enhancement;IO Excel,open,2025-10-11T01:25:47+00:00,,,,
62646,pandas-dev/pandas,"DOC: Index.where(..., other) other could be a Series/Index but not documented as such",Docs,closed,2025-10-10T19:58:47+00:00,2025-11-01T20:45:23+00:00,rhshadrach,22.03,False
62637,pandas-dev/pandas,BUG: Python 3.14 no-gil version cannot install pandas on Windows,Bug,closed,2025-10-09T09:47:10+00:00,2025-10-09T18:20:47+00:00,mroeschke,0.36,False
62635,pandas-dev/pandas,BUG: read_csv with pyarrow engine cannot handle single-line CSV files,Bug;IO CSV;Arrow,open,2025-10-09T07:30:35+00:00,,,,
62629,pandas-dev/pandas,CI: New python-dev build causes errors in test-cases,CI,closed,2025-10-08T19:28:10+00:00,2025-10-13T20:53:24+00:00,mroeschke,5.06,False
62622,pandas-dev/pandas,BUG: boolean indexing gets different results during multiple runnings,Bug;Needs Triage,closed,2025-10-08T09:46:15+00:00,2025-10-08T09:48:51+00:00,fengxh0628,0.0,True
62617,pandas-dev/pandas,BUG: incorrect string parsing leads to segfault,Bug;IO CSV;Segfault,closed,2025-10-07T18:06:48+00:00,2025-10-21T19:51:43+00:00,WillAyd,14.07,False
62611,pandas-dev/pandas,BUG: Drop duplicates bug when using pyarrow (version 21.0.0) backend,Bug;Windows;duplicated;Upstream issue;Arrow,closed,2025-10-07T13:52:04+00:00,2025-10-28T10:16:30+00:00,rhshadrach,20.85,False
62609,pandas-dev/pandas,DOC: A small spelling mistake,Docs;Needs Triage,closed,2025-10-07T09:09:55+00:00,2025-10-07T10:00:27+00:00,zhangbowen-coder,0.04,False
62602,pandas-dev/pandas,"BUG: `pandas.date_range()` raises `NonExistentTimeError` despite `nonexistent=""shift_forward""` when crossing DST boundaries",Bug;Datetime;Needs Triage,open,2025-10-06T16:00:40+00:00,,,,
62601,pandas-dev/pandas,BUG: `DataFrame.resample()` fails across DST transitions with `NonExistentTimeError` in timezone-aware data,Bug;Datetime;Resample,open,2025-10-06T15:37:24+00:00,,,,
62595,pandas-dev/pandas,BUG: Multiplying a series of strings with a boolean different for arrow vs. python,Bug;Numeric Operations;Strings,closed,2025-10-06T00:04:32+00:00,2025-10-16T00:25:44+00:00,mroeschke,10.01,False
62590,pandas-dev/pandas,"BUG: In main, `pd.Series(show_counts=False)` is broken",Bug;Needs Triage;Describe/info/etc,closed,2025-10-05T14:10:57+00:00,2025-10-16T15:00:06+00:00,Dr-Irv,11.03,False
62574,pandas-dev/pandas,DOC: `class TextFileReader` not documented as a class,Docs;IO Data,closed,2025-10-04T09:16:18+00:00,2026-04-28T19:06:32+00:00,mroeschke,206.41,False
62562,pandas-dev/pandas,DOC: check_array_indexer also accepts an int or a slice,Docs,closed,2025-10-03T16:47:25+00:00,2025-10-05T19:41:30+00:00,mroeschke,2.12,False
62561,pandas-dev/pandas,Remove take action from CI,Admin,closed,2025-10-03T16:22:42+00:00,2025-10-07T18:04:20+00:00,mroeschke,4.07,False
62558,pandas-dev/pandas,ENH: Adding an empty level at the end of a multi index,Enhancement;MultiIndex;Needs Triage,open,2025-10-03T14:01:39+00:00,,,,
62545,pandas-dev/pandas,BUG: Some existing tests are now failing for latest `numexpr` version `2.13.`. Addition and Multiplication of Booleans no longer issues the expected warning,Bug;Numeric Operations;Dependencies,closed,2025-10-02T08:49:29+00:00,2025-10-03T00:43:49+00:00,mroeschke,0.66,False
62534,pandas-dev/pandas,ENH: Add null percent in output of describe(),Enhancement;Needs Triage,closed,2025-10-01T16:39:22+00:00,2025-10-01T17:15:02+00:00,mroeschke,0.02,False
62531,pandas-dev/pandas,BUG: Parsing a CSV file with string that looks like a number,Bug;IO CSV,closed,2025-10-01T09:52:35+00:00,2025-10-02T20:01:27+00:00,rhshadrach,1.42,False
62524,pandas-dev/pandas,BUG: Inconsistent runtime typing for Index[num] * list[timestamp],Bug;Numeric Operations;Index;Closing Candidate,closed,2025-09-30T20:52:40+00:00,2025-11-26T19:23:50+00:00,mroeschke,56.94,False
62522,pandas-dev/pandas,BUG: ArrowEA._cast_pointwise_result([Decimal(NaN)]),Bug;Arrow,closed,2025-09-30T19:47:21+00:00,2025-10-16T21:14:00+00:00,mroeschke,16.06,False
62520,pandas-dev/pandas,BUG: Regression in Series.pow with all-NA `double[pyarrow]` values in pandas 3.x,Bug;Regression;Numeric Operations;Arrow,closed,2025-09-30T18:38:50+00:00,2025-10-05T19:56:03+00:00,mroeschke,5.05,False
62518,pandas-dev/pandas,"BUG: Regression in `DataFrame.__setitem__` with DataFrame, Categorical  level of MultiIndex in pandas 3.x",Bug;Regression;MultiIndex,closed,2025-09-30T16:51:26+00:00,2025-10-02T16:34:52+00:00,mroeschke,1.99,False
62517,pandas-dev/pandas,"BUG: `DataFrame.add(Series, axis=0)` mis-broadcasts with numpy 2.3 on wide DataFrames",Bug;Numeric Operations;Needs Info,closed,2025-09-30T16:41:16+00:00,2025-09-30T18:31:53+00:00,rhshadrach,0.08,False
62516,pandas-dev/pandas,DOC: Missing documentation for Series.__invert__() (~ operator),Docs;Needs Discussion,closed,2025-09-30T09:46:27+00:00,2026-07-25T15:46:57+00:00,SebastianJL,298.25,True
62515,pandas-dev/pandas,Pandas 2.3.3 and rhel7 compatibility,Build;Needs Discussion,open,2025-09-30T09:37:58+00:00,,,,
62513,pandas-dev/pandas,FutureWarning: DataFrameGroupBy.apply does not have a clear solution.,Groupby;Apply,closed,2025-09-30T00:24:45+00:00,2025-10-01T01:28:07+00:00,rhshadrach,1.04,False
62506,pandas-dev/pandas,BUG: `np.isnan` raises on pyarrow dtypes,Bug;Arrow;PDEP missing values,closed,2025-09-29T18:42:19+00:00,2026-04-30T08:34:07+00:00,jorisvandenbossche,212.58,False
62501,pandas-dev/pandas,BUG: Inconsistent behavior of Groupby with None values with filter,Bug;Groupby;Missing-data;Filters,closed,2025-09-29T09:47:25+00:00,2025-12-29T23:01:21+00:00,rhshadrach,91.55,False
62497,pandas-dev/pandas,BUG: Merge_asof fails for unknow reason,Docs;Reshaping,closed,2025-09-29T07:56:24+00:00,2025-10-27T20:51:13+00:00,rhshadrach,28.54,False
62492,pandas-dev/pandas,BUG: `pd.read_html()` is broken with beautifulsoup4 4.14.0,Bug;IO HTML;Needs Tests,closed,2025-09-29T00:42:28+00:00,2025-09-30T21:09:34+00:00,rhshadrach,1.85,False
62490,pandas-dev/pandas,BUG: rolling().first() and rolling().last() don't work,Bug;Needs Info;Window,closed,2025-09-28T21:04:59+00:00,2025-09-28T22:08:06+00:00,rhshadrach,0.04,False
62488,pandas-dev/pandas,PEP8 WIP,,closed,2025-09-28T18:04:51+00:00,2025-09-28T19:22:38+00:00,hightechandfood-lgtm,0.05,True
62477,pandas-dev/pandas,BUG: incorrect `cumsum` results for pyarrow on windows,Bug;Windows;Window,open,2025-09-27T09:41:10+00:00,,,,
62473,pandas-dev/pandas,"BUG: ""boolean value of NA is ambiguous"" when doing iloc on nullable integer series",Bug;NA - MaskedArrays,open,2025-09-27T06:56:37+00:00,,,,
62472,pandas-dev/pandas,BUG: FloatingArray.__setitem__ accepts FloatingArray as key,Bug;Needs Triage,closed,2025-09-27T01:07:21+00:00,2025-09-27T01:08:27+00:00,jbrockmendel,0.0,False
62468,pandas-dev/pandas,BUG: indexing large df silently fails non-deterministically,Bug;Indexing;Needs Info,open,2025-09-26T20:24:01+00:00,,,,
62467,pandas-dev/pandas,BUG: flex op with ExtensionArray and fill_value,Bug;Numeric Operations,closed,2025-09-26T18:13:46+00:00,2025-10-27T17:52:57+00:00,jbrockmendel,30.99,False
62464,pandas-dev/pandas,ENH: Migrate from ujson to orjson,IO JSON;Dependencies,open,2025-09-26T12:11:33+00:00,,,,
62462,pandas-dev/pandas,BUG: cannot use index to set values in `.iloc` for `Int64[pyarrow]` Series,Bug;Indexing;Regression;Arrow,closed,2025-09-26T11:27:57+00:00,2025-10-05T20:38:45+00:00,mroeschke,9.38,False
62451,pandas-dev/pandas,"BUG: ""Field type has incompatible types"" in loading GCS parquet with read_parquet ",Bug;IO Network;IO Parquet,open,2025-09-25T16:59:43+00:00,,,,
62449,pandas-dev/pandas,ENH: Performance enhancements to nanops using `numba`,Performance;Needs Discussion;Dependencies;numba;Reduction Operations,open,2025-09-25T15:29:49+00:00,,,,
62448,pandas-dev/pandas,"BUG: NumpyEA[uint8].take([-1], allow_fill=True) nonsense result",Bug;Algos,closed,2025-09-25T15:09:49+00:00,2026-01-12T18:19:35+00:00,jbrockmendel,109.13,False
62443,pandas-dev/pandas,BUG: Dataframe.aggregate has inconsistent behaviour for empty dataframe,Bug;Apply,closed,2025-09-25T06:56:41+00:00,2025-09-26T11:28:31+00:00,rhshadrach,1.19,False
62442,pandas-dev/pandas,DEPR: passing `ax` to plotting methods,Visualization;Deprecate,closed,2025-09-25T01:42:40+00:00,2025-09-27T15:58:21+00:00,jbrockmendel,2.59,False
62437,pandas-dev/pandas,"DOC: Replace `@Appender`, `@Substitution`, `@doc` with inlined docstrings",Docs,closed,2025-09-24T20:23:00+00:00,2026-02-09T18:51:08+00:00,mroeschke,137.94,False
62435,pandas-dev/pandas,TST: Replace `ensure_clean` utility function with the `temp_file` pytest fixture,Testing,closed,2025-09-24T17:53:31+00:00,2025-12-26T18:44:47+00:00,mroeschke,93.04,False
62434,pandas-dev/pandas,"STY: Enforce Ruff rule B905, zip-without-explicit-strict",Code Style,closed,2025-09-24T17:44:44+00:00,2026-02-03T19:00:07+00:00,mroeschke,132.05,False
62429,pandas-dev/pandas,BUG: Dockerfile doesn't install pandas directly,Build;Docs,closed,2025-09-24T11:29:04+00:00,2025-11-07T17:53:31+00:00,mroeschke,44.27,False
62423,pandas-dev/pandas,"API/REF: consistent error messages, arithmetic rules",Numeric Operations;Needs Discussion;API - Consistency,open,2025-09-23T15:24:08+00:00,,,,
62421,pandas-dev/pandas,BUG: Incorrect results for pandas.Series.var,Bug;Complex;Reduction Operations,closed,2025-09-23T12:22:16+00:00,2026-03-26T22:58:28+00:00,jbrockmendel,184.44,False
62414,pandas-dev/pandas,ENH: Disable sorting groups by default in `groupby`,Enhancement;Groupby;Needs Triage;Change Default Keyword/Option Request,open,2025-09-22T18:28:50+00:00,,,,
62382,pandas-dev/pandas,BUG: Automatic transformation from int to bool with `read_excel`,Bug;Duplicate Report;IO Excel;Needs Triage,closed,2025-09-19T13:55:38+00:00,2025-09-19T14:38:18+00:00,ldouteau,0.03,True
62377,pandas-dev/pandas,ENH: add value_counts_with_normalization,Enhancement;API Design;Algos;Closing Candidate,closed,2025-09-18T20:45:00+00:00,2025-09-19T09:44:05+00:00,dont-4get-me-men,0.54,True
62370,pandas-dev/pandas,BUG: None in dtype=bool Series does not behave like 3-valued logic,Bug;Missing-data;Duplicate Report;Numeric Operations;Closing Candidate,closed,2025-09-18T06:49:57+00:00,2025-09-19T16:30:09+00:00,mroeschke,1.4,False
62369,pandas-dev/pandas,API: setitem-with-expansion casting,API - Consistency;setitem-with-expansion,closed,2025-09-17T18:44:22+00:00,2026-07-23T14:36:33+00:00,jbrockmendel,308.83,False
62365,pandas-dev/pandas,ENH: Add support for the standard library `compression.zstd` in Python 3.14,Enhancement;IO Data,open,2025-09-17T15:29:54+00:00,,,,
62361,pandas-dev/pandas,BUG: `sort_index` failing on MultiIndex with label name when key is used,Bug;MultiIndex;Sorting,open,2025-09-17T10:36:56+00:00,,,,
62358,pandas-dev/pandas,DOC: Expand data table respresentation,Docs,closed,2025-09-17T06:25:54+00:00,2025-12-15T17:32:33+00:00,mroeschke,89.46,False
62357,pandas-dev/pandas,DOC: Ensure guides are linked from relevant API docs,Docs,closed,2025-09-17T04:38:46+00:00,2026-01-28T03:11:46+00:00,rhshadrach,132.94,False
62354,pandas-dev/pandas,BUG: Imported floats from Stata do not round correctly,Bug;IO Stata;Needs Triage,closed,2025-09-16T22:05:24+00:00,2025-09-17T21:08:26+00:00,rhshadrach,0.96,False
62353,pandas-dev/pandas,ENH: arithmetic between DatetimeArray / TimedeltaArray and list,Enhancement;Numeric Operations;Needs Triage,closed,2025-09-16T20:03:53+00:00,2025-11-26T19:23:50+00:00,mroeschke,70.97,False
62344,pandas-dev/pandas,BUG: cast_pointwise_result with BooleanDtype and all-NA values,Bug;Dtype Conversions;NA - MaskedArrays,closed,2025-09-15T15:12:00+00:00,2025-09-22T14:17:52+00:00,jbrockmendel,6.96,False
62343,pandas-dev/pandas,BUG: _get_common_dtype with date32[pyarrow] and null[pyarrow],Bug;Reshaping;Dtype Conversions;datetime.date;Arrow,closed,2025-09-15T15:06:38+00:00,2026-08-10T02:13:57+00:00,jbrockmendel,328.46,False
62342,pandas-dev/pandas,BUG: inconsistent comparison results when using PyArrow backend.,Bug;Arrow,closed,2025-09-15T12:21:25+00:00,2025-09-15T22:00:57+00:00,rhshadrach,0.4,False
62340,pandas-dev/pandas,BUG: NaN categorical in multi-level column gets replaced in to_excel output,Bug;IO Excel;MultiIndex,open,2025-09-14T20:52:53+00:00,,,,
62337,pandas-dev/pandas,BUG: factorize does not preserve extension dtypes,Bug;Algos;MultiIndex;ExtensionArray;Index,open,2025-09-14T05:14:03+00:00,,,,
62336,pandas-dev/pandas,DOC: pandas.DataFrame.to_hdf missing data,Docs;Needs Triage,closed,2025-09-14T02:11:38+00:00,2025-09-14T23:10:57+00:00,hunterhogan,0.87,True
62330,pandas-dev/pandas,RLS: 2.3.3,Release,closed,2025-09-12T21:02:24+00:00,2025-09-30T18:17:38+00:00,rhshadrach,17.89,False
62316,pandas-dev/pandas,BUG: Inconsistent multiplication of bool times Timedelta,Bug;Numeric Operations;Timedelta;Closing Candidate,closed,2025-09-11T14:24:35+00:00,2026-07-07T16:45:55+00:00,jbrockmendel,299.1,False
62314,pandas-dev/pandas,DOC: Clarify parentheses vs. brackets,Docs,closed,2025-09-11T05:37:12+00:00,2025-09-19T16:44:12+00:00,mroeschke,8.46,False
62311,pandas-dev/pandas,CI: Enable GitHub Actions CI for ppc64le (Power architecture) support,Build;CI,open,2025-09-10T10:27:28+00:00,,,,
62310,pandas-dev/pandas,BUG: Addition/subtracting `pd.Timedelta` constructed from hour offset gives wrong results,Bug;Numeric Operations;Timedelta;Frequency,closed,2025-09-10T10:01:31+00:00,2025-09-12T16:13:34+00:00,simonjayhawkins,2.26,True
62309,pandas-dev/pandas,PERF: `to_numpy` is >3 orders of magnitude slower on tz aware datetimes,Performance;Needs Discussion;Warnings,closed,2025-09-10T09:31:05+00:00,2026-04-16T20:09:27+00:00,jbrockmendel,218.44,False
62307,pandas-dev/pandas,BUG: `to_datetime` inconsistant between Series & DataFrame with timestamps,Bug;Datetime,closed,2025-09-10T08:39:54+00:00,2025-09-16T21:18:44+00:00,rhshadrach,6.53,False
62306,pandas-dev/pandas,ENH: add support for .ceil() and .floor() for series/frame,Enhancement;Needs Triage,closed,2025-09-10T02:40:05+00:00,2025-09-10T02:41:29+00:00,auderson,0.0,True
62303,pandas-dev/pandas,BUG: Failed to build Pandas 2.1.x Docs,Build;Docs,closed,2025-09-09T13:35:08+00:00,2026-01-30T21:27:33+00:00,mroeschke,143.33,False
62287,pandas-dev/pandas,ENH: Support `method` and `tolerance` kwargs in `Index.slice_indexer`,Enhancement;Indexing;Needs Info,closed,2025-09-07T15:02:37+00:00,2025-09-16T21:42:16+00:00,rhshadrach,9.28,False
62277,pandas-dev/pandas,BUG: DatetimeIndex.get_indexer(timestamp[pyarrow]),Bug;Datetime;Arrow,closed,2025-09-06T16:04:20+00:00,2025-09-08T20:53:04+00:00,mroeschke,2.2,False
62268,pandas-dev/pandas,ENH: Make ExtensionDtype.numpy_dtype part of the interface?,Enhancement;Needs Discussion;ExtensionArray,closed,2025-09-06T00:35:31+00:00,2025-09-10T00:47:02+00:00,mroeschke,4.01,False
62264,pandas-dev/pandas,BUG: pd.json_normalize error when non-string keys are used in arguments,Bug;IO JSON,closed,2025-09-05T16:07:34+00:00,2025-09-10T01:30:03+00:00,rhshadrach,4.39,False
62263,pandas-dev/pandas,PERF: cache interleaved_dtype in fast_xs,Indexing;Performance;Internals,closed,2025-09-05T14:46:37+00:00,2026-03-18T20:25:29+00:00,mroeschke,194.24,False
62262,pandas-dev/pandas,ENH: reading Parquet with PyArrrow : read_parquet equivalent of date_as_object=False,Enhancement;IO Parquet;datetime.date,closed,2025-09-05T13:49:50+00:00,2026-08-31T21:54:52+00:00,rhshadrach,360.34,False
62261,pandas-dev/pandas,TRACKER: add support for Python 3.14,Master Tracker;Python 3.14,closed,2025-09-05T13:22:06+00:00,2026-01-21T13:25:56+00:00,jorisvandenbossche,138.0,False
62260,pandas-dev/pandas,BUG: Incorrect Future warning using a logical operation between two pyarrow boolean series,Bug;Numeric Operations;Arrow,closed,2025-09-05T09:59:20+00:00,2025-09-23T02:02:50+00:00,mroeschke,17.67,False
62259,pandas-dev/pandas,ERR: improve error message when specifying a previously-deprecated frequency alias,Error Reporting;Frequency,closed,2025-09-05T09:25:46+00:00,2025-10-05T20:12:23+00:00,mroeschke,30.45,False
62244,pandas-dev/pandas,PERF: `DataFrame.unstack()` and `DataFrame.pivot_table()` upcasting take up more memory than needed,Performance;Nullable by default,closed,2025-09-03T08:43:52+00:00,2025-09-10T01:40:57+00:00,rhshadrach,6.71,False
62243,pandas-dev/pandas,Where are the docs for idiots like me?,,closed,2025-09-03T05:09:40+00:00,2025-09-03T18:47:30+00:00,mroeschke,0.57,False
62240,pandas-dev/pandas,BUG: str.match and str.contains behave inconsistently on compiled regexps (regression in 2.3.2 relative to 2.3.1),Bug;Strings;Needs Discussion;API - Consistency,closed,2025-09-02T18:42:16+00:00,2025-11-18T22:27:42+00:00,rhshadrach,77.16,False
62236,pandas-dev/pandas,ENH: High-performance implementation function for appending rows to a dataframe,Enhancement;Needs Triage,closed,2025-09-02T12:45:17+00:00,2025-09-02T16:27:27+00:00,mroeschke,0.15,False
62235,pandas-dev/pandas,BUG: writing categorical of intervals (pd.cut() output) to Parquet is not supported,Interval;IO Parquet,open,2025-09-02T12:36:34+00:00,,,,
62233,pandas-dev/pandas,BUG:,Bug;Needs Triage,closed,2025-09-02T09:26:05+00:00,2025-09-02T16:27:58+00:00,mroeschke,0.29,False
62228,pandas-dev/pandas,ENH: Add Support for Reading .conll Files in Pandas,Enhancement;IO Data;IO Format Request,closed,2025-08-31T17:30:43+00:00,2025-09-01T12:36:54+00:00,rhshadrach,0.8,False
62219,pandas-dev/pandas,API: `freq` or `step` for base class Index?,API Design;Needs Discussion;Index,open,2025-08-29T22:13:01+00:00,,,,
62213,pandas-dev/pandas,BUG: Using unstacking with `sort=False` after grouping with `sort=False` incorrectly shuffles data,Bug;Reshaping;Needs Info,closed,2025-08-29T07:58:26+00:00,2025-09-01T12:26:18+00:00,rhshadrach,3.19,False
62207,pandas-dev/pandas,ENH: Infer enums as categories,Enhancement;Categorical;Constructors,open,2025-08-28T14:21:08+00:00,,,,
62206,pandas-dev/pandas,ENH: keep the type option for keys in groupby,Bug;Groupby;Missing-data;Dtype Conversions;Duplicate Report,closed,2025-08-28T11:02:31+00:00,2025-09-01T12:46:55+00:00,rhshadrach,4.07,False
62205,pandas-dev/pandas,BUG: `record_prefix` ignored when `record_path` is empty,Bug;IO JSON,closed,2025-08-28T09:37:49+00:00,2025-09-15T17:30:02+00:00,mroeschke,18.33,False
62204,pandas-dev/pandas,BUG: memory leak in to_json when converting DateTime values,Bug;IO JSON,closed,2025-08-27T19:09:25+00:00,2025-08-28T17:45:52+00:00,mroeschke,0.94,False
62202,pandas-dev/pandas,Bug report,,closed,2025-08-27T16:50:41+00:00,2025-08-27T17:12:59+00:00,jbrockmendel,0.02,False
62200,pandas-dev/pandas,"BUG: Behavior change in pandas 3.x with `Series.resample` and `closed=""right"", how=""right""`",Bug;Regression;Resample,closed,2025-08-26T22:07:19+00:00,2026-07-17T23:47:13+00:00,jbrockmendel,325.07,False
62196,pandas-dev/pandas,"BUG: divmod(pd.NA, s) returns single Series instead of tuple",Bug;Missing-data;Numeric Operations,closed,2025-08-26T16:16:19+00:00,2025-09-03T18:30:34+00:00,mroeschke,8.09,False
62195,pandas-dev/pandas,release wheel of v1.5.3 for python 3.12,,closed,2025-08-26T15:28:10+00:00,2025-08-26T16:46:24+00:00,mroeschke,0.05,False
62185,pandas-dev/pandas,"DOC: NaT - ""alias of NaT""; NA - ""alias of <NA>""",Docs;Missing-data,closed,2025-08-25T15:39:12+00:00,2025-09-30T19:27:33+00:00,rhshadrach,36.16,False
62184,pandas-dev/pandas,ENH:  Add DataFrame versioning extension for Git-like version control,Enhancement;Needs Triage,closed,2025-08-25T15:11:55+00:00,2025-08-25T17:54:51+00:00,mroeschke,0.11,False
62169,pandas-dev/pandas,"BUG: Index.get_level_values() does not handle boolean, pd.NA, np.nan, or pd.NaT `level` correctly",Bug;Index,closed,2025-08-21T23:52:04+00:00,2026-03-21T01:08:35+00:00,jbrockmendel,211.05,False
62168,pandas-dev/pandas,">>> import warnings >>> warnings.filterwarnings(""ignore"", ""\nPyarrow"", DeprecationWarning) >>> import pandas",,closed,2025-08-21T23:01:31+00:00,2025-08-22T00:25:03+00:00,mroeschke,0.06,False
62167,pandas-dev/pandas,1911902583,,closed,2025-08-21T23:00:13+00:00,2025-08-22T00:25:09+00:00,mroeschke,0.06,False
62164,pandas-dev/pandas,REF: use _cast_pointwise_result in map,Refactor;Apply;pyarrow dtype retention,closed,2025-08-21T14:13:42+00:00,2026-04-16T16:17:29+00:00,mroeschke,238.09,False
62161,pandas-dev/pandas,DOC: date_range/timedelta_range confusing 3 out of 4 arguments note,Docs;Datetime;Timedelta,closed,2025-08-20T23:57:56+00:00,2025-09-10T03:44:09+00:00,Dr-Irv,20.16,False
62158,pandas-dev/pandas,API: indexing dates-with-datetime64,Bug;Datetime;Indexing;Index;datetime.date,closed,2025-08-20T22:07:16+00:00,2026-04-10T16:17:07+00:00,mroeschke,232.76,False
62157,pandas-dev/pandas,BUG/API: comparison datetime64-vs-dates,Bug;Datetime;Numeric Operations;datetime.date,closed,2025-08-20T22:02:13+00:00,2025-09-24T00:50:02+00:00,mroeschke,34.12,False
62154,pandas-dev/pandas,BUG: resampling with origin=end_date includes extra elements in the bucket,Bug;Resample;Needs Triage,open,2025-08-20T12:21:22+00:00,,,,
62150,pandas-dev/pandas,BUG: Inconsistent behaviour when merging reset-ed MultiIndex dataframe,Bug;Reshaping;MultiIndex;Needs Tests,closed,2025-08-20T01:55:34+00:00,2025-12-05T17:43:28+00:00,mroeschke,107.66,False
62148,pandas-dev/pandas,RLS: 2.3.2,Release,closed,2025-08-19T20:40:14+00:00,2025-08-22T16:12:21+00:00,jorisvandenbossche,2.81,False
62146,pandas-dev/pandas,"BUG: Fails to Build on Raspberry Pi 3 (tested both 2.1.4, 2.3.1 and main Branch)",Build,open,2025-08-19T16:49:22+00:00,,,,
62144,pandas-dev/pandas,BUG / API: setitem on pandas object fails if underlying numpy array is read-only,Indexing;API Design,open,2025-08-19T15:11:31+00:00,,,,
62141,pandas-dev/pandas,ENH: Consistent `name` property for the iterates in `DataFrameGroupBy`,Enhancement;Groupby;API - Consistency,closed,2025-08-18T10:00:32+00:00,2026-08-01T15:45:08+00:00,rhshadrach,348.24,False
62140,pandas-dev/pandas,BUG: type error in `df.attrs.update()`,Bug;Typing;metadata,closed,2025-08-18T09:31:00+00:00,2025-08-18T21:25:40+00:00,rhshadrach,0.5,False
62134,pandas-dev/pandas,BUG: groupby.apply() drops _metadata from subclassed DataFrame,Bug;Groupby;Apply;metadata;Subclassing,closed,2025-08-17T15:03:32+00:00,2025-09-22T17:29:28+00:00,mroeschke,36.1,False
62129,pandas-dev/pandas,REF/API: Move ArrowDtype(pa.foo_string()) into StringDtype(...),API Design;Strings;Needs Discussion,open,2025-08-16T01:28:29+00:00,,,,
62121,pandas-dev/pandas,BUG: Addition of __set_module__ breaks PyCharm PyDev debugger functionalities,,closed,2025-08-15T09:36:01+00:00,2025-09-10T12:43:55+00:00,dangreb,26.13,True
62119,pandas-dev/pandas,PERF: Importing pandas_parser lib takes 50MB of memory,Performance;Needs Triage,closed,2025-08-15T09:14:07+00:00,2025-08-16T14:15:53+00:00,rhshadrach,1.21,False
62111,pandas-dev/pandas,BUG: to_csv uses inconsistent microsecond format for datetimes with timezones,Bug;IO CSV,closed,2025-08-15T01:48:25+00:00,2026-07-21T22:53:56+00:00,jbrockmendel,340.88,False
62109,pandas-dev/pandas,BUG: `pd.api.types.is_string_dtype()` returns inconsistent results for Categorical series vs dtype,Bug;Strings;Needs Discussion,open,2025-08-14T21:25:36+00:00,,,,
62107,pandas-dev/pandas,`Documentation Improvement: Clarify setup steps and troubleshooting in CONTRIBUTING.md`,Docs;Needs Triage,closed,2025-08-14T17:30:30+00:00,2025-08-16T14:27:22+00:00,rhshadrach,1.87,False
62106,pandas-dev/pandas,Documentation Improvement: Clarify steps for setting up local development environment in CONTRIBUTING.md,,closed,2025-08-14T17:25:28+00:00,2025-08-14T19:51:50+00:00,asishm,0.1,True
62100,pandas-dev/pandas,BUG: `tz_localize(None)` incorrectly converts timestamps when using `pyarrow` dtypes,Bug;Needs Triage,closed,2025-08-13T01:34:44+00:00,2025-08-14T03:04:20+00:00,dhirschfeld,1.06,True
62098,pandas-dev/pandas,ENH: Remove the DataFrame.attrs saving to parquet metadata on Pandas' side,Enhancement;IO Parquet;metadata;Needs Triage,open,2025-08-12T21:30:17+00:00,,,,
62097,pandas-dev/pandas,DEPR: rename 'unit' keyword in to_datetime etc,Deprecate;Needs Discussion,open,2025-08-12T19:27:16+00:00,,,,
62094,pandas-dev/pandas,"BUG: In main, TimedeltaIndex.shift() requires freq in the index, but it may not be available because it was computed",Bug;Timedelta;Blocker,closed,2025-08-12T15:52:45+00:00,2025-09-10T18:34:33+00:00,jbrockmendel,29.11,False
62093,pandas-dev/pandas,BUILD: Nightly wheel building failed for some platforms,Build,closed,2025-08-12T11:36:04+00:00,2025-08-15T18:06:48+00:00,mroeschke,3.27,False
62089,pandas-dev/pandas,ENH: More compact printing of a DataFrame with MultiIndex columns,Enhancement;Output-Formatting;New Option Request,open,2025-08-11T19:42:40+00:00,,,,
62084,pandas-dev/pandas,"BUG: Pandas to_datetime parsing error with ""May"" month",Bug;Datetime;Duplicate Report;Needs Triage,closed,2025-08-10T17:22:39+00:00,2025-08-11T05:41:27+00:00,asishm,0.51,False
62072,pandas-dev/pandas,BUG: DataFrame.to_json() does not accurately serialize floats such that they can be deserialized without lost information,Bug;IO JSON,open,2025-08-08T15:03:26+00:00,,,,
62071,pandas-dev/pandas,BUG:Pandas: Custom Metadata in DataFrame Subclass Not Deep-Copied,Bug;Needs Discussion;metadata;Subclassing,open,2025-08-08T12:27:24+00:00,,,,
62064,pandas-dev/pandas,ENH: Persistent and Interoperable Accessors for NDFrame and Index (sliding window POC),Enhancement;Needs Triage,closed,2025-08-07T18:01:32+00:00,2025-08-08T15:57:13+00:00,mroeschke,0.91,False
62063,pandas-dev/pandas,BUG: is_scalar(Enum) gives False,Docs;Numeric Operations,closed,2025-08-07T16:02:45+00:00,2025-10-16T20:14:31+00:00,rhshadrach,70.17,False
62061,pandas-dev/pandas,DOC: There is an unreadable dark text on the dark background in the getting started page,,closed,2025-08-06T15:24:26+00:00,2025-08-06T15:30:58+00:00,mroeschke,0.0,False
62059,pandas-dev/pandas,BUG: Inconsistent behavior of `MultiIndex.union` depending on duplicates and names,Bug;MultiIndex;setops,closed,2025-08-06T13:35:07+00:00,2025-10-18T18:04:45+00:00,mroeschke,73.19,False
62057,pandas-dev/pandas,DOC: DataFrame.to_feather() does not accept *all* file-like objects,Docs;IO Parquet;Closing Candidate,closed,2025-08-06T12:44:29+00:00,2025-08-06T21:58:34+00:00,rhshadrach,0.38,False
62056,pandas-dev/pandas,ENH: pd.DataFrame.describe(): rename top to mode,Enhancement;Needs Triage,closed,2025-08-06T08:09:24+00:00,2025-08-06T15:32:21+00:00,mroeschke,0.31,False
62052,pandas-dev/pandas,BUG: Pandas mean function fails on type pd.NA with axis=1 but not axis=0,Bug;Needs Triage,closed,2025-08-05T23:13:56+00:00,2025-08-05T23:16:41+00:00,peterktrinh,0.0,True
62051,pandas-dev/pandas,BUG: ArrowEA.astype to categorical returning all-NaT,Bug;Dtype Conversions;Categorical;datetime.date;Arrow,open,2025-08-05T18:15:40+00:00,,,,
62050,pandas-dev/pandas,ENH: String functions for df.aggregate(),Enhancement;Needs Discussion;Reduction Operations,open,2025-08-05T17:36:41+00:00,,,,
62048,pandas-dev/pandas,API: Series[Float64] == False,Bug;Needs Triage,closed,2025-08-05T15:35:11+00:00,2025-08-06T02:34:49+00:00,jbrockmendel,0.46,False
62047,pandas-dev/pandas,BUG: failing when groupby on data containing bytes,Bug;Duplicate Report;Error Reporting;Constructors,closed,2025-08-05T15:23:14+00:00,2025-08-06T01:51:55+00:00,rhshadrach,0.44,False
62036,pandas-dev/pandas,BUG: rank with object dtype and small values,Bug;Missing-data;NA - MaskedArrays;Transformations,closed,2025-08-03T17:18:34+00:00,2025-09-12T21:17:34+00:00,jbrockmendel,40.17,False
62033,pandas-dev/pandas,"BUG: Wrong inferred type in case of a mixture of boolean, float and integers",Bug;Dtype Conversions,open,2025-08-03T13:15:29+00:00,,,,
62024,pandas-dev/pandas,API: NaN vs NA in mixed reduction,Bug;Reduction Operations;PDEP missing values,closed,2025-08-02T15:38:02+00:00,2026-03-29T18:08:04+00:00,mroeschke,239.1,False
62022,pandas-dev/pandas,DEPR: convert_dtypes keywords,Dtype Conversions;Deprecate,closed,2025-08-02T02:37:27+00:00,2026-08-06T20:12:14+00:00,rhshadrach,369.73,False
62018,pandas-dev/pandas,BUG: pd.api.types.is_signed_integer_dtype(np.floating) throws TypeError,Bug;Closing Candidate,closed,2025-08-01T12:11:10+00:00,2026-09-05T19:53:17+00:00,jbrockmendel,400.32,False
62013,pandas-dev/pandas,BUG: Sql select from database type cast issue,Bug;Duplicate Report;IO SQL,closed,2025-07-31T16:47:49+00:00,2026-08-29T20:05:15+00:00,rhshadrach,394.14,False
62010,pandas-dev/pandas,"DOC: Series and DataFrame.reindex accepts Timedelta as tolerance, which is not documented",Docs;Needs Triage,closed,2025-07-31T09:23:06+00:00,2025-08-05T07:47:38+00:00,cmp0xff,4.93,True
62008,pandas-dev/pandas,BUG: `assert_series_equal` broken with `check_category_order=False` for arrays with null values,Bug;Testing;Categorical,closed,2025-07-31T07:21:50+00:00,2026-09-03T18:18:02+00:00,jbrockmendel,399.46,False
62004,pandas-dev/pandas,"BUG: `IntervalArray.overlaps()` documents that it accepts another `IntervalArray`, but it is not implemented",Docs;Interval,closed,2025-07-30T21:28:09+00:00,2025-09-07T16:46:52+00:00,jbrockmendel,38.8,False
62001,pandas-dev/pandas,ENH: error messages for missing optional dependencies should point out the options,Enhancement;Error Reporting;Closing Candidate,closed,2025-07-30T13:59:14+00:00,2026-08-28T02:49:47+00:00,jbrockmendel,393.54,False
61998,pandas-dev/pandas,DOC: documenting pandas.MultIndex.argsort,Docs;MultiIndex;Sorting,closed,2025-07-29T23:49:59+00:00,2025-10-05T21:23:23+00:00,mroeschke,67.9,False
61994,pandas-dev/pandas,PERF: `pandas.DataFrame.stack` with `future_stack=True`,Performance;Needs Triage,closed,2025-07-29T15:20:05+00:00,2025-07-29T16:43:23+00:00,mroeschke,0.06,False
61993,pandas-dev/pandas,BUG: Inconsistent `datetime` dtype based on how the dataframe gets initialized,Bug;Datetime;Needs Info,closed,2025-07-29T14:24:21+00:00,2025-07-31T15:04:51+00:00,jbrockmendel,2.03,False
61992,pandas-dev/pandas,"DOC: Point out difference in usage of ""str"" dtype in constructor and astype member",Docs;Strings,closed,2025-07-29T09:24:33+00:00,2025-08-20T02:40:09+00:00,rhshadrach,21.72,False
61991,pandas-dev/pandas,"BUG: Python Package fails to load for some users, but not others.",Bug;Needs Info,closed,2025-07-29T08:57:34+00:00,2025-07-30T08:19:21+00:00,ialvata,0.97,True
61986,pandas-dev/pandas,DOC: Improve docstrings in utility functions in pandas/core/common.py (lines 176–210),Docs,closed,2025-07-29T00:36:13+00:00,2025-07-29T01:33:53+00:00,rhshadrach,0.04,False
61980,pandas-dev/pandas,BUG: Boolean Column Indexing Issue in Pandas,Bug;Indexing;Needs Discussion,open,2025-07-28T09:55:14+00:00,,,,
61978,pandas-dev/pandas,ENH: Function‑scoped bad‑line callback for read_csv that provides line_number (immediate per‑row handling without global side‑effects),Enhancement;IO CSV;Needs Triage,open,2025-07-27T23:40:04+00:00,,,,
61976,pandas-dev/pandas,"BUG: infer_dtype returns ""mixed"" for complex and pd.NA mix",Bug;Missing-data;Dtype Conversions,closed,2025-07-27T20:14:57+00:00,2025-07-28T16:13:42+00:00,mroeschke,0.83,False
61975,pandas-dev/pandas,BUG: 'Sphinx parallel build error' when building docs locally prevents index.html creation,Docs;Needs Info,closed,2025-07-27T18:12:58+00:00,2025-08-05T16:05:55+00:00,mroeschke,8.91,False
61973,pandas-dev/pandas,"BUG: The lines skipped by pd.read_csv(path, chunksize=n, on_bad_lines='skip') depends on `n`.",Bug;IO CSV,open,2025-07-27T14:03:17+00:00,,,,
61968,pandas-dev/pandas,DOC: code coverage app provided in documentation is invalid,Docs,closed,2025-07-26T20:18:56+00:00,2025-07-27T15:44:53+00:00,rhshadrach,0.81,False
61955,pandas-dev/pandas,DOC: shift argument in `Series.shift()` is not used,Docs;Transformations,closed,2025-07-25T22:14:34+00:00,2025-08-18T15:50:36+00:00,mroeschke,23.73,False
61952,pandas-dev/pandas,BUG: Using `Series.str.fullmatch()` and `Series.str.match()` with a compiled regex fails with arrow strings,Bug;Strings;Arrow,closed,2025-07-25T17:43:38+00:00,2025-08-14T06:20:28+00:00,jorisvandenbossche,19.53,False
61951,pandas-dev/pandas,BUG: Implicit upcast to float64 for large series (more than 1000000 rows),Bug;Dtype Conversions;Numeric Operations,open,2025-07-25T17:04:29+00:00,,,,
61949,pandas-dev/pandas,BUG: border attribute used in html.py was deprecated in HTML5,Bug;IO HTML,closed,2025-07-25T14:55:19+00:00,2026-08-19T00:20:24+00:00,rhshadrach,389.39,False
61948,pandas-dev/pandas,BUG: Replacement fails after NA value with PyArrow-backed strings,Bug;replace;Arrow,closed,2025-07-25T14:28:33+00:00,2025-07-25T18:17:20+00:00,rhshadrach,0.16,False
61944,pandas-dev/pandas,DOC: Standardize noncompliant docstrings in pandas/io/html.py (flake8-docstrings),Docs;IO HTML,closed,2025-07-25T02:59:21+00:00,2025-09-09T00:35:19+00:00,mroeschke,45.9,False
61943,pandas-dev/pandas,BUG: series.groupby(level=0) and series.groupby(pd.Grouper(level=0)) produce different orders,Bug;Groupby;API - Consistency,open,2025-07-25T01:47:26+00:00,,,,
61942,pandas-dev/pandas,BUG: Using `Series.str.contains()` with a compiled regex and arrow strings fails,Bug;Strings;Arrow,closed,2025-07-24T22:44:11+00:00,2025-08-14T08:27:11+00:00,jorisvandenbossche,20.4,False
61940,pandas-dev/pandas,BUG: Using `/` operator with a `Path` and `Series` of string dtype fails,Enhancement;Strings,closed,2025-07-24T22:02:26+00:00,2025-09-02T16:36:16+00:00,mroeschke,39.77,False
61939,pandas-dev/pandas,DOC: Docstring for BooleanDType inconsistent with the rest of repo,Docs;NA - MaskedArrays,closed,2025-07-24T21:27:51+00:00,2025-11-04T12:51:45+00:00,rhshadrach,102.64,False
61938,pandas-dev/pandas,"BUG: `metadata` on `np.ndarray` of `np.dtype(""O"")` dtype lost when roundtripped through `pandas.Series`",Strings,open,2025-07-24T20:57:13+00:00,,,,
61937,pandas-dev/pandas,BUG: `Index` accepts lists as values,Bug;Needs Discussion;Index;Constructors,open,2025-07-24T20:44:35+00:00,,,,
61935,pandas-dev/pandas,"BUG: `assert_index_equal(CategoricalIndex, CategoricalIndex, check_categorical=True, exact=False)` raises TypeError instead of AssertionError",Bug;Testing,closed,2025-07-24T17:48:56+00:00,2025-10-03T17:17:39+00:00,mroeschke,70.98,False
61932,pandas-dev/pandas,"BUG: Unexpected Code Segment Executed, Causing Logical Error",Bug;Groupby,closed,2025-07-24T09:04:20+00:00,2025-07-24T20:04:05+00:00,rhshadrach,0.46,False
61930,pandas-dev/pandas,PERF: `DataFrame.copy(deep=True)` returns a view on the original pyarrow buffer,Performance;Needs Discussion;Copy / view semantics,open,2025-07-23T14:37:26+00:00,,,,
61928,pandas-dev/pandas,indexing with a `Categorical` of `Interval`s is inefficient,Performance;Categorical;Interval,closed,2025-07-23T09:10:02+00:00,2026-03-15T18:48:55+00:00,mroeschke,235.4,False
61927,pandas-dev/pandas,DOC: Add tzdata to dependencies section in README,Docs,closed,2025-07-23T03:11:10+00:00,2025-07-25T16:37:25+00:00,mroeschke,2.56,False
61926,pandas-dev/pandas,BUG: Merge fails on pyarrow datetime columns,Bug;Datetime;Reshaping;Arrow,closed,2025-07-23T02:57:47+00:00,2025-10-06T16:22:59+00:00,mroeschke,75.56,False
61922,pandas-dev/pandas,"BUG: `date_range` gives different output ends for fixed `end` and varying `start` when `freq=""B""`",Bug;Datetime,closed,2025-07-22T10:30:51+00:00,2025-07-22T20:27:57+00:00,rhshadrach,0.41,False
61918,pandas-dev/pandas,QST: Global future flag,Usage Question,closed,2025-07-21T20:55:32+00:00,2025-07-21T21:27:25+00:00,rhshadrach,0.02,False
61917,pandas-dev/pandas,BUG: `IntervalIndex.unique()` only contains the first interval if all interval borders are negative,Bug;Algos;Interval,closed,2025-07-21T16:29:54+00:00,2025-11-25T21:10:03+00:00,rhshadrach,127.19,False
61916,pandas-dev/pandas,"String dtype: backwards compatibility of selecting ""object"" vs ""str"" columns in `select_dtypes`",Strings,closed,2025-07-21T13:24:05+00:00,2025-10-19T20:10:40+00:00,jorisvandenbossche,90.28,False
61915,pandas-dev/pandas,BUG: Cannot interpret string dtype as a valid data type,Strings,closed,2025-07-21T08:31:47+00:00,2025-07-26T09:20:33+00:00,jorisvandenbossche,5.03,False
61914,pandas-dev/pandas,BUG: Convertors not running when reading a dataframe from excel using calamine engine,Bug;IO Excel;Needs Triage,open,2025-07-20T22:18:12+00:00,,,,
61906,pandas-dev/pandas,ENH: Make attributes saved by default,Enhancement;IO Parquet;metadata;Needs Triage,closed,2025-07-19T10:03:08+00:00,2025-07-21T03:02:18+00:00,arthurlw,1.71,True
61903,pandas-dev/pandas,DOC: Clarify to_numeric behavior for numeric dtypes,Docs,closed,2025-07-19T06:39:17+00:00,2025-07-21T20:53:50+00:00,rhshadrach,2.59,False
61898,pandas-dev/pandas,BUG: `AttributeError` in `pd.eval()` when calling attribute after binary operation,Bug;Needs Triage,closed,2025-07-18T16:08:05+00:00,2025-07-18T16:13:34+00:00,ryantam626,0.0,True
61896,pandas-dev/pandas,BUG: `rank` gives incorrect outputs on Windows with PyArrow backend,Bug;Groupby;Upstream issue;Transformations,open,2025-07-18T09:46:04+00:00,,,,
61890,pandas-dev/pandas,Output formatting: the repr of the Categorical categories (quoted or unquoted strings?),Output-Formatting;Categorical,closed,2025-07-17T07:41:48+00:00,2025-08-13T19:57:02+00:00,jorisvandenbossche,27.51,False
61889,pandas-dev/pandas,BUG: make to_json with JSON Table Schema work correctly with string dtype,Bug;IO JSON;Strings,closed,2025-07-17T07:30:55+00:00,2025-07-26T11:27:38+00:00,jorisvandenbossche,9.16,False
61888,pandas-dev/pandas,ENH: Images embedded in cells. The DISPIMG function of WPS,Enhancement;Needs Info;Needs Triage;Closing Candidate,closed,2025-07-17T07:26:02+00:00,2025-08-05T16:28:29+00:00,mroeschke,19.38,False
61886,pandas-dev/pandas,DOC: fix doctests for repr changes with the new string dtype,Docs;Strings,closed,2025-07-17T07:06:43+00:00,2025-07-26T17:14:22+00:00,mroeschke,9.42,False
61881,pandas-dev/pandas,API: boolean ops with float dtype,Numeric Operations;Needs Discussion;API - Consistency;Nullable by default,open,2025-07-16T20:00:48+00:00,,,,
61873,pandas-dev/pandas,BUG:float_precision type hints differ in release version from github and docs pandas==2.3.1,Bug;IO CSV;Typing;Closing Candidate,closed,2025-07-16T13:01:08+00:00,2025-07-22T12:26:03+00:00,mas-4,5.98,True
61866,pandas-dev/pandas,BUG:  Operations not implemented for non-1D ExtensionArrays ,Bug;Numeric Operations;NA - MaskedArrays,closed,2025-07-15T19:55:29+00:00,2025-08-14T22:39:02+00:00,jbrockmendel,30.11,False
61863,pandas-dev/pandas,BUG: describe(include=..) fails with unrelated error if provided data types are not present,Bug;Error Reporting,closed,2025-07-15T14:09:59+00:00,2025-10-05T22:22:27+00:00,mroeschke,82.34,False
61862,pandas-dev/pandas,BUG: DateOffset default temporal pattern does not work as expected with DST,Bug;Frequency,closed,2025-07-15T14:02:55+00:00,2026-03-26T03:09:39+00:00,jbrockmendel,253.55,False
61861,pandas-dev/pandas,BUG: pd.eval raises AttributeError: 'BinOp' object has no attribute 'value',Bug;Needs Triage,closed,2025-07-15T08:32:29+00:00,2025-07-15T08:47:03+00:00,auderson,0.01,False
61860,pandas-dev/pandas,"ENH: New method ""ends"" as a combination of “head” and ""tail""",Enhancement;Needs Triage;Closing Candidate,closed,2025-07-15T07:43:12+00:00,2025-08-05T16:28:53+00:00,mroeschke,21.37,False
61856,pandas-dev/pandas,BUG: Inconsistent .values NA/NaN,PDEP missing values,open,2025-07-14T17:15:04+00:00,,,,
61848,pandas-dev/pandas,DOC: Series.__init__ doc incorrectly says dtype is ignored if data is a Series,Docs;Series,closed,2025-07-14T02:00:43+00:00,2025-07-14T15:48:26+00:00,jbrockmendel,0.57,False
61844,pandas-dev/pandas,ENH: Backport free-threading support to 2.3,Enhancement;Closing Candidate;Python 3.13,closed,2025-07-13T11:45:27+00:00,2026-03-18T00:34:09+00:00,jbrockmendel,247.53,False
61841,pandas-dev/pandas,"BUG: .rolling().mean() returns all NaNs on re-execution, despite .copy() use",Bug;Indexing;MultiIndex;Window,closed,2025-07-12T23:36:26+00:00,2025-09-24T17:00:02+00:00,mroeschke,73.72,False
61838,pandas-dev/pandas,ENH: Include line number and number of fields when read_csv() callable raises ParserWarning,Enhancement;Error Reporting;IO CSV,open,2025-07-12T03:26:27+00:00,,,,
61837,pandas-dev/pandas,BUG: read_csv() on_bad_lines callable does not raise ParserWarning when index_col is set,Bug;IO CSV,closed,2025-07-12T03:01:11+00:00,2025-09-29T20:40:08+00:00,rhshadrach,79.74,False
61835,pandas-dev/pandas,DOC: README.md link for issues specified for Docs and good first issue doesn't reference properly,Docs;Needs Triage,closed,2025-07-12T02:55:35+00:00,2025-07-12T18:49:36+00:00,mroeschke,0.66,False
61834,pandas-dev/pandas,ENH: error message context.,Enhancement;Error Reporting;Needs Triage,closed,2025-07-12T00:11:06+00:00,2026-03-07T21:14:20+00:00,hunterhogan,238.88,False
61831,pandas-dev/pandas,BUG: Intersection of Pandas Index Object is not working properly,Bug;Needs Triage,closed,2025-07-11T09:57:14+00:00,2025-07-11T15:41:22+00:00,jbrockmendel,0.24,False
61829,pandas-dev/pandas,ENH: Add a function like PYQT signal,Enhancement;Needs Triage;Closing Candidate,closed,2025-07-11T01:25:12+00:00,2025-08-05T16:19:10+00:00,mroeschke,25.62,False
61825,pandas-dev/pandas,PERF: Brainstorming read_csv perf improvements,Performance;IO CSV;Needs Discussion,closed,2025-07-10T16:32:15+00:00,2026-04-18T23:11:35+00:00,jbrockmendel,282.28,False
61824,pandas-dev/pandas,BUG: `mask` in `test_mask_stringdtype` would always return the same result regardless of `cond`,Bug;Testing,closed,2025-07-10T13:32:51+00:00,2025-07-11T16:35:47+00:00,mroeschke,1.13,False
61823,pandas-dev/pandas,BUG: drop doesn't recognise MultiIndexes,Bug,closed,2025-07-10T09:39:27+00:00,2025-07-18T02:18:17+00:00,rhshadrach,7.69,False
61819,pandas-dev/pandas,BUG: Series created from pre-2.1 legacy pickles lose their names during .copy operations,Bug;Needs Discussion;IO Pickle,open,2025-07-09T16:28:53+00:00,,,,
61817,pandas-dev/pandas,"To develop a machine learning model that accurately predicts house prices based on 
various features such as location, size, number of bedrooms, and other relevant factors.",,closed,2025-07-09T03:51:38+00:00,2025-07-09T16:03:02+00:00,asishm,0.51,False
61813,pandas-dev/pandas,ENH: Add Polars engine to read_csv,IO CSV,open,2025-07-08T14:31:02+00:00,,,,
61812,pandas-dev/pandas,BUG: Dataframe.aggregate drops pyarrow backend for lambda aggregation functions,Bug;Apply;Arrow;pyarrow dtype retention,open,2025-07-08T12:47:25+00:00,,,,
61811,pandas-dev/pandas,DOC: Lacking information on error type raised by pd.to_numeric,Docs;Needs Triage,closed,2025-07-08T08:46:42+00:00,2025-07-16T16:29:48+00:00,mroeschke,8.32,False
61809,pandas-dev/pandas,BUG: Pandas Series with Xarray slow print time.,Bug;Performance;Output-Formatting;Needs Discussion;Nested Data,closed,2025-07-08T02:57:42+00:00,2026-03-17T20:50:36+00:00,mroeschke,252.75,False
61807,pandas-dev/pandas,BUG: union of MultiIndex throws exception for datetime and pd.Timestamp with identical values,Bug;Datetime;Dtype Conversions;MultiIndex;Index;setops,closed,2025-07-07T20:36:01+00:00,2026-07-15T02:59:00+00:00,rhshadrach,372.27,False
61791,pandas-dev/pandas,DOC: Improve text color in dark mode for tutorial navigation buttons,Docs;Duplicate Report;Web;Needs Triage,closed,2025-07-07T04:28:05+00:00,2025-07-07T13:15:53+00:00,yuting1008,0.37,True
61788,pandas-dev/pandas,"BUG: read_excel() converts the string ""None"" in an Excel file to ""NaN""",Bug;IO Excel;Closing Candidate,closed,2025-07-05T22:56:52+00:00,2025-07-08T22:06:33+00:00,jmcnamara,2.97,True
61784,pandas-dev/pandas,ENH: Add Coefficient of Variation to DataFrame.describe(),Enhancement;Closing Candidate,closed,2025-07-05T19:51:00+00:00,2025-07-07T21:26:48+00:00,mroeschke,2.07,False
61783,pandas-dev/pandas,PERF: Unnecessary string interning in read_csv?,Performance;Needs Triage,closed,2025-07-05T16:26:49+00:00,2025-07-08T14:52:42+00:00,jbrockmendel,2.93,False
61782,pandas-dev/pandas,BUG: Errors using pyarrow datetime types on windows,Bug;Docs;Datetime;Windows;Upstream issue;Arrow,open,2025-07-05T13:02:02+00:00,,,,
61781,pandas-dev/pandas,"DOC: Typo within `Series.mask()` docs - alignment is done between self and cond, not cond and other",Docs;Needs Triage,closed,2025-07-04T16:06:29+00:00,2026-06-03T20:26:32+00:00,jbrockmendel,334.18,False
61780,pandas-dev/pandas,BUG: tz_localize(None) with Arrow timestamp,Bug;Datetime;Timezones;Arrow,closed,2025-07-04T15:08:39+00:00,2025-08-11T16:29:29+00:00,mroeschke,38.06,False
61778,pandas-dev/pandas,"BUG?: creating Categorical from pandas Index/Series with ""object"" dtype infers string",Dtype Conversions;Categorical,closed,2025-07-04T10:15:04+00:00,2025-10-24T17:13:26+00:00,mroeschke,112.29,False
61775,pandas-dev/pandas,API/BUG: different constructor behavior for numpy vs pyarrow dt64tzs,Bug;API - Consistency;Arrow,closed,2025-07-04T01:16:30+00:00,2025-07-07T16:54:31+00:00,mroeschke,3.65,False
61772,pandas-dev/pandas,BUG: Calling dict(df.groupby(...)) raises TypeError: 'str' object is not callable despite valid inputs,Bug;Groupby;Needs Discussion,open,2025-07-03T21:39:11+00:00,,,,
61763,pandas-dev/pandas,BUG: StringDtype objects from pandas <2.3.0 cannot be reliably unpickled in 2.3.0.,Bug;Strings;IO Pickle,closed,2025-07-02T21:35:45+00:00,2025-07-07T07:41:23+00:00,jorisvandenbossche,4.42,False
61758,pandas-dev/pandas,BUG: user expected pd.isna to be False for NaNs with Float64Dtype,Bug;PDEP missing values,closed,2025-07-02T04:19:28+00:00,2026-03-29T18:08:03+00:00,mroeschke,270.58,False
61753,pandas-dev/pandas,BUG: Segmentation fault when misusing `VariableWindowIndexer.get_window_bounds`,Bug;Window;Segfault;Needs Triage,closed,2025-07-01T12:09:36+00:00,2025-07-02T16:46:47+00:00,mroeschke,1.19,False
8570,huggingface/datasets,[zh] Add Simplified Chinese translation for README,,open,2026-09-06T05:02:49+00:00,,,,
8568,huggingface/datasets,skip() after split_dataset_by_node gives every rank the whole dataset,,open,2026-09-06T04:19:57+00:00,,,,
8560,huggingface/datasets,Bump fsspec to 2026.7.0,,open,2026-09-03T22:02:32+00:00,,,,
8543,huggingface/datasets,xPath.glob passes double-wrapped storage options to url_to_fs,,open,2026-09-01T06:58:36+00:00,,,,
8537,huggingface/datasets,JPEG XL support,,open,2026-08-30T12:13:56+00:00,,,,
8522,huggingface/datasets,Docs proposal: relabel left/right segmentation classes during horizontal flips,,open,2026-08-28T10:39:42+00:00,,,,
8511,huggingface/datasets,`Image.cast_storage` warns about downcasting int64 to uint8 for storage that is already uint8,,open,2026-08-24T09:23:22+00:00,,,,
8507,huggingface/datasets,ArrayXD silently reshapes inputs with incompatible nested dimensions,,open,2026-08-23T18:42:56+00:00,,,,
8505,huggingface/datasets,Request to correct language name for ISO code 'blk' from 'Pa'o Karen' to 'Pa'O',,open,2026-08-23T12:05:19+00:00,,,,
8500,huggingface/datasets,"with_format(""numpy"") returns bool/datetime values as 0-d unhashable arrays and casts duration columns to int64",,open,2026-08-19T23:48:11+00:00,,,,
8499,huggingface/datasets,TsFile format filter uses an inconsistent URL and is not available initially,,open,2026-08-19T11:35:39+00:00,,,,
8494,huggingface/datasets,cast_column to ClassLabel silently accepts out-of-range label indices,,open,2026-08-18T08:11:05+00:00,,,,
8491,huggingface/datasets,`Dataset.map(num_proc=N)` worker crashes with `ValueError: I/O operation on closed file` when `finalize()` is interrupted,,open,2026-08-17T06:05:58+00:00,,,,
8483,huggingface/datasets,"Dataset.take(n) raises IndexError when n > len(dataset), but IterableDataset.take(n) returns what it has",,open,2026-08-15T16:32:03+00:00,,,,
8481,huggingface/datasets,ClassLabel.str2int and int2str do not validate the elements of an iterable,,open,2026-08-15T08:43:11+00:00,,,,
8475,huggingface/datasets,`Dataset.select` raises a raw OverflowError on in-range negative indices that its own validation allows,,open,2026-08-13T03:02:44+00:00,,,,
8473,huggingface/datasets,Negative percent split boundary silently anchors to the start when it rounds to 0 (`train[-1%:]` returns the whole split),,open,2026-08-13T02:56:52+00:00,,,,
8472,huggingface/datasets,batch(0) silently returns one batch with the whole dataset instead of raising,,open,2026-08-12T07:52:28+00:00,,,,
8469,huggingface/datasets,Empty column loses its dtype under numpy format (always float32),,open,2026-08-12T07:37:13+00:00,,,,
8467,huggingface/datasets,"PandasArrayExtensionDtype has no construct_from_string, so comparing the dtype to any string raises AssertionError",,open,2026-08-12T07:24:51+00:00,,,,
8465,huggingface/datasets,"PandasArrayExtensionArray.take coerces fill_value before checking whether anything is filled, breaking boolean masks on integer array columns",,open,2026-08-12T06:38:18+00:00,,,,
8463,huggingface/datasets,very bad quality images in most of them,,open,2026-08-12T03:49:23+00:00,,,,
8458,huggingface/datasets,Replace httpx with httpx2,enhancement,open,2026-08-10T13:01:44+00:00,,,,
8410,huggingface/datasets,"_legacy_no_dict_keys_sorting has no reader since #7817, so the 2.15.0 legacy cache lookup computes the wrong config_id",,open,2026-08-06T18:40:14+00:00,,,,
8394,huggingface/datasets,IterableDataset.repeat() drops the Arrow fast path and widens numpy dtypes,,closed,2026-08-04T13:01:08+00:00,2026-08-31T09:38:02+00:00,lhoestq,26.86,True
8393,huggingface/datasets,CPU Bottleneck in `IterableDataset.state_dict()` when shuffling multiple shards,,closed,2026-08-04T07:16:30+00:00,2026-09-04T13:33:37+00:00,lhoestq,31.26,False
8391,huggingface/datasets,"Nanosecond timestamps are silently truncated even when Value(""timestamp[ns]"") is requested",,open,2026-08-04T05:36:19+00:00,,,,
8390,huggingface/datasets,to_json cannot round-trip temporal columns: all timestamps written as epoch milliseconds,,open,2026-08-04T05:36:00+00:00,,,,
8386,huggingface/datasets,"map(batched=True, drop_last_batch=True) returns the input unchanged when the dataset is smaller than batch_size",,open,2026-08-04T03:21:59+00:00,,,,
8381,huggingface/datasets,IterableDataset.to_dict() and to_polars() return an empty generator instead of the data,,open,2026-08-03T18:35:13+00:00,,,,
8375,huggingface/datasets,"`PandasArrayExtensionDtype._metadata` should be a tuple, not a string",,open,2026-07-31T01:50:02+00:00,,,,
8373,huggingface/datasets,TypeError in _dill.py _batch_setitems with Python 3.14,,open,2026-07-29T15:00:19+00:00,,,,
8365,huggingface/datasets,"to_json/to_csv/to_sql cast nullable integer columns to float, corrupting values past 2**53",,closed,2026-07-25T13:38:01+00:00,2026-07-28T10:29:56+00:00,lhoestq,2.87,False
8362,huggingface/datasets,ArrayXD fixed-shape integer column with a null row is silently cast to float on the python read path,,closed,2026-07-24T04:32:35+00:00,2026-07-24T11:59:13+00:00,lhoestq,0.31,False
8359,huggingface/datasets,IterableDataset.filter() checkpoint/resume silently drops the rest of the in-flight Arrow table,,closed,2026-07-24T03:36:32+00:00,2026-07-24T12:06:21+00:00,lhoestq,0.35,False
8351,huggingface/datasets,with_format('numpy') promotes flat float64/int columns with nulls to dtype=object (float32 stays numeric),,closed,2026-07-23T09:41:06+00:00,2026-07-23T17:32:25+00:00,lhoestq,0.33,False
8343,huggingface/datasets,Dataset.to_pandas() returns raw JSON strings for Json() columns instead of decoded objects,,closed,2026-07-19T01:44:53+00:00,2026-07-24T13:19:08+00:00,lhoestq,5.48,False
8341,huggingface/datasets,concatenate_datasets(axis=1) with Arrow format drops the first source's columns,,closed,2026-07-18T09:41:43+00:00,2026-07-22T18:35:31+00:00,lhoestq,4.37,False
8331,huggingface/datasets,"datasets-server.huggingface.co returning 503 on every endpoint (whole host down, not one route)",,closed,2026-07-14T13:59:29+00:00,2026-07-17T12:09:34+00:00,ChristianDenniss,2.92,True
8330,huggingface/datasets,Dataset Studio and Viewer down,,closed,2026-07-14T13:06:53+00:00,2026-07-24T15:26:15+00:00,lhoestq,10.1,False
8328,huggingface/datasets,"Streaming datasets fail with 403 SignatureError: invalid key pair id from xet-bridge-us (Colab, latest libraries)",,closed,2026-07-14T09:21:43+00:00,2026-07-24T15:26:24+00:00,lhoestq,10.25,False
8327,huggingface/datasets,"`Dataset.from_pandas` allocates ~1 MB per Arrow chunk, Out of Memory errors",,closed,2026-07-13T14:13:38+00:00,2026-07-22T17:28:51+00:00,lhoestq,9.14,False
8324,huggingface/datasets,Path traversal / arbitrary file read via the `file_name` metadata field in `*folder` dataset builders (no `trust_remote_code`),,closed,2026-07-12T15:38:21+00:00,2026-07-23T15:37:57+00:00,lhoestq,11.0,False
8308,huggingface/datasets,Streaming IterableDataset state stops advancing after first resume — second resume restarts from the beginning,,closed,2026-07-06T10:12:27+00:00,2026-07-23T13:12:33+00:00,francesco-bertolotti,17.13,True
8302,huggingface/datasets,Turkish DIK-style Syntactic Structure Benchmark Dataset,enhancement,open,2026-07-03T15:33:39+00:00,,,,
8296,huggingface/datasets,[security] Symlink-Following Arbitrary File Write via Archive Extraction in huggingface/datasets,,open,2026-06-30T18:46:34+00:00,,,,
8293,huggingface/datasets,Support concatenating multiple streaming datasets while preserving the sum of shards,enhancement,open,2026-06-30T05:44:23+00:00,,,,
8269,huggingface/datasets,MetadataConfigs drops parquet shards when exported config rows are non-consecutive,,open,2026-06-14T04:07:09+00:00,,,,
8261,huggingface/datasets,Feature Proposal: Add FunASR Chinese/Multilingual ASR Benchmark Datasets,,open,2026-06-12T10:23:14+00:00,,,,
8256,huggingface/datasets,Dataset Viewer fails on TSFile datasets,,open,2026-06-10T03:15:32+00:00,,,,
8253,huggingface/datasets,Feature request: Add a streaming_shard operator for early sample-level sharding when file-level sharding is insufficient,enhancement,open,2026-06-09T03:14:46+00:00,,,,
8247,huggingface/datasets,VORTEXRAG benchmarked on 6 HuggingFace datasets — new open-source RAG framework,,open,2026-06-07T11:14:50+00:00,,,,
8246,huggingface/datasets,RecursionError when loading GLB file with deeply nested JSON in Mesh feature,,open,2026-06-07T07:10:22+00:00,,,,
8242,huggingface/datasets,"""eval_strategy"": ""no"" perform evaluation",,open,2026-06-05T18:08:17+00:00,,,,
8241,huggingface/datasets,"load_dataset(""json"", ...) infers a different schema when the JSONL file starts with a UTF-8 BOM",,closed,2026-06-05T14:39:46+00:00,2026-06-09T15:48:27+00:00,lhoestq,4.05,False
8217,huggingface/datasets,Multi-GPU Training with Large Dataset — NCCL Timeouts / Slow Data Loading + Excessive Memory Usage with keep_in_memory=True,,closed,2026-05-22T09:55:13+00:00,2026-06-03T02:12:43+00:00,D222097,11.68,True
8204,huggingface/datasets,Please enable Private Vulnerability Reporting,,open,2026-05-16T13:28:01+00:00,,,,
8201,huggingface/datasets,Encountered an error when loading data in WebDataset format using `load_datasets` during multi-matchines training.,,open,2026-05-15T19:21:24+00:00,,,,
8199,huggingface/datasets,Replace AutoFeatureExtractor with AutoImageProcessor in image preprocessing docs,,closed,2026-05-15T17:34:53+00:00,2026-07-22T17:35:56+00:00,lhoestq,68.0,False
8197,huggingface/datasets,Feature Request / Discussion: Skip origin_metadata fetch when streaming=True?,,open,2026-05-15T07:43:57+00:00,,,,
8178,huggingface/datasets,The full dataset viewer is not available (click to read why). Only showing a preview of the rows. Job manager crashed while running this job (missing heartbeats). Error code:   JobManagerCrashedError,,open,2026-05-07T08:33:48+00:00,,,,
8171,huggingface/datasets,Dataset UI shows 0:00/0:00 for audio after push_to_hub,,closed,2026-05-04T13:17:25+00:00,2026-05-20T10:46:58+00:00,lhoestq,15.9,False
8169,huggingface/datasets,Streaming dataset hangs consistently,,closed,2026-05-01T20:27:58+00:00,2026-05-06T16:06:08+00:00,lhoestq,4.82,False
8167,huggingface/datasets,[BUG] Abnormal progress bar in dataset.map when load_from_cache_file=False,,closed,2026-04-30T08:47:53+00:00,2026-05-29T10:59:07+00:00,lhoestq,29.09,False
8165,huggingface/datasets,IterableDataset: corrupted EXIF image silently terminates streaming iterator instead of skipping the sample,,open,2026-04-30T02:20:54+00:00,,,,
8164,huggingface/datasets,Lance: HF auth token dropped for private repos in streaming mode (broken `storage_options` lookup),,closed,2026-04-30T02:03:33+00:00,2026-04-30T15:38:43+00:00,lhoestq,0.57,False
8159,huggingface/datasets,"tests/conftest.py, tests/_test_patching.py, tests/fixtures/fsspec.py and other files are missing from the PYPI distribution",,open,2026-04-28T20:01:05+00:00,,,,
8149,huggingface/datasets,[Optimization] Prevent per-thread instantiation of Cloud Storage FileSystem during Data loading initialization,enhancement,open,2026-04-23T13:09:19+00:00,,,,
8145,huggingface/datasets,`.map()` on a streaming IterableDataset silently skips examples after load_state_dict,,closed,2026-04-22T03:08:39+00:00,2026-04-27T14:03:28+00:00,lhoestq,5.45,False
8131,huggingface/datasets,datasets.to_list: Behaviour change in version 4.7.0 with the addition of JSON type,,closed,2026-04-13T06:06:43+00:00,2026-04-27T15:32:30+00:00,lhoestq,14.39,False
8129,huggingface/datasets,`load_dataset()` hangs when `hf_xet` is enabled,,closed,2026-04-10T21:00:24+00:00,2026-04-10T21:07:56+00:00,lewtun,0.01,True
8125,huggingface/datasets,Feature request: being able to disable chmod for flat permission filesystems,enhancement,open,2026-04-08T08:17:14+00:00,,,,
8120,huggingface/datasets,Patch fields truncated — missing trailing newlines,,closed,2026-04-03T16:07:47+00:00,2026-04-30T15:45:52+00:00,lhoestq,26.98,False
8116,huggingface/datasets,`to_json()` serializes `Json()` feature as escaped string instead of native JSON object,,closed,2026-04-02T21:59:15+00:00,2026-04-10T13:12:51+00:00,lhoestq,7.63,False
8110,huggingface/datasets,`set_format` resets features,,closed,2026-03-31T07:59:32+00:00,2026-05-11T07:15:16+00:00,plutonium-239,40.97,True
8085,huggingface/datasets,ImportError: cannot import name 'VideoReader' from 'torchvision.io' when using datasets with torch format,,closed,2026-03-23T11:16:20+00:00,2026-03-23T14:00:57+00:00,lhoestq,0.11,False
8079,huggingface/datasets,StepExamplesIterable._iter_arrow drops samples for non-zero ranks for single-sharded,,closed,2026-03-19T04:38:51+00:00,2026-03-19T17:29:40+00:00,lhoestq,0.54,False
8078,huggingface/datasets,Inconsistent loading of LFS-hosted files in Dangindev/viet-cultural-vqa dataset,,closed,2026-03-17T06:44:01+00:00,2026-03-30T04:14:29+00:00,ngayngo9x,12.9,True
8075,huggingface/datasets,`.batch()` error on formatted datasets,,closed,2026-03-17T01:08:13+00:00,2026-04-10T13:14:03+00:00,lhoestq,24.5,False
8065,huggingface/datasets,ARM audio support broken,,open,2026-03-13T22:06:36+00:00,,,,
8052,huggingface/datasets,[Security] Zip/Rar/7z Archive Extraction Path Traversal (Incomplete CVE-2007-4559 Mitigation),,closed,2026-03-08T19:09:32+00:00,2026-03-10T23:27:45+00:00,spartan8806,2.18,True
8048,huggingface/datasets,Support 3D Datasets,enhancement,closed,2026-03-06T01:23:08+00:00,2026-06-02T17:38:55+00:00,Vinay-Umrethe,88.68,True
8046,huggingface/datasets,`Dataset.map()` with `num_proc > 1` fails when some shards produce `List(Value('null'))` (empty lists),,closed,2026-03-05T20:12:13+00:00,2026-03-09T17:52:13+00:00,lhoestq,3.9,False
8038,huggingface/datasets,Typo in iterable_dataset.py,,closed,2026-03-04T05:37:15+00:00,2026-03-09T17:12:54+00:00,lhoestq,5.48,False
8037,huggingface/datasets,IterableDataset.filter() chaining fails due to features being lost when is_typed=True,,closed,2026-03-02T02:30:24+00:00,2026-03-09T17:44:34+00:00,lhoestq,7.63,False
8034,huggingface/datasets,[BUG] load_datasets() cannot use the generated Arrow cache correctly,,open,2026-02-28T08:11:23+00:00,,,,
8029,huggingface/datasets,`cache_dir` option in `download_config` in `load_dataset` is not respected,,open,2026-02-27T16:05:30+00:00,,,,
8015,huggingface/datasets,Iterating a streaming dataset correctly in random order,,open,2026-02-22T11:34:06+00:00,,,,
8012,huggingface/datasets,HC3 dataset fails to load with datasets>=3 due to legacy script (HC3.py),,closed,2026-02-19T16:27:51+00:00,2026-02-20T11:58:20+00:00,navan0,0.81,True
8010,huggingface/datasets,audiofolder / folder-based loader rejects metadata.csv when file_name column is inferred as large_string,,closed,2026-02-19T15:06:09+00:00,2026-02-19T15:29:41+00:00,Koosh0610,0.02,True
8007,huggingface/datasets,Add option for loading audio with video,,open,2026-02-16T09:11:02+00:00,,,,
8006,huggingface/datasets,Regression: from_generator crashes if one generator call returns no results,,closed,2026-02-15T16:16:48+00:00,2026-02-24T13:58:12+00:00,lhoestq,8.9,False
8005,huggingface/datasets,"Multi-channel audio is automatically cast to mono, num_channels is ignored",,open,2026-02-14T17:28:03+00:00,,,,
8002,huggingface/datasets,"The `Sequence` class in features do not have ""dtype""",,open,2026-02-13T12:45:19+00:00,,,,
7999,huggingface/datasets,Too many dataloader workers: 4 (max is dataset.num_shards=3). Stopping 1 dataloader workers.,,open,2026-02-09T09:26:37+00:00,,,,
7998,huggingface/datasets,[doc] Inconsistant ENV VAR Name for Progress Bar Toggle,,closed,2026-02-08T12:16:44+00:00,2026-02-16T15:29:50+00:00,lhoestq,8.13,False
7994,huggingface/datasets,Bump fsspec upper bound constraint,,closed,2026-02-06T11:37:54+00:00,2026-02-16T15:29:00+00:00,lhoestq,10.16,False
7991,huggingface/datasets,list(api.list_datasets()) giving jsondecode error,,closed,2026-02-04T14:39:46+00:00,2026-02-05T10:30:09+00:00,Moll-j,0.83,True
7990,huggingface/datasets,Dataset.map crashes when first examples return None and later examples return dict — writer not initialized,,open,2026-02-04T10:43:20+00:00,,,,
7988,huggingface/datasets,"`Dataset.map()` breaks when `function` calls `import polars as pl` and `num_proc`>1: ""UnboundLocalError: cannot access local variable 'pl' where it is not associated with a value""",,closed,2026-02-04T08:42:23+00:00,2026-02-24T14:08:16+00:00,lhoestq,20.23,False
7986,huggingface/datasets,`Dataset.map()` causes cache miss/fingerprint change when closure captures self containing non-deterministic state.,,open,2026-02-03T19:16:49+00:00,,,,
7984,huggingface/datasets,Data,,open,2026-02-03T14:01:48+00:00,,,,
7970,huggingface/datasets,"cast_column(..., Audio) fails with load_dataset(""csv"",)",,open,2026-01-29T09:33:35+00:00,,,,
7968,huggingface/datasets,Potential conflicting type checks and dead code in `/src/datasets/table.py`,,closed,2026-01-28T11:34:53+00:00,2026-05-11T11:04:04+00:00,lhoestq,102.98,False
7965,huggingface/datasets,`huggingface_hub.errors.HfHubHTTPError: 404 Client Error: Not Found for url` when fetching a dataset with `datasets.load_dataset`,,closed,2026-01-27T02:20:31+00:00,2026-01-28T15:14:50+00:00,harupy,1.54,True
7958,huggingface/datasets,"[CUDA Tensors Not working in ~v4.5.0] set_format(type=""torch"", device=""cuda"") returns cpu",,closed,2026-01-23T12:06:48+00:00,2026-03-04T13:17:28+00:00,lhoestq,40.05,False
7956,huggingface/datasets,Is the 10k files / folder limit a hard limit for a dataset repo?,enhancement,open,2026-01-21T16:37:38+00:00,,,,
7954,huggingface/datasets,all_exhausted_without_replacement working same as first_exhausted,,closed,2026-01-21T07:50:31+00:00,2026-03-23T14:03:13+00:00,lhoestq,61.26,False
7947,huggingface/datasets,MMLU get_dataset_config_names provides different lists of subsets in online and offline modes,,open,2026-01-16T19:20:08+00:00,,,,
7946,huggingface/datasets,Question: Is there a faster way to push_to_hub for large image datasets?,,open,2026-01-15T13:54:37+00:00,,,,
7939,huggingface/datasets,datasets.load_from_disk progress bar optional manual control,enhancement,open,2026-01-13T03:19:13+00:00,,,,
7936,huggingface/datasets,_add_retries_to_file_obj_read_method makes file_obj invalid for pyarrow,,closed,2026-01-09T07:05:25+00:00,2026-01-13T13:38:03+00:00,lhoestq,4.27,False
7934,huggingface/datasets,xPath cannot handle hdfs:///xxxx properly,,open,2026-01-08T12:14:11+00:00,,,,
7931,huggingface/datasets,Enable CORS + HTTP Range support for browser partial reads on cas-bridge.xethub.hf.co (Parquet row-group access),enhancement,closed,2026-01-03T04:23:54+00:00,2026-02-24T16:35:44+00:00,rajatarya,52.51,True
7928,huggingface/datasets,`load_dataset` `revision` param not respected when fetching from cache,,open,2026-01-02T08:20:47+00:00,,,,
7927,huggingface/datasets,Using Stateful Dataloader with Split Dataset By Node and DCP for DDP,,open,2026-01-01T22:27:07+00:00,,,,
7922,huggingface/datasets,Support Apache TsFile Datasets,enhancement,closed,2025-12-31T08:07:51+00:00,2026-06-01T10:14:53+00:00,lhoestq,152.09,False
7918,huggingface/datasets,datasets.load_from_disk doesn't show progress bar,,closed,2025-12-28T09:14:41+00:00,2026-01-16T14:44:50+00:00,lhoestq,19.23,False
7917,huggingface/datasets,IterableDataset supports automatic sharding,,open,2025-12-27T16:48:29+00:00,,,,
7916,huggingface/datasets,No description provided.,enhancement,closed,2025-12-27T16:33:11+00:00,2025-12-27T16:45:22+00:00,howitry,0.01,True
7915,huggingface/datasets,GDPval dataset Word docs corrupted,,open,2025-12-25T13:56:55+00:00,,,,
7914,huggingface/datasets,[ROCm] please install 'torchcodec',,open,2025-12-24T19:39:17+00:00,,,,
7911,huggingface/datasets,IndexError when saving few large examples to disk,,closed,2025-12-22T11:33:19+00:00,2026-01-09T13:23:52+00:00,lhoestq,18.08,False
7909,huggingface/datasets,Support cast_kwargs in cast_columns,enhancement,open,2025-12-20T10:02:07+00:00,,,,
7905,huggingface/datasets,Unbounded network usage when opening Data Studio,,closed,2025-12-16T10:45:02+00:00,2026-01-06T15:04:43+00:00,cfahlgren1,21.18,True
7904,huggingface/datasets,"Request: Review pending neuroimaging PRs (#7886 BIDS loader, #7887 lazy loading)",,open,2025-12-14T20:34:31+00:00,,,,
7902,huggingface/datasets,The child process retrieves the dataset directly from the main process instead of executing `memory_mapped_arrow_table_from_file`.,enhancement,open,2025-12-12T12:37:44+00:00,,,,
7901,huggingface/datasets,ShuffledDataSourcesArrowExamplesIterable cannot properly resume from checkpoint,,open,2025-12-12T06:57:32+00:00,,,,
7900,huggingface/datasets,`Permission denied` when sharing cache between users,,open,2025-12-09T16:41:47+00:00,,,,
7894,huggingface/datasets,embed_table_storage crashes (SIGKILL) on sharded datasets with Sequence() nested types,,open,2025-12-03T04:20:06+00:00,,,,
7893,huggingface/datasets,push_to_hub OOM: _push_parquet_shards_to_hub accumulates all shard bytes in memory,,closed,2025-12-03T04:19:34+00:00,2025-12-05T22:44:16+00:00,The-Obstacle-Is-The-Way,2.77,True
7883,huggingface/datasets,Data.to_csv() cannot be recognized by pylance,,closed,2025-11-26T16:16:56+00:00,2025-12-08T12:06:58+00:00,lhoestq,11.83,False
7882,huggingface/datasets,Inconsistent loading of LFS-hosted files in epfml/FineWeb-HQ dataset,,open,2025-11-26T14:06:02+00:00,,,,
7880,huggingface/datasets,Spurious label column created when audiofolder/imagefolder directories match split names,,open,2025-11-26T13:36:24+00:00,,,,
7879,huggingface/datasets,python core dump when downloading dataset,,open,2025-11-24T06:22:53+00:00,,,,
7877,huggingface/datasets,work around `tempfile` silently ignoring `TMPDIR` if the dir doesn't exist,,closed,2025-11-21T19:51:48+00:00,2025-12-16T14:20:48+00:00,lhoestq,24.77,False
7872,huggingface/datasets,IterableDataset does not use features information in to_pandas,,open,2025-11-19T17:12:59+00:00,,,,
7871,huggingface/datasets,Reqwest Error: HTTP status client error (429 Too Many Requests),,closed,2025-11-19T16:52:24+00:00,2025-11-30T13:38:32+00:00,yanan1116,10.87,True
7870,huggingface/datasets,Visualization for Medical Imaging Datasets,,closed,2025-11-19T11:05:39+00:00,2025-11-21T12:31:19+00:00,lhoestq,2.06,False
7869,huggingface/datasets,Why does dataset merge fail when tools have different parameters?,,closed,2025-11-18T08:33:04+00:00,2026-03-09T15:57:58+00:00,lhoestq,111.31,False
7868,huggingface/datasets,Data duplication with `split_dataset_by_node` and `interleaved_dataset`,,closed,2025-11-17T09:15:24+00:00,2026-02-04T18:55:36+00:00,lhoestq,79.4,False
7867,huggingface/datasets,NonMatchingSplitsSizesError when loading partial dataset files,,open,2025-11-13T12:03:23+00:00,,,,
7864,huggingface/datasets,add_column and add_item erroneously(?) require new_fingerprint parameter,,open,2025-11-13T02:56:49+00:00,,,,
7863,huggingface/datasets,Support hosting lance / vortex / iceberg / zarr datasets on huggingface hub,enhancement,open,2025-11-13T00:51:07+00:00,,,,
7861,huggingface/datasets,Performance Issue: save_to_disk() 200-1200% slower due to unconditional flatten_indices(),,open,2025-11-11T11:05:38+00:00,,,,
7856,huggingface/datasets,"Missing transcript column when loading a local dataset with ""audiofolder""",,closed,2025-11-08T16:27:58+00:00,2025-11-09T12:13:38+00:00,gweltou,0.82,True
7852,huggingface/datasets,Problems with NifTI,,closed,2025-11-06T11:46:33+00:00,2025-11-06T16:20:38+00:00,lhoestq,0.19,False
7842,huggingface/datasets,Transform with columns parameter triggers on non-specified column access,,closed,2025-11-03T13:55:27+00:00,2025-11-03T14:34:13+00:00,lhoestq,0.03,False
7841,huggingface/datasets,DOC: `mode` parameter on pdf and video features unused,,closed,2025-11-02T12:37:47+00:00,2025-11-05T14:04:04+00:00,lhoestq,3.06,False
7839,huggingface/datasets,datasets doesn't work with python 3.14,,closed,2025-11-02T09:09:06+00:00,2025-11-04T14:02:25+00:00,zachmoshe,2.2,True
7837,huggingface/datasets,mono parameter to the Audio feature is missing,,closed,2025-10-31T15:41:39+00:00,2025-11-03T14:24:12+00:00,lhoestq,2.95,False
7834,huggingface/datasets,Audio.cast_column() or Audio.decode_example() causes Colab kernel crash (std::bad_alloc),,open,2025-10-27T22:02:00+00:00,,,,
7832,huggingface/datasets,[DOCS][minor] TIPS paragraph not compiled in docs/stream,,closed,2025-10-27T10:03:22+00:00,2025-10-27T10:10:54+00:00,art-test-stack,0.01,True
7829,huggingface/datasets,Memory leak / Large memory usage with num_workers = 0 and numerous dataset within DatasetDict,,open,2025-10-24T09:51:38+00:00,,,,
7821,huggingface/datasets,Building a dataset with large variable size arrays results in error ArrowInvalid: Value X too large to fit in C integer type,,open,2025-10-16T08:45:17+00:00,,,,
7819,huggingface/datasets,Cannot download opus dataset,,open,2025-10-15T09:06:19+00:00,,,,
7818,huggingface/datasets,train_test_split and stratify breaks with Numpy 2.0,,closed,2025-10-15T00:01:19+00:00,2025-10-28T16:10:44+00:00,lhoestq,13.67,False
7816,huggingface/datasets,disable_progress_bar() not working as expected,,closed,2025-10-14T03:25:39+00:00,2025-10-14T23:49:26+00:00,windmaple,0.85,True
7813,huggingface/datasets,Caching does not work when using python3.14,,closed,2025-10-10T15:36:46+00:00,2025-10-27T17:08:26+00:00,lhoestq,17.06,False
7811,huggingface/datasets,SIGSEGV when Python exits due to near null deref,,open,2025-10-09T22:00:11+00:00,,,,
7804,huggingface/datasets,Support scientific data formats,,open,2025-10-09T10:18:24+00:00,,,,
7802,huggingface/datasets,[Docs] Missing documentation for `Dataset.from_dict`,,open,2025-10-09T02:54:41+00:00,,,,
7798,huggingface/datasets,Audio dataset is not decoding on 4.1.1,,open,2025-10-05T06:37:50+00:00,,,,
7793,huggingface/datasets,"Cannot load dataset, fails with nested data conversions not implemented for chunked array outputs",,open,2025-09-27T01:03:12+00:00,,,,
7792,huggingface/datasets,Concatenate IterableDataset instances and distribute underlying shards in a RoundRobin manner,enhancement,closed,2025-09-26T10:05:19+00:00,2025-10-15T18:05:23+00:00,LTMeyer,19.33,True
7788,huggingface/datasets,`Dataset.to_sql` doesn't utilize `num_proc`,,open,2025-09-24T20:34:47+00:00,,,,
7780,huggingface/datasets,BIGPATENT dataset inaccessible (deprecated script loader),,closed,2025-09-18T08:25:34+00:00,2025-09-25T14:36:13+00:00,lhoestq,7.26,False
7777,huggingface/datasets,push_to_hub not overwriting but stuck in a loop when there are existing commits,,closed,2025-09-17T03:15:35+00:00,2025-09-17T19:31:14+00:00,Darejkal,0.68,True
7772,huggingface/datasets,Error processing scalar columns using tensorflow.,,open,2025-09-15T10:36:31+00:00,,,,
7767,huggingface/datasets,Custom `dl_manager` in `load_dataset`,enhancement,open,2025-09-12T19:06:23+00:00,,,,
7766,huggingface/datasets,cast columns to Image/Audio/Video with `storage_options`,enhancement,open,2025-09-12T18:51:01+00:00,,,,
7765,huggingface/datasets,polars dataset cannot cast column to Image/Audio/Video,,closed,2025-09-12T18:32:49+00:00,2025-10-13T14:39:48+00:00,lhoestq,30.84,False
7760,huggingface/datasets,Hugging Face Hub Dataset Upload CAS Error,,open,2025-09-10T10:01:19+00:00,,,,
7759,huggingface/datasets,Comment/feature request: Huggingface 502s from GHA,,open,2025-09-09T11:59:20+00:00,,,,
7758,huggingface/datasets,Option for Anonymous Dataset link,enhancement,open,2025-09-08T20:20:10+00:00,,,,
7757,huggingface/datasets,Add support for `.conll` file format in datasets,enhancement,closed,2025-09-06T07:25:39+00:00,2026-05-27T14:09:27+00:00,lhoestq,263.28,False
7756,huggingface/datasets,"datasets.map(f, num_proc=N) hangs with N>1 when run on import",,open,2025-09-05T10:32:01+00:00,,,,
7753,huggingface/datasets,"datasets massively slows data reads, even in memory",,open,2025-09-04T01:45:24+00:00,,,,
7751,huggingface/datasets,Dill version update,,open,2025-08-27T07:38:30+00:00,,,,
7746,huggingface/datasets,Fix: Canonical 'multi_news' dataset is broken and should be updated to a Parquet version,,open,2025-08-22T12:52:03+00:00,,,,
7745,huggingface/datasets,"Audio mono argument no longer supported, despite class documentation",,open,2025-08-22T12:15:41+00:00,,,,
7744,huggingface/datasets,dtype: ClassLabel is not parsed correctly in `features.py`,,closed,2025-08-21T23:28:50+00:00,2025-09-10T15:23:41+00:00,cmatKhan,19.66,True
7742,huggingface/datasets,module 'pyarrow' has no attribute 'PyExtensionType',,open,2025-08-20T06:14:33+00:00,,,,
7741,huggingface/datasets,Preserve tree structure when loading HDF5,enhancement,closed,2025-08-19T15:42:05+00:00,2025-08-26T15:28:06+00:00,lhoestq,6.99,False
7739,huggingface/datasets,"Replacement of ""Sequence"" feature with ""List"" breaks backward compatibility",,open,2025-08-18T17:28:38+00:00,,,,
7738,huggingface/datasets,Allow saving multi-dimensional ndarray with dynamic shapes,enhancement,open,2025-08-18T02:23:51+00:00,,,,
7733,huggingface/datasets,Dataset Repo Paths to Locally Stored Images Not Being Appended to Image Path,,closed,2025-08-08T19:10:58+00:00,2025-10-07T04:32:48+00:00,dennys246,59.39,True
7732,huggingface/datasets,webdataset: key errors when `field_name` has upper case characters,,open,2025-08-08T16:56:42+00:00,,,,
7731,huggingface/datasets,Add the possibility of a backend for audio decoding,enhancement,open,2025-08-08T11:08:56+00:00,,,,
7729,huggingface/datasets,OSError: libcudart.so.11.0: cannot open shared object file: No such file or directory,,open,2025-08-07T14:07:23+00:00,,,,
7728,huggingface/datasets,NonMatchingSplitsSizesError and ExpectedMoreSplitsError,,open,2025-08-07T04:04:50+00:00,,,,
7727,huggingface/datasets,"config paths that start with ./ are not valid as hf:// accessed repos, but are valid when accessed locally",,open,2025-08-06T08:21:37+00:00,,,,
7724,huggingface/datasets,Can not stepinto load_dataset.py?,,open,2025-08-05T09:28:51+00:00,,,,
7723,huggingface/datasets,Don't remove `trust_remote_code` arg!!!,enhancement,open,2025-08-04T15:42:07+00:00,,,,
7722,huggingface/datasets,"Out of memory even though using load_dataset(..., streaming=True)",,open,2025-08-04T14:41:55+00:00,,,,
7721,huggingface/datasets,Bad split error message when using percentages,,open,2025-08-04T13:20:25+00:00,,,,
7720,huggingface/datasets,Datasets 4.0 map function causing column not found,,open,2025-08-03T12:52:34+00:00,,,,
7719,huggingface/datasets,Specify dataset columns types in typehint,enhancement,open,2025-08-02T13:22:31+00:00,,,,
7717,huggingface/datasets,Cached dataset is not used when explicitly passing the cache_dir parameter,,open,2025-08-01T07:12:41+00:00,,,,
7709,huggingface/datasets,Release 4.0.0 breaks usage patterns of with_format,,closed,2025-07-30T11:34:53+00:00,2025-08-07T08:27:18+00:00,wittenator,7.87,True
7707,huggingface/datasets,load_dataset() in 4.0.0 failed when decoding audio,,closed,2025-07-29T03:25:03+00:00,2025-08-01T05:15:45+00:00,jiqing-feng,3.08,True
7705,huggingface/datasets,Can Not read installed dataset in dataset.load(.),,open,2025-07-28T09:43:54+00:00,,,,
7703,huggingface/datasets,[Docs] map() example uses undefined `tokenizer` — causes NameError,,open,2025-07-26T13:35:11+00:00,,,,
7700,huggingface/datasets,[doc] map.num_proc needs clarification,,open,2025-07-25T17:35:09+00:00,,,,
7699,huggingface/datasets,"Broken link in documentation for ""Create a video dataset""",,open,2025-07-24T19:46:28+00:00,,,,
7698,huggingface/datasets,NotImplementedError when using streaming=True in Google Colab environment,,open,2025-07-23T08:04:53+00:00,,,,
7697,huggingface/datasets,-,,closed,2025-07-23T01:30:32+00:00,2025-07-25T15:21:39+00:00,lhoestq,2.58,False
7696,huggingface/datasets,load_dataset() in 4.0.0 returns different audio samples compared to earlier versions breaking reproducibility,,closed,2025-07-22T17:02:17+00:00,2025-07-30T14:22:21+00:00,Manalelaidouni,7.89,True
7694,huggingface/datasets,"Dataset.to_json consumes excessive memory, appears to not be a streaming operation",,open,2025-07-21T07:51:25+00:00,,,,
7693,huggingface/datasets,"Dataset scripts are no longer supported, but found superb.py",,open,2025-07-20T13:48:06+00:00,,,,
7692,huggingface/datasets,xopen: invalid start byte for streaming dataset with trust_remote_code=True,,open,2025-07-20T11:08:20+00:00,,,,
7691,huggingface/datasets,Large WebDataset: pyarrow.lib.ArrowCapacityError on load() even with streaming,,open,2025-07-19T18:40:27+00:00,,,,
7689,huggingface/datasets,BadRequestError for loading dataset?,,closed,2025-07-18T09:30:04+00:00,2025-07-18T11:52:29+00:00,sergiopaniego,0.1,True
7688,huggingface/datasets,"No module named ""distributed""",,open,2025-07-17T09:32:35+00:00,,,,
7687,huggingface/datasets,Datasets keeps rebuilding the dataset every time i call the python script,,open,2025-07-17T09:03:38+00:00,,,,
7686,huggingface/datasets,load_dataset does not check .no_exist files in the hub cache,,open,2025-07-16T20:04:00+00:00,,,,
7685,huggingface/datasets,Inconsistent range request behavior for parquet REST api,,open,2025-07-16T18:39:44+00:00,,,,
7682,huggingface/datasets,Fail to cast Audio feature for numpy arrays in datasets 4.0.0,,closed,2025-07-14T18:41:02+00:00,2025-07-15T10:24:08+00:00,lhoestq,0.65,False
7681,huggingface/datasets,Probabilistic High Memory Usage and Freeze on Python 3.10,,open,2025-07-14T01:57:16+00:00,,,,
7680,huggingface/datasets,Question about iterable dataset and streaming,,open,2025-07-12T04:48:30+00:00,,,,
7679,huggingface/datasets,metric glue breaks with 4.0.0,,closed,2025-07-10T21:39:50+00:00,2025-07-11T17:42:01+00:00,stas00,0.83,True
7678,huggingface/datasets,"To support decoding audio data, please install 'torchcodec'.",,closed,2025-07-10T09:43:13+00:00,2025-07-11T05:05:42+00:00,alpcansoydas,0.81,True
7677,huggingface/datasets,Toxicity fails with datasets 4.0.0,,closed,2025-07-10T06:15:22+00:00,2025-07-11T04:40:59+00:00,serena-ruan,0.93,True
7676,huggingface/datasets,Many things broken since the new 4.0.0 release,,open,2025-07-09T18:59:50+00:00,,,,
7675,huggingface/datasets,common_voice_11_0.py failure in dataset library,,open,2025-07-09T17:47:59+00:00,,,,
7671,huggingface/datasets,Mapping function not working if the first example is returned as None,,open,2025-07-08T17:07:47+00:00,,,,
7669,huggingface/datasets,How can I add my custom data to huggingface datasets,,open,2025-07-04T19:19:54+00:00,,,,
7668,huggingface/datasets,Broken EXIF crash the whole program,,open,2025-07-03T11:24:15+00:00,,,,
7665,huggingface/datasets,Function load_dataset() misinterprets string field content as part of dataset schema when dealing with `.jsonl` files,,closed,2025-07-01T17:14:53+00:00,2025-07-01T17:17:48+00:00,zdzichukowalski,0.0,True
7664,huggingface/datasets,Function load_dataset() misinterprets string field content as part of dataset schema when dealing with `.jsonl` files,,open,2025-07-01T17:14:32+00:00,,,,
7662,huggingface/datasets,Applying map after transform with multiprocessing will cause OOM,,open,2025-07-01T05:45:57+00:00,,,,
7660,huggingface/datasets,AttributeError: type object 'tqdm' has no attribute '_lock',,open,2025-06-30T15:57:16+00:00,,,,
7650,huggingface/datasets,`load_dataset` defaults to json file format for datasets with 1 shard,,open,2025-06-27T12:54:25+00:00,,,,
7647,huggingface/datasets,loading mozilla-foundation--common_voice_11_0 fails,,open,2025-06-26T12:23:48+00:00,,,,
7637,huggingface/datasets,Introduce subset_name as an alias of config_name,enhancement,open,2025-06-24T12:49:01+00:00,,,,
7636,huggingface/datasets,"""open"" in globals()[""__builtins__""], an error occurs: ""TypeError: argument of type 'module' is not iterable""",,open,2025-06-24T08:09:39+00:00,,,,
7633,huggingface/datasets,Proposal: Small Tamil Discourse Coherence Dataset.,,open,2025-06-23T14:24:40+00:00,,,,
7632,huggingface/datasets,"Graceful Error Handling for cast_column(""image"", Image(decode=True)) in Hugging Face Datasets",enhancement,open,2025-06-23T13:49:24+00:00,,,,
7630,huggingface/datasets,[bug] resume from ckpt skips samples if .map is applied,,open,2025-06-21T01:50:03+00:00,,,,
7627,huggingface/datasets,Creating a HF Dataset from lakeFS with S3 storage takes too much time!,,closed,2025-06-19T14:28:41+00:00,2025-06-23T12:39:10+00:00,Thunderhead-exe,3.92,True
7624,huggingface/datasets,"#Dataset Make ""image"" column appear first in dataset preview UI",,closed,2025-06-18T09:25:19+00:00,2025-06-20T07:46:43+00:00,jcerveto,1.93,True
7619,huggingface/datasets,`from_list` fails while `from_generator` works for large datasets,,open,2025-06-17T10:58:55+00:00,,,,
7617,huggingface/datasets,Unwanted column padding in nested lists of dicts,,closed,2025-06-15T22:06:17+00:00,2025-06-16T13:43:31+00:00,qgallouedec,0.65,True
7612,huggingface/datasets,Provide an option of robust dataset iterator with error handling,enhancement,open,2025-06-13T00:40:48+00:00,,,,
7611,huggingface/datasets,Code example for dataset.add_column() does not reflect correct way to use function,,closed,2025-06-12T19:42:29+00:00,2025-07-17T13:14:18+00:00,lhoestq,34.73,False
7610,huggingface/datasets,i cant confirm email,,open,2025-06-12T18:58:49+00:00,,,,
7607,huggingface/datasets,Video and audio decoding with torchcodec,enhancement,closed,2025-06-11T07:02:30+00:00,2025-06-19T18:25:49+00:00,lhoestq,8.47,False
7600,huggingface/datasets,`push_to_hub` is not concurrency safe (dataset schema corruption),,closed,2025-06-07T17:28:56+00:00,2025-07-31T10:00:50+00:00,lhoestq,53.69,False
7599,huggingface/datasets,My already working dataset (when uploaded few months ago) now is ignoring metadata.jsonl,,closed,2025-06-06T18:59:00+00:00,2025-06-16T15:18:00+00:00,JuanCarlosMartinezSevilla,9.85,True
7597,huggingface/datasets,Download datasets from a private hub in 2025,enhancement,closed,2025-06-06T07:55:19+00:00,2025-06-13T13:46:00+00:00,DanielSchuhmacher,7.24,True
7594,huggingface/datasets,Add option to ignore keys/columns when loading a dataset from jsonl(or any other data format),enhancement,open,2025-06-05T11:12:45+00:00,,,,
7591,huggingface/datasets,Add num_proc parameter to push_to_hub,enhancement,closed,2025-06-04T13:19:15+00:00,2025-09-04T10:43:33+00:00,lhoestq,91.89,False
7590,huggingface/datasets,`Sequence(Features(...))` causes PyArrow cast error in `load_dataset` despite correct schema.,,closed,2025-05-29T22:53:36+00:00,2025-07-19T22:45:08+00:00,AHS-uni,50.99,True
7588,huggingface/datasets,ValueError: Invalid pattern: '**' can only be an entire path component [Colab],,closed,2025-05-27T13:46:05+00:00,2025-05-30T01:26:30+00:00,wkambale,2.49,True
7586,huggingface/datasets,help is appreciated,enhancement,open,2025-05-26T14:00:42+00:00,,,,
7584,huggingface/datasets,Add LMDB format support,enhancement,open,2025-05-26T07:10:13+00:00,,,,
7583,huggingface/datasets,"load_dataset type stubs reject List[str] for split parameter, but runtime supports it",,closed,2025-05-25T02:33:18+00:00,2025-05-26T18:29:58+00:00,lhoestq,1.66,False
7580,huggingface/datasets,"Requesting a specific split (eg: test) still downloads all (train, test, val) data when streaming=False.",,open,2025-05-22T11:08:16+00:00,,,,
7577,huggingface/datasets,arrow_schema is not compatible with list,,closed,2025-05-21T16:37:01+00:00,2025-05-26T18:32:55+00:00,lhoestq,5.08,False
7574,huggingface/datasets,Missing multilingual directions in IWSLT2017 dataset's processing script,,open,2025-05-21T09:53:17+00:00,,,,
7573,huggingface/datasets,No Samsum dataset,,closed,2025-05-20T09:54:35+00:00,2025-06-18T12:52:23+00:00,IgorKasianenko,29.12,True
7570,huggingface/datasets,Dataset lib seems to broke after fssec lib update,,closed,2025-05-15T11:45:06+00:00,2025-06-13T00:44:27+00:00,sleepingcat4,28.54,True
7569,huggingface/datasets,Dataset creation is broken if nesting a dict inside a dict inside a list,,open,2025-05-13T21:06:45+00:00,,,,
7568,huggingface/datasets,`IterableDatasetDict.map()` call removes `column_names` (in fact info.features),,open,2025-05-13T15:45:42+00:00,,,,
7567,huggingface/datasets,interleave_datasets seed with multiple workers,,closed,2025-05-12T22:38:27+00:00,2025-10-24T14:04:37+00:00,lhoestq,164.64,False
7566,huggingface/datasets,terminate called without an active exception; Aborted (core dumped),,open,2025-05-11T23:05:54+00:00,,,,
7561,huggingface/datasets,NotImplementedError: <class 'datasets.iterable_dataset.RepeatExamplesIterable'> doesn't implement num_shards yet,,closed,2025-05-07T15:05:42+00:00,2025-06-05T12:41:30+00:00,lhoestq,28.9,False
7554,huggingface/datasets,"datasets downloads and generates all splits, even though a single split is requested (for dataset with loading script)",,closed,2025-05-06T14:43:38+00:00,2025-05-07T14:53:44+00:00,sei-eschwartz,1.01,True
7551,huggingface/datasets,Issue with offline mode and partial dataset cached,,open,2025-05-04T16:49:37+00:00,,,,
7549,huggingface/datasets,TypeError: Couldn't cast array of type string to null on webdataset format dataset,,open,2025-05-02T15:18:07+00:00,,,,
7548,huggingface/datasets,Python 3.13t (free threads) Compat,,open,2025-05-02T09:20:09+00:00,,,,
7546,huggingface/datasets,Large memory use when loading large datasets to a ZFS pool,,closed,2025-05-01T14:43:47+00:00,2025-05-13T13:29:53+00:00,FredHaa,11.95,True
7545,huggingface/datasets,Networked Pull Through Cache,enhancement,open,2025-04-30T15:16:33+00:00,,,,
7543,huggingface/datasets,"The memory-disk mapping failure issue of the map function（resolved, but there are some suggestions.）",,closed,2025-04-29T03:04:59+00:00,2025-04-30T02:22:17+00:00,jxma20,0.97,True
7538,huggingface/datasets,`IterableDataset` drops samples when resuming from a checkpoint,bug,closed,2025-04-27T19:34:49+00:00,2025-05-06T14:03:42+00:00,lhoestq,8.77,False
7537,huggingface/datasets,"`datasets.map(..., num_proc=4)` multi-processing fails",,open,2025-04-25T01:53:47+00:00,,,,
7536,huggingface/datasets,[Errno 13] Permission denied: on `.incomplete` file,,closed,2025-04-24T20:52:45+00:00,2025-05-06T13:05:01+00:00,lhoestq,11.68,False
7534,huggingface/datasets,TensorFlow RaggedTensor Support (batch-level),enhancement,open,2025-04-24T13:14:52+00:00,,,,
7531,huggingface/datasets,Deepspeed reward training hangs at end of training with Dataset.from_list,,open,2025-04-21T17:29:20+00:00,,,,
7530,huggingface/datasets,"How to solve ""Spaces stuck in Building"" problems",,closed,2025-04-21T03:08:38+00:00,2025-04-22T07:49:52+00:00,,1.2,
7529,huggingface/datasets,audio folder builder cannot detect custom split name,,closed,2025-04-20T16:53:21+00:00,2026-05-16T17:16:35+00:00,phineas-pta,391.02,True
7528,huggingface/datasets,Data Studio Error: Convert JSONL incorrectly,,open,2025-04-19T13:21:44+00:00,,,,
7527,huggingface/datasets,Auto-merge option for `convert-to-parquet`,enhancement,closed,2025-04-18T16:03:22+00:00,2025-07-18T19:09:03+00:00,klamike,91.13,True
7526,huggingface/datasets,Faster downloads/uploads with Xet storage,,open,2025-04-18T14:46:42+00:00,,,,
7520,huggingface/datasets,Update items in the dataset without `map`,enhancement,open,2025-04-15T19:39:01+00:00,,,,
7518,huggingface/datasets,num_proc parallelization works only for first ~10s.,,open,2025-04-15T11:44:03+00:00,,,,
7517,huggingface/datasets,Image Feature in Datasets Library Fails to Handle bytearray Objects from Spark DataFrames,,closed,2025-04-15T11:29:17+00:00,2025-05-07T14:17:30+00:00,lhoestq,22.12,False
7516,huggingface/datasets,unsloth/DeepSeek-R1-Distill-Qwen-32B server error,,closed,2025-04-15T09:26:53+00:00,2025-04-15T09:57:26+00:00,Editor-1,0.02,True
7515,huggingface/datasets,`concatenate_datasets` does not preserve Pytorch format for IterableDataset,,closed,2025-04-15T04:36:34+00:00,2025-05-19T15:07:38+00:00,lhoestq,34.44,False
7513,huggingface/datasets,MemoryError while creating dataset from generator,,closed,2025-04-15T01:02:02+00:00,2025-10-23T22:55:10+00:00,simonreise,191.91,True
7512,huggingface/datasets,.map() fails if function uses pyvista,,open,2025-04-14T19:43:02+00:00,,,,
7510,huggingface/datasets,Incompatibile dill version (0.3.9) in datasets 2.18.0 - 3.5.0,,closed,2025-04-14T07:22:44+00:00,2025-09-15T08:37:49+00:00,lhoestq,154.05,False
7509,huggingface/datasets,Dataset uses excessive memory when loading files,,open,2025-04-13T21:09:49+00:00,,,,
7508,huggingface/datasets,Iterating over Image feature columns is extremely slow,,open,2025-04-10T19:00:54+00:00,,,,
7507,huggingface/datasets,Front-end statistical data quantity deviation,,open,2025-04-10T02:51:38+00:00,,,,
7506,huggingface/datasets,HfHubHTTPError: 429 Client Error: Too Many Requests for URL when trying to access Fineweb-10BT on 4A100 GPUs using SLURM,,open,2025-04-09T06:32:04+00:00,,,,
7505,huggingface/datasets,HfHubHTTPError: 403 Forbidden: None. Cannot access content at: https://hf.co/api/s3proxy,,open,2025-04-08T14:08:40+00:00,,,,
7504,huggingface/datasets,BuilderConfig ParquetConfig(...) doesn't have a 'use_auth_token' key.,,open,2025-04-08T10:55:03+00:00,,,,
7503,huggingface/datasets,Inconsistency between load_dataset and load_from_disk functionality,,open,2025-04-08T03:46:22+00:00,,,,
7502,huggingface/datasets,`load_dataset` of size 40GB creates a cache of >720GB,,closed,2025-04-07T16:52:34+00:00,2025-04-15T15:22:11+00:00,pietrolesci,7.94,True
7501,huggingface/datasets,Nested Feature raises ArrowNotImplementedError: Unsupported cast using function cast_struct,,closed,2025-04-07T12:35:39+00:00,2025-04-07T12:43:03+00:00,yaner-here,0.01,True
7500,huggingface/datasets,Make `with_format` correctly indicate that a `Dataset` is compatible with PyTorch's `Dataset` class,enhancement,open,2025-04-06T09:56:09+00:00,,,,
7498,huggingface/datasets,Extreme memory bandwidth.,,open,2025-04-03T11:09:08+00:00,,,,
7497,huggingface/datasets,How to convert videos to images?,enhancement,open,2025-04-03T07:08:39+00:00,,,,
7496,huggingface/datasets,Json builder: Allow features to override problematic Arrow types,enhancement,open,2025-04-02T19:27:16+00:00,,,,
7495,huggingface/datasets,Columns in the dataset obtained though load_dataset do not correspond to the one in the dataset viewer since 3.4.0,,closed,2025-04-02T17:01:11+00:00,2025-07-02T23:24:57+00:00,bruno-hays,91.27,True
7494,huggingface/datasets,Broken links in pdf loading documentation,,closed,2025-04-02T06:45:22+00:00,2025-04-15T13:36:04+00:00,lhoestq,13.29,False
7493,huggingface/datasets,push_to_hub does not upload videos,,closed,2025-04-01T17:00:20+00:00,2026-01-29T18:56:05+00:00,lhoestq,303.08,False
7486,huggingface/datasets,`shared_datadir` fixture is missing,,closed,2025-03-27T18:17:12+00:00,2025-03-27T19:49:10+00:00,lahwaacz,0.06,True
7481,huggingface/datasets,deal with python `10_000` legal number in slice syntax,enhancement,closed,2025-03-26T20:10:54+00:00,2025-03-28T16:20:44+00:00,lhoestq,1.84,False
7480,huggingface/datasets,HF_DATASETS_CACHE ignored?,,open,2025-03-26T17:19:34+00:00,,,,
7479,huggingface/datasets,Features.from_arrow_schema is destructive,,open,2025-03-26T16:46:43+00:00,,,,
7477,huggingface/datasets,What is the canonical way to compress a Dataset?,,open,2025-03-25T16:47:51+00:00,,,,
7475,huggingface/datasets,IterableDataset's state_dict shard_example_idx is always equal to the number of samples in a shard,,closed,2025-03-25T13:58:07+00:00,2025-05-06T14:05:07+00:00,lhoestq,42.0,False
7473,huggingface/datasets,Webdataset data format problem,,closed,2025-03-21T17:23:52+00:00,2025-03-21T19:19:58+00:00,edmcman,0.08,True
7472,huggingface/datasets,Label casting during `map` process is canceled after the `map` process,,closed,2025-03-21T07:56:22+00:00,2025-04-10T05:11:14+00:00,yoshitomo-matsubara,19.89,True
7471,huggingface/datasets,Adding argument to `_get_data_files_patterns`,enhancement,closed,2025-03-21T07:17:53+00:00,2025-03-26T07:26:27+00:00,SangbumChoi,5.01,True
7470,huggingface/datasets,Is it possible to shard a single-sharded IterableDataset?,,closed,2025-03-21T04:33:37+00:00,2025-03-26T06:49:28+00:00,jonathanasdf,5.09,True
7469,huggingface/datasets,Custom split name with the web interface,,closed,2025-03-20T20:45:59+00:00,2025-03-21T07:20:37+00:00,vince62s,0.44,True
7468,huggingface/datasets,"function `load_dataset`  can't solve folder path with regex characters like ""[]""",,open,2025-03-20T05:21:59+00:00,,,,
7467,huggingface/datasets,load_dataset with streaming hangs on parquet datasets,,closed,2025-03-18T23:33:54+00:00,2026-05-06T16:06:09+00:00,lhoestq,413.69,False
7461,huggingface/datasets,List of images behave differently on IterableDataset and Dataset,,closed,2025-03-17T15:59:23+00:00,2025-03-18T08:57:16+00:00,FredrikNoren,0.71,True
7458,huggingface/datasets,Loading the `laion/filtered-wit` dataset in streaming mode fails on v3.4.0,,closed,2025-03-17T14:54:02+00:00,2025-03-17T15:25:55+00:00,lhoestq,0.02,False
7457,huggingface/datasets,Document the HF_DATASETS_CACHE env variable,enhancement,closed,2025-03-17T12:24:50+00:00,2025-05-06T15:54:39+00:00,lhoestq,50.15,False
7456,huggingface/datasets,.add_faiss_index and .add_elasticsearch_index returns ImportError at Google Colab,,open,2025-03-16T00:51:49+00:00,,,,
7455,huggingface/datasets,Problems with local dataset after upgrade from 3.3.2 to 3.4.0,,open,2025-03-15T09:22:50+00:00,,,,
7449,huggingface/datasets,Cannot load data with different schemas from different parquet files,,closed,2025-03-13T08:14:49+00:00,2025-03-17T07:27:46+00:00,li-plus,3.97,True
7448,huggingface/datasets,`datasets.disable_caching` doesn't work,,open,2025-03-13T06:40:12+00:00,,,,
7447,huggingface/datasets,Epochs shortened after resuming mid-epoch with Iterable dataset+StatefulDataloader(persistent_workers=True),,closed,2025-03-12T21:41:05+00:00,2025-03-14T10:50:10+00:00,lhoestq,1.55,False
7446,huggingface/datasets,"pyarrow.lib.ArrowTypeError: Expected dict key of type str or bytes, got 'int'",,closed,2025-03-12T07:48:37+00:00,2025-07-04T05:14:45+00:00,rangehow,113.89,True
7444,huggingface/datasets,Excessive warnings when resuming an IterableDataset+buffered shuffle+DDP.,,open,2025-03-11T16:34:39+00:00,,,,
7443,huggingface/datasets,index error when num_shards > len(dataset),,open,2025-03-10T22:40:59+00:00,,,,
7442,huggingface/datasets,Flexible Loader,enhancement,closed,2025-03-09T16:55:03+00:00,2026-02-21T19:58:58+00:00,dipta007,349.13,True
7441,huggingface/datasets,`drop_last_batch` does not drop the last batch using IterableDataset + interleave_datasets + multi_worker,,open,2025-03-08T10:28:44+00:00,,,,
7440,huggingface/datasets,IterableDataset raises FileNotFoundError instead of retrying,,open,2025-03-07T19:14:18+00:00,,,,
7433,huggingface/datasets,`Dataset.map` ignores existing caches and remaps when ran with different `num_proc`,,closed,2025-03-03T05:51:26+00:00,2025-05-12T15:14:09+00:00,lhoestq,70.39,False
7431,huggingface/datasets,Issues with large Datasets,,open,2025-02-28T14:05:22+00:00,,,,
7430,huggingface/datasets,"Error in code ""Time to slice and dice"" from course ""NLP Course""",,closed,2025-02-28T11:36:10+00:00,2025-03-03T17:52:15+00:00,lhoestq,3.26,False
7427,huggingface/datasets,Error splitting the input into NAL units.,,open,2025-02-28T02:30:15+00:00,,,,
7425,huggingface/datasets,"load_dataset(""livecodebench/code_generation_lite"", version_tag=""release_v2"")  TypeError: 'NoneType' object is not callable",,open,2025-02-27T07:36:02+00:00,,,,
7423,huggingface/datasets,Row indexing a dataset with numpy integers,enhancement,closed,2025-02-25T18:44:45+00:00,2025-07-28T02:23:17+00:00,DavidRConnell,152.32,True
7421,huggingface/datasets,DVC integration broken,,open,2025-02-25T13:14:31+00:00,,,,
7420,huggingface/datasets,better correspondence between cached and saved datasets created using from_generator,enhancement,open,2025-02-24T22:14:37+00:00,,,,
7419,huggingface/datasets,Import order crashes script execution,,open,2025-02-24T17:03:43+00:00,,,,
7418,huggingface/datasets,"pyarrow.lib.arrowinvalid: cannot mix list and non-list, non-null values with map function",,closed,2025-02-21T10:58:06+00:00,2026-03-09T15:58:00+00:00,lhoestq,381.21,False
7415,huggingface/datasets,Shard Dataset at specific indices,,open,2025-02-20T10:43:10+00:00,,,,
7413,huggingface/datasets,Documentation on multiple media files of the same type with WebDataset,,open,2025-02-18T16:13:20+00:00,,,,
7412,huggingface/datasets,Index Error Invalid Ket is out of bounds for size 0 for code-search-net/code_search_net dataset,,open,2025-02-18T05:58:33+00:00,,,,
7406,huggingface/datasets,Adding Core Maintainer List to CONTRIBUTING.md,enhancement,closed,2025-02-17T00:32:40+00:00,2025-03-24T10:57:54+00:00,jp1924,35.43,True
7405,huggingface/datasets,Lazy loading of environment variables,,open,2025-02-16T22:31:41+00:00,,,,
7404,huggingface/datasets,Performance regression in `dataset.filter`,,closed,2025-02-16T22:19:14+00:00,2025-02-17T14:28:48+00:00,lhoestq,0.67,False
7399,huggingface/datasets,Synchronize parameters for various datasets,,open,2025-02-14T09:15:11+00:00,,,,
7400,huggingface/datasets,504 Gateway Timeout when uploading large dataset to Hugging Face Hub,,open,2025-02-14T02:18:35+00:00,,,,
7394,huggingface/datasets,Using load_dataset with data_files and split arguments yields an error,,open,2025-02-12T04:50:11+00:00,,,,
7392,huggingface/datasets,push_to_hub payload too large error when using large ClassLabel feature,,open,2025-02-11T17:51:34+00:00,,,,
7391,huggingface/datasets,AttributeError: module 'pyarrow.lib' has no attribute 'ListViewType',,open,2025-02-11T12:02:26+00:00,,,,
7390,huggingface/datasets,Re-add py.typed,enhancement,open,2025-02-10T22:12:52+00:00,,,,
7389,huggingface/datasets,Getting statistics about filtered examples,,closed,2025-02-10T20:48:29+00:00,2025-02-11T20:44:13+00:00,jonathanasdf,1.0,False
7388,huggingface/datasets,OSError: [Errno 22] Invalid argument forbidden character,,closed,2025-02-10T17:46:31+00:00,2025-02-11T13:42:30+00:00,langflogit,0.83,True
7387,huggingface/datasets,Dynamic adjusting dataloader sampling weight,,open,2025-02-10T03:18:47+00:00,,,,
7386,huggingface/datasets,Add bookfolder Dataset Builder for Digital Book Formats,enhancement,closed,2025-02-08T14:27:55+00:00,2025-02-08T14:30:09+00:00,shikanime,0.0,True
7381,huggingface/datasets,Iterating over values of a column in the IterableDataset,enhancement,closed,2025-01-28T13:17:36+00:00,2025-05-22T18:00:04+00:00,TopCoder2K,114.2,True
7378,huggingface/datasets,Allow pushing config version to hub,enhancement,open,2025-01-21T22:35:07+00:00,,,,
7377,huggingface/datasets,Support for sparse arrays with the Arrow Sparse Tensor format?,enhancement,open,2025-01-21T20:14:35+00:00,,,,
7375,huggingface/datasets,vllm批量推理报错,,open,2025-01-21T03:22:23+00:00,,,,
7373,huggingface/datasets,Excessive RAM Usage After Dataset Concatenation concatenate_datasets,,open,2025-01-16T16:33:10+00:00,,,,
7372,huggingface/datasets,Inconsistent Behavior Between `load_dataset` and `load_from_disk` When Loading Sharded Datasets,,open,2025-01-16T05:47:20+00:00,,,,
7371,huggingface/datasets,500 Server error with pushing a dataset,,open,2025-01-15T18:23:02+00:00,,,,
7369,huggingface/datasets,Importing dataset gives unhelpful error message when filenames in metadata.csv are not found in the directory,,open,2025-01-14T13:53:21+00:00,,,,
7366,huggingface/datasets,Dataset.from_dict() can't handle large dict,,open,2025-01-11T02:05:21+00:00,,,,
7365,huggingface/datasets,A parameter is specified but not used in datasets.arrow_dataset.Dataset.from_pandas(),,open,2025-01-10T13:39:33+00:00,,,,
7364,huggingface/datasets,API endpoints for gated dataset access requests,enhancement,closed,2025-01-09T06:21:20+00:00,2025-01-09T11:17:20+00:00,jerome-white,0.21,True
7363,huggingface/datasets,"ImportError: To support decoding images, please install 'Pillow'.",,open,2025-01-08T02:22:57+00:00,,,,
7362,huggingface/datasets,HuggingFace CLI dataset download raises error,,closed,2025-01-07T21:03:30+00:00,2025-01-08T14:35:52+00:00,lhoestq,0.73,False
7360,huggingface/datasets,error when loading dataset in Hugging Face: NoneType error is not callable,,open,2025-01-07T02:11:36+00:00,,,,
7359,huggingface/datasets,"There are multiple 'mteb/arguana' configurations in the cache: default, corpus, queries with HF_HUB_OFFLINE=1",,open,2025-01-06T17:42:49+00:00,,,,
7357,huggingface/datasets,Python process aborded with GIL issue when using image dataset,,open,2025-01-06T11:29:30+00:00,,,,
7356,huggingface/datasets,How about adding a feature to pass the key when performing map on DatasetDict?,enhancement,closed,2025-01-06T08:13:52+00:00,2025-03-24T10:57:47+00:00,jp1924,77.11,False
7355,huggingface/datasets,Not available datasets[audio] on python 3.13,,open,2025-01-04T18:37:08+00:00,,,,
7354,huggingface/datasets,"A module that was compiled using NumPy 1.x cannot be run in NumPy 2.0.2 as it may crash. To support both 1.x and 2.x versions of NumPy, modules must be compiled with NumPy 2.0. Some module may need to rebuild instead e.g. with 'pybind11>=2.12'.",,closed,2025-01-04T18:30:17+00:00,2025-01-08T02:20:58+00:00,jamessdixon,3.33,True
7347,huggingface/datasets,Converting Arrow to WebDataset TAR Format for Offline Use,enhancement,closed,2024-12-27T01:40:44+00:00,2024-12-28T15:38:03+00:00,katie312,1.58,True
7346,huggingface/datasets,OSError: Invalid flatbuffers message.,,closed,2024-12-25T11:38:52+00:00,2025-01-09T14:25:05+00:00,lhoestq,15.12,False
7345,huggingface/datasets,Different behaviour of IterableDataset.map vs Dataset.map with remove_columns,,closed,2024-12-25T07:36:48+00:00,2025-01-07T11:56:42+00:00,lhoestq,13.18,False
7344,huggingface/datasets,HfHubHTTPError: 429 Client Error: Too Many Requests for URL when trying to access SlimPajama-627B or c4 on TPUs,,closed,2024-12-22T16:30:07+00:00,2025-01-15T05:31:58+00:00,clankur,23.54,True
7343,huggingface/datasets,[Bug] Inconsistent behavior of data_files and data_dir in load_dataset method.,,closed,2024-12-19T14:31:27+00:00,2025-01-03T15:54:09+00:00,JasonCZH4,15.06,True
7337,huggingface/datasets,"One or several metadata.jsonl were found, but not in the same directory or in a parent directory of",,open,2024-12-17T12:58:43+00:00,,,,
7336,huggingface/datasets,Clarify documentation or Create DatasetCard,enhancement,open,2024-12-17T12:01:00+00:00,,,,
7335,huggingface/datasets,Too many open files: '/root/.cache/huggingface/token',,open,2024-12-16T21:30:24+00:00,,,,
7334,huggingface/datasets,TypeError: Value.__init__() missing 1 required positional argument: 'dtype',,open,2024-12-15T04:08:46+00:00,,,,
7327,huggingface/datasets,.map() is not caching and ram goes OOM,,open,2024-12-13T14:22:56+00:00,,,,
7326,huggingface/datasets,Remove upper bound for fsspec,,open,2024-12-13T11:35:12+00:00,,,,
7323,huggingface/datasets,Unexpected cache behaviour using load_dataset,,closed,2024-12-12T14:03:00+00:00,2025-01-31T11:34:24+00:00,Moritz-Wirth,49.9,True
7322,huggingface/datasets,ArrowInvalid: JSON parse error: Column() changed from object to array in row 0,,open,2024-12-11T08:41:39+00:00,,,,
7321,huggingface/datasets,ImportError: cannot import name 'set_caching_enabled' from 'datasets' ,,open,2024-12-11T01:58:46+00:00,,,,
7320,huggingface/datasets,"ValueError: You should supply an encoding or a list of encodings to this method that includes input_ids, but you provided ['label']",,closed,2024-12-10T20:23:11+00:00,2024-12-10T23:22:23+00:00,atrompeterog,0.12,True
7318,huggingface/datasets,Introduce support for PDFs,enhancement,open,2024-12-10T16:59:48+00:00,,,,
7313,huggingface/datasets,Cannot create a dataset with relative audio path,,open,2024-12-09T07:34:20+00:00,,,,
7311,huggingface/datasets,How to get the original dataset name with username?,enhancement,open,2024-12-08T07:18:14+00:00,,,,
7310,huggingface/datasets,Enable the Audio Feature to decode / read with an offset + duration,enhancement,open,2024-12-07T22:01:44+00:00,,,,
7315,huggingface/datasets,Allow manual configuration of Dataset Viewer for datasets not created with the `datasets` library,,open,2024-12-07T16:37:12+00:00,,,,
7306,huggingface/datasets,Creating new dataset from list loses information. (Audio Information Lost - either Datatype or Values).,,open,2024-12-05T09:07:53+00:00,,,,
7305,huggingface/datasets," Build Documentation Test Fails Due to ""Bad Credentials"" Error",,open,2024-12-03T20:22:54+00:00,,,,
7303,huggingface/datasets,DataFilesNotFoundError for datasets LM1B,,closed,2024-11-29T17:27:45+00:00,2024-12-11T13:22:47+00:00,hml1996-fight,11.83,True
7299,huggingface/datasets,Efficient Image Augmentation in Hugging Face Datasets,,open,2024-11-26T16:50:32+00:00,,,,
7298,huggingface/datasets,loading dataset issue with load_dataset() when training controlnet,,open,2024-11-26T10:50:18+00:00,,,,
7297,huggingface/datasets,wrong return type for `IterableDataset.shard()`,,closed,2024-11-22T17:25:46+00:00,2024-12-03T14:27:03+00:00,lhoestq,10.88,False
7295,huggingface/datasets,[BUG]: Streaming from S3 triggers `unexpected keyword argument 'requote_redirect_url'`,,open,2024-11-19T12:23:36+00:00,,,,
7292,huggingface/datasets,DataFilesNotFoundError for datasets `OpenMol/PubChemSFT`,,closed,2024-11-16T11:54:31+00:00,2024-11-19T00:52:59+00:00,xnuohz,2.54,True
7291,huggingface/datasets,Why return_tensors='pt' doesn't work？,,open,2024-11-15T15:01:23+00:00,,,,
7290,huggingface/datasets,`Dataset.save_to_disk` hangs when using num_proc > 1,,open,2024-11-14T05:25:13+00:00,,,,
7289,huggingface/datasets,Dataset viewer displays wrong statists,,closed,2024-11-11T03:29:27+00:00,2024-11-13T13:02:25+00:00,speedcell4,2.4,True
7287,huggingface/datasets,Support for identifier-based automated split construction,enhancement,open,2024-11-10T07:45:19+00:00,,,,
7286,huggingface/datasets,Concurrent loading in `load_from_disk` - `num_proc` as a param ,enhancement,closed,2024-11-08T23:21:40+00:00,2024-11-09T16:14:37+00:00,unography,0.7,True
7282,huggingface/datasets,Faulty datasets.exceptions.ExpectedMoreSplitsError,,open,2024-11-07T20:15:01+00:00,,,,
7281,huggingface/datasets,File not found error,,open,2024-11-07T09:04:49+00:00,,,,
7280,huggingface/datasets,Add filename in error message when ReadError or similar occur,,open,2024-11-07T06:00:53+00:00,,,,
7276,huggingface/datasets,Accessing audio dataset value throws Format not recognised error,,open,2024-11-04T05:59:13+00:00,,,,
7275,huggingface/datasets,load_dataset,,open,2024-11-04T03:01:44+00:00,,,,
7269,huggingface/datasets,Memory leak when streaming,,open,2024-10-31T13:33:52+00:00,,,,
7268,huggingface/datasets,load_from_disk,,open,2024-10-31T11:51:56+00:00,,,,
7267,huggingface/datasets,Source installation fails on Macintosh with python 3.10,,open,2024-10-31T10:18:45+00:00,,,,
7266,huggingface/datasets,The dataset viewer should be available soon. Please retry later.,,closed,2024-10-30T16:32:00+00:00,2024-10-31T03:48:10+00:00,viiika,0.47,True
7261,huggingface/datasets,Cannot load the cache when mapping the dataset,,open,2024-10-29T08:29:40+00:00,,,,
7260,huggingface/datasets,cache can't cleaned or disabled,,open,2024-10-29T03:15:28+00:00,,,,
7254,huggingface/datasets,"mismatch for datatypes when providing `Features` with `Array2D` and user specified `dtype` and using with_format(""numpy"")",,open,2024-10-26T22:06:27+00:00,,,,
7253,huggingface/datasets,Unable to upload a large dataset zip either from command line or UI,,open,2024-10-26T13:17:06+00:00,,,,
7249,huggingface/datasets,How to debugging,,open,2024-10-24T01:03:51+00:00,,,,
7248,huggingface/datasets,ModuleNotFoundError: No module named 'datasets.tasks',,open,2024-10-23T21:58:25+00:00,,,,
7247,huggingface/datasets,Adding column with dict struction when mapping lead to wrong order,,open,2024-10-22T18:55:11+00:00,,,,
7243,huggingface/datasets,ArrayXD with None as leading dim incompatible with DatasetCardData,,open,2024-10-21T15:08:13+00:00,,,,
7241,huggingface/datasets,`push_to_hub` overwrite argument,enhancement,closed,2024-10-20T03:23:26+00:00,2024-10-24T17:39:08+00:00,ceferisbarov,4.59,True
7238,huggingface/datasets,incompatibily issue when using load_dataset with datasets==3.0.1,,open,2024-10-18T21:25:23+00:00,,,,
7233,huggingface/datasets,数据集数量问题,,open,2024-10-17T07:41:44+00:00,,,,
7228,huggingface/datasets,Composite (multi-column) features,enhancement,open,2024-10-14T23:59:19+00:00,,,,
7226,huggingface/datasets,Add R as a How to use from the Polars (R) Library as an option,enhancement,open,2024-10-14T19:56:07+00:00,,,,
7225,huggingface/datasets,Huggingface GIT returns null as Content-Type instead of application/x-git-receive-pack-result,,open,2024-10-14T14:33:06+00:00,,,,
7223,huggingface/datasets,Fallback to arrow defaults when loading dataset with custom features that aren't registered locally,,open,2024-10-12T16:08:20+00:00,,,,
7222,huggingface/datasets,TypeError: Couldn't cast array of type string to null in long json,,open,2024-10-12T08:14:59+00:00,,,,
7220,huggingface/datasets,Custom features not compatible with special encoding/decoding logic,,open,2024-10-11T19:20:11+00:00,,,,
7217,huggingface/datasets,"ds.map(f, num_proc=10) is slower than df.apply",,open,2024-10-11T11:04:05+00:00,,,,
7215,huggingface/datasets,Iterable dataset map with explicit features causes slowdown for Sequence features,,open,2024-10-10T22:08:20+00:00,,,,
7214,huggingface/datasets,Formatted map + with_format(None) changes array dtype for iterable datasets,,open,2024-10-10T12:45:16+00:00,,,,
7213,huggingface/datasets,Add with_rank to Dataset.from_generator,enhancement,open,2024-10-10T12:15:29+00:00,,,,
7212,huggingface/datasets,Windows do not supprot signal.alarm and singal.signal,,open,2024-10-10T12:00:19+00:00,,,,
7211,huggingface/datasets,Describe only selected fields in README,enhancement,open,2024-10-09T16:25:47+00:00,,,,
7210,huggingface/datasets,Convert Array features to numpy arrays rather than lists by default,enhancement,open,2024-10-09T13:05:21+00:00,,,,
7208,huggingface/datasets,Iterable dataset.filter should not override features,,closed,2024-10-09T10:23:45+00:00,2024-10-09T16:08:45+00:00,lhoestq,0.24,False
7206,huggingface/datasets,Slow iteration for iterable dataset with numpy formatting for array data,,open,2024-10-08T15:38:11+00:00,,,,
7202,huggingface/datasets,`from_parquet` return type annotation,,open,2024-10-08T09:08:10+00:00,,,,
7201,huggingface/datasets,`load_dataset()` of images from a single directory where `train.png` image exists,,open,2024-10-07T09:14:17+00:00,,,,
7197,huggingface/datasets,ConnectionError: Couldn't reach 'allenai/c4' on the Hub (ConnectionError)数据集下不下来，怎么回事,,open,2024-10-04T09:33:25+00:00,,,,
7196,huggingface/datasets,concatenate_datasets does not preserve shuffling state,,closed,2024-10-03T14:30:38+00:00,2026-02-04T18:55:36+00:00,lhoestq,489.18,False
7195,huggingface/datasets,Add support for 3D datasets,enhancement,open,2024-10-03T13:27:44+00:00,,,,
7194,huggingface/datasets,datasets.exceptions.DatasetNotFoundError for private dataset,,closed,2024-10-03T07:49:36+00:00,2024-10-03T10:09:28+00:00,davanstrien,0.1,True
7193,huggingface/datasets,Support of num_workers (multiprocessing) in map for IterableDataset,enhancement,open,2024-10-02T18:34:04+00:00,,,,
7192,huggingface/datasets,Add repeat() for iterable datasets,enhancement,closed,2024-10-02T17:48:13+00:00,2025-03-18T10:48:32+00:00,lhoestq,166.71,False
7190,huggingface/datasets,Datasets conflicts with fsspec 2024.9,,open,2024-10-02T16:43:46+00:00,,,,
7189,huggingface/datasets,Audio preview in dataset viewer for audio array data without a path/filename,enhancement,open,2024-10-02T16:38:38+00:00,,,,
7187,huggingface/datasets,shard_data_sources() got an unexpected keyword argument 'worker_id',,open,2024-10-02T01:26:35+00:00,,,,
7186,huggingface/datasets,pinning `dill<0.3.9` without pinning `multiprocess` ,,closed,2024-10-01T22:29:32+00:00,2024-10-02T06:08:24+00:00,albertvillanova,0.32,True
7185,huggingface/datasets,CI benchmarks are broken,maintenance,closed,2024-10-01T08:16:08+00:00,2024-10-09T16:07:48+00:00,albertvillanova,8.33,False
7183,huggingface/datasets,CI is broken for deps-latest,,closed,2024-09-30T14:02:07+00:00,2024-09-30T14:38:58+00:00,albertvillanova,0.03,False
7180,huggingface/datasets,Memory leak when wrapping datasets into PyTorch Dataset without explicit deletion,,closed,2024-09-28T14:00:47+00:00,2024-09-30T12:07:56+00:00,iamwangyabin,1.92,True
7178,huggingface/datasets,Support Python 3.11,enhancement,closed,2024-09-27T08:50:47+00:00,2024-10-08T16:21:04+00:00,albertvillanova,11.31,False
7175,huggingface/datasets,[FSTimeoutError] load_dataset,,closed,2024-09-26T15:42:29+00:00,2024-09-30T17:28:35+00:00,cosmo3769,4.07,True
7171,huggingface/datasets,CI is broken: No solution found when resolving dependencies,bug,closed,2024-09-26T07:24:58+00:00,2024-09-26T08:05:41+00:00,albertvillanova,0.03,False
7169,huggingface/datasets,JSON lines with missing columns raise CastError,bug,closed,2024-09-25T04:43:28+00:00,2024-09-26T06:42:08+00:00,albertvillanova,1.08,False
7168,huggingface/datasets,sd1.5 diffusers controlnet training script gives new error,,closed,2024-09-25T01:42:49+00:00,2024-09-30T05:24:02+00:00,Night1099,5.15,True
7167,huggingface/datasets,"Error Mapping on sd3, sdxl and upcoming flux controlnet training scripts in diffusers",,closed,2024-09-25T01:39:51+00:00,2024-09-30T05:28:04+00:00,Night1099,5.16,False
7164,huggingface/datasets,fsspec.exceptions.FSTimeoutError when downloading dataset,,closed,2024-09-24T08:45:05+00:00,2025-07-28T14:58:49+00:00,lhoestq,307.26,False
7163,huggingface/datasets,Set explicit seed in iterable dataset ddp shuffling example ,,closed,2024-09-23T11:34:06+00:00,2024-09-24T14:40:15+00:00,lhoestq,1.13,False
7161,huggingface/datasets,JSON lines with empty struct raise ArrowTypeError,bug,closed,2024-09-23T08:48:56+00:00,2024-09-23T11:30:07+00:00,albertvillanova,0.11,False
7159,huggingface/datasets,JSON lines with missing struct fields raise TypeError: Couldn't cast array,bug,closed,2024-09-23T07:57:58+00:00,2024-09-23T11:09:18+00:00,albertvillanova,0.13,False
7156,huggingface/datasets,interleave_datasets resets shuffle state,,open,2024-09-20T17:57:54+00:00,,,,
7155,huggingface/datasets,Dataset viewer not working! Failure due to more than 32 splits.,,closed,2024-09-18T12:43:21+00:00,2024-09-18T13:20:03+00:00,sleepingcat4,0.03,False
7153,huggingface/datasets,Support data files with .ndjson extension,enhancement,closed,2024-09-18T05:54:45+00:00,2024-09-19T11:25:15+00:00,albertvillanova,1.23,False
7150,huggingface/datasets,WebDataset loader splits keys differently than WebDataset library,bug,closed,2024-09-16T06:02:47+00:00,2024-09-16T15:26:35+00:00,albertvillanova,0.39,False
7149,huggingface/datasets,Datasets Unknown Keyword Argument Error - task_templates,,closed,2024-09-13T10:30:57+00:00,2024-09-13T14:10:48+00:00,albertvillanova,0.15,False
7148,huggingface/datasets,Bug: Error when downloading mteb/mtop_domain,,closed,2024-09-13T04:09:39+00:00,2024-09-14T15:11:35+00:00,albertvillanova,1.46,False
7147,huggingface/datasets,IterableDataset strange deadlock,,closed,2024-09-12T18:59:33+00:00,2024-09-21T17:37:34+00:00,jonathanasdf,8.94,False
7142,huggingface/datasets,Specifying datatype when adding a column to a dataset.,enhancement,closed,2024-09-08T07:34:24+00:00,2024-09-17T03:46:32+00:00,varadhbhatnagar,8.84,True
7141,huggingface/datasets,Older datasets throwing safety errors with 2.21.0,,closed,2024-09-06T16:26:30+00:00,2024-09-06T19:09:29+00:00,muellerzr,0.11,True
7139,huggingface/datasets,Use load_dataset to load imagenet-1K But find a empty dataset,,open,2024-09-05T15:12:22+00:00,,,,
7138,huggingface/datasets,Cache only changed columns?,enhancement,open,2024-09-05T12:56:47+00:00,,,,
7137,huggingface/datasets,[BUG] dataset_info sequence unexpected behavior in README.md YAML,,closed,2024-09-05T06:06:06+00:00,2025-07-04T19:50:59+00:00,ain-soph,302.57,True
7135,huggingface/datasets,Bug: Type Mismatch in Dataset Mapping,,open,2024-09-03T16:37:01+00:00,,,,
7134,huggingface/datasets,Attempting to return a rank 3 grayscale image from dataset.map results in extreme slowdown ,,open,2024-09-01T13:55:41+00:00,,,,
7129,huggingface/datasets,Inconsistent output in documentation example: `num_classes` not displayed in `ClassLabel` output,,closed,2024-08-28T12:27:48+00:00,2024-12-06T11:32:02+00:00,lhoestq,99.96,False
7128,huggingface/datasets,Filter Large Dataset Entry by Entry,enhancement,open,2024-08-27T20:31:09+00:00,,,,
7127,huggingface/datasets,Caching shuffles by np.random.Generator results in unintiutive behavior,,open,2024-08-26T10:29:48+00:00,,,,
7123,huggingface/datasets,Make dataset viewer more flexible in displaying metadata alongside images,enhancement,open,2024-08-23T22:56:01+00:00,,,,
7122,huggingface/datasets,[interleave_dataset] sample batches from a single source at a time,enhancement,open,2024-08-23T07:21:15+00:00,,,,
7117,huggingface/datasets,Audio dataset load everything in RAM and is very slow,,open,2024-08-20T21:18:12+00:00,,,,
7116,huggingface/datasets,datasets cannot handle nested json if features is given.,,closed,2024-08-20T12:27:49+00:00,2024-09-03T10:18:07+00:00,ljw20180420,13.91,True
7115,huggingface/datasets,module 'pyarrow.lib' has no attribute 'ListViewType',,closed,2024-08-20T11:05:44+00:00,2024-09-10T06:51:08+00:00,albertvillanova,20.82,False
7113,huggingface/datasets,Stream dataset does not iterate if the batch size is larger than the dataset size (related to drop_last_batch),,closed,2024-08-20T08:26:40+00:00,2024-08-26T04:24:10+00:00,albertvillanova,5.83,False
7112,huggingface/datasets,"cudf-cu12 24.4.1, ibis-framework 8.0.0 requires pyarrow<15.0.0a0,>=14.0.1,pyarrow<16,>=2 and datasets 2.21.0 requires pyarrow>=15.0.0",,open,2024-08-20T08:13:55+00:00,,,,
7111,huggingface/datasets,CI is broken for numpy-2: Failed to fetch wheel: llvmlite==0.34.0,,closed,2024-08-20T07:27:28+00:00,2024-08-20T09:02:36+00:00,albertvillanova,0.07,False
7109,huggingface/datasets,ConnectionError for gated datasets and unauthenticated users,,closed,2024-08-19T13:27:45+00:00,2024-08-20T09:14:35+00:00,albertvillanova,0.82,False
7108,huggingface/datasets,"website broken: Create a new dataset repository, doesn't create a new repo in Firefox",,closed,2024-08-16T17:23:00+00:00,2024-08-19T06:52:48+00:00,neoneye,2.56,True
7107,huggingface/datasets,load_dataset broken in 2.21.0,,closed,2024-08-16T14:59:51+00:00,2024-08-18T09:27:12+00:00,albertvillanova,1.77,False
7102,huggingface/datasets,"Slow iteration speeds when using IterableDataset.shuffle with load_dataset(data_files=..., streaming=True)",,open,2024-08-14T21:44:44+00:00,,,,
7101,huggingface/datasets,`load_dataset` from Hub with `name` to specify `config` using incorrect builder type when multiple data formats are present,,open,2024-08-14T18:12:25+00:00,,,,
7100,huggingface/datasets,IterableDataset: cannot resolve features from list of numpy arrays,,open,2024-08-14T11:01:51+00:00,,,,
7097,huggingface/datasets,Some of DownloadConfig's properties are always being overridden in load.py,,open,2024-08-09T18:26:37+00:00,,,,
7093,huggingface/datasets,Add Arabic Docs to datasets,enhancement,open,2024-08-07T21:48:05+00:00,,,,
7092,huggingface/datasets,load_dataset with multiple jsonlines files interprets datastructure too early,,open,2024-08-06T17:42:55+00:00,,,,
7090,huggingface/datasets,The test test_move_script_doesnt_change_hash fails because it runs the 'python' command while the python executable has a different name,,open,2024-08-06T00:35:05+00:00,,,,
7089,huggingface/datasets,"Missing pyspark dependency causes the testsuite to error out, instead of a few tests to be skipped",,open,2024-08-05T21:05:11+00:00,,,,
7088,huggingface/datasets,Disable warning when using with_format format on tensors,enhancement,open,2024-08-05T00:45:50+00:00,,,,
7087,huggingface/datasets,Unable to create dataset card for Lushootseed language,enhancement,closed,2024-08-04T14:27:04+00:00,2024-08-06T06:59:22+00:00,albertvillanova,1.69,False
7086,huggingface/datasets,"load_dataset ignores cached datasets and tries to hit HF Hub, resulting in API rate limit errors",,open,2024-08-02T18:12:23+00:00,,,,
7085,huggingface/datasets,[Regression] IterableDataset is broken on 2.20.0,,closed,2024-07-31T13:01:59+00:00,2024-08-22T14:49:07+00:00,lhoestq,22.07,False
7084,huggingface/datasets,More easily support streaming local files,enhancement,open,2024-07-31T09:03:15+00:00,,,,
7080,huggingface/datasets,Generating train split takes a long time,,open,2024-07-29T01:42:43+00:00,,,,
7079,huggingface/datasets,HfHubHTTPError: 500 Server Error: Internal Server Error for url:,,closed,2024-07-27T08:21:03+00:00,2024-07-27T19:52:30+00:00,neoneye,0.48,False
7077,huggingface/datasets,column_names ignored by load_dataset() when loading CSV file,,open,2024-07-26T14:18:04+00:00,,,,
7073,huggingface/datasets,CI is broken for convert_to_parquet: Invalid rev id: refs/pr/1 404 error causes RevisionNotFoundError,,closed,2024-07-26T08:27:41+00:00,2024-07-26T09:16:13+00:00,albertvillanova,0.03,False
7072,huggingface/datasets,nm,,closed,2024-07-25T17:03:24+00:00,2024-07-25T20:36:11+00:00,brettdavies,0.15,True
7071,huggingface/datasets,Filter hangs,,open,2024-07-25T15:29:05+00:00,,,,
7070,huggingface/datasets,how set_transform affects batch size?,,open,2024-07-25T15:19:34+00:00,,,,
7067,huggingface/datasets,Convert_to_parquet fails for datasets with multiple configs,,closed,2024-07-23T15:09:33+00:00,2024-07-30T10:51:02+00:00,albertvillanova,6.82,False
7066,huggingface/datasets,One subset per file in repo ?,,open,2024-07-23T12:43:59+00:00,,,,
7065,huggingface/datasets,Cannot get item after loading from disk and then converting to iterable.,,open,2024-07-23T09:37:56+00:00,,,,
7063,huggingface/datasets,Add `batch` method to `Dataset`,enhancement,closed,2024-07-23T07:36:59+00:00,2024-07-25T13:45:21+00:00,lhoestq,2.26,False
7061,huggingface/datasets,Custom Dataset | Still Raise Error while handling errors in _generate_examples,,open,2024-07-22T21:18:12+00:00,,,,
7059,huggingface/datasets,None values are skipped when reading jsonl in subobjects,,open,2024-07-22T13:02:42+00:00,,,,
7058,huggingface/datasets,New feature type: Document,,open,2024-07-22T10:49:20+00:00,,,,
7055,huggingface/datasets,WebDataset with different prefixes are unsupported,,closed,2024-07-22T01:14:19+00:00,2024-07-23T13:28:46+00:00,hlky,1.51,True
7053,huggingface/datasets,"Datasets.datafiles resolve_pattern `TypeError: can only concatenate tuple (not ""str"") to tuple`",,closed,2024-07-18T13:42:35+00:00,2024-07-18T15:16:18+00:00,albertvillanova,0.07,False
7051,huggingface/datasets,How to set_epoch with interleave_datasets?,,closed,2024-07-15T18:24:52+00:00,2024-08-05T20:58:04+00:00,jonathanasdf,21.11,False
7049,huggingface/datasets,Save nparray as list,,closed,2024-07-15T11:36:11+00:00,2024-07-18T11:33:34+00:00,Sakurakdx,3.0,True
7048,huggingface/datasets,ImportError: numpy.core.multiarray when using `filter`,,closed,2024-07-15T11:21:04+00:00,2024-07-16T10:11:25+00:00,kamilakesbi,0.95,True
7047,huggingface/datasets,Save Dataset as Sharded Parquet ,enhancement,open,2024-07-12T23:47:51+00:00,,,,
7041,huggingface/datasets,`sort` after `filter` unreasonably  slow,,closed,2024-07-12T03:29:27+00:00,2025-04-29T09:49:25+00:00,Tobin-rgb,291.26,True
7040,huggingface/datasets,load `streaming=True` dataset with downloaded cache,,open,2024-07-11T11:14:13+00:00,,,,
7037,huggingface/datasets,A bug of Dataset.to_json() function,bug,open,2024-07-10T09:11:22+00:00,,,,
7035,huggingface/datasets,Docs are not generated when a parameter defaults to a NamedSplit value,maintenance,closed,2024-07-10T07:51:24+00:00,2024-07-26T07:51:53+00:00,albertvillanova,16.0,False
7033,huggingface/datasets,`from_generator` does not allow to specify the split name,,closed,2024-07-09T07:47:58+00:00,2024-07-26T09:31:56+00:00,albertvillanova,17.07,False
7031,huggingface/datasets,CI quality is broken: use ruff check instead,,closed,2024-07-08T11:42:24+00:00,2024-07-08T11:47:29+00:00,albertvillanova,0.0,False
7030,huggingface/datasets,"Add option to disable progress bar when reading a dataset (""Loading dataset from disk"")",enhancement,closed,2024-07-06T05:43:37+00:00,2024-07-13T14:35:59+00:00,yuvalkirstain,7.37,True
7029,huggingface/datasets,"load_dataset on AWS lambda throws OSError(30, 'Read-only file system') error",,open,2024-07-04T19:15:16+00:00,,,,
7024,huggingface/datasets,Streaming dataset not returning data,,open,2024-07-04T07:21:47+00:00,,,,
7022,huggingface/datasets,There is dead code after we require pyarrow >= 15.0.0,maintenance,closed,2024-07-03T08:52:57+00:00,2024-07-03T09:17:36+00:00,albertvillanova,0.02,False
7020,huggingface/datasets,Casting list array to fixed size list raises error,bug,closed,2024-07-03T07:54:49+00:00,2024-07-03T08:41:56+00:00,albertvillanova,0.03,False
7018,huggingface/datasets,`load_dataset` fails to load dataset saved by `save_to_disk`,,open,2024-07-01T12:19:19+00:00,,,,
7016,huggingface/datasets,`drop_duplicates` method,duplicate;enhancement,open,2024-07-01T09:01:06+00:00,,,,
7013,huggingface/datasets,CI is broken for faiss tests on Windows: node down: Not properly terminated,maintenance,closed,2024-07-01T06:40:03+00:00,2024-07-01T07:10:28+00:00,albertvillanova,0.02,False
7010,huggingface/datasets,Re-enable raising error from huggingface-hub FutureWarning in CI,maintenance,closed,2024-06-28T07:23:40+00:00,2024-06-28T12:19:29+00:00,albertvillanova,0.21,False
7008,huggingface/datasets,Support ruff 0.5.0 in CI,maintenance,closed,2024-06-28T05:11:26+00:00,2024-06-28T07:11:18+00:00,albertvillanova,0.08,False
7006,huggingface/datasets,CI is broken after ruff-0.5.0: E721,maintenance,closed,2024-06-28T05:03:28+00:00,2024-06-28T05:25:18+00:00,albertvillanova,0.02,False
7005,huggingface/datasets,EmptyDatasetError: The directory at /metadata.jsonl doesn't contain any data files,,closed,2024-06-27T15:08:26+00:00,2024-06-28T09:56:19+00:00,Aki1991,0.78,True
7001,huggingface/datasets,Datasetbuilder Local Download FileNotFoundError,,open,2024-06-25T15:02:34+00:00,,,,
7000,huggingface/datasets,IterableDataset: Unsupported ScalarType BFloat16,,closed,2024-06-25T14:43:26+00:00,2024-06-25T15:51:53+00:00,lhoestq,0.05,False
6997,huggingface/datasets,CI is broken for tests using hf-internal-testing/librispeech_asr_dummy,maintenance,closed,2024-06-25T07:55:44+00:00,2024-06-25T08:13:43+00:00,albertvillanova,0.01,False
6995,huggingface/datasets,ImportError when importing datasets.load_dataset,,closed,2024-06-24T17:07:22+00:00,2024-06-25T06:11:37+00:00,albertvillanova,0.54,False
6992,huggingface/datasets,Dataset with streaming doesn't work with proxy,,open,2024-06-22T16:12:08+00:00,,,,
6990,huggingface/datasets,Problematic rank after calling `split_dataset_by_node` twice,,closed,2024-06-21T14:25:26+00:00,2024-06-25T16:19:19+00:00,lhoestq,4.08,False
6989,huggingface/datasets,cache in nfs error,,open,2024-06-21T02:09:22+00:00,,,,
6985,huggingface/datasets,AttributeError: module 'pyarrow.lib' has no attribute 'ListViewType',,closed,2024-06-19T13:22:28+00:00,2024-06-25T05:40:51+00:00,albertvillanova,5.68,False
6984,huggingface/datasets,Convert polars DataFrame back to datasets,enhancement,closed,2024-06-19T11:38:48+00:00,2024-08-12T14:43:46+00:00,albertvillanova,54.13,False
6982,huggingface/datasets,cannot split dataset when using load_dataset,,closed,2024-06-19T08:07:16+00:00,2024-07-08T06:20:16+00:00,albertvillanova,18.93,False
6980,huggingface/datasets,Support NumPy 2.0,enhancement,closed,2024-06-18T23:30:22+00:00,2024-07-12T12:04:53+00:00,albertvillanova,23.52,False
6979,huggingface/datasets,How can I load partial parquet files only?,,closed,2024-06-18T15:44:16+00:00,2024-06-21T13:32:50+00:00,albertvillanova,2.91,False
6977,huggingface/datasets,load json file error with v2.20.0,,closed,2024-06-18T08:41:01+00:00,2024-06-18T10:06:09+00:00,xiaoyaolangzhi,0.06,True
6973,huggingface/datasets,IndexError during training with Squad dataset and T5-small model,,closed,2024-06-16T07:53:54+00:00,2024-07-01T11:25:40+00:00,albertvillanova,15.15,False
6967,huggingface/datasets,Method to load Laion400m,enhancement,open,2024-06-12T16:04:04+00:00,,,,
6961,huggingface/datasets,Manual downloads should count as downloads,enhancement,open,2024-06-09T04:52:06+00:00,,,,
6958,huggingface/datasets,My Private Dataset doesn't exist on the Hub or cannot be accessed,,closed,2024-06-06T06:52:19+00:00,2024-07-01T11:27:46+00:00,albertvillanova,25.19,False
6953,huggingface/datasets,Remove canonical datasets from docs,documentation,closed,2024-06-04T12:09:03+00:00,2024-07-01T11:31:25+00:00,albertvillanova,26.97,False
6951,huggingface/datasets,"load_dataset() should load all subsets, if no specific subset is specified",enhancement,closed,2024-06-04T11:02:33+00:00,2024-07-01T11:33:10+00:00,albertvillanova,27.02,False
6950,huggingface/datasets,`Dataset.with_format` behaves inconsistently with documentation,documentation,closed,2024-06-04T09:18:32+00:00,2024-06-25T08:05:49+00:00,iansheng,20.95,True
6949,huggingface/datasets,load_dataset error,,closed,2024-06-04T01:24:45+00:00,2024-07-01T11:33:46+00:00,albertvillanova,27.42,False
6948,huggingface/datasets,to_tf_dataset: Visible devices cannot be modified after being initialized,,open,2024-06-03T18:10:57+00:00,,,,
6947,huggingface/datasets,FileNotFoundError：error  when loading C4 dataset,,closed,2024-06-03T13:06:33+00:00,2024-06-25T06:21:28+00:00,albertvillanova,21.72,False
6942,huggingface/datasets,Import sorting is disabled by flake8 noqa directive after switching to ruff linter,maintenance,closed,2024-06-02T09:43:34+00:00,2024-06-04T09:54:24+00:00,albertvillanova,2.01,False
6941,huggingface/datasets,Supporting FFCV: Fast Forward Computer Vision,enhancement,open,2024-06-01T05:34:52+00:00,,,,
6940,huggingface/datasets,Enable Sharding to Equal Sized Shards,enhancement,open,2024-05-31T21:55:50+00:00,,,,
6939,huggingface/datasets,ExpectedMoreSplits error when using data_dir,bug,closed,2024-05-31T15:08:42+00:00,2024-05-31T17:10:39+00:00,albertvillanova,0.08,False
6937,huggingface/datasets,JSON loader implicitly coerces floats to integers,bug,open,2024-05-31T08:09:12+00:00,,,,
6936,huggingface/datasets,save_to_disk() freezes when saving on s3 bucket with multiprocessing,,open,2024-05-30T16:48:39+00:00,,,,
6935,huggingface/datasets,Support for pathlib.Path in datasets 2.19.0,,open,2024-05-30T12:53:36+00:00,,,,
6930,huggingface/datasets,"ValueError: Couldn't infer the same data file format for all splits. Got {'train': ('json', {}), 'validation': (None, {})}",,open,2024-05-29T12:40:05+00:00,,,,
6929,huggingface/datasets,Avoid downloading the whole dataset when only README.me has been touched on hub.,enhancement,open,2024-05-29T10:36:06+00:00,,,,
6924,huggingface/datasets,Caching map result of DatasetDict.,,open,2024-05-28T09:07:41+00:00,,,,
6923,huggingface/datasets,Export Parquet Tablet Audio-Set is null bytes in Arrow ,,open,2024-05-27T14:27:57+00:00,,,,
6919,huggingface/datasets,"Invalid YAML in README.md: unknown tag !<tag:yaml.org,2002:python/tuple>",,open,2024-05-24T14:59:45+00:00,,,,
6918,huggingface/datasets,NonMatchingSplitsSizesError when using data_dir,bug,closed,2024-05-24T12:43:39+00:00,2024-05-31T17:10:38+00:00,albertvillanova,7.19,False
6917,huggingface/datasets,WinError 32 The process cannot access the file during load_dataset,,open,2024-05-24T07:54:51+00:00,,,,
6916,huggingface/datasets,```push_to_hub()``` - Prevent Automatic Generation of Splits ,,closed,2024-05-22T23:52:15+00:00,2024-05-23T00:07:53+00:00,jetlime,0.01,True
6913,huggingface/datasets,Column order is nondeterministic when loading from JSON,bug,closed,2024-05-22T05:30:14+00:00,2024-05-29T13:12:24+00:00,albertvillanova,7.32,False
6912,huggingface/datasets,Add MedImg for streaming,dataset request,open,2024-05-22T00:55:30+00:00,,,,
6908,huggingface/datasets,"Fail to load ""stas/c4-en-10k"" dataset since 2.16 version",,closed,2024-05-20T02:43:59+00:00,2024-05-24T10:58:09+00:00,guch8017,4.34,True
6907,huggingface/datasets,Support the deserialization of json lines files comprised of lists,enhancement,open,2024-05-18T05:07:23+00:00,,,,
6906,huggingface/datasets,irc_disentangle - Issue with splitting data,,closed,2024-05-17T23:19:37+00:00,2024-07-08T06:18:08+00:00,albertvillanova,51.29,False
6905,huggingface/datasets,Extraction protocol for arrow files is not defined,,closed,2024-05-17T16:01:41+00:00,2025-02-06T19:50:20+00:00,radulescupetru,265.16,True
6903,huggingface/datasets,Add the option of saving in parquet instead of arrow ,enhancement,open,2024-05-16T13:35:51+00:00,,,,
6901,huggingface/datasets,HTTPError 403 raised by CLI convert_to_parquet when creating script branch on 3rd party repos,bug,closed,2024-05-16T11:40:22+00:00,2024-05-16T12:51:06+00:00,albertvillanova,0.05,False
6900,huggingface/datasets,[WebDataset] KeyError with user-defined `Features` when a field is missing in an example,,closed,2024-05-15T17:48:34+00:00,2024-06-28T09:30:13+00:00,lhoestq,43.65,False
6899,huggingface/datasets,List of dictionary features get standardized,,open,2024-05-15T14:11:35+00:00,,,,
6897,huggingface/datasets,datasets template guide :: issue in documentation YAML,,closed,2024-05-13T17:33:59+00:00,2024-05-16T14:28:17+00:00,albertvillanova,2.87,False
6896,huggingface/datasets,Regression bug: `NonMatchingSplitsSizesError` for (possibly) overwritten dataset,,open,2024-05-13T15:41:57+00:00,,,,
6894,huggingface/datasets,Better document defaults of to_json,documentation,closed,2024-05-13T13:30:54+00:00,2024-05-16T14:31:27+00:00,albertvillanova,3.04,False
6891,huggingface/datasets,Unable to load JSON saved using `to_json`,,closed,2024-05-12T01:02:51+00:00,2024-05-12T07:02:02+00:00,DarshanDeshpande,0.25,True
6890,huggingface/datasets,add `with_transform` and/or `set_transform` to IterableDataset,enhancement,open,2024-05-10T01:00:12+00:00,,,,
6887,huggingface/datasets,FAISS load to None,,open,2024-05-09T02:43:50+00:00,,,,
6886,huggingface/datasets,load_dataset with data_dir and cache_dir set fail with not supported,,open,2024-05-08T19:52:35+00:00,,,,
6884,huggingface/datasets,CI is broken after jax-0.4.27 release: AttributeError: 'jaxlib.xla_extension.DeviceList' object has no attribute 'device',bug,closed,2024-05-08T07:01:47+00:00,2024-05-08T09:35:17+00:00,albertvillanova,0.11,False
6882,huggingface/datasets,Connection Error When Using By-pass Proxies,,open,2024-05-08T06:40:14+00:00,,,,
6881,huggingface/datasets,AttributeError: module 'PIL.Image' has no attribute 'ExifTags',bug,closed,2024-05-08T06:33:57+00:00,2024-05-16T14:34:03+00:00,albertvillanova,8.33,False
6880,huggingface/datasets,Webdataset: KeyError: 'png' on some datasets when streaming,,open,2024-05-07T13:09:02+00:00,,,,
6879,huggingface/datasets,Batched mapping does not raise an error if values for an existing column are empty,,open,2024-05-07T11:02:40+00:00,,,,
6877,huggingface/datasets,OSError: [Errno 24] Too many open files,bug,closed,2024-05-07T01:15:09+00:00,2024-05-13T13:01:55+00:00,lhoestq,6.49,False
6869,huggingface/datasets,Download is broken for dict of dicts: FileNotFoundError,bug,closed,2024-05-06T05:13:36+00:00,2024-05-06T09:25:53+00:00,albertvillanova,0.18,False
6868,huggingface/datasets,datasets.BuilderConfig does not work.,,closed,2024-05-05T08:08:55+00:00,2024-05-05T12:15:01+00:00,albertvillanova,0.17,False
6867,huggingface/datasets,Improve performance of JSON loader,enhancement,closed,2024-05-04T15:04:16+00:00,2024-05-17T16:22:28+00:00,albertvillanova,13.05,False
6866,huggingface/datasets,DataFilesNotFoundError for datasets in the open-llm-leaderboard,,closed,2024-05-04T04:59:00+00:00,2024-05-14T08:09:56+00:00,jerome-white,10.13,False
6865,huggingface/datasets,Example on Semantic segmentation contains bug,,open,2024-05-03T09:40:12+00:00,,,,
6864,huggingface/datasets,Dataset 'rewardsignal/reddit_writing_prompts' doesn't exist on the Hub,,closed,2024-05-03T06:03:30+00:00,2024-05-06T06:36:41+00:00,albertvillanova,3.02,False
6863,huggingface/datasets,Revert temporary pin huggingface-hub < 0.23.0,,closed,2024-05-03T05:53:55+00:00,2024-05-27T10:14:41+00:00,lhoestq,24.18,False
6860,huggingface/datasets,"CI fails after huggingface_hub-0.23.0 release: FutureWarning: ""resume_download""",bug,closed,2024-05-02T13:24:17+00:00,2024-05-02T16:53:45+00:00,albertvillanova,0.15,False
6858,huggingface/datasets,Segmentation fault,,closed,2024-05-02T08:28:49+00:00,2024-05-03T08:42:36+00:00,scampion,1.01,True
6856,huggingface/datasets,CI fails on Windows for test_delete_from_hub and test_xgetsize_private due to new-line character,bug,closed,2024-05-02T07:37:03+00:00,2024-05-02T11:43:01+00:00,albertvillanova,0.17,False
6854,huggingface/datasets,Wrong example of usage when config name is missing for community script-datasets,bug,closed,2024-05-02T06:59:39+00:00,2024-05-03T15:51:58+00:00,albertvillanova,1.37,False
6853,huggingface/datasets,Support soft links for load_datasets imagefolder,enhancement,open,2024-04-30T22:14:29+00:00,,,,
6852,huggingface/datasets,Write token isn't working while pushing to datasets,,closed,2024-04-30T21:18:20+00:00,2024-05-02T00:55:46+00:00,realzai,1.15,True
6851,huggingface/datasets,load_dataset('emotion')    UnicodeDecodeError,,open,2024-04-30T09:25:01+00:00,,,,
6850,huggingface/datasets,Problem loading voxpopuli dataset ,,closed,2024-04-29T16:46:51+00:00,2024-05-06T09:25:54+00:00,albertvillanova,6.69,False
6848,huggingface/datasets,Cant Downlaod Common Voice 17.0 hy-AM ,,open,2024-04-29T10:06:02+00:00,,,,
6847,huggingface/datasets,[Streaming] Only load requested splits without resolving files for the other splits,,open,2024-04-29T09:49:32+00:00,,,,
6846,huggingface/datasets,Unimaginable super slow iteration,,closed,2024-04-28T05:24:14+00:00,2024-05-06T08:30:03+00:00,rangehow,8.13,False
6845,huggingface/datasets,load_dataset doesn't support list column,,open,2024-04-26T14:11:44+00:00,,,,
6843,huggingface/datasets,IterableDataset raises exception instead of retrying,,open,2024-04-26T10:00:43+00:00,,,,
6842,huggingface/datasets,Datasets with files with colon : in filenames cannot be used on Windows,,open,2024-04-26T00:14:16+00:00,,,,
6841,huggingface/datasets,Unable to load wiki_auto_asset_turk from GEM,,closed,2024-04-26T00:08:47+00:00,2024-04-26T16:12:29+00:00,mariosasko,0.67,True
6840,huggingface/datasets,Delete uploaded files from the UI,enhancement,open,2024-04-25T22:33:57+00:00,,,,
6838,huggingface/datasets,Remove token arg from CLI examples,,closed,2024-04-25T14:00:38+00:00,2024-04-26T16:57:41+00:00,albertvillanova,1.12,False
6837,huggingface/datasets,Cannot use cached dataset without Internet connection (or when servers are down),,open,2024-04-25T10:48:20+00:00,,,,
6836,huggingface/datasets,ExpectedMoreSplits error on load_dataset when upgrading to 2.19.0,,open,2024-04-24T21:52:35+00:00,,,,
6834,huggingface/datasets,largelisttype not supported (.from_polars()),,closed,2024-04-24T11:33:43+00:00,2024-08-12T14:43:46+00:00,albertvillanova,110.13,False
6833,huggingface/datasets,Super slow iteration with trivial custom transform,,open,2024-04-23T20:40:59+00:00,,,,
6830,huggingface/datasets,Add a doc page for the convert_to_parquet CLI,documentation,closed,2024-04-23T09:49:04+00:00,2024-04-25T10:44:11+00:00,albertvillanova,2.04,False
6829,huggingface/datasets,Load and save from/to disk no longer accept pathlib.Path,bug,open,2024-04-23T09:44:45+00:00,,,,
6827,huggingface/datasets,Loading a remote dataset fails in the last release (v2.19.0),,open,2024-04-19T21:11:58+00:00,,,,
6824,huggingface/datasets,Winogrande does not seem to be compatible with datasets version of 1.18.0,,closed,2024-04-18T16:11:04+00:00,2024-04-19T09:52:33+00:00,spliew,0.74,True
6823,huggingface/datasets,Loading problems of Datasets with a single shard,,open,2024-04-18T13:59:00+00:00,,,,
6819,huggingface/datasets,Give more details in `DataFilesNotFoundError` when getting the config names,enhancement,open,2024-04-17T11:19:47+00:00,,,,
6814,huggingface/datasets,`map` with `num_proc` > 1 leads to OOM,,open,2024-04-16T11:56:03+00:00,,,,
6810,huggingface/datasets,Allow deleting a subset/config from a no-script dataset,enhancement,closed,2024-04-15T07:53:26+00:00,2024-04-30T09:44:25+00:00,albertvillanova,15.08,False
6808,huggingface/datasets,Make convert_to_parquet CLI command create script branch,enhancement,closed,2024-04-15T06:46:07+00:00,2024-04-17T08:38:19+00:00,albertvillanova,2.08,False
6805,huggingface/datasets,Batched mapping of existing string column casts boolean to string,,closed,2024-04-12T04:21:41+00:00,2024-07-03T15:00:07+00:00,albertvillanova,82.44,False
6801,huggingface/datasets,got fileNotFound,,closed,2024-04-11T04:57:41+00:00,2024-04-12T16:47:43+00:00,mariosasko,1.49,False
6800,huggingface/datasets,High overhead when loading lots of subsets from the same dataset,,open,2024-04-10T21:08:57+00:00,,,,
6798,huggingface/datasets,`DatasetBuilder._split_generators` incomplete type annotation,,closed,2024-04-10T14:38:50+00:00,2024-04-11T15:34:59+00:00,mariosasko,1.04,False
6796,huggingface/datasets,CI is broken due to hf-internal-testing/dataset_with_script,bug,closed,2024-04-10T06:56:02+00:00,2024-04-12T09:02:13+00:00,albertvillanova,2.09,False
6793,huggingface/datasets,Loading just one particular split is not possible for imagenet-1k,,open,2024-04-08T14:39:14+00:00,,,,
6791,huggingface/datasets,"`add_faiss_index` raises ValueError: not enough values to unpack (expected 2, got 1)",,closed,2024-04-08T01:57:03+00:00,2024-04-11T15:38:05+00:00,mariosasko,3.57,False
6790,huggingface/datasets,PyArrow 'Memory mapping file failed: Cannot allocate memory' bug,,open,2024-04-07T19:25:39+00:00,,,,
6789,huggingface/datasets,Issue with map,,open,2024-04-07T02:52:06+00:00,,,,
6788,huggingface/datasets,A Question About the Map Function,,closed,2024-04-06T11:45:23+00:00,2024-04-11T05:29:35+00:00,yslanprime,4.74,True
6787,huggingface/datasets,TimeoutError in map,,open,2024-04-06T06:25:39+00:00,,,,
6783,huggingface/datasets,AttributeError: module 'numpy' has no attribute 'object'. in Kaggle Notebook,,closed,2024-04-05T14:31:48+00:00,2024-04-11T17:18:53+00:00,mariosasko,6.12,False
6782,huggingface/datasets,"Image cast_storage very slow for arrays (e.g. numpy, tensors)",,open,2024-04-05T13:46:54+00:00,,,,
6778,huggingface/datasets,Dataset.to_csv() missing commas in columns with lists,,open,2024-04-04T16:46:13+00:00,,,,
6777,huggingface/datasets,.Jsonl metadata not detected,,open,2024-04-04T06:31:53+00:00,,,,
6775,huggingface/datasets,IndexError: Invalid key: 0 is out of bounds for size 0,,open,2024-04-03T17:06:30+00:00,,,,
6774,huggingface/datasets, Generating split is very slow when Image format is PNG,,open,2024-04-03T07:47:31+00:00,,,,
6773,huggingface/datasets,Dataset on Hub re-downloads every time?,,closed,2024-04-02T17:23:22+00:00,2024-04-08T18:43:45+00:00,manestay,6.06,True
6771,huggingface/datasets,Datasets FileNotFoundError when trying to generate examples.,,closed,2024-04-02T10:24:57+00:00,2024-04-04T14:22:03+00:00,RitchieP,2.16,True
6770,huggingface/datasets,[Bug Report] `datasets==2.18.0` is not compatible with `fsspec==2023.12.2`,,closed,2024-04-01T20:17:48+00:00,2024-04-11T17:31:44+00:00,mariosasko,9.88,False
6769,huggingface/datasets,(Willing to PR) Datasets with custom python objects,enhancement,open,2024-04-01T13:18:47+00:00,,,,
6765,huggingface/datasets,"Compatibility issue between s3fs, fsspec, and datasets",,closed,2024-03-29T19:57:24+00:00,2024-04-03T14:33:12+00:00,njbrake,4.77,True
6764,huggingface/datasets,load_dataset can't work with symbolic links,enhancement,open,2024-03-29T17:49:28+00:00,,,,
6760,huggingface/datasets,Load codeparrot/apps raising UnicodeDecodeError in datasets-2.18.0,,open,2024-03-28T03:44:26+00:00,,,,
6759,huggingface/datasets,Persistent multi-process Pool,enhancement,open,2024-03-26T17:35:25+00:00,,,,
6758,huggingface/datasets,Passing `sample_by` to `load_dataset` when loading text data does not work,,closed,2024-03-26T14:55:33+00:00,2024-04-09T11:27:59+00:00,lhoestq,13.86,False
6756,huggingface/datasets,Support SQLite files?,enhancement,closed,2024-03-25T11:48:05+00:00,2024-03-26T16:09:32+00:00,severo,1.18,True
6755,huggingface/datasets,Small typo on the documentation,good first issue,closed,2024-03-24T21:47:52+00:00,2024-04-02T14:01:19+00:00,mariosasko,8.68,False
6753,huggingface/datasets,Type error when importing datasets on Kaggle,,closed,2024-03-24T03:01:30+00:00,2024-03-30T00:23:49+00:00,jtv199,5.89,True
6752,huggingface/datasets,Precision being changed from float16 to float32 unexpectedly,,open,2024-03-23T20:53:56+00:00,,,,
6750,huggingface/datasets,`load_dataset` requires a network connection for local download?,,closed,2024-03-23T01:06:32+00:00,2024-04-15T15:38:52+00:00,lhoestq,23.61,False
6748,huggingface/datasets,Strange slicing behavior,,open,2024-03-22T01:49:13+00:00,,,,
6746,huggingface/datasets,ExpectedMoreSplits error when loading C4 dataset,,closed,2024-03-21T02:53:04+00:00,2024-07-29T07:21:08+00:00,albertvillanova,130.19,False
6745,huggingface/datasets,Scraping the whole of github including private repos is bad; kindly stop,enhancement,closed,2024-03-20T20:54:06+00:00,2024-03-21T10:24:56+00:00,lhoestq,0.56,False
6744,huggingface/datasets,Option to disable file locking,enhancement,open,2024-03-20T15:59:45+00:00,,,,
6740,huggingface/datasets,Support for loading geotiff files as a part of the ImageFolder,enhancement,closed,2024-03-18T20:00:39+00:00,2024-03-27T18:19:20+00:00,sunny1401,8.93,True
6738,huggingface/datasets,Dict feature is non-nullable while nested dict feature is,bug,closed,2024-03-18T14:31:47+00:00,2024-03-19T20:05:20+00:00,mariosasko,1.23,False
6737,huggingface/datasets,Invalid pattern: '**' can only be an entire path component,,closed,2024-03-16T19:28:46+00:00,2024-05-13T11:32:57+00:00,albertvillanova,57.67,False
6736,huggingface/datasets,Mosaic Streaming (MDS) Support,enhancement,open,2024-03-16T18:42:04+00:00,,,,
6734,huggingface/datasets,Tokenization slows towards end of dataset,,open,2024-03-15T03:27:36+00:00,,,,
6733,huggingface/datasets,EmptyDatasetError when loading dataset downloaded with HuggingFace cli,,open,2024-03-14T16:41:27+00:00,,,,
6731,huggingface/datasets,Unexpected behavior when using load_dataset with streaming=True in a for loop,,closed,2024-03-12T23:26:43+00:00,2024-04-16T00:00:00+00:00,uApiv,34.02,True
6729,huggingface/datasets,Support zipfiles that span multiple disks?,enhancement;question,closed,2024-03-11T21:07:41+00:00,2024-06-26T05:05:28+00:00,albertvillanova,106.33,False
6728,huggingface/datasets,Issue Downloading Certain Datasets After Setting Custom `HF_ENDPOINT`,,closed,2024-03-11T09:06:38+00:00,2024-03-15T14:52:07+00:00,Wauplin,4.24,True
6726,huggingface/datasets,Profiling for HF Filesystem shows there are easy performance gains to be made,,open,2024-03-09T07:08:45+00:00,,,,
6725,huggingface/datasets,Request for a comparison of huggingface datasets compared with other data format especially webdataset,enhancement,open,2024-03-08T08:23:01+00:00,,,,
6724,huggingface/datasets,Dataset with loading script does not work in renamed repos,,open,2024-03-07T17:38:38+00:00,,,,
6721,huggingface/datasets,"Hi,do you know how to load the dataset from local file now?",,open,2024-03-07T13:58:40+00:00,,,,
6720,huggingface/datasets,TypeError: 'str' object is not callable,,closed,2024-03-07T11:07:09+00:00,2024-03-07T15:13:58+00:00,BramVanroy,0.17,True
6719,huggingface/datasets,Is there any way to solve hanging of IterableDataset using split by node + filtering during inference,,open,2024-03-05T15:55:13+00:00,,,,
6717,huggingface/datasets,`remove_columns` method used with a streaming enable dataset mode produces a LibsndfileError on multichannel audio,,open,2024-03-05T09:33:26+00:00,,,,
6716,huggingface/datasets,Non-deterministic `Dataset.builder_name` value,,closed,2024-03-05T09:23:21+00:00,2024-03-19T07:58:14+00:00,harupy,13.94,False
6703,huggingface/datasets,Unable to load dataset that was saved with `save_to_disk`,,closed,2024-03-01T11:59:56+00:00,2024-03-04T13:46:20+00:00,casper-hansen,3.07,True
6702,huggingface/datasets,Push samples to dataset on hub without having the dataset locally,enhancement,closed,2024-02-29T19:17:12+00:00,2024-03-08T21:08:38+00:00,jbdel,8.08,True
6700,huggingface/datasets,remove_columns is not in-place but the doc shows it is in-place,,closed,2024-02-28T12:36:22+00:00,2024-04-02T17:15:28+00:00,ArthurZucker,34.19,True
6699,huggingface/datasets,`Dataset` unexpected changed dict data and may cause error,,open,2024-02-28T05:30:10+00:00,,,,
6697,huggingface/datasets,Unable to Load Dataset in Kaggle,,closed,2024-02-27T18:19:34+00:00,2024-02-29T17:32:41+00:00,vrunm,1.97,True
6695,huggingface/datasets,Support JSON file with an array of strings,enhancement,closed,2024-02-26T12:35:11+00:00,2024-02-28T06:39:13+00:00,albertvillanova,1.75,False
6691,huggingface/datasets,load_dataset() does not support tsv,enhancement,closed,2024-02-24T05:56:04+00:00,2024-02-26T07:09:35+00:00,albertvillanova,2.05,False
6690,huggingface/datasets,Add function to convert a script-dataset to Parquet,enhancement,closed,2024-02-23T10:28:20+00:00,2024-04-12T15:27:05+00:00,albertvillanova,49.21,False
6689,huggingface/datasets,.load_dataset() method defaults to zstandard,,closed,2024-02-22T17:39:27+00:00,2024-03-07T14:54:15+00:00,ElleLeonne,13.89,True
6688,huggingface/datasets,Tensor type (e.g. from `return_tensors`) ignored in map,,open,2024-02-22T09:27:57+00:00,,,,
6686,huggingface/datasets,Question: Is there any way for uploading a large image dataset?,,open,2024-02-21T22:07:21+00:00,,,,
6679,huggingface/datasets,Node.js 16 GitHub Actions are deprecated,maintenance,closed,2024-02-19T09:47:37+00:00,2024-02-28T06:56:35+00:00,albertvillanova,8.88,False
6676,huggingface/datasets,Can't Read List of JSON Files Properly,,open,2024-02-17T22:58:15+00:00,,,,
6675,huggingface/datasets,Allow image model (color conversion) to be specified as part of datasets Image() decode,enhancement,closed,2024-02-16T23:43:20+00:00,2024-03-18T15:41:34+00:00,mariosasko,30.67,False
6674,huggingface/datasets, Depprcated Overview.ipynb Link to new Quickstart Notebook invalid,,closed,2024-02-16T22:51:35+00:00,2024-02-25T18:48:09+00:00,mariosasko,8.83,False
6673,huggingface/datasets,IterableDataset `set_epoch` is ignored when DataLoader `persistent_workers=True`,bug;streaming,closed,2024-02-16T21:38:12+00:00,2024-07-01T17:45:31+00:00,lhoestq,135.84,False
6671,huggingface/datasets,CSV builder raises deprecation warning on verbose parameter,,closed,2024-02-16T14:23:46+00:00,2024-02-19T09:20:23+00:00,albertvillanova,2.79,False
6670,huggingface/datasets,ValueError,,closed,2024-02-16T11:05:17+00:00,2024-02-16T14:43:53+00:00,albertvillanova,0.15,False
6669,huggingface/datasets,attribute error when writing trainer.train(),,closed,2024-02-16T10:40:49+00:00,2024-02-29T17:25:17+00:00,mariosasko,13.28,False
6668,huggingface/datasets,Chapter 6 - Issue Loading `cnn_dailymail` dataset,,open,2024-02-16T04:40:56+00:00,,,,
6667,huggingface/datasets,Default config for squad is incorrect,,open,2024-02-16T02:36:55+00:00,,,,
6663,huggingface/datasets,`write_examples_on_file` and `write_batch` are broken in `ArrowWriter`,,closed,2024-02-15T01:43:27+00:00,2024-02-16T09:25:00+00:00,albertvillanova,1.32,False
6661,huggingface/datasets,Import error on Google Colab,,closed,2024-02-13T13:12:40+00:00,2024-02-14T08:04:47+00:00,albertvillanova,0.79,False
6657,huggingface/datasets,Release not pushed to conda channel,,closed,2024-02-11T20:05:17+00:00,2024-03-06T15:06:22+00:00,lhoestq,23.79,False
6656,huggingface/datasets,Error when loading a big local json file,,open,2024-02-09T15:14:21+00:00,,,,
6655,huggingface/datasets,Cannot load the dataset go_emotions,,open,2024-02-09T12:15:39+00:00,,,,
6654,huggingface/datasets,Batched dataset map throws exception that cannot cast fixed length array to Sequence,,closed,2024-02-09T11:23:19+00:00,2024-02-12T08:26:53+00:00,keesjandevries,2.88,True
6651,huggingface/datasets,Slice splits support for datasets.load_from_disk,enhancement,open,2024-02-09T08:00:21+00:00,,,,
6650,huggingface/datasets,AttributeError: 'InMemoryTable' object has no attribute '_batches',,open,2024-02-08T17:11:26+00:00,,,,
6645,huggingface/datasets,Support fsspec 2024.2,enhancement,closed,2024-02-07T12:45:29+00:00,2024-02-29T15:12:19+00:00,lhoestq,22.1,False
6644,huggingface/datasets,Support fsspec 2023.12,enhancement,closed,2024-02-07T12:44:39+00:00,2024-02-29T15:12:18+00:00,lhoestq,22.1,False
6643,huggingface/datasets,Faiss GPU index cannot be serialised when passed to trainer ,,open,2024-02-06T16:41:00+00:00,,,,
6642,huggingface/datasets,Differently dataset object saved than it is loaded.,,closed,2024-02-05T17:28:57+00:00,2024-02-06T09:50:19+00:00,albertvillanova,0.68,False
6641,huggingface/datasets,unicodedecodeerror: 'utf-8' codec can't decode byte 0xac in position 25: invalid start byte,,closed,2024-02-04T08:49:31+00:00,2024-02-06T09:11:45+00:00,albertvillanova,2.02,False
6640,huggingface/datasets,Sign Language Support,enhancement,open,2024-02-02T21:54:51+00:00,,,,
6638,huggingface/datasets,Cannot download wmt16 dataset,,closed,2024-02-01T19:41:42+00:00,2024-02-01T20:07:29+00:00,vidyasiv,0.02,True
6637,huggingface/datasets,'with_format' is extremely slow when used together with 'interleave_datasets' or 'shuffle' on IterableDatasets,,closed,2024-02-01T17:16:54+00:00,2025-09-18T16:37:11+00:00,lhoestq,594.97,False
6624,huggingface/datasets,How to download the laion-coco dataset,,closed,2024-01-28T03:56:05+00:00,2024-02-06T09:43:31+00:00,albertvillanova,9.24,False
6623,huggingface/datasets,streaming datasets doesn't work properly with multi-node,enhancement,open,2024-01-27T23:46:13+00:00,,,,
6622,huggingface/datasets,multi-GPU map does not work,,closed,2024-01-27T20:06:08+00:00,2024-02-08T11:18:21+00:00,lhoestq,11.63,False
6621,huggingface/datasets,deleted,,closed,2024-01-27T16:59:58+00:00,2024-01-27T17:14:43+00:00,kopyl,0.01,True
6620,huggingface/datasets,wiki_dpr.py error (ID mismatch between lines {id} and vector {vec_id},,closed,2024-01-27T01:00:09+00:00,2024-02-06T09:40:19+00:00,albertvillanova,10.36,False
6618,huggingface/datasets,While importing load_dataset from datasets ,,closed,2024-01-26T09:21:57+00:00,2024-02-06T09:25:54+00:00,albertvillanova,11.0,False
6615,huggingface/datasets,...,,closed,2024-01-24T19:37:03+00:00,2024-01-24T19:40:11+00:00,ftkeys,0.0,True
6614,huggingface/datasets,`datasets/downloads` cleanup tool,enhancement,open,2024-01-24T18:52:10+00:00,,,,
6612,huggingface/datasets,cnn_dailymail repeats itself,,closed,2024-01-24T11:38:25+00:00,2024-02-01T08:14:50+00:00,albertvillanova,7.86,False
6611,huggingface/datasets,`load_from_disk` with large dataset from S3 runs into `botocore.exceptions.ClientError`,,open,2024-01-23T12:37:57+00:00,,,,
6610,huggingface/datasets,cast_column to Sequence(subfeatures_dict) has err,,closed,2024-01-23T09:32:32+00:00,2024-01-25T02:15:23+00:00,neiblegy,1.7,True
6609,huggingface/datasets,Wrong path for cache directory in offline mode,,closed,2024-01-23T01:47:19+00:00,2024-02-06T17:21:25+00:00,lhoestq,14.65,False
6605,huggingface/datasets,"ELI5 no longer available, but referenced in example code",,closed,2024-01-19T10:21:52+00:00,2024-02-01T17:58:22+00:00,mariosasko,13.32,False
6604,huggingface/datasets,Transform fingerprint collisions due to setting fixed random seed,,closed,2024-01-19T06:32:25+00:00,2024-01-26T15:05:35+00:00,mariosasko,7.36,False
6603,huggingface/datasets,datasets map `cache_file_name` does not work,,open,2024-01-18T23:08:30+00:00,,,,
6602,huggingface/datasets,Index error when data is large,,open,2024-01-18T23:00:47+00:00,,,,
6600,huggingface/datasets,Loading CSV exported dataset has unexpected format,,open,2024-01-18T14:48:27+00:00,,,,
6599,huggingface/datasets,Easy way to segment into 30s snippets given an m4a file and a vtt file ,enhancement,closed,2024-01-17T17:51:40+00:00,2024-01-22T15:35:49+00:00,mariosasko,4.91,False
6598,huggingface/datasets,Unexpected keyword argument 'hf' when downloading CSV dataset from S3,,closed,2024-01-16T15:16:01+00:00,2024-07-23T14:30:10+00:00,albertvillanova,188.97,False
6597,huggingface/datasets,Dataset.push_to_hub of a canonical dataset creates an additional dataset under the user namespace,bug,closed,2024-01-16T11:27:07+00:00,2024-02-05T12:29:37+00:00,albertvillanova,20.04,False
6595,huggingface/datasets,Loading big dataset raises pyarrow.lib.ArrowNotImplementedError 2,,closed,2024-01-16T02:03:09+00:00,2024-01-26T02:28:32+00:00,kopyl,10.02,False
6594,huggingface/datasets,IterableDataset sharding logic needs improvement,,open,2024-01-15T22:22:36+00:00,,,,
6592,huggingface/datasets,Logs are delayed when doing .map when `docker logs`,,closed,2024-01-15T17:05:21+00:00,2024-02-12T17:35:21+00:00,mariosasko,28.02,False
6591,huggingface/datasets,The datasets models housed in Dropbox can't support a lot of users downloading them,,closed,2024-01-15T16:43:38+00:00,2024-01-22T23:18:09+00:00,mariosasko,7.27,False
6590,huggingface/datasets,Feature request: Multi-GPU dataset mapping for SDXL training,enhancement,open,2024-01-15T13:06:06+00:00,,,,
6589,huggingface/datasets,"After `2.16.0` version, there are `PermissionError` when users use shared cache_dir",,closed,2024-01-15T06:46:27+00:00,2024-01-30T15:28:38+00:00,lhoestq,15.36,False
6588,huggingface/datasets,fix os.listdir return name is empty string,,closed,2024-01-15T05:34:36+00:00,2024-01-24T10:08:29+00:00,lhoestq,9.19,False
6585,huggingface/datasets,losing DatasetInfo in Dataset.map when num_proc > 1,,open,2024-01-12T13:39:19+00:00,,,,
6584,huggingface/datasets,np.fromfile not supported,,open,2024-01-12T09:46:17+00:00,,,,
6580,huggingface/datasets,"dataset cache only stores one config of the dataset in parquet dir, and uses that for all other configs resulting in showing same data in all configs.",,closed,2024-01-11T03:14:18+00:00,2024-01-20T12:46:16+00:00,kartikgupta321,9.4,True
6579,huggingface/datasets,Unable to load `eli5` dataset with streaming,,closed,2024-01-10T23:44:20+00:00,2024-01-11T09:19:17+00:00,albertvillanova,0.4,False
6577,huggingface/datasets,502 Server Errors when streaming large dataset,streaming,closed,2024-01-10T16:59:36+00:00,2024-01-15T16:05:44+00:00,Wauplin,4.96,False
6576,huggingface/datasets,document page 404 not found after redirection,,closed,2024-01-10T06:48:14+00:00,2024-01-17T14:01:31+00:00,mariosasko,7.3,False
6571,huggingface/datasets,Make DatasetDict.column_names return a list instead of dict,enhancement,open,2024-01-09T10:45:17+00:00,,,,
6570,huggingface/datasets,No online docs for 2.16 release,bug;documentation,closed,2024-01-09T07:43:30+00:00,2024-01-09T16:45:50+00:00,albertvillanova,0.38,False
6569,huggingface/datasets,WebDataset ignores features defined in YAML or passed to load_dataset,,closed,2024-01-08T11:24:21+00:00,2024-01-11T16:11:05+00:00,lhoestq,3.2,False
6568,huggingface/datasets,keep_in_memory=True does not seem to work,,open,2024-01-08T08:03:58+00:00,,,,
6567,huggingface/datasets,AttributeError: 'str' object has no attribute 'to',,closed,2024-01-08T06:40:21+00:00,2024-01-08T10:03:17+00:00,albertvillanova,0.14,False
6566,huggingface/datasets,"I train controlnet_sdxl in bf16 datatype, got unsupported ERROR in datasets",bug,closed,2024-01-08T02:37:03+00:00,2024-05-17T09:40:14+00:00,lhoestq,130.29,False
6565,huggingface/datasets, `drop_last_batch=True` for IterableDataset map function is ignored with multiprocessing DataLoader ,,closed,2024-01-07T02:46:50+00:00,2024-01-11T16:10:31+00:00,lhoestq,4.56,False
6564,huggingface/datasets,`Dataset.filter` missing `with_rank` parameter,,closed,2024-01-06T23:48:13+00:00,2024-01-29T16:36:54+00:00,mariosasko,22.7,False
6563,huggingface/datasets,`ImportError`: cannot import name 'insecure_hashlib' from 'huggingface_hub.utils' (.../huggingface_hub/utils/__init__.py),,closed,2024-01-06T02:28:54+00:00,2024-01-06T16:13:27+00:00,wasertech,0.57,True
6562,huggingface/datasets,datasets.DownloadMode.FORCE_REDOWNLOAD use cache to download dataset features with load_dataset function,,open,2024-01-05T19:10:25+00:00,,,,
6561,huggingface/datasets,"Document YAML configuration with ""data_dir""",documentation,closed,2024-01-05T14:03:33+00:00,2026-04-09T10:40:24+00:00,lhoestq,824.86,False
6560,huggingface/datasets,Support Video ,duplicate;enhancement,closed,2024-01-04T13:10:58+00:00,2024-08-23T09:51:27+00:00,severo,231.86,False
6559,huggingface/datasets,"Latest version 2.16.1, when load dataset error occurs. ValueError: BuilderConfig 'allenai--c4' not found. Available: ['default']",,closed,2024-01-04T07:04:48+00:00,2024-01-05T01:26:25+00:00,zhulinJulia24,0.77,True
6558,huggingface/datasets,OSError: image file is truncated (1 bytes not processed) #28323,,closed,2024-01-04T02:15:13+00:00,2024-02-21T00:38:12+00:00,mariosasko,47.93,False
6554,huggingface/datasets,Parquet exports are used even if revision is passed,bug,closed,2024-01-03T11:32:26+00:00,2024-02-02T10:35:29+00:00,albertvillanova,29.96,False
6553,huggingface/datasets,Cannot import name 'load_dataset' from .... module ‘datasets’,,closed,2024-01-03T08:18:21+00:00,2024-02-21T00:38:24+00:00,mariosasko,48.68,False
6552,huggingface/datasets,"Loading a dataset from Google Colab hangs at ""Resolving data files"".",,closed,2024-01-03T02:18:17+00:00,2024-01-08T10:09:04+00:00,albertvillanova,5.33,False
6549,huggingface/datasets,Loading from hf hub with clearer error message,enhancement,open,2024-01-02T13:26:34+00:00,,,,
6548,huggingface/datasets,Skip if a dataset has issues,,open,2023-12-31T12:41:26+00:00,,,,
6545,huggingface/datasets,`image` column not automatically inferred if image dataset only contains 1 image,,closed,2023-12-30T16:17:29+00:00,2024-01-09T13:06:31+00:00,lhoestq,9.87,False
6542,huggingface/datasets,Datasets : wikipedia 20220301.en error ,,closed,2023-12-29T08:34:51+00:00,2024-01-02T13:20:30+00:00,lhoestq,4.2,False
6541,huggingface/datasets,Dataset not loading successfully.,,closed,2023-12-29T01:35:47+00:00,2024-01-17T00:40:45+00:00,hisushanta,18.96,True
6540,huggingface/datasets,Extreme inefficiency for `save_to_disk` when merging datasets,,open,2023-12-29T00:44:35+00:00,,,,
6539,huggingface/datasets,'Repo card metadata block was not found' when loading a pragmeval dataset,,open,2023-12-28T14:18:25+00:00,,,,
6538,huggingface/datasets,ImportError: cannot import name 'SchemaInferenceError' from 'datasets.arrow_writer' (/opt/conda/lib/python3.10/site-packages/datasets/arrow_writer.py),,closed,2023-12-27T13:31:16+00:00,2024-01-03T10:04:58+00:00,Sonali-Behera-TRT,6.86,True
6537,huggingface/datasets,Adding support for netCDF (*.nc) files,enhancement,open,2023-12-27T09:27:29+00:00,,,,
6536,huggingface/datasets,datasets.load_dataset raises FileNotFoundError for datasets==2.16.0,,closed,2023-12-27T03:15:48+00:00,2023-12-30T15:54:00+00:00,lhoestq,3.53,False
6535,huggingface/datasets,IndexError: Invalid key: 47682 is out of bounds for size 0 while using PEFT,,open,2023-12-26T10:14:33+00:00,,,,
6534,huggingface/datasets,How to configure multiple folders in the same zip package,,open,2023-12-26T03:56:20+00:00,,,,
6533,huggingface/datasets,ted_talks_iwslt | Error: Config name is missing,,closed,2023-12-26T00:38:18+00:00,2023-12-30T16:09:50+00:00,lhoestq,4.65,False
6532,huggingface/datasets,[Feature request] Indexing datasets by a customly-defined id field to enable random access dataset items via the id,enhancement,open,2023-12-25T11:37:10+00:00,,,,
6530,huggingface/datasets,Impossible to save a mapped dataset to disk,,open,2023-12-23T15:18:27+00:00,,,,
6529,huggingface/datasets,Impossible to only download a test split,,open,2023-12-22T16:56:32+00:00,,,,
6524,huggingface/datasets,Streaming the Pile: Missing Files,,closed,2023-12-21T21:25:09+00:00,2023-12-22T09:17:05+00:00,albertvillanova,0.49,False
6522,huggingface/datasets,Loading HF Hub Dataset (private org repo) fails to load all features,,open,2023-12-21T12:26:35+00:00,,,,
6521,huggingface/datasets,The order of the splits is not preserved,bug,closed,2023-12-21T11:17:27+00:00,2023-12-22T11:36:15+00:00,albertvillanova,1.01,False
6517,huggingface/datasets,Bug get_metadata_patterns arg error,,closed,2023-12-20T08:56:44+00:00,2023-12-22T00:24:23+00:00,d710055071,1.64,True
6515,huggingface/datasets,Why call http_head() when fsspec_head()  succeeds,,closed,2023-12-20T02:25:51+00:00,2023-12-26T05:35:46+00:00,d710055071,6.13,False
6513,huggingface/datasets,Support huggingface-hub 0.20.0,,closed,2023-12-19T15:15:46+00:00,2023-12-20T08:44:45+00:00,albertvillanova,0.73,False
6507,huggingface/datasets,where is glue_metric.py> @Frankie123421 what was the resolution to this?,,closed,2023-12-17T09:58:25+00:00,2023-12-18T11:42:49+00:00,albertvillanova,1.07,False
6506,huggingface/datasets,Incorrect test set labels for RTE and CoLA datasets via load_dataset,,closed,2023-12-16T22:06:08+00:00,2023-12-21T09:57:57+00:00,albertvillanova,4.49,False
6505,huggingface/datasets,Got stuck when I trying to load a dataset,,open,2023-12-16T11:51:07+00:00,,,,
6504,huggingface/datasets,Error Pushing to Hub,,closed,2023-12-16T01:05:22+00:00,2023-12-16T06:20:53+00:00,Jiayi-Pan,0.22,True
6501,huggingface/datasets, OverflowError: value too large to convert to int32_t ,,open,2023-12-15T10:10:21+00:00,,,,
6497,huggingface/datasets,Support setting a default config name in push_to_hub,enhancement,closed,2023-12-14T15:59:03+00:00,2023-12-18T11:50:04+00:00,albertvillanova,3.83,False
6496,huggingface/datasets,Error when writing a dataset to HF Hub: A commit has happened since. Please refresh and try again.,,open,2023-12-14T11:24:54+00:00,,,,
6494,huggingface/datasets,Image Data loaded Twice,,open,2023-12-13T13:11:42+00:00,,,,
6495,huggingface/datasets,Newline characters don't behave as expected when calling dataset.info,,open,2023-12-12T23:07:51+00:00,,,,
6490,huggingface/datasets,"`load_dataset(...,save_infos=True)` not working without loading script",,open,2023-12-12T08:09:18+00:00,,,,
6489,huggingface/datasets,load_dataset imageflder for aws s3 path ,enhancement,open,2023-12-12T00:08:43+00:00,,,,
6488,huggingface/datasets,429 Client Error,,open,2023-12-11T15:06:01+00:00,,,,
6485,huggingface/datasets,FileNotFoundError: [Errno 2] No such file or directory: 'nul',,closed,2023-12-11T08:52:13+00:00,2023-12-14T08:09:08+00:00,amanyara,2.97,True
6483,huggingface/datasets,Iterable Dataset: rename column clashes with remove column,streaming,closed,2023-12-08T16:11:30+00:00,2023-12-08T16:27:04+00:00,sanchit-gandhi,0.01,True
6484,huggingface/datasets,[Feature Request] Dataset versioning,,open,2023-12-08T16:01:35+00:00,,,,
6481,huggingface/datasets,"using torchrun, save_to_disk suddenly shows SIGTERM",,open,2023-12-08T13:22:03+00:00,,,,
6478,huggingface/datasets,How to load data from lakefs,,closed,2023-12-06T09:04:11+00:00,2024-07-03T19:13:56+00:00,andimarafioti,210.42,True
6476,huggingface/datasets,CI on windows is broken: PermissionError,bug,closed,2023-12-06T08:32:53+00:00,2023-12-06T09:17:53+00:00,albertvillanova,0.03,False
6475,huggingface/datasets,laion2B-en failed to load on Windows with PrefetchVirtualMemory failed,,open,2023-12-06T00:07:34+00:00,,,,
6472,huggingface/datasets,CI quality is broken,bug;maintenance,closed,2023-12-05T15:35:34+00:00,2023-12-05T18:08:43+00:00,albertvillanova,0.11,False
6470,huggingface/datasets,"If an image in a dataset is corrupted, we get unescapable error",,open,2023-12-04T20:58:49+00:00,,,,
6467,huggingface/datasets,New version release request,enhancement,closed,2023-12-04T07:08:26+00:00,2023-12-04T15:42:22+00:00,LZHgrla,0.36,True
6466,huggingface/datasets,Can't align optional features of struct,,closed,2023-12-03T15:57:07+00:00,2024-02-08T14:38:34+00:00,lhoestq,66.95,False
6465,huggingface/datasets,`load_dataset` uses out-of-date cache instead of re-downloading a changed dataset,,open,2023-12-02T21:35:17+00:00,,,,
6460,huggingface/datasets,jsonlines files don't load with `load_dataset`,,closed,2023-11-29T21:20:11+00:00,2023-12-05T13:30:53+00:00,albertvillanova,5.67,False
6457,huggingface/datasets,`TypeError`: huggingface_hub.hf_file_system.HfFileSystem.find() got multiple values for keyword argument 'maxdepth',,closed,2023-11-29T01:57:36+00:00,2023-11-29T02:02:38+00:00,wasertech,0.0,False
6451,huggingface/datasets,"Unable to read ""marsyas/gtzan"" data",,closed,2023-11-25T15:13:17+00:00,2023-11-27T09:36:25+00:00,albertvillanova,1.77,False
6450,huggingface/datasets,Support multiple image/audio columns in ImageFolder/AudioFolder,duplicate;enhancement,closed,2023-11-24T10:34:09+00:00,2023-11-24T17:24:38+00:00,mariosasko,0.29,False
6447,huggingface/datasets,Support one dataset loader per config when using YAML,enhancement,open,2023-11-23T13:03:07+00:00,,,,
6446,huggingface/datasets,Speech Commands v2 dataset doesn't match AST-v2 config,,closed,2023-11-22T20:46:36+00:00,2023-11-28T14:46:08+00:00,mariosasko,5.75,False
6443,huggingface/datasets,Trouble loading files defined in YAML explicitly,bug,open,2023-11-22T15:18:10+00:00,,,,
6442,huggingface/datasets,Trouble loading image folder with additional features -  metadata file ignored,,closed,2023-11-22T11:01:35+00:00,2023-11-24T17:13:03+00:00,mariosasko,2.26,False
6441,huggingface/datasets,Trouble Loading a Gated Dataset For User with Granted Permission,,closed,2023-11-21T19:24:36+00:00,2023-12-13T08:27:16+00:00,severo,21.54,False
6440,huggingface/datasets,`.map` not hashing under python 3.9,,closed,2023-11-21T15:14:54+00:00,2023-11-28T16:29:33+00:00,mariosasko,7.05,False
6439,huggingface/datasets,Download + preparation speed of datasets.load_dataset is 20x slower than huggingface hub snapshot and manual loding,,open,2023-11-20T20:07:23+00:00,,,,
6438,huggingface/datasets,Support GeoParquet,enhancement,open,2023-11-20T11:54:58+00:00,,,,
6437,huggingface/datasets,Problem in training iterable dataset,,open,2023-11-20T03:04:02+00:00,,,,
6436,huggingface/datasets,TypeError: <lambda>() takes 0 positional arguments but 1 was given,,closed,2023-11-19T13:10:20+00:00,2023-11-29T16:28:34+00:00,mariosasko,10.14,False
6435,huggingface/datasets,"Cannot re-initialize CUDA in forked subprocess. To use CUDA with multiprocessing, you must use the 'spawn' start method",,closed,2023-11-19T04:21:16+00:00,2023-12-04T16:57:43+00:00,mariosasko,15.53,False
6432,huggingface/datasets,load_dataset does not load all of the data in my input file,,open,2023-11-17T14:28:50+00:00,,,,
6422,huggingface/datasets,Allow to choose the `writer_batch_size` when using `save_to_disk`,enhancement,open,2023-11-15T11:18:34+00:00,,,,
6417,huggingface/datasets, Bug: LayoutLMv3 finetuning on FUNSD Notebook; Arrow Error,,closed,2023-11-14T16:53:20+00:00,2023-11-16T20:23:41+00:00,Davo00,2.15,True
6412,huggingface/datasets,User token is printed out!,,closed,2023-11-14T10:01:34+00:00,2023-11-14T22:19:46+00:00,mariosasko,0.51,False
6410,huggingface/datasets,Datasets does not load HuggingFace Repository properly,,open,2023-11-14T06:50:49+00:00,,,,
6409,huggingface/datasets,"using DownloadManager to download from local filesystem and disable_progress_bar, there will be an exception ",,closed,2023-11-14T04:21:01+00:00,2023-11-22T16:42:09+00:00,mariosasko,8.51,False
6408,huggingface/datasets,`IterableDataset` lost but not keep columns when map function adding columns with names in `remove_columns`,,open,2023-11-14T03:12:08+00:00,,,,
6407,huggingface/datasets,"Loading the dataset from private S3 bucket gives ""TypeError: cannot pickle '_contextvars.Context' object""",,open,2023-11-13T21:27:43+00:00,,,,
6406,huggingface/datasets,CI Build PR Documentation is broken: ImportError: cannot import name 'TypeAliasType' from 'typing_extensions',,closed,2023-11-13T11:36:10+00:00,2023-11-14T10:05:36+00:00,albertvillanova,0.94,False
6405,huggingface/datasets,ConfigNamesError on a simple CSV file,bug,closed,2023-11-13T10:28:29+00:00,2023-11-13T20:01:24+00:00,severo,0.4,False
6403,huggingface/datasets,Cannot import datasets on google colab (python 3.10.12),,closed,2023-11-13T08:14:43+00:00,2023-11-16T05:04:21+00:00,nabilaannisa,2.87,True
6401,huggingface/datasets,"dataset = load_dataset(""Hyperspace-Technologies/scp-wiki-text"") not working",,closed,2023-11-11T04:09:07+00:00,2023-11-20T17:45:20+00:00,userbox020,9.57,True
6400,huggingface/datasets,Safely load datasets by disabling execution of dataset loading script,enhancement,closed,2023-11-10T23:48:29+00:00,2024-06-13T15:56:13+00:00,lhoestq,215.67,False
6399,huggingface/datasets,TypeError: Cannot convert pyarrow.lib.ChunkedArray to pyarrow.lib.Array,,open,2023-11-10T20:48:46+00:00,,,,
6397,huggingface/datasets,Raise a different exception for inexisting dataset vs files without known extension,,closed,2023-11-10T13:22:14+00:00,2023-11-22T15:12:34+00:00,albertvillanova,12.08,False
6396,huggingface/datasets,Issue with pyarrow 14.0.1,,closed,2023-11-10T10:02:12+00:00,2023-11-14T10:23:30+00:00,albertvillanova,4.01,False
6395,huggingface/datasets,Add ability to set lock type,enhancement,closed,2023-11-09T22:12:30+00:00,2023-11-23T18:50:00+00:00,mariosasko,13.86,False
6394,huggingface/datasets,"TorchFormatter images (H, W, C) instead of (C, H, W) format",,closed,2023-11-09T16:02:15+00:00,2024-04-11T12:40:16+00:00,Modexus,153.86,True
6393,huggingface/datasets,Filter occasionally hangs,,closed,2023-11-09T06:18:30+00:00,2025-02-22T00:49:19+00:00,dakinggg,470.77,True
6392,huggingface/datasets,`push_to_hub` is not robust to hub closing connection,,closed,2023-11-08T20:44:53+00:00,2023-12-01T17:51:34+00:00,mariosasko,22.88,False
6389,huggingface/datasets,Index 339 out of range for dataset of size 339 <-- save_to_file(),,open,2023-11-08T12:52:09+00:00,,,,
6388,huggingface/datasets,How to create 3d medical imgae dataset?,enhancement,open,2023-11-07T11:27:36+00:00,,,,
6387,huggingface/datasets,How to load existing downloaded dataset ?,enhancement,closed,2023-11-06T22:51:44+00:00,2023-11-16T18:07:01+00:00,liming-ai,9.8,True
6386,huggingface/datasets,Formatting overhead,,closed,2023-11-06T19:06:38+00:00,2023-11-06T23:56:12+00:00,d-miketa,0.2,True
6385,huggingface/datasets,Get an error when i try to concatenate the squad dataset with my own dataset,,closed,2023-11-06T14:29:22+00:00,2023-11-06T16:50:45+00:00,CCDXDX,0.1,True
6384,huggingface/datasets,Load the local dataset folder from other place,,closed,2023-11-06T13:07:04+00:00,2023-11-19T05:42:05+00:00,OrangeSodahub,12.69,True
6383,huggingface/datasets,imagenet-1k downloads over and over,,closed,2023-11-06T02:58:58+00:00,2023-11-06T06:02:39+00:00,seann999,0.13,True
6382,huggingface/datasets,Add CheXpert dataset for vision,enhancement;dataset request,open,2023-11-04T15:36:11+00:00,,,,
6377,huggingface/datasets,Support pyarrow 14.0.0,,closed,2023-11-02T10:22:08+00:00,2023-11-02T15:15:45+00:00,albertvillanova,0.2,False
6376,huggingface/datasets,Caching problem when deleting a dataset ,,closed,2023-11-02T10:15:58+00:00,2023-12-04T16:53:33+00:00,mariosasko,32.28,False
6374,huggingface/datasets,CI is broken: TypeError: Couldn't cast array,,closed,2023-11-02T09:37:06+00:00,2023-11-02T10:11:20+00:00,albertvillanova,0.02,False
6371,huggingface/datasets,`Dataset.from_generator` should not try to download from HF GCS,,closed,2023-11-01T17:36:17+00:00,2023-11-02T15:52:10+00:00,mariosasko,0.93,False
6370,huggingface/datasets,TensorDataset format does not work with Trainer from transformers,,closed,2023-11-01T10:09:54+00:00,2023-11-29T16:31:08+00:00,mariosasko,28.26,False
6369,huggingface/datasets,Multi process map did not load cache file correctly,,closed,2023-11-01T06:36:54+00:00,2023-11-30T16:04:45+00:00,mariosasko,29.39,False
6366,huggingface/datasets,"with_format() function returns bytes instead of PIL images even when image column is not part of ""columns""",,closed,2023-10-31T11:10:48+00:00,2023-11-02T14:21:17+00:00,mariosasko,2.13,False
6365,huggingface/datasets,Parquet size grows exponential for categorical data,,closed,2023-10-31T10:29:02+00:00,2023-10-31T10:49:17+00:00,aseganti,0.01,True
6364,huggingface/datasets,ArrowNotImplementedError: Unsupported cast from string to list using function cast_list,,closed,2023-10-30T20:14:01+00:00,2023-10-31T19:21:23+00:00,divyakrishna-devisetty,0.96,True
6363,huggingface/datasets,dataset.transform() hangs indefinitely while finetuning the stable diffusion XL,,closed,2023-10-30T17:34:05+00:00,2023-11-22T00:29:21+00:00,bhosalems,22.29,True
6360,huggingface/datasets, Add support for `Sequence(Audio/Image)` feature in `push_to_hub`,enhancement,closed,2023-10-27T14:39:57+00:00,2024-02-06T19:24:20+00:00,mariosasko,102.2,False
6359,huggingface/datasets,"Stuck in ""Resolving data files...""",,open,2023-10-27T12:01:51+00:00,,,,
6358,huggingface/datasets,Mounting datasets cache fails due to absolute paths.,,closed,2023-10-27T08:20:27+00:00,2023-11-28T14:47:12+00:00,mariosasko,32.27,False
6357,huggingface/datasets,Allow passing a multiprocessing context to functions that support `num_proc`,enhancement,open,2023-10-27T02:31:16+00:00,,,,
6354,huggingface/datasets,`IterableDataset.from_spark` does not support multiple workers in pytorch `Dataloader`,,open,2023-10-26T12:43:36+00:00,,,,
6353,huggingface/datasets,load_dataset save_to_disk load_from_disk error,,closed,2023-10-26T03:47:06+00:00,2023-10-26T10:18:04+00:00,brisker,0.27,True
6352,huggingface/datasets,"Error loading wikitext data    raise NotImplementedError(f""Loading a dataset cached in a {type(self._fs).__name__} is not supported."")",,closed,2023-10-25T21:55:31+00:00,2023-11-07T07:26:54+00:00,albertvillanova,12.4,False
6350,huggingface/datasets,Different objects are returned from calls that should be returning the same kind of object.,,open,2023-10-25T17:08:39+00:00,,,,
6349,huggingface/datasets,"Can't load ds = load_dataset(""imdb"")",,closed,2023-10-25T13:29:51+00:00,2023-10-31T19:59:35+00:00,mariosasko,6.27,False
6348,huggingface/datasets,Parquet stream-conversion fails to embed images/audio files from gated repos,bug,open,2023-10-25T12:12:44+00:00,,,,
6347,huggingface/datasets,Incorrect example code in 'Create a dataset' docs,,closed,2023-10-24T11:01:21+00:00,2023-10-25T13:05:21+00:00,rwood-97,1.09,True
6345,huggingface/datasets,support squad structure datasets using a YAML parameter,enhancement,open,2023-10-23T17:55:37+00:00,,,,
6333,huggingface/datasets,Support fsspec 2023.10.0,,closed,2023-10-23T09:14:53+00:00,2024-02-07T12:39:58+00:00,albertvillanova,107.14,False
6330,huggingface/datasets,Latest fsspec==2023.10.0 issue with streaming datasets,,closed,2023-10-22T20:57:10+00:00,2023-10-23T09:17:56+00:00,albertvillanova,0.51,False
6329,huggingface/datasets,شبکه های متن به گفتار ابتدا متن داده شده را به بازنمایی میانی,,closed,2023-10-22T11:07:46+00:00,2023-10-23T09:22:58+00:00,lhoestq,0.93,False
6328,huggingface/datasets,شبکه های متن به گفتار ابتدا متن داده شده را به بازنمایی میانی,,closed,2023-10-22T11:07:21+00:00,2023-10-23T09:22:38+00:00,lhoestq,0.93,False
6327,huggingface/datasets,"FileNotFoundError when trying to load the downloaded dataset with `load_dataset(..., streaming=True)`",,closed,2023-10-21T12:27:03+00:00,2023-10-23T18:50:07+00:00,yzhangcs,2.27,True
6324,huggingface/datasets,Conversion to Arrow fails due to wrong type heuristic,,closed,2023-10-20T23:20:58+00:00,2023-10-23T20:52:57+00:00,jphme,2.9,True
6323,huggingface/datasets,Loading dataset from large GCS bucket very slow since 2.14,,open,2023-10-20T12:59:55+00:00,,,,
6320,huggingface/datasets,Dataset slice splits can't load training and validation at the same time,,closed,2023-10-19T16:09:22+00:00,2023-11-30T16:21:15+00:00,mariosasko,42.01,False
6319,huggingface/datasets,Datasets.map is severely broken,,open,2023-10-19T12:19:33+00:00,,,,
6317,huggingface/datasets,sentiment140 dataset unavailable,,closed,2023-10-19T11:25:21+00:00,2023-10-19T13:04:56+00:00,albertvillanova,0.07,False
6315,huggingface/datasets,Hub datasets with CSV metadata raise ArrowInvalid: JSON parse error: Invalid value. in row 0,bug,closed,2023-10-19T10:11:29+00:00,2023-10-20T06:14:10+00:00,albertvillanova,0.84,False
6311,huggingface/datasets,cast_column to Sequence with length=4 occur exception raise in datasets/table.py:2146,,closed,2023-10-18T09:38:05+00:00,2024-02-06T19:24:20+00:00,mariosasko,111.41,False
6308,huggingface/datasets,module 'resource' has no attribute 'error',,closed,2023-10-17T08:08:54+00:00,2023-10-25T17:09:22+00:00,mariosasko,8.38,False
6306,huggingface/datasets,pyinstaller : OSError: could not get source code,,closed,2023-10-17T01:41:51+00:00,2023-10-18T14:03:42+00:00,dusk877647949,1.52,True
6305,huggingface/datasets,Cannot load dataset with `2.14.5`: `FileNotFound` error,,closed,2023-10-16T20:11:27+00:00,2023-10-18T13:50:36+00:00,albertvillanova,1.74,False
6303,huggingface/datasets,Parquet uploads off-by-one naming scheme,,open,2023-10-14T18:31:03+00:00,,,,
6302,huggingface/datasets,ArrowWriter/ParquetWriter `write` method does not increase `_num_bytes` and hence datasets not sharding at `max_shard_size`,,closed,2023-10-13T14:43:36+00:00,2023-10-17T06:52:11+00:00,Rassibassi,3.67,True
6299,huggingface/datasets,Support for newer versions of JAX,enhancement,closed,2023-10-12T10:03:46+00:00,2023-10-12T16:28:59+00:00,mariosasko,0.27,False
6294,huggingface/datasets,IndexError: Invalid key is out of bounds for size 0 despite having a populated dataset,,closed,2023-10-11T09:59:38+00:00,2023-10-17T11:24:06+00:00,ZYM66,6.06,True
6293,huggingface/datasets,Choose columns to stream parquet data in streaming mode,bug,closed,2023-10-11T08:59:36+00:00,2023-10-11T16:21:38+00:00,lhoestq,0.31,False
6292,huggingface/datasets,how to load the image of dtype float32 or float64,,open,2023-10-11T07:27:16+00:00,,,,
6291,huggingface/datasets,Casting type from Array2D int to Array2D float crashes,,closed,2023-10-10T20:10:10+00:00,2023-10-13T13:45:31+00:00,mariosasko,2.73,False
6290,huggingface/datasets,"Incremental dataset (e.g. `.push_to_hub(..., append=True)`)",enhancement,open,2023-10-10T15:18:03+00:00,,,,
6288,huggingface/datasets,Dataset.from_pandas with a DataFrame of PIL.Images,enhancement,open,2023-10-10T10:29:16+00:00,,,,
6287,huggingface/datasets,"map() not recognizing ""text""",,closed,2023-10-09T10:27:30+00:00,2023-10-11T20:28:45+00:00,mariosasko,2.42,False
6285,huggingface/datasets,"TypeError: expected str, bytes or os.PathLike object, not dict",,open,2023-10-09T04:56:26+00:00,,,,
6284,huggingface/datasets,Add Belebele multiple-choice machine reading comprehension (MRC) dataset,enhancement,closed,2023-10-06T06:58:03+00:00,2023-10-06T13:26:51+00:00,mariosasko,0.27,False
6280,huggingface/datasets,Couldn't cast array of type fixed_size_list to Sequence(Value(float64)),,closed,2023-10-05T12:48:31+00:00,2024-02-06T19:24:20+00:00,mariosasko,124.27,False
6279,huggingface/datasets,Batched IterableDataset,enhancement,open,2023-10-05T11:12:49+00:00,,,,
6277,huggingface/datasets,FileNotFoundError: Couldn't find a module script at /content/paws-x/paws-x.py. Module 'paws-x' doesn't exist on the Hugging Face Hub either.,,closed,2023-10-04T22:01:25+00:00,2023-10-08T17:05:46+00:00,mariosasko,3.79,False
6276,huggingface/datasets,I'm trying to fine tune the openai/whisper model from huggingface using jupyter notebook and i keep getting this error,,open,2023-10-04T11:03:41+00:00,,,,
6275,huggingface/datasets,Would like to Contribute a dataset,,closed,2023-10-02T07:00:21+00:00,2023-10-10T16:27:54+00:00,mariosasko,8.39,False
6274,huggingface/datasets,FileNotFoundError for dataset with multiple builder config,,closed,2023-10-01T23:45:56+00:00,2023-10-02T20:09:38+00:00,LouisChen15,0.85,True
6273,huggingface/datasets,Broken Link to PubMed Abstracts dataset .,,open,2023-10-01T19:08:48+00:00,,,,
6272,huggingface/datasets,Duplicate `data_files` when named `<split>/<split>.parquet`,bug,closed,2023-10-01T15:43:56+00:00,2024-03-15T15:22:05+00:00,mariosasko,165.98,False
6271,huggingface/datasets,"Overwriting Split overwrites data but not metadata, corrupting dataset",,closed,2023-09-30T22:37:31+00:00,2023-10-16T13:30:50+00:00,mariosasko,15.62,False
6270,huggingface/datasets,Dataset.from_generator raises with sharded gen_args,,closed,2023-09-30T16:50:06+00:00,2023-10-11T20:29:11+00:00,mariosasko,11.15,False
6267,huggingface/datasets,Multi label class encoding,enhancement,open,2023-09-27T22:48:08+00:00,,,,
6263,huggingface/datasets,CI is broken: ImportError: cannot import name 'context' from 'tensorflow.python',bug,closed,2023-09-27T08:12:05+00:00,2023-09-27T08:36:40+00:00,albertvillanova,0.02,False
6261,huggingface/datasets,Can't load a dataset,,closed,2023-09-26T15:46:25+00:00,2023-10-05T10:23:22+00:00,joaopedrosdmm,8.78,True
6260,huggingface/datasets,REUSE_DATASET_IF_EXISTS don't work ,,closed,2023-09-26T03:02:16+00:00,2023-09-28T18:23:36+00:00,mariosasko,2.64,False
6259,huggingface/datasets,Duplicated Rows When Loading Parquet Files from Root Directory with Subdirectories,,closed,2023-09-25T17:20:54+00:00,2024-03-15T15:22:04+00:00,mariosasko,171.92,False
6257,huggingface/datasets,HfHubHTTPError - exceeded our hourly quotas for action: commit,,closed,2023-09-25T06:11:43+00:00,2023-10-16T13:30:48+00:00,mariosasko,21.3,False
6256,huggingface/datasets,load_dataset() function's cache_dir does not seems to work,,closed,2023-09-24T15:34:06+00:00,2024-10-08T15:45:18+00:00,lhoestq,380.01,False
6254,huggingface/datasets,Dataset.from_generator() cost much more time in vscode debugging mode then running mode,,closed,2023-09-23T02:07:26+00:00,2023-10-03T14:42:53+00:00,mariosasko,10.52,False
6252,huggingface/datasets,exif_transpose not done to Image (PIL problem),enhancement,closed,2023-09-21T08:11:46+00:00,2024-03-19T15:29:43+00:00,mariosasko,180.3,False
6246,huggingface/datasets,Add new column to dataset,,closed,2023-09-17T16:59:48+00:00,2023-09-18T16:20:09+00:00,andysingal,0.97,True
6242,huggingface/datasets,Data alteration when loading dataset with unspecified inner sequence length,,closed,2023-09-14T16:12:45+00:00,2023-09-19T17:53:18+00:00,mariosasko,5.07,False
6240,huggingface/datasets,Dataloader stuck on multiple GPUs,,closed,2023-09-14T05:30:30+00:00,2023-09-14T23:54:42+00:00,kuri54,0.77,True
6239,huggingface/datasets,Load local audio data doesn't work,,closed,2023-09-13T22:30:01+00:00,2023-09-15T14:32:10+00:00,abodacs,1.67,True
6238,huggingface/datasets,`dataset.filter` ALWAYS removes the first item from the dataset when using batched=True,,closed,2023-09-13T20:20:37+00:00,2023-09-17T07:05:07+00:00,Taytay,3.45,True
6237,huggingface/datasets,Tokenization with multiple workers is too slow,,closed,2023-09-13T06:18:34+00:00,2023-09-19T21:54:58+00:00,mariosasko,6.65,False
6236,huggingface/datasets,Support buffer shuffle for to_tf_dataset,enhancement,open,2023-09-13T03:19:44+00:00,,,,
6235,huggingface/datasets,Support multiprocessing for download/extract nestedly,enhancement,open,2023-09-12T21:51:08+00:00,,,,
6229,huggingface/datasets,Apply inference on all images in the dataset,,closed,2023-09-10T08:36:12+00:00,2023-09-20T16:11:52+00:00,mariosasko,10.32,False
6225,huggingface/datasets,Conversion from RGB to BGR in Object Detection tutorial,,closed,2023-09-08T06:49:19+00:00,2023-09-08T17:52:17+00:00,mariosasko,0.46,False
6221,huggingface/datasets,Support saving datasets with custom formatting,,open,2023-09-06T16:03:32+00:00,,,,
6217,huggingface/datasets,`Dataset.to_dict()` ignore `decode=True` with Image feature,,open,2023-09-06T09:26:16+00:00,,,,
6214,huggingface/datasets,Unpin fsspec < 2023.9.0,enhancement,closed,2023-09-05T11:02:58+00:00,2023-09-26T15:32:52+00:00,mariosasko,21.19,False
6212,huggingface/datasets,Tilde (~) is not supported for data_files,,open,2023-09-04T14:23:49+00:00,,,,
6209,huggingface/datasets,"CI is broken with AssertionError: 3 failed, 12 errors",bug,closed,2023-09-04T06:47:05+00:00,2023-09-04T07:30:01+00:00,albertvillanova,0.03,False
6207,huggingface/datasets,No-script datasets with ZIP files do not load,bug,closed,2023-09-04T05:50:27+00:00,2023-09-04T09:13:33+00:00,albertvillanova,0.14,False
6206,huggingface/datasets,"When calling load_dataset, raise error: pyarrow.lib.ArrowInvalid: offset overflow while concatenating arrays ",,closed,2023-09-04T04:14:00+00:00,2023-09-04T06:05:49+00:00,aihao2000,0.08,True
6203,huggingface/datasets,Support loading from a DVC remote repository,enhancement,closed,2023-09-01T14:04:52+00:00,2023-09-15T15:11:27+00:00,bilelomrani1,14.05,True
6202,huggingface/datasets,avoid downgrading jax version,enhancement,closed,2023-09-01T02:57:57+00:00,2023-10-12T16:28:59+00:00,mariosasko,41.56,False
6199,huggingface/datasets,"Use load_dataset for local json files, but it not works",,open,2023-08-31T09:42:34+00:00,,,,
6197,huggingface/datasets,"ValueError: 'index=True' is only valid when 'orient' is 'split', 'table', 'index', or 'columns'",,closed,2023-08-31T08:51:50+00:00,2023-08-31T10:24:40+00:00,albertvillanova,0.06,False
6196,huggingface/datasets,Split order is not preserved,bug,closed,2023-08-31T08:47:16+00:00,2023-08-31T13:48:43+00:00,albertvillanova,0.21,False
6195,huggingface/datasets,Force to reuse cache at given path,,closed,2023-08-30T18:44:54+00:00,2023-08-30T19:00:45+00:00,Luosuu,0.01,True
6194,huggingface/datasets,Support custom fingerprinting with `Dataset.from_generator`,enhancement,open,2023-08-29T22:43:13+00:00,,,,
6193,huggingface/datasets,Dataset loading script method does not work with .pyc file,,open,2023-08-29T19:35:06+00:00,,,,
6190,huggingface/datasets,`Invalid user token` even when correct user token is passed!,,closed,2023-08-29T12:37:03+00:00,2023-08-29T13:01:09+00:00,Vaibhavs10,0.02,True
6188,huggingface/datasets,[Feature Request] Check the length of batch before writing so that empty batch is allowed,,closed,2023-08-29T06:37:34+00:00,2023-09-19T21:55:37+00:00,mariosasko,21.64,False
6187,huggingface/datasets,Couldn't find a dataset script at /content/tsv/tsv.py or any data file in the same directory,,open,2023-08-29T05:49:56+00:00,,,,
6186,huggingface/datasets,Feature request: add code example of multi-GPU processing,documentation;enhancement,closed,2023-08-28T10:00:59+00:00,2023-11-22T15:42:20+00:00,lhoestq,86.24,False
6185,huggingface/datasets,Error in saving the PIL image into *.arrow files using datasets.arrow_writer,,open,2023-08-26T12:15:57+00:00,,,,
6184,huggingface/datasets,Map cache does not detect function changes in another module,duplicate,closed,2023-08-25T22:59:14+00:00,2023-08-29T20:56:49+00:00,jonathanasdf,3.91,False
6183,huggingface/datasets,Load dataset with  non-existent file,,closed,2023-08-25T22:21:22+00:00,2023-08-29T13:26:22+00:00,mariosasko,3.63,False
6182,huggingface/datasets,Loading Meteor metric in HF evaluate module crashes due to datasets import issue ,,closed,2023-08-25T14:54:06+00:00,2023-08-31T14:38:23+00:00,lvwerra,5.99,True
6179,huggingface/datasets,Map cache with tokenizer,,open,2023-08-25T12:55:18+00:00,,,,
6178,huggingface/datasets,"'import datasets' throws ""invalid syntax error""",,closed,2023-08-25T08:35:14+00:00,2023-09-27T17:33:39+00:00,mariosasko,33.37,False
6176,huggingface/datasets,how to limit the size of memory mapped file?,,open,2023-08-24T05:33:45+00:00,,,,
6173,huggingface/datasets,Fix CI for pyarrow 13.0.0,,closed,2023-08-23T14:11:20+00:00,2023-08-25T13:06:53+00:00,mariosasko,1.96,False
6172,huggingface/datasets,Make Dataset streaming queries retryable,enhancement,open,2023-08-23T13:15:38+00:00,,,,
6169,huggingface/datasets,Configurations in yaml not working,,open,2023-08-23T00:13:22+00:00,,,,
6163,huggingface/datasets,"Error type: ArrowInvalid Details: Failed to parse string: '[254,254]' as a scalar of type int32",,open,2023-08-19T11:34:40+00:00,,,,
6162,huggingface/datasets,"load_dataset('json',...) from togethercomputer/RedPajama-Data-1T errors when jsonl rows contains different data fields",,open,2023-08-18T07:19:39+00:00,,,,
6159,huggingface/datasets,Add `BoundingBox` feature,enhancement,open,2023-08-17T20:49:51+00:00,,,,
6157,huggingface/datasets,DatasetInfo.__init__() got an unexpected keyword argument '_column_requires_decoding',,closed,2023-08-17T15:48:11+00:00,2023-09-27T17:36:14+00:00,mariosasko,41.08,False
6156,huggingface/datasets,Why not use self._epoch as seed to shuffle in distributed training with IterableDataset,,closed,2023-08-17T10:58:20+00:00,2023-08-17T14:33:14+00:00,npuichigo,0.15,True
6152,huggingface/datasets,FolderBase Dataset automatically resolves under current directory when data_dir is not specified,good first issue,closed,2023-08-16T04:38:09+00:00,2025-06-18T14:18:42+00:00,lhoestq,672.4,False
6151,huggingface/datasets,Faster sorting for single key items,enhancement,closed,2023-08-15T14:02:31+00:00,2023-08-21T14:38:25+00:00,jackapbutler,6.02,True
6150,huggingface/datasets,Allow dataset implement .take,enhancement,open,2023-08-15T00:17:51+00:00,,,,
6149,huggingface/datasets,Dataset.from_parquet cannot load subset of columns,,closed,2023-08-14T23:28:22+00:00,2023-08-17T22:36:05+00:00,mariosasko,2.96,False
6147,huggingface/datasets,ValueError when running BeamBasedBuilder with GCS path in cache_dir,,closed,2023-08-14T03:11:34+00:00,2024-03-18T16:59:14+00:00,mariosasko,217.57,False
6146,huggingface/datasets,DatasetGenerationError when load glue benchmark datasets from `load_dataset` ,,closed,2023-08-13T05:17:56+00:00,2023-08-26T22:09:09+00:00,yusx-swapp,13.7,True
6153,huggingface/datasets,custom load dataset to hub,,closed,2023-08-13T04:42:22+00:00,2023-10-08T17:04:16+00:00,mariosasko,56.52,False
6144,huggingface/datasets,NIH exporter file not found,,open,2023-08-11T19:05:25+00:00,,,,
6142,huggingface/datasets,the-stack-dedup fails to generate,,closed,2023-08-11T05:10:49+00:00,2023-08-17T09:26:13+00:00,lhoestq,6.18,False
6141,huggingface/datasets,TypeError: ClientSession._request() got an unexpected keyword argument 'https',,closed,2023-08-11T02:40:32+00:00,2023-08-30T13:51:33+00:00,mariosasko,19.47,False
8898,networkx/networkx,_hits_numpy(normalized=False) can return inf/NaN after switching to eigh,,open,2026-09-05T04:28:44+00:00,,,,
8891,networkx/networkx,GraphMatcher.isomorphsism_iter() can yield isomorphisms for non-isomorphic graphs,type: Bug fix,open,2026-09-02T12:53:12+00:00,,,,
8885,networkx/networkx,ISMAGS raises ValueError if no nodes are compatible,type: Bug fix,open,2026-09-01T14:12:45+00:00,,,,
8853,networkx/networkx,Optimize possible_inter_community_edges in partition_quality: O(C²) → O(C) ,,closed,2026-08-15T04:10:34+00:00,2026-08-20T17:09:49+00:00,rossbar,5.54,True
8848,networkx/networkx,Security: request to open a private disclosure channel,Question,closed,2026-08-13T10:39:18+00:00,2026-08-13T20:46:24+00:00,rossbar,0.42,False
8841,networkx/networkx,BUG: partition_quality can return performance greater than 1 for graphs with self-loops,Question,closed,2026-08-12T16:15:54+00:00,2026-08-13T20:44:17+00:00,rossbar,1.19,False
8839,networkx/networkx,steiner_tree on crashes when G is not connected,type: Documentation,closed,2026-08-12T14:42:10+00:00,2026-08-14T01:20:57+00:00,amcandio,1.44,True
8833,networkx/networkx,all_shortest_paths yields duplicate paths when the source has a zero-weight edge,,closed,2026-08-10T07:20:20+00:00,2026-08-12T14:45:32+00:00,amcandio,2.31,False
8830,networkx/networkx,BUG: partition_quality raises ZeroDivisionError on graphs with no edges or fewer than two nodes,,closed,2026-08-08T20:14:23+00:00,2026-08-13T20:47:42+00:00,rossbar,5.02,False
8829,networkx/networkx,Feature Request: Address the zero-similarity problem in `simrank_similarity`,type: Enhancements,open,2026-08-08T19:56:28+00:00,,,,
8828,networkx/networkx,minimum_cycle_basis: Invariant-Based Tests,Question,closed,2026-08-08T11:26:40+00:00,2026-08-20T17:14:34+00:00,rossbar,12.24,False
8827,networkx/networkx,"group_betweenness_centrality is inaccurate for groups of 3+ nodes, even on connected graphs",Question,closed,2026-08-08T09:47:00+00:00,2026-08-30T01:49:19+00:00,dschult,21.67,True
8820,networkx/networkx,"_create_aggregate_graph raises TypeError when a node lacks the internal ""nodes"" attribute",,closed,2026-08-04T12:34:50+00:00,2026-08-04T23:31:21+00:00,dschult,0.46,False
8811,networkx/networkx,"all_shortest_paths and related APIs accept method=""unweighted"", silently ignoring weight instead of raising the documented ValueError",,closed,2026-08-01T18:49:38+00:00,2026-08-03T14:15:52+00:00,dschult,1.81,False
8810,networkx/networkx,vf2pp_isomorphism returns mappings in the reverse direction after #8506,type: Bug fix,closed,2026-07-31T15:22:18+00:00,2026-08-04T17:27:54+00:00,rossbar,4.09,False
8802,networkx/networkx,Wrong description for communicability and communicability_exp,,closed,2026-07-29T15:18:04+00:00,2026-08-14T23:49:04+00:00,MridulS,16.35,True
8798,networkx/networkx,"BUG: bfs_successors yields (node, []) for nodes with no successors",,closed,2026-07-25T10:48:22+00:00,2026-08-01T01:48:25+00:00,amcandio,6.63,False
8793,networkx/networkx,Audit: 218 functions in 98 files have @not_implemented_for placed outside @_dispatchable (decorator order),,closed,2026-07-23T17:53:54+00:00,2026-07-24T20:37:19+00:00,dschult,1.11,False
8742,networkx/networkx,"Performance: _triangles_and_degree_iter rebuilds neighbor sets redundantly, slowing clustering()",,closed,2026-07-07T18:11:05+00:00,2026-07-08T07:45:26+00:00,rossbar,0.57,False
8739,networkx/networkx,Louvain infinite loop on simple graph,type: Bug fix,closed,2026-07-06T15:59:07+00:00,2026-07-14T08:07:16+00:00,rossbar,7.67,False
8738,networkx/networkx,ISMAGS shows wrong behaviour with edge and node match functions,type: Bug fix,closed,2026-07-06T11:33:21+00:00,2026-08-04T17:23:21+00:00,rossbar,29.24,False
8737,networkx/networkx,Exponential running time of simple_cycles with length_bound (_bounded_cycle_search),type: Bug fix,open,2026-07-06T08:11:28+00:00,,,,
8706,networkx/networkx,CI: circleci artifact redirector broken by gh-8690,type: Maintenance,closed,2026-06-13T16:50:16+00:00,2026-06-15T02:04:03+00:00,dschult,1.38,False
8697,networkx/networkx,DEP: Matplotlib 3.11 causes pytest-mpl failures due to font changes,,closed,2026-06-12T05:30:12+00:00,2026-06-12T15:05:22+00:00,rossbar,0.4,False
8677,networkx/networkx,Pixi definition of base environment contains dependencies,,closed,2026-06-03T07:14:10+00:00,2026-06-06T22:10:48+00:00,dschult,3.62,False
8658,networkx/networkx,Stochastic exceptions involving argmap,,closed,2026-05-21T09:32:11+00:00,2026-06-07T22:29:26+00:00,MridulS,17.54,False
8657,networkx/networkx,A small inconsistency in `degree_centrality` for DiGraph — looks like a legacy artifact?,,closed,2026-05-18T14:27:29+00:00,2026-06-08T17:41:23+00:00,MridulS,21.13,False
8653,networkx/networkx,Proposal: add backend-only infomap_communities() API,,closed,2026-05-10T17:48:47+00:00,2026-07-14T11:20:28+00:00,rossbar,64.73,False
8651,networkx/networkx,Warn when pagerank convergence threshold N*tol >= 2 makes the check vacuous (follow-up to #4792),,closed,2026-05-08T05:19:59+00:00,2026-07-14T11:19:12+00:00,rossbar,67.25,False
8639,networkx/networkx,nx.display drawing performance for edges,type: Bug fix;Visualization,closed,2026-04-29T16:04:08+00:00,2026-05-30T18:25:52+00:00,amcandio,31.1,False
8638,networkx/networkx,Benchmark PR workflow fails with build isolation + `--no-index`,type: Bug fix;Discussion,closed,2026-04-28T19:26:02+00:00,2026-06-07T22:07:59+00:00,MridulS,40.11,False
8624,networkx/networkx,"GEXF writer ignores G.graph[""description""] in NetworkX 3.6.1",,closed,2026-04-18T15:15:09+00:00,2026-04-23T11:19:37+00:00,dschult,4.84,False
8621,networkx/networkx,Fails to draw curved edges in undirected Graphs,type: Documentation;Visualization,closed,2026-04-17T12:42:37+00:00,2026-04-17T23:26:12+00:00,dschult,0.45,False
8611,networkx/networkx,"node_link_graph/node_link_data: document that edges are stored under 'links' key, not 'edges'",,closed,2026-04-13T06:15:36+00:00,2026-04-13T22:29:57+00:00,rossbar,0.68,False
8605,networkx/networkx,`topological_sort` behavior with non-DAGs,type: Documentation;Question,closed,2026-04-08T23:04:57+00:00,2026-04-16T15:43:25+00:00,rossbar,7.69,False
8604,networkx/networkx,Broken links on https://networkx.org/documentation/latest/reference/algorithms/connectivity.html,,closed,2026-04-08T02:39:54+00:00,2026-04-09T23:52:07+00:00,dschult,1.88,False
8597,networkx/networkx,Links broken in documentation for quotient_graph,,closed,2026-04-03T11:51:37+00:00,2026-04-04T19:26:13+00:00,dschult,1.32,False
8592,networkx/networkx,ISMAGS: Directed Graphs Incorrectly Treated as Undirected,,closed,2026-03-31T22:12:55+00:00,2026-04-16T15:45:15+00:00,rossbar,15.73,False
8589,networkx/networkx,[ENH] Add butterfly counting to bipartite module,,closed,2026-03-29T13:13:57+00:00,2026-05-22T20:21:15+00:00,rossbar,54.3,False
8581,networkx/networkx,Breaking change: unknown backend= in graph constructors raises ImportError after PR #7760,,closed,2026-03-23T15:22:03+00:00,2026-04-10T17:00:35+00:00,rossbar,18.07,False
8577,networkx/networkx,Some thoughts after using Panther/Panther++,,open,2026-03-21T13:57:34+00:00,,,,
8576,networkx/networkx,floyd_warshall breaks backward compatibility: self-loop edges overwrite dist[u][u] = 0,,closed,2026-03-21T03:00:06+00:00,2026-03-21T11:57:35+00:00,dschult,0.37,False
8575,networkx/networkx,Review the threshold graph tools in NetworkX,Discussion,open,2026-03-18T12:28:33+00:00,,,,
8573,networkx/networkx,panther_similarity raises NetworkXUnfeasible with default parameters,,closed,2026-03-17T06:48:11+00:00,2026-03-22T07:49:25+00:00,rossbar,5.04,False
8563,networkx/networkx,BUG: SpanningTreeIterator raises on next,type: Bug fix,closed,2026-03-13T18:49:00+00:00,2026-04-06T17:41:24+00:00,rossbar,23.95,False
8560,networkx/networkx,Magnetic Laplacian for Spectral Info,,closed,2026-03-10T13:08:51+00:00,2026-04-16T15:47:05+00:00,rossbar,37.11,False
8559,networkx/networkx,`group_betweenness_centrality` returns negative values on directed non-strongly-connected graphs,Question,closed,2026-03-08T19:42:25+00:00,2026-08-30T01:48:52+00:00,dschult,174.25,False
8554,networkx/networkx,`maximal_independent_set` returns a list,Discussion;type: API,closed,2026-03-06T21:53:35+00:00,2026-03-14T08:53:54+00:00,MridulS,7.46,False
8536,networkx/networkx,Not using sparse algorithm in stochastic_block_model code,type: Bug fix,closed,2026-02-26T13:14:42+00:00,2026-03-21T01:15:23+00:00,dschult,22.5,False
8527,networkx/networkx,"Networkx silently writes gexf files for graphs where values for given node attribute have different types, but then can't read them back.",,closed,2026-02-18T09:51:21+00:00,2026-04-16T15:47:48+00:00,rossbar,57.25,False
8523,networkx/networkx,min_weighted_dominating_set implementation problem,type: Bug fix,closed,2026-02-17T20:50:13+00:00,2026-02-24T22:37:52+00:00,rossbar,7.07,False
8520,networkx/networkx,MAINT: make and doc a better error msg when `seed.choices` is used in a function given a RandomState seed.,,closed,2026-02-16T20:30:27+00:00,2026-03-11T07:35:02+00:00,dschult,22.46,False
8518,networkx/networkx,enh: ~2x speedup for unweighted betweenness_centrality with implementation-level optimizations,,closed,2026-02-16T15:33:05+00:00,2026-04-16T15:48:50+00:00,rossbar,59.01,False
8516,networkx/networkx,CI:  Looks like there is a dependency conflict between nx-parallel and graphblas,,closed,2026-02-15T14:24:52+00:00,2026-02-17T19:52:27+00:00,dschult,2.23,False
8515,networkx/networkx,Nightly wheel upload action is broken; need to update the token,,closed,2026-02-15T12:08:24+00:00,2026-02-16T19:43:23+00:00,MridulS,1.32,False
8492,networkx/networkx,Investigate whether tree center/centroid should support directed graphs,Discussion,closed,2026-01-26T22:58:19+00:00,2026-08-20T21:52:59+00:00,rossbar,205.95,False
8491,networkx/networkx,API: add centroid as alias to barycenter in `distance_measures`,type: Documentation;Discussion;type: API,closed,2026-01-26T22:54:44+00:00,2026-04-25T16:03:03+00:00,MridulS,88.71,False
8488,networkx/networkx,degree not working as expected,Question,closed,2026-01-26T01:03:54+00:00,2026-01-26T17:05:48+00:00,rossbar,0.67,False
8485,networkx/networkx,Computing normalized rich-club coefficient may lead to `ZeroDivisionError`,type: Bug fix,closed,2026-01-24T15:30:56+00:00,2026-07-22T11:30:42+00:00,dschult,178.83,False
8471,networkx/networkx,Desired semantics: chordal graphs with self-loops,Discussion,open,2026-01-13T00:54:07+00:00,,,,
8467,networkx/networkx,Proposal: Optimized Minimal Cycle Basis (MCB) for Planar/Sparse Graphs (300x faster speedup),,closed,2026-01-11T01:38:02+00:00,2026-01-26T22:26:03+00:00,rossbar,15.87,False
8466,networkx/networkx,GSoC 2026 not planned for NetworkX,,closed,2026-01-10T17:37:30+00:00,2026-04-16T15:50:06+00:00,rossbar,95.93,False
8459,networkx/networkx,Optimize _build_paths_from_predecessors stack logic for 30-40% speedup,,closed,2026-01-09T17:41:27+00:00,2026-04-15T03:30:19+00:00,amcandio,95.41,False
8456,networkx/networkx,ENH: Add support for hiding edges for callable capacity or weight parameter,,open,2026-01-09T03:10:31+00:00,,,,
8455,networkx/networkx,DOC: Floating point consideration in negative cycles,type: Documentation,closed,2026-01-09T03:05:40+00:00,2026-04-12T06:42:40+00:00,amcandio,93.15,False
8453,networkx/networkx,Improve error handling for diameter/radius on empty graphs,,closed,2026-01-08T20:35:05+00:00,2026-01-12T18:02:13+00:00,MridulS,3.89,False
8449,networkx/networkx,[Feature Request] Add count_motifs function using ESU algorithm for subgraph enumeration,,closed,2026-01-06T11:24:42+00:00,2026-01-08T20:04:23+00:00,rossbar,2.36,False
8442,networkx/networkx,bfs_predecessors() iterates over BFS predecessors - not directed graph predecessors,,closed,2026-01-02T06:58:21+00:00,2026-01-03T08:31:07+00:00,amcandio,1.06,False
8436,networkx/networkx,Bug: Documentation build fails/warns for missing optional dependencies in examples,,closed,2025-12-27T06:38:25+00:00,2026-01-26T18:25:53+00:00,rossbar,30.49,False
8429,networkx/networkx,Feature - Add optional chunk_size parameter to betweenness_centrality for memory efficiency,,closed,2025-12-25T10:24:58+00:00,2025-12-25T11:05:09+00:00,MridulS,0.03,False
8400,networkx/networkx,nx.neighbors() return type,Question;type: API,closed,2025-12-18T15:32:49+00:00,2026-01-02T16:38:44+00:00,dschult,15.05,False
8398,networkx/networkx,'circular_ladder_graph'  returns incorrect graph for n < 2 (creates spurious nodes and self-loops),,closed,2025-12-17T19:14:16+00:00,2025-12-22T19:29:31+00:00,dschult,5.01,False
8393,networkx/networkx,API: deprecate `maximum_flow_value` and `minimum_cut_value`?,Discussion;close ?;type: API,closed,2025-12-17T00:58:00+00:00,2026-01-26T22:26:59+00:00,rossbar,40.9,False
8390,networkx/networkx,ENH: Add support for callables to capacity attributes in flow algorithms,type: Enhancements;floating-point,open,2025-12-16T23:36:40+00:00,,,,
8389,networkx/networkx,DOC: Add examples of floating point conversion to docstrings,type: Documentation;floating-point,closed,2025-12-16T21:31:54+00:00,2026-06-08T23:50:12+00:00,amcandio,174.1,False
8388,networkx/networkx,Consolidate reportviews documentation,type: Documentation,closed,2025-12-16T18:11:36+00:00,2025-12-22T06:37:27+00:00,rossbar,5.52,False
8377,networkx/networkx,"`chordal_cycle_graph` returns a 6-regular multigraph with self-loops, not the documented 3-regular graph",type: Documentation,closed,2025-12-10T12:09:04+00:00,2025-12-17T20:04:55+00:00,dschult,7.33,False
8375,networkx/networkx,DOC: Add section on Reporting Views to Graph Types reference page,type: Documentation,closed,2025-12-09T14:07:01+00:00,2025-12-16T15:37:47+00:00,dschult,7.06,False
8368,networkx/networkx,Old shortest path links returning 404,type: Documentation,closed,2025-12-05T12:59:39+00:00,2025-12-08T13:05:01+00:00,amcandio,3.0,False
8367,networkx/networkx,Providing more than one argument to Digraph subclass leads to exception in __new__,type: Bug fix,closed,2025-12-05T00:31:54+00:00,2025-12-06T01:54:49+00:00,dschult,1.06,False
8366,networkx/networkx,Overly strict floating point comparison in group betweenness centrality,floating-point,closed,2025-12-04T20:27:26+00:00,2025-12-12T18:43:21+00:00,rossbar,7.93,False
8362,networkx/networkx,dataclass crash with python 3.14.1,type: Bug fix,closed,2025-12-03T08:52:42+00:00,2025-12-13T21:51:57+00:00,MridulS,10.54,False
8356,networkx/networkx,Consider Implementing BMSSP Algorithm,,closed,2025-11-25T14:59:04+00:00,2025-11-26T02:20:29+00:00,amcandio,0.47,False
8355,networkx/networkx,Performance could be increased for _dijkstra_multisource,type: Enhancements,closed,2025-11-25T14:47:48+00:00,2026-01-26T19:00:54+00:00,rossbar,62.18,False
8351,networkx/networkx,edge_subgraph fails for MultiDiGraph,type: Documentation,closed,2025-11-20T10:06:14+00:00,2026-01-09T19:14:57+00:00,MridulS,50.38,False
8350,networkx/networkx,networkx_draw_nodes fails when both node_color and node_shape are lists,Visualization,closed,2025-11-19T19:08:20+00:00,2025-12-07T18:57:24+00:00,dschult,17.99,False
8341,networkx/networkx,Refactornetworkx/tests /test_convert.py tests for readability and maintainability.,,closed,2025-11-09T12:35:11+00:00,2025-11-18T19:28:34+00:00,rossbar,9.29,False
8339,networkx/networkx,some fields are disappeared when I use nx.write_gexf,type: Documentation,closed,2025-11-07T03:29:00+00:00,2025-11-11T02:57:49+00:00,amcandio,3.98,False
8326,networkx/networkx,Please document G.shortest_path when no path exists,,closed,2025-10-20T20:54:15+00:00,2025-10-21T22:25:20+00:00,dschult,1.06,False
8323,networkx/networkx,BUG: `NETWORKX_BACKEND_PRIORITY` not working,type: Documentation;Dispatching,closed,2025-10-17T19:31:34+00:00,2025-12-18T12:56:33+00:00,dschult,61.73,False
8302,networkx/networkx,Deprecate metric_closure,type: API,closed,2025-09-29T21:29:27+00:00,2025-10-07T03:19:59+00:00,Aka2210,7.24,True
8297,networkx/networkx,CI: doc example build failures,type: Maintenance,closed,2025-09-28T16:04:01+00:00,2025-11-07T12:20:27+00:00,rossbar,39.84,False
8292,networkx/networkx,CI: circleci credit limit,,closed,2025-09-25T18:12:49+00:00,2025-09-26T21:09:54+00:00,rossbar,1.12,False
8290,networkx/networkx,`dissuade_hubs=` argument is unused in `forceatlas2_layout`,type: API,closed,2025-09-24T22:40:33+00:00,2025-09-26T14:51:11+00:00,MridulS,1.67,False
8284,networkx/networkx,BUG: networkx.algorithms.community.kernighan_lin has still randomness even when initial partition is defined,Question,closed,2025-09-21T13:17:27+00:00,2025-09-22T23:04:42+00:00,rossbar,1.41,False
8275,networkx/networkx,[Feature Request] Add the new fastest way to find the shortest paths in graph,New feature,open,2025-09-17T06:55:51+00:00,,,,
8271,networkx/networkx,BUG: `nx.approximation.densest_subgraph` with FISTA method errors for graphs with nonstandard node labels,type: Bug fix,closed,2025-09-16T15:54:45+00:00,2025-10-26T15:33:38+00:00,MridulS,39.99,False
8269,networkx/networkx,[Feature Request] Add Directed Steiner Tree Approximation (Charikar et al. 1999),type: Enhancements,open,2025-09-16T09:29:48+00:00,,,,
8265,networkx/networkx,Complexity of Gupta Suzumura implementation in simple_cycles,,closed,2025-09-13T16:34:50+00:00,2025-09-16T13:56:14+00:00,FrankBau,2.89,True
8263,networkx/networkx,DOC: update docs for betweenness centrality functions,,closed,2025-09-12T23:23:26+00:00,2025-10-10T13:48:07+00:00,dschult,27.6,False
8262,networkx/networkx,CI/MAINT: update coverage badge with CircleCI coverage status,,closed,2025-09-10T21:21:22+00:00,2025-09-16T20:42:38+00:00,MridulS,5.97,False
8253,networkx/networkx,Clarify function vs attribute version of G.edges and G.nodes in docs,type: Documentation,closed,2025-09-06T13:45:47+00:00,2025-12-09T06:13:42+00:00,rossbar,93.69,False
8227,networkx/networkx,BUG: `degree_sequence_tree` accepts degree sequences with isolated nodes,type: Bug fix,closed,2025-09-03T16:45:30+00:00,2025-09-07T09:06:19+00:00,MridulS,3.68,False
8223,networkx/networkx,CI/TST: remove `runslow` tests from `coverage` workflow,type: Maintenance,closed,2025-09-03T13:42:29+00:00,2025-09-18T19:24:10+00:00,dschult,15.24,False
8221,networkx/networkx,centroid vs barycenter in distance_measures and tree.distance_measures,Discussion;type: API,closed,2025-09-02T17:58:44+00:00,2026-01-26T22:59:32+00:00,rossbar,146.21,False
8220,networkx/networkx,ENH: `tree`: move `tree_broadcast_center` and `tree_broadcast_time` to `nx.tree`,type: API,open,2025-09-02T16:20:31+00:00,,,,
8209,networkx/networkx,`nx.find_cliques_recursive`: nonsensical output for some directed graphs,type: Bug fix,closed,2025-08-28T14:27:21+00:00,2025-08-29T18:26:00+00:00,MridulS,1.17,False
8204,networkx/networkx,add pydot to documentation,type: Documentation,closed,2025-08-21T18:52:09+00:00,2026-01-09T21:54:17+00:00,rossbar,141.13,False
8203,networkx/networkx,converting positions in nx_agraph.to_agraph(),type: Bug fix,closed,2025-08-21T16:34:11+00:00,2026-01-06T22:25:20+00:00,rossbar,138.24,False
8195,networkx/networkx,`p2g` module does not lazy-load,Discussion,closed,2025-08-14T19:01:38+00:00,2026-08-21T21:18:07+00:00,MridulS,372.09,False
8193,networkx/networkx,Networkx's `__init__.py` doesn't define the `__all__` list causing some linters to fail,Question,closed,2025-08-12T19:36:10+00:00,2025-09-04T22:05:38+00:00,rossbar,23.1,False
8188,networkx/networkx,nx.graph_edit_distance returns wrong value when one graph contains only one node and loops and the other graph is empty,type: Bug fix,closed,2025-08-08T09:13:02+00:00,2025-08-31T13:00:36+00:00,MridulS,23.16,False
8185,networkx/networkx,Unpickling error: 'PlanarEmbedding' object has no attribute '__forbidden',,closed,2025-08-07T18:33:52+00:00,2025-08-08T15:36:00+00:00,rossbar,0.88,False
8182,networkx/networkx,ENH: Add function for Hyper-Wiener Index,type: Enhancements,closed,2025-08-07T05:05:17+00:00,2025-08-28T02:37:06+00:00,dschult,20.9,False
8157,networkx/networkx,"Stop using codecov, test out using pytest-cov instead",type: Maintenance,closed,2025-07-19T12:07:46+00:00,2025-09-10T19:28:20+00:00,MridulS,53.31,False
8155,networkx/networkx,perf: add additional benchmark for `is_reachable`,type: Enhancements,closed,2025-07-17T22:14:51+00:00,2025-09-08T22:37:49+00:00,Peiffap,53.02,True
8143,networkx/networkx,`pos` kwarg not recognized by `display`,type: Bug fix;Visualization,closed,2025-07-10T10:08:20+00:00,2025-07-24T09:16:27+00:00,rossbar,13.96,False
8137,networkx/networkx,`edges_equal` implicitly assumes edges are undirected,type: Bug fix;type: Documentation;Discussion,closed,2025-07-08T13:13:44+00:00,2025-09-10T19:43:46+00:00,MridulS,64.27,False
8128,networkx/networkx,ENH: `min_length` kwarg for `simple_cycles`,type: Enhancements,open,2025-06-29T12:33:37+00:00,,,,
8119,networkx/networkx,Failing round-tripping test for empty graphs,type: Maintenance,closed,2025-06-21T11:16:55+00:00,2025-06-25T12:59:07+00:00,Peiffap,4.07,False
8117,networkx/networkx,"The min_weight_matching function gives wrong result, and the behaviour is not the same as max_weight_matching",Question,closed,2025-06-20T09:30:37+00:00,2025-06-24T02:15:54+00:00,wangyechao123,3.7,True
8115,networkx/networkx,Cannot import networkx: SyntaxError,Dispatching,closed,2025-06-19T06:01:47+00:00,2025-07-19T11:58:52+00:00,MridulS,30.25,False
8114,networkx/networkx,Why are draw() results so different from spring_layout + draw_networkx results?,Question;Visualization,closed,2025-06-18T16:08:07+00:00,2025-07-11T12:15:55+00:00,rossbar,22.84,False
8113,networkx/networkx,Unusual clipping in spring_layout,type: Enhancements,closed,2025-06-18T14:55:50+00:00,2025-09-08T16:13:55+00:00,dschult,82.05,False
8109,networkx/networkx,Example reference in `test_rcm_alternate_heuristic`,Question,closed,2025-06-10T17:18:41+00:00,2025-11-20T20:19:31+00:00,dschult,163.13,False
8106,networkx/networkx,connectionstyle arc and angle not working in draw_networkx_edge_labels,Visualization,closed,2025-06-08T16:23:05+00:00,2025-07-24T09:10:11+00:00,rossbar,45.7,False
8104,networkx/networkx,Improve error message for removed `random_tree` function in NetworkX ≥ 3.4,type: Maintenance,closed,2025-06-07T04:23:54+00:00,2025-06-07T18:24:42+00:00,dschult,0.58,False
8099,networkx/networkx,nx.optimal_edit_paths not finding optimal,type: Bug fix;Question,open,2025-06-04T14:47:30+00:00,,,,
8098,networkx/networkx,Move `_tree_center` to a separate module,type: API,closed,2025-06-04T11:26:52+00:00,2025-09-02T15:45:12+00:00,dschult,90.18,False
8095,networkx/networkx,Irreproducible result from Louvain graph partitioning,Question,closed,2025-06-03T17:04:57+00:00,2025-06-13T19:08:50+00:00,rossbar,10.09,False
8093,networkx/networkx,relabel_nodes changes attributes,type: Documentation;Question,closed,2025-06-03T13:13:39+00:00,2026-06-29T19:18:17+00:00,dschult,391.25,False
8091,networkx/networkx,Test failures with Python 3.14.0b2,type: Bug fix,closed,2025-06-03T07:42:20+00:00,2025-06-05T14:49:14+00:00,dschult,2.3,False
8090,networkx/networkx,Test failures regarding pytest-mpl and `mpl_image_compare`,,closed,2025-06-03T01:31:44+00:00,2025-08-14T19:04:18+00:00,rossbar,72.73,False
8087,networkx/networkx,Burt's constraint of a triad gives 1.125 instead of the expected 1.0,,closed,2025-06-02T09:55:46+00:00,2025-06-02T13:08:27+00:00,pjkreutzer,0.13,True
8063,networkx/networkx,Loading DOT string with pydot subsystem: get_strict() fails,,closed,2025-05-22T08:52:34+00:00,2025-05-22T17:09:22+00:00,rossbar,0.34,False
8060,networkx/networkx,Add Lexicographic Breadth-First Search,type: Enhancements,closed,2025-05-21T12:47:43+00:00,2025-11-07T12:55:58+00:00,dschult,170.01,False
8054,networkx/networkx,Issue with `optimize_edit_paths`: Order of `list(G1.nodes)` & `list(G2.nodes)`,Discussion,closed,2025-05-19T23:03:41+00:00,2026-03-29T19:49:19+00:00,amcandio,313.87,False
8046,networkx/networkx,MAINT: Finicky test for `maybe_regular_expander`,type: Maintenance,closed,2025-05-16T05:11:32+00:00,2025-05-17T19:52:58+00:00,dschult,1.61,False
8044,networkx/networkx,"An undirected 'Graph' object has no attribute 'all_neighbors', but the docs imply it should.",type: Documentation,closed,2025-05-13T10:44:23+00:00,2025-08-30T15:51:45+00:00,dschult,109.21,False
8040,networkx/networkx,Reading GEXF1.3-Files,type: Bug fix,closed,2025-05-12T06:18:36+00:00,2025-08-22T08:39:20+00:00,MridulS,102.1,False
8033,networkx/networkx,Inconsistent `References` formatting,type: Documentation;Discussion,closed,2025-05-09T02:29:06+00:00,2026-04-23T18:56:36+00:00,rossbar,349.69,False
8030,networkx/networkx,backends and not_implemented_for,Discussion;Dispatching,open,2025-05-07T14:00:22+00:00,,,,
8026,networkx/networkx,CI Failures due to pydot 4.0 release,type: Maintenance,closed,2025-05-07T01:21:35+00:00,2025-05-07T03:46:28+00:00,dschult,0.1,False
8014,networkx/networkx,support `target` parameter for `generate_random_paths`,type: Enhancements,closed,2025-04-30T17:30:39+00:00,2026-04-16T15:59:59+00:00,rossbar,350.94,False
8009,networkx/networkx,`bfs_layers` revisits source nodes in `sources` if `sources` an generator,,closed,2025-04-29T13:57:52+00:00,2025-04-30T17:33:30+00:00,dschult,1.15,False
8005,networkx/networkx,`generate_random_paths` should be `generate_random_walks`,type: Maintenance;type: API,open,2025-04-28T16:26:06+00:00,,,,
8004,networkx/networkx,minimum_node_cut not handling complete graphs correctly,,closed,2025-04-27T19:16:01+00:00,2025-08-26T04:54:44+00:00,amcandio,120.4,False
8001,networkx/networkx,index_map not populated by nx.generate_random_paths(),,closed,2025-04-27T10:16:02+00:00,2025-04-27T10:47:08+00:00,khughitt,0.02,True
7995,networkx/networkx,"CI ""extra"" workflow is failing doctest in readwrite/multiline_adjlist.py",type: Maintenance,closed,2025-04-23T20:36:24+00:00,2025-04-28T14:42:34+00:00,jarrodmillman,4.75,True
7994,networkx/networkx,`all_node_cuts()` performance degrades much faster than predicted by Kanevsky's minimum cut algorithm,,closed,2025-04-23T19:00:44+00:00,2026-04-10T19:55:46+00:00,dschult,352.04,False
7992,networkx/networkx,Improve Girman-Newman speed,type: Enhancements,open,2025-04-22T03:08:57+00:00,,,,
7986,networkx/networkx,Code of conduct changes,Discussion,closed,2025-04-18T16:59:25+00:00,2025-11-02T12:37:42+00:00,dschult,197.82,False
7985,networkx/networkx,Iteration over MST and CDS and maybe other trees,type: Enhancements,open,2025-04-18T16:51:38+00:00,,,,
7984,networkx/networkx,Improving visibility and access to nx-guides,type: Documentation,closed,2025-04-18T16:42:02+00:00,2026-05-07T17:05:21+00:00,MridulS,384.02,False
7980,networkx/networkx,"Support ""dense"" as a ""sparse format"" option to return numpy arrays.",type: Enhancements,closed,2025-04-17T12:16:24+00:00,2026-03-15T02:24:49+00:00,dschult,331.59,False
7972,networkx/networkx,GEFX 1.3 support,Question,closed,2025-04-14T17:42:51+00:00,2025-08-22T08:39:48+00:00,MridulS,129.62,False
7964,networkx/networkx,Directed edges in MultiDiGraph not handled correctly by subgraph monomorphism,type: Bug fix;type: Documentation,closed,2025-04-09T11:03:00+00:00,2025-05-17T19:49:51+00:00,dschult,38.37,False
7962,networkx/networkx,Cytoscape export of a cartesian graph is invalid,,open,2025-04-08T16:13:17+00:00,,,,
7958,networkx/networkx,TypeError: '_AxesStack' object is not callable,,closed,2025-04-03T08:37:06+00:00,2025-04-03T08:39:03+00:00,HarikrishnanK9,0.0,True
7951,networkx/networkx,multiple self loop edges overlapped,Visualization,open,2025-04-01T10:14:22+00:00,,,,
7948,networkx/networkx,nx.diameter inconsistent results with usebounds=True,,closed,2025-03-31T05:19:17+00:00,2025-04-09T04:16:13+00:00,amcandio,8.96,False
7942,networkx/networkx,"networkx.hypercube_graph documented as having nodes indexed by integers, actually uses n-tuples",type: Documentation,closed,2025-03-27T21:20:30+00:00,2025-07-09T16:53:28+00:00,dschult,103.81,False
7919,networkx/networkx,Complete DiGraph with 2 Nodes is Incompatible with asadpour_atsp Function,,closed,2025-03-21T17:28:40+00:00,2025-03-21T21:32:19+00:00,mjschwenne,0.17,True
7916,networkx/networkx,has_edge broken for MultiDiGraph edge_subgraph,Question,closed,2025-03-18T22:11:14+00:00,2025-03-24T16:51:33+00:00,rossbar,5.78,False
7913,networkx/networkx,cytoscape JSON is not valid,type: Documentation,open,2025-03-18T16:30:10+00:00,,,,
7912,networkx/networkx,Networkx ForceAtlas2 No Docstring Entry for `weight`,,closed,2025-03-18T15:50:53+00:00,2025-03-19T08:46:24+00:00,Schefflera-Arboricola,0.71,True
7909,networkx/networkx,minimum_st_node_cut returns empty dict instead of empty set,type: Bug fix;type: Documentation,closed,2025-03-16T14:00:06+00:00,2025-03-20T00:34:49+00:00,rossbar,3.44,False
7904,networkx/networkx,CI dispatch test is raising for nx_loopback tests,Dispatching,closed,2025-03-10T21:19:42+00:00,2025-04-17T17:26:49+00:00,dschult,37.84,False
7891,networkx/networkx,can you please add setup.py to the latest release ? i need it to install the lib in Yocto build system,,closed,2025-03-05T10:43:04+00:00,2025-03-05T17:48:54+00:00,rossbar,0.3,False
7887,networkx/networkx,Issue with `pydot_layout` function in `networkx` library: AttributeError,Question;Visualization,closed,2025-03-03T13:22:03+00:00,2025-03-05T11:05:52+00:00,GiuliaGualtieri,1.91,True
7879,networkx/networkx,raise nx.PowerIterationFailedConvergence(max_iter),,closed,2025-02-28T04:16:19+00:00,2025-02-28T04:18:04+00:00,HariNuve,0.0,True
7874,networkx/networkx,"updating backends(`nx.config`, entry_points, etc.) in the same session/runtime",Dispatching,open,2025-02-25T17:47:30+00:00,,,,
7872,networkx/networkx,pydot_layout / graphviz_layout is extremely slow compared to other layouts,Question;Pydot,closed,2025-02-25T08:04:19+00:00,2025-03-05T22:44:28+00:00,rossbar,8.61,False
7867,networkx/networkx,`chordless_cycles` raises an exception for some multi-graphs,type: Bug fix,closed,2025-02-20T13:36:42+00:00,2025-03-24T17:28:22+00:00,rossbar,32.16,False
7848,networkx/networkx,wrong example of pygraphviz_layout,type: Documentation,closed,2025-02-12T07:13:34+00:00,2025-02-12T18:05:46+00:00,jarrodmillman,0.45,False
7809,networkx/networkx,Add more details and update the support section,type: Maintenance,closed,2025-01-25T04:29:31+00:00,2025-02-07T02:14:35+00:00,dschult,12.91,False
7808,networkx/networkx,Intermittent failure of `test_pickle` dispatching test,type: Maintenance;Dispatching,closed,2025-01-24T05:14:33+00:00,2025-02-03T04:23:59+00:00,dschult,9.96,False
7806,networkx/networkx,Bugs WL (sub)graph hashing in relation to use degree at initialisation,,closed,2025-01-23T16:04:03+00:00,2025-03-22T16:41:12+00:00,rossbar,58.03,False
7805,networkx/networkx,"Intermittent CI failure: ""speed"" subpackage of osmnx not found.",type: Maintenance,closed,2025-01-22T04:27:02+00:00,2025-01-23T00:52:15+00:00,dschult,0.85,False
7800,networkx/networkx,wrong bound in is_regular_expander,type: Bug fix,closed,2025-01-19T06:03:37+00:00,2025-01-22T19:10:56+00:00,rossbar,3.55,False
7795,networkx/networkx,"Node attribute ""id"" gets removed during serialization/deserialization",,closed,2025-01-16T14:17:32+00:00,2025-01-20T17:38:05+00:00,brifordwylie,4.14,True
7787,networkx/networkx,Refactor: current `backends.py` and `configs.py` into `_backends`,Discussion;Dispatching,open,2025-01-08T12:58:02+00:00,,,,
7780,networkx/networkx,Error writting stochastic_block_model as a gml file : networkx.exception.NetworkXError: {0} is not a string,,closed,2024-12-29T19:18:54+00:00,2024-12-30T00:35:59+00:00,dschult,0.22,False
7775,networkx/networkx,Floating-point error results in error in Preflow-Push Algorithm,floating-point,closed,2024-12-21T19:38:52+00:00,2024-12-22T07:28:21+00:00,silaas,0.49,True
7772,networkx/networkx,The weight function cannot use any property of the minimal path up to a certain node,Question,closed,2024-12-17T08:30:57+00:00,2024-12-18T14:08:46+00:00,rianwouters,1.23,True
7769,networkx/networkx,CI failure in the geospatial example from using osmnx ,,closed,2024-12-12T16:31:22+00:00,2024-12-12T17:25:33+00:00,dschult,0.04,False
7763,networkx/networkx,NetworkX handles data inconsistently for pandas>=2,Question,closed,2024-12-10T19:03:56+00:00,2024-12-13T15:48:10+00:00,gboeing,2.86,True
7758,networkx/networkx,Unexpected behavior for subgraph monomorphisms with MultiGraph,type: Documentation,open,2024-12-05T15:11:41+00:00,,,,
7755,networkx/networkx,Test warnings in networkx/linalg/tests/test_algebraic_connectivity.py,Question,closed,2024-12-04T04:46:28+00:00,2024-12-29T10:20:52+00:00,MridulS,25.23,False
7752,networkx/networkx,asadpour_atsp unexpeted behaviour for digraph with just two nodes.,,closed,2024-12-02T15:04:58+00:00,2024-12-05T01:19:13+00:00,mjschwenne,2.43,False
7740,networkx/networkx,Opaque exception message for degree when node not present,type: Maintenance,closed,2024-11-26T21:38:49+00:00,2025-01-14T06:47:17+00:00,rossbar,48.38,False
7738,networkx/networkx,Test warnings in networkx/drawing/tests/test_pylab.py,type: Documentation,closed,2024-11-26T07:11:43+00:00,2024-12-12T19:14:45+00:00,dschult,16.5,False
7735,networkx/networkx,"Inconsistent behaviour between connectionstyle bar and arc3 - ""ValueError: too many values to unpack (expected 3)""",type: Bug fix;Visualization,closed,2024-11-24T06:41:30+00:00,2024-12-11T12:11:39+00:00,dschult,17.23,False
7733,networkx/networkx,graph_clique_number missing in 3.4.2 from clique.py file,,closed,2024-11-22T21:21:45+00:00,2024-11-26T06:16:26+00:00,rossbar,3.37,False
7732,networkx/networkx,MultiDigraph sets edge id=0 globally when creating a graphml file,,closed,2024-11-22T18:24:58+00:00,2024-11-23T16:43:43+00:00,laimaretto,0.93,True
7724,networkx/networkx,`MultiGraph` views return inconsistent `has_edge` results,,closed,2024-11-18T17:56:51+00:00,2024-11-21T18:48:00+00:00,Schefflera-Arboricola,3.04,False
7720,networkx/networkx,traveling_salesman_problem seems to ignore the weight parameter,,closed,2024-11-15T09:42:42+00:00,2024-11-18T00:37:24+00:00,mjschwenne,2.62,False
7719,networkx/networkx,"Deployed documentation failing to load javascript, hangs on views.scientific-python.org",type: Documentation,closed,2024-11-12T22:16:02+00:00,2024-11-22T06:27:42+00:00,rossbar,9.34,False
7716,networkx/networkx,Clean up after `random_k_out_graph` speed-up,type: Enhancements;type: API;Dispatching,closed,2024-11-11T15:14:58+00:00,2025-04-01T20:24:29+00:00,dschult,141.21,False
7696,networkx/networkx,Multi{Di}Graph incorrectly parses `incoming_graph_data` attributes from {Di}Graph objects.,Question,closed,2024-10-25T19:13:32+00:00,2024-10-25T21:37:28+00:00,rossbar,0.1,False
7693,networkx/networkx,Linting: enforce line lengths,Question,closed,2024-10-23T16:55:55+00:00,2025-05-02T17:44:54+00:00,MridulS,191.03,False
7687,networkx/networkx,`usebounds` parameter (related to eccentricity-based calculations) is undocumented,type: Documentation;Question,closed,2024-10-21T10:35:09+00:00,2025-03-24T17:31:31+00:00,rossbar,154.29,False
7684,networkx/networkx,Return type of draw_networkx_nodes is incorrect,,closed,2024-10-17T19:02:53+00:00,2024-10-18T13:24:08+00:00,jarrodmillman,0.76,False
7680,networkx/networkx,draw_networkx_edge_labels - node_size is not an accepted key word. ,,closed,2024-10-16T16:05:12+00:00,2024-10-16T18:40:08+00:00,bdougherty13,0.11,True
7677,networkx/networkx,BUG: `backend_info` entry_point is not working,Dispatching,closed,2024-10-14T15:44:59+00:00,2024-10-15T01:14:38+00:00,Schefflera-Arboricola,0.4,False
7675,networkx/networkx,docstring can be None when calling python with `-OO`,,closed,2024-10-14T11:46:41+00:00,2024-10-15T01:14:38+00:00,Schefflera-Arboricola,0.56,False
7671,networkx/networkx,Docs for Stable 3.4 Tutorial first result is a RunTimeWarning,,closed,2024-10-11T02:15:09+00:00,2024-10-11T21:04:07+00:00,dschult,0.78,False
7660,networkx/networkx,Invalid link weight when contracting,type: Documentation;Question,closed,2024-10-05T17:34:52+00:00,2025-09-07T15:43:48+00:00,dschult,336.92,False
7655,networkx/networkx,Lowest Common Ancestors (LCA) algorithm does not return the correct ancestor for every spanning tree,,closed,2024-10-01T08:58:37+00:00,2024-10-01T12:59:02+00:00,rossbar,0.17,False
7653,networkx/networkx,path is null  when I import  digraph from pgmpy,,closed,2024-09-29T12:48:19+00:00,2024-09-30T03:31:17+00:00,dschult,0.61,False
7648,networkx/networkx,Long node names break nx_pydot.pydot_layout (and possibly others),Pydot,closed,2024-09-23T18:16:57+00:00,2025-06-20T11:15:10+00:00,rossbar,269.71,False
7645,networkx/networkx,`PlanarEmbedding.to_undirected()` result in a `Graph` whose edges keep the 'cw' and 'ccw' attributes of one of the half-edges.,type: Bug fix,closed,2024-09-20T08:58:23+00:00,2025-01-19T20:28:43+00:00,rossbar,121.48,False
7643,networkx/networkx,Error in example code Community Detection using Girvan-Newman,,closed,2024-09-19T18:56:37+00:00,2024-10-07T17:08:41+00:00,rossbar,17.93,False
7641,networkx/networkx,generate_random_paths() function is not recognized,,closed,2024-09-19T11:22:59+00:00,2024-10-07T20:28:45+00:00,rossbar,18.38,False
7640,networkx/networkx,read_pajek issues with *edges and *arcs headers,Question;close ?,closed,2024-09-19T10:42:05+00:00,2024-11-08T21:37:38+00:00,rossbar,50.46,False
7638,networkx/networkx,"Benchmark CI isn't working, asv is complaining about 'libmambapy'",type: Maintenance,closed,2024-09-18T17:55:46+00:00,2026-06-07T22:30:53+00:00,MridulS,627.19,False
7633,networkx/networkx,Doc: visually hidden edge on gallery example Max Ind Set,type: Documentation,closed,2024-09-12T15:06:25+00:00,2024-09-14T16:41:58+00:00,dschult,2.07,False
7624,networkx/networkx,Allow edge weights for `harmonic_diameter` ,type: Enhancements,closed,2024-09-07T14:30:00+00:00,2024-12-13T03:22:34+00:00,dschult,96.54,False
7623,networkx/networkx,Separation of Exception Handling/Input Validation from Algorithm's Core Implementation,Discussion;Dispatching,open,2024-09-06T20:23:43+00:00,,,,
7609,networkx/networkx,`to_agraph` function modifies attributes of source graph,,closed,2024-08-21T00:15:27+00:00,2024-08-21T15:27:17+00:00,mjschwenne,0.63,False
7607,networkx/networkx,Floyd warshall and single source shortest paths give different results,,closed,2024-08-18T17:14:59+00:00,2024-08-19T15:03:39+00:00,Fre0Grella,0.91,True
7598,networkx/networkx,Networkx use np.alltrue which is deprecated and is removed in numpy 2.0+,,closed,2024-08-14T10:47:37+00:00,2024-08-15T19:11:45+00:00,jlandercy,1.35,True
7593,networkx/networkx,`weisfeiler_lehman_graph_hash` does not support `edge_attr` for `MultiDiGraph`,,closed,2024-08-09T14:01:36+00:00,2024-08-28T09:35:24+00:00,PhilippvK,18.82,True
7582,networkx/networkx,Shortest path with weight=weight_function not uniquely identifying MultiEdges,Question,closed,2024-07-30T15:47:21+00:00,2024-08-07T15:11:40+00:00,ff781,7.98,True
7581,networkx/networkx,"`nx.drawing.nx_pydot.graphviz_layout` crashes on a node with `""\n""` in the name (on new pydot versions)",,closed,2024-07-29T22:02:50+00:00,2024-08-07T19:12:03+00:00,MridulS,8.88,False
7580,networkx/networkx,"compute a random_regular_graph(N,K) but the adjacency matrix is totally wrong",type: Documentation,closed,2024-07-29T14:21:03+00:00,2024-10-28T17:40:11+00:00,rossbar,91.14,False
7579,networkx/networkx,Cycle basis for directed graphs,type: Enhancements;Question,open,2024-07-27T15:24:30+00:00,,,,
7575,networkx/networkx,"`numpy>=2`: Inconsistent `nx.subgraph` node types (`int`, `np.int64`)",,closed,2024-07-26T09:49:51+00:00,2024-08-14T18:58:08+00:00,nelsonaloysio,19.38,True
7564,networkx/networkx,VF2PP subgraph monomorphism,,closed,2024-07-16T17:16:40+00:00,2024-07-17T04:22:04+00:00,dschult,0.46,False
7562,networkx/networkx,network_simplex falsely reports negative cycle with infinite capacity,type: Bug fix,closed,2024-07-11T15:27:07+00:00,2025-02-16T18:20:17+00:00,dschult,220.12,False
7560,networkx/networkx,.write_GEXF fails when exporting an attribute with type list.,Question,closed,2024-07-10T23:15:56+00:00,2025-03-27T17:12:11+00:00,rossbar,259.75,False
7557,networkx/networkx,nx.from_graph6_bytes could (or should) ignore trailing \n bytes (byte code 10),,closed,2024-07-09T15:47:52+00:00,2025-04-01T13:41:00+00:00,dschult,265.91,False
7555,networkx/networkx,Gen Z,,closed,2024-07-09T02:14:28+00:00,2024-07-10T17:47:05+00:00,,1.65,
7536,networkx/networkx,CI: cugraph installation errors in docs workflow,type: Maintenance,closed,2024-07-02T11:49:36+00:00,2024-07-02T12:53:33+00:00,rossbar,0.04,False
7523,networkx/networkx,Graph becomes invalid after node removal,,closed,2024-06-26T14:59:28+00:00,2024-06-28T07:31:12+00:00,Old-Shatterhand,1.69,True
7522,networkx/networkx,wrong citation for dominance algorithms,,closed,2024-06-26T14:07:46+00:00,2024-07-01T09:39:11+00:00,rossbar,4.81,False
7519,networkx/networkx,Clarification of `networkx.karate_club_graph()` Dataset,type: Documentation,closed,2024-06-25T13:06:17+00:00,2024-09-30T17:50:20+00:00,MridulS,97.2,False
7516,networkx/networkx,nx.adjacency_matrix returns the incorrect adjacency matrix,Question,closed,2024-06-24T21:01:57+00:00,2024-07-11T10:52:49+00:00,rossbar,16.58,False
7510,networkx/networkx,Fix the docs of `strong_product`,type: Documentation,closed,2024-06-21T01:37:38+00:00,2024-06-24T16:35:00+00:00,rossbar,3.62,False
7505,networkx/networkx,Dispatch Test Failing Due to Graph `adj` Comparison for some algorithms in `expanders.py`,Dispatching,closed,2024-06-18T06:29:24+00:00,2024-06-19T14:40:47+00:00,Schefflera-Arboricola,1.34,False
7504,networkx/networkx,CI BUG: it probably shouldn't run on branches of forks,type: Maintenance;Discussion,closed,2024-06-18T01:14:07+00:00,2025-04-04T15:30:15+00:00,MridulS,290.59,False
7501,networkx/networkx,Not compatible with Numpy 2.0,,closed,2024-06-17T08:54:05+00:00,2024-06-17T11:50:42+00:00,Timmmm,0.12,True
7486,networkx/networkx,`rooted_product()` should raise `NodeNotFound` when `root` is not in `H`,,closed,2024-06-04T23:42:02+00:00,2024-10-04T08:53:01+00:00,Peiffap,121.38,False
7479,networkx/networkx,docs: several links in Citing section seem to have expired ,type: Documentation,closed,2024-06-03T13:20:14+00:00,2024-06-14T14:13:49+00:00,dschult,11.04,False
7476,networkx/networkx,`is_d_seperator` doesn't allow empty set in z,,closed,2024-06-02T10:08:29+00:00,2024-06-03T11:27:20+00:00,KevinTheRainmaker,1.05,True
7474,networkx/networkx,Planarity section has a typo `iff` (should be `if`) twice,,closed,2024-06-01T01:00:16+00:00,2024-06-01T01:03:19+00:00,yury-fedotov,0.0,True
7472,networkx/networkx,Parameter off by one in dorogovtsev_goltsev_mendes_graph,type: Documentation,closed,2024-05-30T21:46:29+00:00,2024-07-02T11:33:22+00:00,rossbar,32.57,False
7469,networkx/networkx,`algorithms.bridges.bridges()` does a redundant copy of graph,type: Maintenance,closed,2024-05-30T07:31:48+00:00,2024-05-31T16:27:44+00:00,rossbar,1.37,False
7468,networkx/networkx,"Refactor ""loopback"" testing backend to also serve as an example backend",,open,2024-05-29T16:10:54+00:00,,,,
7467,networkx/networkx,`shortest_path_length()` specifies return value of `int` but was `float`,type: Documentation,closed,2024-05-29T09:01:20+00:00,2024-06-04T18:09:55+00:00,MridulS,6.38,False
7462,networkx/networkx,edgelist reader removes deliminators if deliminator is white-space and file has empty fields [BUG],type: Bug fix,closed,2024-05-26T14:48:24+00:00,2024-07-08T13:22:53+00:00,dschult,42.94,False
7457,networkx/networkx,designated points shortest path problem？How to implement,,closed,2024-05-22T06:26:57+00:00,2024-05-25T08:40:23+00:00,MridulS,3.09,False
7456,networkx/networkx,"Add config option to disable the cache warning message, update warning to include instructions on how to disable",Dispatching,closed,2024-05-21T15:06:46+00:00,2024-12-05T16:11:24+00:00,eriknw,198.04,True
7452,networkx/networkx,3.3: pytest fails in multiple units using `numpy` and `scipy`,,closed,2024-05-20T00:10:34+00:00,2024-05-30T15:51:09+00:00,kloczek,10.65,True
7451,networkx/networkx,SpanningTreeIterator fails for MultiGraphs,,closed,2024-05-18T12:05:41+00:00,2024-07-10T14:01:45+00:00,mjschwenne,53.08,False
7444,networkx/networkx,keys added as edge attributes when using nx.from_pandas_edgelist,type: Bug fix,closed,2024-05-12T00:29:34+00:00,2024-05-15T15:05:28+00:00,dschult,3.61,False
7436,networkx/networkx,Update tests for macOS v14,,closed,2024-05-01T08:38:53+00:00,2024-05-01T19:20:26+00:00,rossbar,0.45,False
7429,networkx/networkx,kernel chash when use draw,,closed,2024-04-22T01:30:54+00:00,2024-04-22T15:38:03+00:00,toxfu,0.59,True
7428,networkx/networkx,Understanding nx-loopback graph conversion,,closed,2024-04-20T13:26:51+00:00,2024-05-22T18:01:43+00:00,rossbar,32.19,False
7410,networkx/networkx,Can't replicate directed functionality of deprecated `random_tree`,type: Documentation;Question,closed,2024-04-12T18:48:01+00:00,2024-05-21T00:12:52+00:00,dschult,38.23,False
7407,networkx/networkx,networkx.exception.NetworkXUnfeasible when creating a graph from pandas,,closed,2024-04-11T17:22:16+00:00,2024-04-15T01:34:21+00:00,dschult,3.34,False
7401,networkx/networkx,simple_cycles attempts to import multiple libraries on every call,,closed,2024-04-09T13:55:38+00:00,2024-04-19T18:57:00+00:00,MridulS,10.21,False
7400,networkx/networkx,Performance degradation from 1.11 to 2.0,Question,closed,2024-04-09T13:33:32+00:00,2025-07-03T15:52:54+00:00,dschult,450.1,False
7396,networkx/networkx,Graph name attribute for `complete_bipartite_graph` verbose for non-integer intputs,type: Maintenance,closed,2024-04-08T19:21:01+00:00,2024-04-11T03:58:35+00:00,dschult,2.36,False
7387,networkx/networkx,Dispatched nx-loopback tests performance degradation,Dispatching,open,2024-04-03T17:11:56+00:00,,,,
7385,networkx/networkx,`compute_v_structures` output and docstring do not agree,type: Bug fix,closed,2024-04-01T18:21:58+00:00,2024-06-26T10:28:56+00:00,rossbar,85.67,False
7383,networkx/networkx,3.2.1: pytest fails in networkx/drawing/tests/test_pylab.py with `module 'matplotlib' has no attribute 'use'`,type: Maintenance,closed,2024-04-01T08:19:18+00:00,2024-04-03T21:43:52+00:00,jarrodmillman,2.56,False
7377,networkx/networkx,FilterAdjacency: __len__ is recalculated unnecessarily,,closed,2024-03-27T12:24:47+00:00,2024-04-14T22:56:23+00:00,rossbar,18.44,False
7372,networkx/networkx,Double networkx.backends entry point with pytest on python 3.9 for networkx >=3.2,,closed,2024-03-26T07:34:46+00:00,2024-03-28T05:37:21+00:00,MridulS,1.92,False
7368,networkx/networkx,DiGraph.clear() is not clearing the graph content,close ?,closed,2024-03-23T06:25:26+00:00,2024-03-26T13:13:34+00:00,MridulS,3.28,False
7362,networkx/networkx,Goldberg-Radzik Algorithm Reports Negative Cycle Outside Connected Components,Question,open,2024-03-20T07:30:52+00:00,,,,
7358,networkx/networkx,Draw multigraphs example fails to run,,closed,2024-03-18T18:59:43+00:00,2024-03-19T21:08:43+00:00,rossbar,1.09,False
7354,networkx/networkx,Dispatch test suite incompatible with pygraphviz,type: Maintenance;Dispatching,closed,2024-03-15T18:03:56+00:00,2024-04-01T02:39:32+00:00,rossbar,16.36,False
7353,networkx/networkx,Missing documentation for output of ```optimal_edit_paths``` function,type: Documentation,closed,2024-03-15T09:09:39+00:00,2024-04-09T04:54:28+00:00,dschult,24.82,False
7349,networkx/networkx,Handling numpy scalars in contributor guide,type: Documentation,closed,2024-03-13T18:16:44+00:00,2024-12-21T17:39:32+00:00,Schefflera-Arboricola,282.97,False
7339,networkx/networkx,Inconsistent `shortest_path` warning and return type on main,,closed,2024-03-09T19:42:45+00:00,2024-03-13T16:39:17+00:00,dschult,3.87,False
7331,networkx/networkx,Pydot export fails for nodes with colons in their data.,,closed,2024-03-04T23:45:28+00:00,2024-03-09T18:16:49+00:00,rossbar,4.77,False
7330,networkx/networkx,`nx.weisfeiler_lehman_subgraph_hashes()` doesn't return initial node label hashes,type: Enhancements,closed,2024-03-03T20:26:13+00:00,2024-03-10T16:44:45+00:00,dschult,6.85,False
7317,networkx/networkx,Follow-up to #7313 - replace explicit ref links to headers with automod,type: Enhancements;type: Documentation,open,2024-02-28T20:01:55+00:00,,,,
7315,networkx/networkx,"`single_target_shortest_path_length` on main returns dict, not iterator",type: Bug fix,closed,2024-02-27T21:28:14+00:00,2024-03-05T06:30:37+00:00,MridulS,6.38,False
7304,networkx/networkx,Core dumps when calling Graph.subgraph() to fast/often in parallel,,closed,2024-02-19T00:34:49+00:00,2024-02-19T01:36:35+00:00,janneskruse,0.04,True
7301,networkx/networkx,contextily.add_basemap failing in some geospatial gallery examples,type: Documentation,closed,2024-02-15T17:29:52+00:00,2024-03-04T00:44:39+00:00,dschult,17.3,False
7292,networkx/networkx,Dispatch related test failure on main branch when testing locally. ,type: Maintenance;Dispatching,closed,2024-02-13T20:28:27+00:00,2024-03-27T17:13:28+00:00,dschult,42.86,False
7291,networkx/networkx,Empty GraphML attribute is not shown with networkx,type: Bug fix,closed,2024-02-13T07:58:23+00:00,2024-03-01T05:57:50+00:00,MridulS,16.92,False
7287,networkx/networkx,Deprecate `reverse_cuthill_mckee_ordering`?,Question;type: API,closed,2024-02-12T01:20:08+00:00,2024-02-22T01:23:00+00:00,rossbar,10.0,False
7286,networkx/networkx,`generate_random_paths` does not have a `seed` argument,type: Enhancements,closed,2024-02-11T21:48:37+00:00,2024-03-05T05:23:33+00:00,rossbar,22.32,False
7285,networkx/networkx,Inconsistency in return type of `all_node_cuts`,type: Bug fix;Question,closed,2024-02-11T20:15:35+00:00,2024-02-28T16:59:38+00:00,rossbar,16.86,False
7284,networkx/networkx,Visualization: arrowstyle warning is very noisy,type: Bug fix;Visualization,closed,2024-02-11T19:47:30+00:00,2024-02-15T12:09:48+00:00,MridulS,3.68,False
7279,networkx/networkx,Regression: minimum_spanning_arborescence breaks on unweighted graphs,type: Bug fix,closed,2024-02-09T16:27:51+00:00,2024-02-14T17:06:10+00:00,rossbar,5.03,False
7278,networkx/networkx,Intersphinx objects missing references to submodules of centrality and component,type: Documentation,closed,2024-02-09T02:15:08+00:00,2024-02-28T19:57:15+00:00,rossbar,19.74,False
7275,networkx/networkx,"python3.10 -m pip install -e . 3.2.1 results in ""ROR: Could not find a version that satisfies the requirement 3.2.1 (from versions: none) ERROR: No matching distribution found for 3.2.1""",,closed,2024-02-06T16:26:29+00:00,2024-02-06T17:47:26+00:00,rossbar,0.06,False
7272,networkx/networkx,problem with cycle_basis,Question,closed,2024-02-05T16:55:58+00:00,2024-02-05T20:05:35+00:00,ValeriaIM,0.13,True
7256,networkx/networkx,`nonisomorphic_trees`  create argument,Discussion;type: API,closed,2024-01-29T19:21:22+00:00,2024-02-28T14:55:38+00:00,MridulS,29.82,False
7253,networkx/networkx,Return type of `general_k_edge_subgraphs` is incorrect in docstring,type: Documentation,closed,2024-01-29T17:17:53+00:00,2024-01-30T00:45:42+00:00,dschult,0.31,False
7252,networkx/networkx,"Docstring of `nonisomorphic_trees` should use `Yields`, not `Returns`",type: Documentation,closed,2024-01-29T16:15:31+00:00,2024-02-02T09:14:09+00:00,MridulS,3.71,False
7248,networkx/networkx,Unexpected test failures in `test_algebraic_connectivity.py`(in nx-parallel),,open,2024-01-23T18:03:55+00:00,,,,
7246,networkx/networkx,Contributing.md details with setup not included,Question;close ?,closed,2024-01-21T18:16:10+00:00,2024-02-14T18:44:37+00:00,rossbar,24.02,False
7240,networkx/networkx,`test_ring_of_cliques` test fails unexpectedly,type: Bug fix,closed,2024-01-19T19:29:03+00:00,2024-01-20T14:47:48+00:00,dschult,0.8,False
7239,networkx/networkx,No attributes 'from_numpy_matrix' and 'to_numpy_matrix',Question,closed,2024-01-19T09:12:24+00:00,2024-01-19T15:34:01+00:00,rossbar,0.27,False
7236,networkx/networkx,Intermittent test failures for test_directed_edge_swap,type: Bug fix,closed,2024-01-18T17:42:48+00:00,2024-01-19T23:29:28+00:00,rossbar,1.24,False
7235,networkx/networkx,Gallery: spectral graph partition very slow,type: Maintenance;type: Documentation,closed,2024-01-18T05:19:51+00:00,2024-03-06T19:37:34+00:00,jarrodmillman,48.6,False
7230,networkx/networkx,"Unexpected results from Kernighan-Lin algorithm, also compared to another implementation",,closed,2024-01-16T02:06:53+00:00,2024-01-16T18:05:12+00:00,rossbar,0.67,False
7228,networkx/networkx,Typo in Tensor Product Documentation,,closed,2024-01-15T20:27:55+00:00,2024-01-16T03:18:17+00:00,dschult,0.28,False
7223,networkx/networkx,`PlanarEmbedding.copy()` raising `NotImplementedError` after PR #6798,,closed,2024-01-13T17:08:52+00:00,2024-02-28T14:59:35+00:00,MridulS,45.91,False
7215,networkx/networkx,Random failures in nightly wheel upload action,type: Maintenance,closed,2024-01-07T16:12:23+00:00,2024-03-03T20:11:33+00:00,rossbar,56.17,False
7206,networkx/networkx,Drawing fails as ```TypeError: '_AxesStack' object is not callable```,Question,closed,2024-01-04T19:43:58+00:00,2024-01-04T20:31:16+00:00,rossbar,0.03,False
7189,networkx/networkx,"""dispatch"" decorator needs documentation for contributors and readers of code",type: Documentation,closed,2023-12-26T02:48:26+00:00,2024-06-26T14:38:40+00:00,Schefflera-Arboricola,183.49,False
7188,networkx/networkx,from_pandas_edgelist() adds some edges backwards,,closed,2023-12-25T15:58:46+00:00,2024-01-02T13:10:45+00:00,MridulS,7.88,False
7187,networkx/networkx,"not well-formed (invalid token): line 9242, column 48",,closed,2023-12-24T10:31:52+00:00,2023-12-26T15:55:55+00:00,dschult,2.23,False
7176,networkx/networkx,"NodesDataView is not always a set, but promises that it is",,closed,2023-12-19T05:37:35+00:00,2024-01-31T18:49:16+00:00,rossbar,43.55,False
7173,networkx/networkx,"""to_scipy_sparse_array"" invents non-existing edges",,closed,2023-12-18T21:29:47+00:00,2023-12-19T14:52:23+00:00,dschult,0.72,False
7172,networkx/networkx,Should `is_distance_regular` and `intersection_array` have @not_implemented_for?,Question,closed,2023-12-18T01:06:16+00:00,2023-12-21T10:01:11+00:00,MridulS,3.37,False
7170,networkx/networkx,NetworkX has a logical problem on subgraph isomorphism,type: Documentation;Question,closed,2023-12-16T19:51:20+00:00,2023-12-30T15:40:28+00:00,dschult,13.83,False
7168,networkx/networkx,Minimum cost flow violates constraint,Question,closed,2023-12-16T14:59:02+00:00,2023-12-16T16:26:44+00:00,Serious-senpai,0.06,True
7158,networkx/networkx,AttributeError: module networkx has no attribute from_scipy_sparse_array,,closed,2023-12-13T15:24:15+00:00,2023-12-13T17:48:27+00:00,rossbar,0.1,False
7154,networkx/networkx,Binary/array-based storage for network data structure,Discussion,open,2023-12-12T15:45:34+00:00,,,,
7153,networkx/networkx,`strategy_saturation_largest_first` endless generator,,closed,2023-12-12T12:17:47+00:00,2024-03-05T06:29:33+00:00,MridulS,83.76,False
7150,networkx/networkx,Invalid link in girth docs - missing close parenthesis ),,closed,2023-12-10T15:38:42+00:00,2023-12-12T19:17:36+00:00,rossbar,2.15,False
7149,networkx/networkx,networkx-3.2.1_1: /usr/lib/python3.12/site-packages/networkx/readwrite/tests/test_gml.py:557: SyntaxWarning: invalid octal escape sequence '\420',,closed,2023-12-10T11:51:03+00:00,2023-12-17T02:17:23+00:00,dschult,6.6,False
7148,networkx/networkx,Provide non-normalized directed laplacian matrix calculation,type: Enhancements;type: Documentation,closed,2023-12-09T22:00:51+00:00,2024-01-09T18:46:52+00:00,rossbar,30.87,False
7147,networkx/networkx,Document walk_type in directed_laplacian and friends,type: Documentation,closed,2023-12-09T21:37:13+00:00,2023-12-18T20:00:11+00:00,MridulS,8.93,False
7144,networkx/networkx,weird problem with importing networkx,,closed,2023-12-07T22:03:10+00:00,2023-12-10T13:56:22+00:00,MridulS,2.66,False
7137,networkx/networkx,networkX 3.2.1 (python 3.10.12) has shortest path error?,Question,closed,2023-11-30T20:08:35+00:00,2023-11-30T20:13:10+00:00,rossbar,0.0,False
7133,networkx/networkx,nx.spring_layout(net),,closed,2023-11-30T12:34:45+00:00,2023-12-01T06:52:03+00:00,MridulS,0.76,False
7126,networkx/networkx,Two different formula's used for personalised pagerank,,closed,2023-11-20T22:25:11+00:00,2023-11-20T22:25:43+00:00,deepak0405,0.0,True
7124,networkx/networkx,"neighbors function returns iterator, not list",,closed,2023-11-19T11:50:27+00:00,2023-11-22T15:37:15+00:00,dschult,3.16,False
7119,networkx/networkx,`nx.configuration_model` + `nx.Graph` = degree distribution not preserved,,closed,2023-11-16T17:29:08+00:00,2023-11-16T21:56:10+00:00,rossbar,0.19,False
7108,networkx/networkx,"Unhandled Exceptions in `panther_similarity`, `simrank_similarity`, `preferential_attachment` and `jaccard_coefficient`",,closed,2023-11-11T07:56:24+00:00,2023-12-18T14:13:28+00:00,MridulS,37.26,False
7106,networkx/networkx,Add k-Components Algorithm for Directed Graphs ,type: Enhancements,open,2023-11-09T21:47:25+00:00,,,,
7105,networkx/networkx,no plot in networkx/examples/algorithms /plot_iterated_dynamical_systems.py - delete?,type: Documentation,open,2023-11-09T19:13:30+00:00,,,,
7102,networkx/networkx,weisfeiler_lehman_graph_hash different for isomorphic graphs,floating-point,closed,2023-11-09T15:23:00+00:00,2023-11-11T15:59:58+00:00,luvrgz,2.03,True
7101,networkx/networkx,RuntimeWarning: networkx backend defined more than once for networkx v3.2+ on RHEL 9.2 OS,,closed,2023-11-09T07:15:43+00:00,2024-01-31T18:53:46+00:00,rossbar,83.48,False
7099,networkx/networkx,Tracking issue for future wishlist - good ideas - maybes (?),Discussion,open,2023-11-08T20:26:45+00:00,,,,
7095,networkx/networkx,Release notes for 3.2 do not make it clear that python 3.8 support is dropped,,closed,2023-11-08T11:03:48+00:00,2023-11-14T19:22:40+00:00,jarrodmillman,6.35,False
7085,networkx/networkx,Node still exist after removing using remove_node,,closed,2023-11-03T03:48:55+00:00,2023-11-04T05:00:56+00:00,SubChange,1.05,True
7067,networkx/networkx,3.2.1 release,type: Maintenance,closed,2023-10-27T04:04:03+00:00,2023-10-28T09:29:12+00:00,jarrodmillman,1.23,False
7064,networkx/networkx,3.2: networkx import crashes with PYTHONWARNINGS=error,,closed,2023-10-26T09:06:24+00:00,2023-10-28T09:29:24+00:00,jarrodmillman,2.02,False
7054,networkx/networkx,Using arrows in draw_networkx_edges removes legend labels.,Visualization,open,2023-10-24T17:44:46+00:00,,,,
7047,networkx/networkx,backend nx-loopback not found when trying to run pytest,type: Maintenance,closed,2023-10-23T17:05:40+00:00,2023-10-27T01:52:50+00:00,MridulS,3.37,False
7044,networkx/networkx,3.2 backends: maxflow backend kwargs vs flow_func kwargs,type: API,closed,2023-10-23T03:19:08+00:00,2023-11-08T20:42:08+00:00,dschult,16.72,False
7039,networkx/networkx,conda python 3.8 pulls networkx 3.2,,closed,2023-10-22T03:32:22+00:00,2023-10-24T10:27:05+00:00,MridulS,2.29,False
7038,networkx/networkx,could_be_isomorphic returns False for an isomorphic graph on 3.2,type: Bug fix,closed,2023-10-21T15:15:28+00:00,2023-10-23T05:17:58+00:00,MridulS,1.59,False
7036,networkx/networkx,Add Python features that started with v3.10 now that v3.9 support is dropped,type: Maintenance,closed,2023-10-20T15:15:59+00:00,2024-03-27T19:05:53+00:00,rossbar,159.16,False
7035,networkx/networkx,Miscalculation of a node's degree when it is connected to itself (affects `modularity` and `louvain_communities`),,closed,2023-10-19T20:06:33+00:00,2023-10-19T22:32:48+00:00,rossbar,0.1,False
7033,networkx/networkx,3.2: pytest is failing in use `importlib.resources` module (6.1.0),Question,closed,2023-10-19T16:17:23+00:00,2023-11-01T18:14:51+00:00,jarrodmillman,13.08,False
7032,networkx/networkx,SyntaxWarning for invalid escape sequence,type: Bug fix,closed,2023-10-19T13:48:47+00:00,2023-10-20T03:54:35+00:00,jarrodmillman,0.59,False
7031,networkx/networkx,pip install networkx==3.2 fails,Question,closed,2023-10-19T12:04:02+00:00,2023-10-19T17:17:27+00:00,rossbar,0.22,False
7023,networkx/networkx,```is_k_edge_connected``` incorrectly returns True for k=2 with multi-component graphs without bridges,,closed,2023-10-17T16:06:41+00:00,2023-10-18T19:29:15+00:00,rossbar,1.14,False
7021,networkx/networkx,The adjacency matrix generated for a directed graph might be incorrect.,,closed,2023-10-14T16:55:35+00:00,2023-10-15T18:15:45+00:00,MridulS,1.06,False
7017,networkx/networkx,networkx.draw_networkx() is giving extra edges in a pandapower network,,closed,2023-10-13T06:34:05+00:00,2023-10-13T06:42:11+00:00,rahatN-tech,0.01,True
7014,networkx/networkx,Documentation for katz_centrality missing default alpha value,type: Documentation,closed,2023-10-12T13:30:19+00:00,2023-10-13T13:07:56+00:00,dschult,0.98,False
7006,networkx/networkx,PULL_REQUEST_TEMPLATE.md,,closed,2023-10-10T17:38:30+00:00,2023-10-10T18:49:11+00:00,akshayamadhuri,0.05,True
7003,networkx/networkx,parallelization of all_pairs_bellman_ford_path,type: API,closed,2023-10-10T12:39:19+00:00,2023-12-05T10:44:07+00:00,MridulS,55.92,False
6994,networkx/networkx,d_separated and minimal_d_separator functions incorrectly handle non-disjoint sets and adjacent nodes,,closed,2023-10-06T22:05:44+00:00,2023-10-16T16:17:13+00:00,Alex-Markham,9.76,True
6986,networkx/networkx,"""documentation version"" drop-down button doesn't work on the stable version ",,closed,2023-10-05T14:45:25+00:00,2023-10-05T14:57:19+00:00,Schefflera-Arboricola,0.01,False
6980,networkx/networkx,CI broken due to delaunay plotting example,type: Maintenance,closed,2023-10-04T09:39:19+00:00,2023-10-04T20:02:35+00:00,MridulS,0.43,False
6971,networkx/networkx,Missing parameter description in docs for snap_aggregation,type: Documentation,closed,2023-10-02T05:58:27+00:00,2023-10-03T14:22:11+00:00,MridulS,1.35,False
6966,networkx/networkx,Add support for empty line of adjlist graph ,,closed,2023-09-29T15:18:21+00:00,2023-10-24T09:12:18+00:00,MridulS,24.75,False
6951,networkx/networkx,Add Functionality to Display DiGraph in ASCII Format,,closed,2023-09-25T18:38:37+00:00,2023-09-25T19:34:52+00:00,ashish16052,0.04,True
6947,networkx/networkx,change default for new function `join_trees` ,type: Enhancements,closed,2023-09-23T00:46:55+00:00,2023-10-04T22:23:43+00:00,dschult,11.9,False
6944,networkx/networkx,Add non-graphical examples to graphical degree sequences doc strings ,type: Documentation,closed,2023-09-22T15:11:51+00:00,2023-09-27T12:23:18+00:00,dschult,4.88,False
6932,networkx/networkx,`fruchterman_reingold_layout` returns an error if `dim=1`,type: Documentation;Visualization,closed,2023-09-18T16:04:38+00:00,2023-09-21T13:35:33+00:00,rat-h,2.9,True
6927,networkx/networkx,invalid literal for int() when reading gexf,Question;close ?,closed,2023-09-14T01:35:59+00:00,2023-11-28T02:44:32+00:00,MridulS,75.05,False
6924,networkx/networkx,Some examples in tournament.py don't use tournament graphs,type: Documentation,closed,2023-09-13T03:25:40+00:00,2023-09-30T13:54:12+00:00,dschult,17.44,False
6921,networkx/networkx,`nx.negative_edge_cycle` gets crashes for MultiDiGraph in two corner cases,,closed,2023-09-11T09:06:31+00:00,2023-09-27T17:52:00+00:00,rossbar,16.36,False
6920,networkx/networkx,"Crashes and strange results in `random_spanning_tree`, `information_centrality`, `intersection_array`, and `rich_club_coefficient`",,closed,2023-09-11T08:21:38+00:00,2026-04-22T18:19:16+00:00,rossbar,954.42,False
6918,networkx/networkx,Possible performance regression of digraph add_edges_from and add_nodes_from in Python 3.12.0rc1,run:benchmark,closed,2023-09-07T16:33:13+00:00,2023-10-18T18:26:17+00:00,MridulS,41.08,False
6916,networkx/networkx,Strange behavior in `nx.effective_size` for the single node graph,,closed,2023-09-07T11:51:04+00:00,2025-03-14T00:32:49+00:00,dschult,553.53,False
6915,networkx/networkx,ValueError caused by `nx.random_triad` when the input graph contains less 3 nodes,,closed,2023-09-07T11:03:00+00:00,2023-09-27T15:45:02+00:00,dschult,20.2,False
6914,networkx/networkx,"ZeroDivisionError in ""nx.global_reaching_centrality"" and ""nx.local_reaching_centrality"" caused by the graph contains only one node.",,closed,2023-09-07T10:13:27+00:00,2024-09-07T14:29:16+00:00,MridulS,366.18,False
6913,networkx/networkx,"ValueError crash in ""nx.degree_pearson_correlation_coefficient"" when input graph with no edges",type: Bug fix,closed,2023-09-07T09:48:31+00:00,2026-04-30T01:48:21+00:00,dschult,965.67,False
6912,networkx/networkx,"KeyError Crash in ""nx.combinatorial_embedding_to_pos""",,closed,2023-09-07T08:51:18+00:00,2023-09-11T18:00:10+00:00,joyemang33,4.38,True
6910,networkx/networkx,Desired semantics for nx.join_trees,Discussion,closed,2023-09-06T22:30:06+00:00,2023-09-21T21:21:12+00:00,rossbar,14.95,False
6906,networkx/networkx,Rename nx.join to something which gives more context about operations on trees,type: Maintenance,closed,2023-09-06T12:31:59+00:00,2023-09-11T16:55:06+00:00,dschult,5.18,False
6904,networkx/networkx,Check `not_implemented_for` usage pattern for mistakes,type: Maintenance,closed,2023-09-05T18:24:24+00:00,2023-12-21T10:01:25+00:00,MridulS,106.65,False
6899,networkx/networkx,"""nx.trophic_levels"" returning strange INF value caused by insufficient checking for singular matrix ",,closed,2023-09-04T05:48:41+00:00,2024-11-13T03:16:51+00:00,dschult,435.89,False
6897,networkx/networkx,Discrepancy in 'strongly_connected_components_recursive' for Detecting SCCs,,closed,2023-09-03T10:14:49+00:00,2023-10-05T19:40:55+00:00,MridulS,32.39,False
6888,networkx/networkx,"Unstable and Incorrect ""nx.eigenvector_centrality_numpy"" result when the graph is disconnected",,closed,2023-08-31T11:35:57+00:00,2024-09-07T15:36:08+00:00,MridulS,373.17,False
6886,networkx/networkx,"Unexpected Crash in ""nx.percolation_centrality"" caused by KeyError: 0",,closed,2023-08-31T08:09:32+00:00,2023-09-12T06:16:32+00:00,rossbar,11.92,False
6881,networkx/networkx,Steiner tree approximation does not iteratively remove nonterminal leaves,type: Bug fix,closed,2023-08-29T12:20:50+00:00,2024-09-06T02:17:40+00:00,dschult,373.58,False
6877,networkx/networkx,Poor draw_networkx_labels result,Visualization,open,2023-08-25T17:25:59+00:00,,,,
6875,networkx/networkx,"Request to filter out negative communicability results caused by rounding, and set them to 0",floating-point,closed,2023-08-24T07:27:12+00:00,2023-08-24T16:48:27+00:00,rossbar,0.39,False
6874,networkx/networkx, Inconsistency in Negative Cycle Detection Between Bellman-Ford and Goldberg-Radzik Algorithms,,closed,2023-08-24T07:08:13+00:00,2023-08-31T20:30:05+00:00,dschult,7.56,False
6873,networkx/networkx,Review maximum cardinality search algorithm in `complete_to_chordal_graph`,Question,open,2023-08-23T04:50:04+00:00,,,,
6872,networkx/networkx,Junction tree / clique tree not over maximal cliques?,,open,2023-08-23T03:04:28+00:00,,,,
6871,networkx/networkx,Junction tree is disconnected?,,closed,2023-08-22T20:40:33+00:00,2023-08-22T20:43:21+00:00,richardrl,0.0,True
6870,networkx/networkx,Performance regression in connected components (maybe?),Discussion,open,2023-08-22T11:59:09+00:00,,,,
6865,networkx/networkx,directed_laplacian_matrix sometimes returns nans,,closed,2023-08-21T11:09:47+00:00,2023-08-21T19:31:13+00:00,dschult,0.35,False
6863,networkx/networkx,Input graph is not chordal for complete_to_chordal_graph,Question,open,2023-08-21T07:21:53+00:00,,,,
6862,networkx/networkx,Caccessed,,closed,2023-08-20T14:39:46+00:00,2023-08-20T14:43:35+00:00,MridulS,0.0,False
6855,networkx/networkx,Nightly wheels failing,,closed,2023-08-17T18:10:16+00:00,2023-08-18T09:12:56+00:00,MridulS,0.63,False
6849,networkx/networkx,Update documentation for community algorithms,type: Documentation,closed,2023-08-15T07:53:31+00:00,2023-10-12T05:05:27+00:00,rossbar,57.88,False
6848,networkx/networkx,Heads up.... numpy random integer generators cant handle large integers,Discussion,closed,2023-08-14T15:35:19+00:00,2024-02-28T20:03:50+00:00,dschult,198.19,False
6846,networkx/networkx,NetworkX fails with NumPy 2.0dev - NEP 51,type: Maintenance,closed,2023-08-13T06:32:05+00:00,2023-08-18T17:38:03+00:00,MridulS,5.46,False
6844,networkx/networkx,closeness_centrality AttributeError: module 'networkx' has no attribute 'single_source_shortest_path_length',,closed,2023-08-10T00:00:54+00:00,2023-08-10T03:59:24+00:00,aroyphillips,0.17,True
6836,networkx/networkx,Multi-line entries in GML files not supported,,closed,2023-08-03T02:10:00+00:00,2023-08-11T15:33:04+00:00,MridulS,8.56,False
6833,networkx/networkx,"question about Graph Isomorphism with function ""nx.vf2pp_is_isomorphic""",,closed,2023-08-02T09:11:33+00:00,2023-08-02T18:24:11+00:00,MridulS,0.38,False
6823,networkx/networkx,Condition in `test_louvain::test_threshold` not representative of graphs with same parameters but different seed.,type: Maintenance,closed,2023-08-01T09:46:52+00:00,2024-03-10T14:31:20+00:00,dschult,222.2,False
6822,networkx/networkx,LFR_benchmark_graph : community size validation can result in impossible values ,,open,2023-07-31T15:14:36+00:00,,,,
6821,networkx/networkx,dfs_labeled_edges output doesn't make sense/is inconsistent with definitions,,closed,2023-07-31T03:44:02+00:00,2023-07-31T05:31:32+00:00,20kavishs,0.07,True
6817,networkx/networkx,NetworkX User Survey 2023 closed but still displayed on website,,closed,2023-07-28T21:44:54+00:00,2023-07-29T03:03:15+00:00,jarrodmillman,0.22,False
6813,networkx/networkx,`second_order_centrality`,,closed,2023-07-27T16:55:43+00:00,2023-07-27T16:56:33+00:00,MridulS,0.0,False
6809,networkx/networkx,LFR_benchmark_graph : graph generation does not preserve degree distribution,,open,2023-07-26T12:55:44+00:00,,,,
6804,networkx/networkx,Followup ideas from the `_dispatch` code audit,type: API,closed,2023-07-22T22:03:22+00:00,2025-03-22T16:42:52+00:00,rossbar,608.78,False
6796,networkx/networkx,Modifying the edges of a PlannarEmbedding graph invalidates its structure.,,closed,2023-07-19T14:12:07+00:00,2024-01-11T19:00:22+00:00,rossbar,176.2,False
6795,networkx/networkx,confusing results generated by dfs_predecessors(),type: Documentation,closed,2023-07-19T01:35:42+00:00,2023-08-21T18:34:32+00:00,jarrodmillman,33.71,False
6792,networkx/networkx,Problem in nx.adjacency_matrix() related to the format csr change.,type: Bug fix,closed,2023-07-17T13:12:23+00:00,2023-07-23T13:49:48+00:00,dschult,6.03,False
6790,networkx/networkx,Louvain algorithm throws ZeroDivisionError with graphs that have no edges.,,closed,2023-07-15T17:00:15+00:00,2023-07-15T19:46:43+00:00,MridulS,0.12,False
6787,networkx/networkx,Minimum cycle basis incorrect,,closed,2023-07-12T22:27:29+00:00,2023-07-13T14:58:20+00:00,dschult,0.69,False
6783,networkx/networkx,Minimum cycle basis returns impossible cycles,type: Documentation;Question,closed,2023-07-10T22:59:13+00:00,2023-07-13T14:58:21+00:00,dschult,2.67,False
6777,networkx/networkx,Problem in lowest_common_ancestors functionality for DAGs,type: Enhancements;LCA,open,2023-07-03T19:12:39+00:00,,,,
6770,networkx/networkx,Unify documentation README with contributor guide,type: Maintenance,closed,2023-06-27T11:02:58+00:00,2023-09-23T00:31:22+00:00,dschult,87.56,False
6765,networkx/networkx,Building the documentation results in several errors,type: Documentation,closed,2023-06-26T11:32:07+00:00,2023-06-26T14:12:28+00:00,paulbrodersen,0.11,True
6764,networkx/networkx,Building the documentation requires additional dependencies beyond what is specified in doc/README.md,type: Documentation,closed,2023-06-26T11:23:59+00:00,2023-06-26T17:39:08+00:00,paulbrodersen,0.26,False
6763,networkx/networkx,LFR_benchmark_graph missing condition check,,open,2023-06-25T08:37:49+00:00,,,,
6762,networkx/networkx,LFR_benchmark_graph incorrect condition in loop,,open,2023-06-25T08:28:33+00:00,,,,
6757,networkx/networkx,All simple paths takes hours in edge case,,closed,2023-06-22T16:25:40+00:00,2026-03-05T19:50:40+00:00,MridulS,987.14,False
6756,networkx/networkx,"github-actions `test / base (ubuntu, 3.12-dev) (pull_request)` fails due to missing numpy dependency",,closed,2023-06-22T14:41:58+00:00,2023-06-25T08:42:25+00:00,MridulS,2.75,False
6754,networkx/networkx,Pre-commit setup of nodejs results in error as nodejs cannot find GLIBC on Ubuntu 18.04,,closed,2023-06-22T10:47:43+00:00,2023-06-26T10:39:04+00:00,MridulS,3.99,False
6753,networkx/networkx,Functions with assumed edge or node attributes,,closed,2023-06-21T20:02:37+00:00,2023-07-28T16:25:07+00:00,rossbar,36.85,False
6751,networkx/networkx,`louvain_communities` runs infinite loop,floating-point,closed,2023-06-18T17:40:56+00:00,2023-06-21T19:54:38+00:00,woQal,3.09,True
6750,networkx/networkx,Docstring of `intersection_all` incorrect (graph attrs are copied),,closed,2023-06-16T17:33:17+00:00,2023-07-15T16:33:08+00:00,dschult,28.96,False
6749,networkx/networkx,Docstring of `johnson` algorithm handling of weight incorrect,,closed,2023-06-16T17:25:06+00:00,2023-06-27T12:08:49+00:00,MridulS,10.78,False
6748,networkx/networkx,Travelling Salesman Problem gives wrong results if triangle inequality is not fulfilled,type: Documentation;Question,closed,2023-06-16T09:45:05+00:00,2023-11-09T07:15:45+00:00,rossbar,145.9,False
6747,networkx/networkx,"remove_edges_from() affects all copies of a graph, not just the one specified",,closed,2023-06-15T09:40:48+00:00,2023-06-15T15:04:28+00:00,rossbar,0.22,False
6745,networkx/networkx,Travelling Salesman Problem takes too long for directed graphs,,closed,2023-06-14T14:01:09+00:00,2023-10-12T19:41:59+00:00,dschult,120.24,False
6740,networkx/networkx,maximum_flow() bug,type: Documentation,closed,2023-06-12T15:21:56+00:00,2025-05-22T17:05:32+00:00,rossbar,710.07,False
6739,networkx/networkx,contracted_nodes() duplicates edges,,closed,2023-06-09T11:00:00+00:00,2023-09-08T09:54:43+00:00,MridulS,90.95,False
6735,networkx/networkx,A typo in documentation,,closed,2023-06-07T03:23:41+00:00,2023-06-07T04:56:11+00:00,MridulS,0.06,False
6732,networkx/networkx,all_simple_paths on MultiGraph fails when multiple targets are reached exactly at the cutoff,,closed,2023-06-03T13:43:07+00:00,2023-11-28T02:32:39+00:00,MridulS,177.53,False
6728,networkx/networkx,Bug in intersection?,type: Bug fix,closed,2023-06-02T01:17:20+00:00,2023-06-27T08:43:09+00:00,MridulS,25.31,False
6722,networkx/networkx,Inefficient implementation of astar_path,,closed,2023-05-31T15:31:38+00:00,2023-05-31T20:59:34+00:00,MridulS,0.23,False
6719,networkx/networkx,GraphML export attribute types are opaque and unintuitive,,open,2023-05-30T14:21:59+00:00,,,,
6716,networkx/networkx,depth limited search labeled edges,,open,2023-05-29T02:56:39+00:00,,,,
6713,networkx/networkx,Wrong Dominance Frontiers when loop in first 2 nodes,,closed,2023-05-27T08:14:40+00:00,2025-10-28T23:44:56+00:00,dschult,885.65,False
6710,networkx/networkx,A graphs start node is its own Immediate-Dominator in your implementation which should not be the case,,closed,2023-05-26T12:53:56+00:00,2025-10-28T23:44:56+00:00,dschult,886.45,False
6709,networkx/networkx,all_simple_paths missing some simple paths,,closed,2023-05-25T06:21:18+00:00,2023-05-26T07:35:33+00:00,rossbar,1.05,False
6707,networkx/networkx,Grid_2d_graph and grid_graph problem,,closed,2023-05-24T11:13:25+00:00,2023-05-24T11:22:01+00:00,muuusso,0.01,True
6703,networkx/networkx,Add testing with the development version of dependencies,,closed,2023-05-23T18:56:08+00:00,2023-05-24T17:32:17+00:00,MridulS,0.94,False
6700,networkx/networkx,Produce nightly wheels,,closed,2023-05-22T18:10:05+00:00,2023-05-22T23:02:09+00:00,MridulS,0.2,False
6699,networkx/networkx,Inconsistent order of .edges(),,closed,2023-05-22T16:20:35+00:00,2023-05-23T06:22:33+00:00,MridulS,0.58,False
6696,networkx/networkx,Generating communities in LFR benchmark runs only `max_iters` times,,closed,2023-05-21T08:12:33+00:00,2023-05-21T09:36:30+00:00,woQal,0.06,False
6691,networkx/networkx,Please document the formatting rules and tools in the contribution guide,,closed,2023-05-15T21:47:15+00:00,2023-05-17T17:35:51+00:00,dschult,1.83,False
6690,networkx/networkx,all_simple_paths returns empty generator when the source is one of the possible targets,,closed,2023-05-15T16:49:20+00:00,2023-11-28T02:32:38+00:00,MridulS,196.41,False
6685,networkx/networkx,have trouble adding multiple edges between two nodes,,closed,2023-05-08T07:15:38+00:00,2023-05-10T06:04:29+00:00,MridulS,1.95,False
6666,networkx/networkx,Incorrect Steiner tree for a singleton nodes,Question,open,2023-04-26T09:59:18+00:00,,,,
6661,networkx/networkx,list attributes are not copied on a union ,type: Documentation;close ?,closed,2023-04-21T21:08:28+00:00,2023-11-28T02:44:15+00:00,MridulS,220.23,False
6655,networkx/networkx,Louvain is non-deterministic given seed,type: API,closed,2023-04-19T12:31:14+00:00,2026-04-10T18:12:38+00:00,dschult,1087.24,False
6653,networkx/networkx,cycle_basis algorithm is non-deterministic,,closed,2023-04-18T22:42:58+00:00,2023-05-01T05:12:24+00:00,rossbar,12.27,False
6649,networkx/networkx,to_numpy_array() does not preserve node numbers,Question,closed,2023-04-18T09:16:16+00:00,2023-04-20T18:38:06+00:00,rossbar,2.39,False
6626,networkx/networkx,Handling corner cases in laplacian_centrality,,closed,2023-04-08T07:43:40+00:00,2023-10-05T21:35:31+00:00,MridulS,180.58,False
6624,networkx/networkx,Cannot import name '_dispatch' from 'networkx.classes',,closed,2023-04-06T17:51:39+00:00,2023-04-06T20:29:17+00:00,Grufoony,0.11,True
6618,networkx/networkx,Documentation not up to date for louvain_communities function.,,closed,2023-04-04T11:19:44+00:00,2023-04-04T15:35:34+00:00,pauldubois98,0.18,True
6609,networkx/networkx,Improve test coverage for summarization.py,,closed,2023-04-02T18:31:34+00:00,2023-04-02T18:38:38+00:00,rossbar,0.0,False
6607,networkx/networkx,Improve test coverage for euler.py,,closed,2023-04-02T17:39:22+00:00,2023-04-02T18:38:59+00:00,rossbar,0.04,False
6606,networkx/networkx,The greedy_coloring function strategy_connected_sequential is not behaving well,Question,closed,2023-04-02T16:51:16+00:00,2023-05-01T05:17:23+00:00,rossbar,28.52,False
6604,networkx/networkx,Improve test coverage for equitable_coloring.py,,closed,2023-04-02T15:27:51+00:00,2023-04-02T18:39:09+00:00,rossbar,0.13,False
6603,networkx/networkx,equitable_coloring file is not properly documented,type: Documentation,closed,2023-04-02T15:26:24+00:00,2023-05-19T16:45:31+00:00,MridulS,47.05,False
6597,networkx/networkx,Improve test coverage for matching.py,,closed,2023-03-31T15:21:45+00:00,2023-04-02T18:39:23+00:00,rossbar,2.14,False
6594,networkx/networkx,Error in method description in ismags.py,type: Documentation,closed,2023-03-31T12:07:42+00:00,2023-04-03T02:40:27+00:00,dschult,2.61,False
6588,networkx/networkx,Improve test coverage for algorithms in assortativity ,,closed,2023-03-31T06:34:24+00:00,2023-04-02T18:39:35+00:00,rossbar,2.5,False
6585,networkx/networkx,Improve test coverage for steinertree.py,,closed,2023-03-30T16:16:07+00:00,2023-04-02T18:39:38+00:00,rossbar,3.1,False
6575,networkx/networkx,Add docstring examples to approximations algorithms,,closed,2023-03-29T18:51:45+00:00,2023-04-02T19:03:22+00:00,rossbar,4.01,False
6574,networkx/networkx,Improve test coverage for clique.py,type: Maintenance,closed,2023-03-29T18:16:33+00:00,2023-05-01T16:38:58+00:00,MridulS,32.93,False
6572,networkx/networkx,Improve test coverage for connected.py,type: Maintenance,closed,2023-03-29T17:37:05+00:00,2023-05-01T16:39:37+00:00,MridulS,32.96,False
6571,networkx/networkx,laplacian_centrality not working for graphs with single nodes,type: Bug fix,closed,2023-03-29T01:24:38+00:00,2023-10-05T21:35:30+00:00,MridulS,190.84,False
6562,networkx/networkx,is_chordal crashes on empty graphs,Discussion,closed,2023-03-28T10:32:43+00:00,2023-04-25T19:30:58+00:00,rossbar,28.37,False
6553,networkx/networkx,Add examples to functions in shortest path folder. ,,closed,2023-03-25T18:24:39+00:00,2023-03-29T16:31:31+00:00,MridulS,3.92,False
6550,networkx/networkx,Add Lowest Common Ancestor Example ,type: Documentation,closed,2023-03-25T09:49:14+00:00,2023-04-18T05:49:16+00:00,rossbar,23.83,False
6547,networkx/networkx,Layout of website page for ISMAGS needs fixing,type: Maintenance;type: Documentation,closed,2023-03-24T10:52:41+00:00,2023-04-03T19:44:41+00:00,dschult,10.37,False
6546,networkx/networkx,`.number_of_edges()` method returns only zero when calling it inside a child class of `nx.Graph`,,closed,2023-03-23T18:44:11+00:00,2023-03-23T19:56:56+00:00,rossbar,0.05,False
6541,networkx/networkx,Random expander,type: Enhancements;Discussion,closed,2023-03-23T07:38:34+00:00,2024-12-30T13:45:31+00:00,fcrozatier,648.25,True
6539,networkx/networkx,Improve test coverage for mst.py,,closed,2023-03-22T20:09:46+00:00,2023-04-02T18:40:29+00:00,rossbar,10.94,False
6533,networkx/networkx,all_node_cuts returns incorrect cuts,type: Bug fix,closed,2023-03-21T15:02:52+00:00,2023-12-22T14:35:17+00:00,MridulS,275.98,False
6531,networkx/networkx,Add a quickstart guide/option to use github codespaces to our developer docs?,Discussion,closed,2023-03-21T08:42:25+00:00,2023-09-05T18:14:01+00:00,MridulS,168.4,False
6527,networkx/networkx,Similar functions in shortest_paths produce different types of output,,closed,2023-03-20T14:13:42+00:00,2023-12-13T13:04:28+00:00,MridulS,267.95,False
6520,networkx/networkx,Improve test coverage for branchings.py,,closed,2023-03-18T19:44:38+00:00,2023-03-23T17:55:51+00:00,MridulS,4.92,False
6517,networkx/networkx,Strange behaviour with dfs_tree and depth_limit,,open,2023-03-18T14:06:47+00:00,,,,
6514,networkx/networkx,all_simple_paths ,,closed,2023-03-17T16:15:51+00:00,2023-04-03T03:45:30+00:00,rossbar,16.48,False
6510,networkx/networkx,Memory issue with read_graph6,type: Bug fix,closed,2023-03-16T10:45:46+00:00,2023-03-19T07:02:47+00:00,MridulS,2.85,False
6509,networkx/networkx,Unexpected behaviour of .edges,,closed,2023-03-16T09:59:46+00:00,2023-03-17T03:48:37+00:00,dschult,0.74,False
6508,networkx/networkx,k_truss function does not raise NetowrkX exception in case of self loops in graphs,,closed,2023-03-15T14:23:06+00:00,2023-03-26T14:23:56+00:00,PurviChaurasia,11.0,True
6505,networkx/networkx,pip install networkx,,closed,2023-03-14T00:35:44+00:00,2023-03-14T07:31:40+00:00,MridulS,0.29,False
6492,networkx/networkx,Deployment workflow for development docs is broken,type: Maintenance,closed,2023-03-12T06:53:33+00:00,2023-03-23T14:53:08+00:00,jarrodmillman,11.33,False
6490,networkx/networkx,Improve test coverage for operations.py (join),,closed,2023-03-11T17:42:00+00:00,2023-09-06T20:09:00+00:00,dschult,179.1,False
6488,networkx/networkx,Join operation in trees---not handling label_attribute,,closed,2023-03-11T12:44:11+00:00,2023-09-06T20:09:00+00:00,dschult,179.31,False
6485,networkx/networkx,`nx_pydot.read_dot` method inserting undefined node,,closed,2023-03-10T20:14:14+00:00,2023-03-11T16:24:11+00:00,MridulS,0.84,False
6482,networkx/networkx,Add examples for graph algorithms ,,closed,2023-03-10T13:59:50+00:00,2023-04-03T04:17:07+00:00,rossbar,23.6,False
6479,networkx/networkx,dfs_postorder_nodes doesn't work with depth_limit,,open,2023-03-10T11:18:04+00:00,,,,
6477,networkx/networkx,Improve test coverage for MST algorithms,,closed,2023-03-09T21:20:10+00:00,2023-03-17T21:37:04+00:00,rossbar,8.01,False
6475,networkx/networkx,Implementation of Knotty Centrality measure,New feature;type: Enhancements,open,2023-03-09T11:29:53+00:00,,,,
6469,networkx/networkx,Exclude matplotlib from default requirements,,closed,2023-03-06T13:23:36+00:00,2023-03-06T14:53:36+00:00,LukeWeidenwalker,0.06,True
6468,networkx/networkx,Red/write weighted edgelist with tuples as nodes,,closed,2023-03-06T11:25:53+00:00,2023-03-08T14:09:48+00:00,dschult,2.11,False
6465,networkx/networkx,`negative_edge_cycle` unexpectedly raises for empty graph input,,closed,2023-03-05T21:25:27+00:00,2023-03-14T19:48:24+00:00,dschult,8.93,False
6462,networkx/networkx,Installation Error,,closed,2023-03-03T12:35:17+00:00,2023-03-03T15:43:15+00:00,dschult,0.13,False
6458,networkx/networkx,upgrade 2.8.6  -> 3.0 breaks shortest_path(),type: Bug fix,closed,2023-03-02T14:07:11+00:00,2023-03-12T06:13:46+00:00,rossbar,9.67,False
6456,networkx/networkx,Some tests cancelled automatically even though all tests passed,,closed,2023-02-28T13:51:04+00:00,2023-02-28T15:24:31+00:00,MridulS,0.06,False
6452,networkx/networkx,Purpose of `create_using` for generators that don't support other graph types,Question,closed,2023-02-26T01:46:35+00:00,2023-03-01T06:05:54+00:00,rossbar,3.18,False
6443,networkx/networkx,"Gexf export sets the rgba's alpha-value to ""None"" if missing (gexf schema version 1.1 import)",type: Bug fix,closed,2023-02-20T21:11:43+00:00,2023-04-03T17:31:27+00:00,dschult,41.85,False
6436,networkx/networkx,Website Footer needs to align at center,type: Documentation,closed,2023-02-15T17:25:24+00:00,2023-03-08T17:54:57+00:00,MridulS,21.02,False
6430,networkx/networkx,Minimal d-separator function does not handle cases where no d-separating set exists,type: Bug fix,closed,2023-02-14T22:36:49+00:00,2023-12-22T08:41:17+00:00,dschult,310.42,False
6428,networkx/networkx,Reference for inverse_line_graph,type: Documentation,closed,2023-02-13T19:00:45+00:00,2023-02-15T20:06:56+00:00,dschult,2.05,False
6425,networkx/networkx,weight default argument inconsistencies on community detection algorithms,,closed,2023-02-11T22:37:08+00:00,2023-02-14T09:19:28+00:00,joaoaleite,2.45,True
6420,networkx/networkx,"rom_prufer_sequence report ""ValueError: too many values to unpack""",Question,closed,2023-02-10T06:15:55+00:00,2023-09-05T22:17:17+00:00,rossbar,207.67,False
6419,networkx/networkx,Issue with matrix market read functionality from NetworkX documentation,,closed,2023-02-09T22:03:51+00:00,2023-02-09T22:21:21+00:00,alvaradoo,0.01,True
6416,networkx/networkx,Pull request unknown lint fail,,closed,2023-02-08T11:47:37+00:00,2023-02-08T17:26:33+00:00,rossbar,0.24,False
6414,networkx/networkx,networkx.org banner display issue,type: Documentation,closed,2023-02-07T19:00:46+00:00,2023-02-21T19:20:52+00:00,mjschwenne,14.01,False
6408,networkx/networkx,Duplicate `MultiDiGraph.succ` in the documentation,,closed,2023-02-03T09:09:58+00:00,2023-02-03T10:34:43+00:00,ywangmy,0.06,True
6406,networkx/networkx,Louvain Algorithm Incorrectly Imports `modularity`,Question,closed,2023-02-03T05:30:17+00:00,2023-02-03T23:45:52+00:00,jonathangomesselman,0.76,True
6405,networkx/networkx,"versions >=3.8.4 throwing `ValueError: Node names and attributes should not contain \"":\"" unless they are quoted with \""\""`",,closed,2023-02-02T16:54:12+00:00,2023-02-02T22:03:08+00:00,MridulS,0.21,False
6403,networkx/networkx,Implementation of Low Stretch Spanning Tree,,closed,2023-02-02T09:43:27+00:00,2023-03-02T07:22:35+00:00,sauravpr,27.9,True
6392,networkx/networkx,Feature: adding a testing module to NetworkX.,,closed,2023-01-24T12:43:42+00:00,2023-01-29T13:42:25+00:00,MridulS,5.04,False
6391,networkx/networkx,subgraph_view return corrupt graph when filter function is invalid.,close ?,closed,2023-01-24T12:33:12+00:00,2023-05-01T07:18:10+00:00,MridulS,96.78,False
6389,networkx/networkx,traveling_salesman_problem fails when including edges with weight 0,,closed,2023-01-23T16:39:56+00:00,2023-03-09T13:41:51+00:00,dschult,44.88,False
6387,networkx/networkx,Network bad,,closed,2023-01-23T01:24:53+00:00,2023-01-23T02:16:27+00:00,dschult,0.04,False
6386,networkx/networkx,"base (ubuntu, pypy-3.8) test fails in PR because of numpy import not in our code",,closed,2023-01-22T09:13:03+00:00,2023-01-22T17:00:28+00:00,danigil,0.32,True
6383,networkx/networkx,Deprecate the `dag_longest_path_length` helper function?,Discussion,closed,2023-01-21T08:14:17+00:00,2023-09-05T18:32:18+00:00,MridulS,227.43,False
6377,networkx/networkx,"base (ubuntu, pypy-3.8) test fails in PR because of numpy import",,closed,2023-01-18T15:51:12+00:00,2023-01-18T16:46:08+00:00,MridulS,0.04,False
6365,networkx/networkx,Small documentation error in clustering coefficient for weighted networks,,closed,2023-01-14T14:08:25+00:00,2023-01-16T17:30:30+00:00,rossbar,2.14,False
6358,networkx/networkx,`subgraph_view` calls filter functions multiple times for each node and edge,,closed,2023-01-11T17:59:48+00:00,2023-01-24T03:01:13+00:00,dschult,12.38,False
6357,networkx/networkx,to_latex(as_document=False) should not wrap output in figure env,,closed,2023-01-11T16:26:36+00:00,2023-01-19T05:02:50+00:00,dschult,7.53,False
6352,networkx/networkx,doc: broken reference to nx-guides in the mentored projects section ,,closed,2023-01-10T15:01:25+00:00,2023-01-12T17:21:20+00:00,MridulS,2.1,False
6342,networkx/networkx,Add option to choose the source/target nodes based on given probabilities (Approximate current flow betweenness centrality),,open,2023-01-07T10:19:06+00:00,,,,
6336,networkx/networkx,nx.DiGraph.to_undirected() not working as expected for bidirectional edges when using as_view = True,,closed,2023-01-05T10:17:42+00:00,2023-03-14T13:04:34+00:00,dschult,68.12,False
6332,networkx/networkx,Improve test coverage for  reportviews class,,open,2023-01-05T00:02:36+00:00,,,,
6325,networkx/networkx,Tracking issue - linting/code quality using Ruff,,closed,2023-01-04T08:30:44+00:00,2023-02-19T17:14:02+00:00,MridulS,46.36,False
6318,networkx/networkx,Mypy CI failures in `main` branch,,closed,2023-01-03T15:35:18+00:00,2023-01-04T06:20:46+00:00,danieleades,0.61,True
6305,networkx/networkx,error during pip install: file test_current_flow_betweenness_centrality_subset.py is missing,,closed,2022-12-27T06:56:16+00:00,2022-12-27T07:17:13+00:00,sillyquestion,0.01,True
6304,networkx/networkx,Update docs to reflect lazy imports,type: Documentation,closed,2022-12-27T04:35:27+00:00,2023-04-03T17:02:38+00:00,rossbar,97.52,False
6302,networkx/networkx,Update Contributor Guide to clarify pytest setup,,closed,2022-12-26T04:47:26+00:00,2023-02-05T19:04:34+00:00,MridulS,41.6,False
6300,networkx/networkx,Add common_neighbors support for directed graphs,,open,2022-12-26T03:03:37+00:00,,,,
6297,networkx/networkx,"https://networkx.org/documentation/latest/release/release_2.8.8.html title is ""NetworkX 2.8.7""",,closed,2022-12-24T06:03:33+00:00,2022-12-25T00:18:08+00:00,MridulS,0.76,False
6290,networkx/networkx,"graphviz_layout gives the ""colon"" error on Graph that has no colons anywhere",,closed,2022-12-20T11:34:35+00:00,2023-09-05T18:33:55+00:00,MridulS,259.29,False
6289,networkx/networkx,HITS algorithm returns negative values for hubs and authorities,,closed,2022-12-17T16:08:35+00:00,2026-08-27T15:44:03+00:00,rossbar,1348.98,False
6288,networkx/networkx,Networkx,,closed,2022-12-17T07:28:19+00:00,2022-12-19T00:29:56+00:00,rossbar,1.71,False
6285,networkx/networkx,`barbell_graph` docstring doesn't follow numpydoc standard,type: Documentation,closed,2022-12-15T23:20:40+00:00,2022-12-20T16:37:02+00:00,dschult,4.72,False
6279,networkx/networkx,Error in documentation of katz_centrality? ,type: Documentation,closed,2022-12-14T15:56:10+00:00,2023-10-31T21:58:28+00:00,jarrodmillman,321.25,False
6275,networkx/networkx,Ambiguity of `nbunch` ,Discussion,open,2022-12-11T08:32:26+00:00,,,,
6274,networkx/networkx,doc: improve doc of possible values of `nodes` and expected behaviour,type: Documentation,closed,2022-12-11T08:05:15+00:00,2023-01-09T19:48:54+00:00,rossbar,29.49,False
6271,networkx/networkx,Current version of `is_simple_path` fails with `KeyError` if the first element of the node list is not in the graph.,type: Bug fix,closed,2022-12-10T03:23:34+00:00,2022-12-20T16:39:56+00:00,dschult,10.55,False
6264,networkx/networkx,OutMultiEdgeView.__call__ order of arguments,,closed,2022-12-08T14:51:16+00:00,2022-12-09T15:21:25+00:00,patrick-nicodemus,1.02,True
6257,networkx/networkx,vf2pp_is_isomorphic returns wrong results,type: Bug fix,closed,2022-12-06T16:43:08+00:00,2022-12-13T05:03:16+00:00,rossbar,6.51,False
6253,networkx/networkx,Calculating Line Graph from Incidence Matrix doesn't equal Line Graph from Networkx,Question,closed,2022-12-02T23:10:17+00:00,2022-12-03T02:16:56+00:00,yCobanoglu,0.13,True
6248,networkx/networkx,Allow caller to opt out of adding `weight` attributes in `from_numpy_array`,type: Enhancements,closed,2022-11-30T18:49:20+00:00,2023-08-01T16:56:32+00:00,MridulS,243.92,False
6243,networkx/networkx,Subclassing networkx with Mixin class defined with Python Protocol results in an error during graph creation,,closed,2022-11-29T02:57:10+00:00,2023-01-18T18:47:46+00:00,rossbar,50.66,False
6242,networkx/networkx,AttributeError: module 'networkx' has no attribute 'weisfeiler_lehman_subgraph_hashes',,closed,2022-11-29T02:01:31+00:00,2022-12-02T03:30:20+00:00,rossbar,3.06,False
6239,networkx/networkx,nx.dfs_labeled_edges does not return last visited edge if depth_limit is specified,,closed,2022-11-26T08:09:13+00:00,2022-12-01T17:34:34+00:00,MridulS,5.39,False
6235,networkx/networkx,Introduction of circular reference in 2.8.1,Question,closed,2022-11-24T02:31:14+00:00,2025-02-04T01:12:16+00:00,MridulS,802.95,False
6233,networkx/networkx,Request for all_lowest_common_ancestor,LCA,open,2022-11-22T15:43:29+00:00,,,,
6229,networkx/networkx,Graph edit distance accuracy for approximate methods,Question,open,2022-11-20T16:48:14+00:00,,,,
6226,networkx/networkx,Improve test coverage for Eigenvector centrality,,closed,2022-11-19T07:33:48+00:00,2022-12-13T17:35:35+00:00,dschult,24.42,False
6220,networkx/networkx,Potential bug in connected_double_edge_swap,type: Bug fix,closed,2022-11-16T05:40:26+00:00,2022-11-21T18:24:41+00:00,MridulS,5.53,False
6217,networkx/networkx,README mentions unexisting force.py file,type: Documentation,closed,2022-11-15T17:14:37+00:00,2023-02-10T20:47:26+00:00,MridulS,87.15,False
6216,networkx/networkx,Bug: `is_minimal_d_separator` may return True even for a non d-separating set,type: Bug fix,closed,2022-11-14T09:33:30+00:00,2023-07-08T03:26:41+00:00,dschult,235.75,False
6213,networkx/networkx,Improve coverage for current flow betweenness subset,,closed,2022-11-13T14:09:43+00:00,2022-11-13T18:21:04+00:00,rossbar,0.17,False
6191,networkx/networkx,Testing increase in generators/line,,closed,2022-11-09T15:03:06+00:00,2023-02-04T15:23:57+00:00,MridulS,87.01,False
6188,networkx/networkx,`approximate_current_flow_betweenness_centrality` `kmax` parameter not directly used in algorithm,Discussion,closed,2022-11-08T20:59:11+00:00,2025-11-07T12:43:25+00:00,rossbar,1094.66,False
6187,networkx/networkx,contracted graphs cannot be converted to `pydot`,Pydot,closed,2022-11-08T16:16:53+00:00,2022-11-09T23:47:08+00:00,rossbar,1.31,False
6184,networkx/networkx,Testing coverage increase in generators/community.py ,,closed,2022-11-07T14:42:10+00:00,2022-11-08T23:31:49+00:00,MridulS,1.37,False
6181,networkx/networkx,not able to interpret read_graphml  function . (query regarding read_graphml function),Question,closed,2022-11-05T11:35:35+00:00,2022-11-14T22:39:06+00:00,rossbar,9.46,False
6180,networkx/networkx,Deprecate `nx.number_of_cliques`?,type: Maintenance;Discussion,closed,2022-11-04T18:53:32+00:00,2023-01-09T04:29:38+00:00,dschult,65.4,False
6178,networkx/networkx,Improve test coverage for matchhelpers.py,,closed,2022-11-04T17:57:42+00:00,2023-05-02T13:18:20+00:00,MridulS,178.81,False
6177,networkx/networkx,Improve test coverage for matchhelpers.py,,closed,2022-11-04T17:53:07+00:00,2022-11-04T17:53:19+00:00,nsengiyumva-wilberforce,0.0,True
6173,networkx/networkx,Improve testing coverage in Algorithms/Bipartite,,closed,2022-11-03T17:58:28+00:00,2022-11-04T18:17:36+00:00,rossbar,1.01,False
6170,networkx/networkx,Improve test coverage for percolation centrality algorithm,,closed,2022-11-02T11:34:03+00:00,2023-05-02T13:20:37+00:00,MridulS,181.07,False
6154,networkx/networkx,Improve test coverage for voterank algorithm,,closed,2022-10-30T08:07:36+00:00,2022-11-14T22:49:53+00:00,rossbar,15.61,False
6150,networkx/networkx,In smallworld.py: ZeroDivisionError when passing a graph without edges,,closed,2022-10-29T20:09:53+00:00,2022-12-20T11:33:47+00:00,MridulS,51.64,False
6144,networkx/networkx,directed_edge_swap: ZeroDivisionError when passing a digraph without edges,,closed,2022-10-28T16:27:18+00:00,2022-12-14T04:09:46+00:00,dschult,46.49,False
6141,networkx/networkx,Improve test coverage in clique.py,,closed,2022-10-28T13:57:03+00:00,2023-02-05T20:03:24+00:00,rossbar,100.25,False
6137,networkx/networkx,Unable to access any functions related to traveling salesman problem upon importation of approximation,,closed,2022-10-27T06:45:14+00:00,2022-12-07T01:10:48+00:00,rossbar,40.77,False
6136,networkx/networkx,Improve test coverage for matching.py,,closed,2022-10-26T16:08:11+00:00,2023-01-05T16:01:32+00:00,paulitapb,71.0,True
6134,networkx/networkx,Crash in coreviews.py,Question,closed,2022-10-25T17:53:52+00:00,2022-10-25T23:12:56+00:00,rossbar,0.22,False
6118,networkx/networkx,Improve test coverage for multidigraph class ,,closed,2022-10-22T20:26:26+00:00,2023-05-02T13:16:51+00:00,MridulS,191.7,False
6115,networkx/networkx,Increase test coverage in core.py,,closed,2022-10-22T14:15:23+00:00,2022-11-03T18:29:26+00:00,Mjh9122,12.18,True
6111,networkx/networkx,Undocumented parameters in `dispersion`,type: Documentation,closed,2022-10-21T01:33:44+00:00,2023-01-17T06:44:42+00:00,rossbar,88.22,False
6109,networkx/networkx,Improve test coverage for digraph class,,closed,2022-10-20T15:08:50+00:00,2022-10-27T07:52:23+00:00,MridulS,6.7,False
6107,networkx/networkx,Invalid spanning tree returned by random_spanning_tree,Question,closed,2022-10-20T03:07:28+00:00,2022-10-20T22:16:52+00:00,mraa022,0.8,True
6103,networkx/networkx,Improve test coverage for generators/tree.py,,closed,2022-10-19T13:51:36+00:00,2022-10-25T05:32:42+00:00,MridulS,5.65,False
6102,networkx/networkx,Improve test coverage for graph class,,closed,2022-10-19T11:55:33+00:00,2022-10-24T20:23:47+00:00,MridulS,5.35,False
6092,networkx/networkx,Improve test coverage for algorithms in dispersion.py,type: Maintenance,closed,2022-10-18T18:51:48+00:00,2022-10-27T17:34:19+00:00,MridulS,8.95,False
6090,networkx/networkx,can't install pygraphviz in my system due to some gcc error,,closed,2022-10-18T14:52:23+00:00,2022-10-19T08:11:26+00:00,MridulS,0.72,False
6088,networkx/networkx,Improve test coverage for multigraph class,type: Maintenance,closed,2022-10-18T13:01:30+00:00,2022-10-21T08:30:53+00:00,MridulS,2.81,False
6086,networkx/networkx,boykov_kolmogorov and dinitz algorithms allow cutoff but are not tested ,,closed,2022-10-17T19:44:56+00:00,2022-10-21T01:26:06+00:00,dschult,3.24,False
6081,networkx/networkx,cutoff argument improperly disallowed when calling `minimum_cut` with `shortest_augmenting_path`,,closed,2022-10-15T19:29:33+00:00,2022-10-19T23:20:31+00:00,rossbar,4.16,False
6078,networkx/networkx,Networkx tutorial does not include examples of vendor graph databases where networkx can be used.,,closed,2022-10-14T22:58:12+00:00,2022-10-15T04:10:58+00:00,MridulS,0.22,False
6052,networkx/networkx,simple_cycles infinite loop,Question,closed,2022-10-13T04:06:27+00:00,2025-07-09T11:44:29+00:00,rossbar,1000.32,False
6049,networkx/networkx,"""Error: node, position, expected two doubles"" when using AGraph renderer",,closed,2022-10-12T22:44:11+00:00,2023-04-07T01:07:06+00:00,rossbar,176.1,False
6036,networkx/networkx, Improve test coverage for algorithms in load centrality,type: Maintenance,closed,2022-10-11T17:53:17+00:00,2022-10-17T15:52:58+00:00,MridulS,5.92,False
6035,networkx/networkx, Improve test coverage expanders stochastic graph generators,type: Maintenance,closed,2022-10-11T17:51:35+00:00,2022-11-10T15:25:40+00:00,MridulS,29.9,False
6034,networkx/networkx, Improve test coverage expanders line graph generators,type: Maintenance,closed,2022-10-11T17:50:16+00:00,2022-10-17T15:55:14+00:00,MridulS,5.92,False
6033,networkx/networkx,Improve test coverage for algorithms in betweenness_subset.py,type: Maintenance,closed,2022-10-11T17:48:33+00:00,2022-12-02T23:05:27+00:00,rossbar,52.22,False
6032,networkx/networkx, Improve test coverage for algorithms in dominating_set.py,type: Maintenance,closed,2022-10-11T17:45:49+00:00,2022-12-06T06:12:28+00:00,rossbar,55.52,False
6030,networkx/networkx,Improve test coverage for algorithms in beamsearch.py,type: Maintenance,closed,2022-10-11T17:43:16+00:00,2022-12-06T06:21:29+00:00,rossbar,55.53,False
6029,networkx/networkx,Improve test coverage for algorithms in maxflow.py,type: Maintenance,closed,2022-10-11T17:40:17+00:00,2023-05-02T13:20:10+00:00,MridulS,202.82,False
6028,networkx/networkx,Improve test coverage for line graph generators,type: Maintenance,closed,2022-10-11T17:34:26+00:00,2022-12-14T04:15:39+00:00,dschult,63.45,False
6026,networkx/networkx,check that expanders tests are all being run,type: Maintenance,closed,2022-10-10T16:10:17+00:00,2022-10-11T16:50:32+00:00,jarrodmillman,1.03,False
6015,networkx/networkx,Graph - Edges lost orientation after added to object,Question,closed,2022-10-05T13:27:27+00:00,2022-10-15T07:02:53+00:00,MridulS,9.73,False
6010,networkx/networkx,Graph edit distance using function optimal_edit_paths: Substitutions preferred over deletions/insertions?,,closed,2022-10-03T13:43:39+00:00,2022-10-03T14:23:24+00:00,irisferrazzo,0.03,True
6004,networkx/networkx,Wrong attribution of eigenvector centrality,type: Documentation,closed,2022-09-29T13:42:15+00:00,2025-05-23T21:18:37+00:00,rossbar,967.32,False
5996,networkx/networkx,AttributeError: module 'backend_interagg' has no attribute 'FigureCanvas',,closed,2022-09-22T08:40:25+00:00,2022-09-22T12:25:54+00:00,forestbat,0.16,True
5992,networkx/networkx,VF2pp tests are not passing during the regularly scheduled randomly ordered tests ,,closed,2022-09-20T17:36:00+00:00,2022-11-15T19:54:53+00:00,rossbar,56.1,False
5987,networkx/networkx,Weighted MultiDiGraphs never use weights in dag_longest_path and dag_longest_path_length,type: Bug fix,closed,2022-09-17T21:13:02+00:00,2022-10-25T05:14:24+00:00,MridulS,37.33,False
5982,networkx/networkx,Graph and edge attributes are not stored during tree_data serialisation of a graph,Discussion,closed,2022-09-13T11:55:33+00:00,2026-01-23T19:49:20+00:00,MridulS,1228.33,False
5981,networkx/networkx,Tests without assertions,,closed,2022-09-13T11:00:23+00:00,2022-10-12T20:15:34+00:00,rossbar,29.39,False
5980,networkx/networkx,Deserialisation artifacts in adjacency_graph,,closed,2022-09-13T10:56:12+00:00,2023-09-21T11:56:51+00:00,dschult,373.04,False
5976,networkx/networkx,Failure in vf2pp test suite from `pytest-randomly` workflow,type: Bug fix,closed,2022-09-09T18:31:28+00:00,2023-02-04T18:03:04+00:00,rossbar,147.98,False
5965,networkx/networkx,Can not compute Laplacian matrix of graph (neither undirected nor directed),,closed,2022-09-06T09:53:46+00:00,2022-09-20T16:56:57+00:00,rossbar,14.29,False
5962,networkx/networkx,"Pydot - Valid Labels and Tooltips With Colon ( "":"" ) Fail Since Networkx-2.8.4",,closed,2022-09-04T10:43:22+00:00,2022-09-24T00:25:28+00:00,chrizzFTD,19.57,True
5952,networkx/networkx,a small bug in eulerian.eulerize ?,type: Bug fix,closed,2022-08-29T16:19:47+00:00,2022-11-09T00:33:26+00:00,rossbar,71.34,False
5951,networkx/networkx,[ENH] Adding typing support,,closed,2022-08-29T10:45:06+00:00,2022-08-29T12:31:04+00:00,MridulS,0.07,False
5949,networkx/networkx,all_pairs_shortest_path ties?,,closed,2022-08-29T06:50:39+00:00,2024-04-01T13:42:14+00:00,dzy49,581.29,True
5938,networkx/networkx,Support Matplotlib 3.6rc1,,closed,2022-08-21T17:36:30+00:00,2022-08-22T09:22:49+00:00,rossbar,0.66,False
5936,networkx/networkx,all_simple_paths returns repeated paths if there are parallel arcs along the way,type: Documentation,closed,2022-08-18T15:55:45+00:00,2022-09-01T07:34:45+00:00,MridulS,13.65,False
5922,networkx/networkx,Unable to parallelize with large graph objects,Question,closed,2022-08-09T00:34:03+00:00,2023-12-05T10:47:58+00:00,MridulS,483.43,False
5920,networkx/networkx,deterministic pos,Question,closed,2022-08-08T08:53:24+00:00,2022-08-09T11:05:52+00:00,MridulS,1.09,False
5918,networkx/networkx,Bug on compute initial view of edges,,closed,2022-08-07T13:52:22+00:00,2022-08-07T18:30:35+00:00,gracoba,0.19,True
5917,networkx/networkx,add to contributors,,closed,2022-08-07T03:23:28+00:00,2022-08-08T11:37:11+00:00,dschult,1.34,False
5916,networkx/networkx,find_negative_cycle error,,open,2022-08-06T18:34:14+00:00,,,,
5913,networkx/networkx,Failing traveling salesman test,type: Bug fix,closed,2022-08-02T22:09:47+00:00,2024-03-07T04:47:54+00:00,dschult,582.28,False
5911,networkx/networkx,Amount of nodes and edges have mistakes when reading adjlist file,type: Documentation,closed,2022-08-02T11:31:19+00:00,2022-11-01T17:21:25+00:00,jarrodmillman,91.24,False
5906,networkx/networkx,s_metric normalized parameter defaults to true resulting in error,type: Bug fix,closed,2022-07-31T17:25:41+00:00,2023-09-05T19:07:01+00:00,MridulS,401.07,False
5904,networkx/networkx,from_scipy_sparse_array() interprets explicit zeros as a non-zero entries,type: Documentation,closed,2022-07-29T15:32:44+00:00,2026-03-06T08:07:51+00:00,dschult,1315.69,False
5901,networkx/networkx,louvain_partitions iteration difference,type: Bug fix,closed,2022-07-28T06:07:49+00:00,2022-08-13T23:16:27+00:00,jarrodmillman,16.71,False
5896,networkx/networkx,`relabel_nodes` does not work for callables with `__getitem__`,,closed,2022-07-25T21:16:43+00:00,2022-08-01T11:44:17+00:00,MridulS,6.6,False
5895,networkx/networkx,"Incompatibility between `pydot_layout` + `draw_networkx_{nodes, edges, labels}` for graphs with non-string nodes",,closed,2022-07-25T20:43:26+00:00,2022-07-25T21:01:04+00:00,MridulS,0.01,False
5893,networkx/networkx,Critical NetworkX 2.8.X bug with mutable cached_properties,,closed,2022-07-25T13:32:28+00:00,2022-07-25T19:25:09+00:00,dschult,0.24,False
5889,networkx/networkx,Kou et al. Steiner tree approximation inefficiency,type: Enhancements,closed,2022-07-21T11:36:07+00:00,2025-11-07T07:54:51+00:00,MridulS,1204.85,False
5872,networkx/networkx,Why does the API `all_simple_paths` miss the nodes in a simple CFG?,,closed,2022-07-15T13:15:30+00:00,2022-07-15T14:50:51+00:00,Hanseltu,0.07,True
5871,networkx/networkx,generic_bfs_edges has apparently duplicated input arguments,,closed,2022-07-15T11:54:44+00:00,2023-08-01T18:29:00+00:00,MridulS,382.27,False
5870,networkx/networkx,Add bfs_layers function to the bfs_* module,type: Enhancements,closed,2022-07-15T11:35:54+00:00,2022-08-19T01:55:56+00:00,dschult,34.6,False
5869,networkx/networkx,"Replace existing LCA functions with ""naive"" implementations?",Question;LCA,closed,2022-07-15T09:49:25+00:00,2022-09-20T16:59:49+00:00,rossbar,67.3,False
5865,networkx/networkx,Mixins incompatible with Graph,,closed,2022-07-14T15:52:35+00:00,2022-07-17T06:45:01+00:00,dschult,2.62,False
5863,networkx/networkx,Cleanup LCA tests,type: Maintenance,closed,2022-07-14T10:05:37+00:00,2023-09-05T18:40:12+00:00,MridulS,418.36,False
5862,networkx/networkx,Update `all_pairs_lca` docstrings,type: Documentation,closed,2022-07-14T09:59:27+00:00,2022-07-19T01:32:29+00:00,dschult,4.65,False
5858,networkx/networkx,endless loop happened in louvain_communities when use DiGraph,,closed,2022-07-13T10:08:31+00:00,2022-07-13T14:01:05+00:00,rossbar,0.16,False
5857,networkx/networkx,`connectionstyle` argument of `nx.draw_networkx_edges()` does not work properly for multigraphs and undirected graphs,type: Bug fix;Visualization,closed,2022-07-12T18:12:27+00:00,2022-10-22T00:59:59+00:00,dschult,101.28,False
5855,networkx/networkx,Add  subclass example using a sparse_array data factory,type: Enhancements,open,2022-07-12T13:57:12+00:00,,,,
5854,networkx/networkx,Add ThinGraph example to Multi*Graph doc_strings,type: Documentation,closed,2022-07-12T13:51:24+00:00,2022-11-08T23:30:47+00:00,MridulS,119.4,False
5853,networkx/networkx,quotient_graph won't generate self-edges,,open,2022-07-12T13:38:16+00:00,,,,
5842,networkx/networkx,Truss number in k-truss is not implemented,Question,open,2022-07-04T13:35:29+00:00,,,,
5840,networkx/networkx,Re-enable  geospatial examples,,closed,2022-07-01T18:36:32+00:00,2022-12-02T02:23:46+00:00,jarrodmillman,153.32,False
5838,networkx/networkx,Lazy imports cause broken numpy,,closed,2022-06-30T14:27:02+00:00,2022-11-29T18:31:52+00:00,rossbar,152.17,False
5833,networkx/networkx,Potential deprecation: `pygraphviz_layout` and `graphviz_layout` are the same function,Question,open,2022-06-29T12:03:32+00:00,,,,
5828,networkx/networkx,"Update documentation surrounding `union`, `disjoint_union`, `compose` and `Graph.update`",type: Documentation,closed,2022-06-28T12:03:46+00:00,2022-08-04T10:47:41+00:00,MridulS,36.95,False
5827,networkx/networkx,Review the `.update` method of graph classes,type: Maintenance;close ?,closed,2022-06-28T11:56:06+00:00,2025-11-05T11:51:16+00:00,MridulS,1226.0,False
5826,networkx/networkx,Bug in closeness_centrality() for bipartite,,closed,2022-06-28T04:52:25+00:00,2022-06-28T14:39:41+00:00,teddy21019,0.41,True
5825,networkx/networkx,`remove_edges_from` behavior for MultiGraphs,,open,2022-06-27T10:20:36+00:00,,,,
5824,networkx/networkx,Project Idea: Visual map of functionality available in NetworkX,type: Enhancements;type: Documentation,open,2022-06-27T09:43:26+00:00,,,,
5823,networkx/networkx,API consistency between bipartite/non-bipartite matching algorithms.,type: Bug fix,open,2022-06-27T09:28:01+00:00,,,,
5820,networkx/networkx,karate_club_graph(),Question,closed,2022-06-25T21:23:26+00:00,2022-06-26T10:54:59+00:00,rossbar,0.56,False
5817,networkx/networkx,Held-Karp ascent failures due to optimize.linprog infeasibility,type: Bug fix,closed,2022-06-25T10:56:02+00:00,2022-06-27T00:54:04+00:00,dschult,1.58,False
5814,networkx/networkx,Improve testing for directed_edge_swap,type: Enhancements,closed,2022-06-24T16:54:58+00:00,2024-01-17T18:52:17+00:00,rossbar,572.08,False
5808,networkx/networkx,Should `_hits_scipy` be removed?,type: Maintenance,closed,2022-06-22T18:48:42+00:00,2026-01-23T20:57:22+00:00,amcandio,1311.09,False
5807,networkx/networkx,Inconsistent documentation for `generate_*` functions in networkx.readwrite,,closed,2022-06-22T16:21:02+00:00,2026-04-17T21:28:32+00:00,rossbar,1395.21,False
5806,networkx/networkx,deorator.py isgeneratorfunction circular import error,,closed,2022-06-22T14:19:18+00:00,2022-06-27T07:58:16+00:00,rossbar,4.74,False
5804,networkx/networkx,nx.is_isomorphic does not give consisten results,,closed,2022-06-21T03:13:16+00:00,2022-06-21T09:47:23+00:00,MridulS,0.27,False
5803,networkx/networkx,Converting from DOT graph file to NetworkX graph adds unexpected '\\n' node,,closed,2022-06-21T02:03:01+00:00,2022-06-21T07:25:50+00:00,MridulS,0.22,False
5801,networkx/networkx,`nx.ancestors()` and `nx.descendants()` does not include the node itself.,Question,closed,2022-06-20T23:09:56+00:00,2022-12-07T00:13:51+00:00,rossbar,169.04,False
5798,networkx/networkx, '_AxesStack' object is not callable,,closed,2022-06-20T09:17:56+00:00,2022-06-21T09:24:40+00:00,C0casio45,1.0,True
5790,networkx/networkx,networkx==2.8.4 triggers configuration error,type: Bug fix,closed,2022-06-17T10:16:41+00:00,2022-06-22T08:03:57+00:00,rossbar,4.91,False
5787,networkx/networkx,`node_link` functions `attrs` kwarg,type: Maintenance,closed,2022-06-16T09:01:41+00:00,2022-08-12T02:55:55+00:00,dschult,56.75,False
5750,networkx/networkx,Documentation example on read_edgelist for directed graph has missing parentheses,Question,closed,2022-06-15T16:53:00+00:00,2022-12-07T00:13:02+00:00,rossbar,174.31,False
5734,networkx/networkx,Some methods doesn't work on child classes of graphs,Question,closed,2022-06-15T11:49:05+00:00,2022-06-27T08:06:30+00:00,rossbar,11.85,False
5729,networkx/networkx,inefficiency of Steiner tree,Question,closed,2022-06-13T14:00:09+00:00,2026-04-10T19:24:15+00:00,rossbar,1397.23,False
5725,networkx/networkx,Wrong load centrality implementation,Question,closed,2022-06-11T09:56:13+00:00,2022-06-15T06:16:14+00:00,rossbar,3.85,False
5723,networkx/networkx,Deprecate pydot?,Discussion;Pydot,closed,2022-06-10T17:26:25+00:00,2024-01-04T18:57:18+00:00,jarrodmillman,573.06,False
5720,networkx/networkx,Import nx in docstrings,type: Maintenance;type: Documentation;Discussion,closed,2022-06-09T18:21:10+00:00,2023-09-05T18:43:53+00:00,MridulS,453.02,False
5714,networkx/networkx,Heads up: Latest documentation now uses dark mode by default depending on browser defaults,type: Documentation,closed,2022-06-09T05:44:00+00:00,2022-06-09T13:06:12+00:00,MridulS,0.31,False
5704,networkx/networkx,nx.community.louvain_communities(directed_graph) does not return from _one_level().,,closed,2022-06-08T08:43:08+00:00,2022-06-08T12:12:13+00:00,z3y50n,0.15,True
5703,networkx/networkx,graph.copy() retains the original graph attribute dictionary if graph_attr_dict_factory is defined,Question,closed,2022-06-08T05:13:32+00:00,2022-06-09T20:34:48+00:00,peterhys,1.64,True
5694,networkx/networkx,draw_networkx_edges ignores connectionstyle parameter,type: Bug fix;Visualization,closed,2022-06-06T23:35:19+00:00,2022-11-22T19:29:35+00:00,dschult,168.83,False
5692,networkx/networkx,"networkx/algorithms/tree/tests/test_mst.py::test_random_spanning_tree_{additive,multiplicative}_small not skipped when scipy is not installed",type: Bug fix;type: Maintenance,closed,2022-06-05T07:35:32+00:00,2022-06-05T18:18:23+00:00,jarrodmillman,0.45,False
5691,networkx/networkx,Ordering of layers in multipartite_layout changed in v2.7. Add a way to control the order?,type: Enhancements;Visualization,closed,2022-06-05T03:42:57+00:00,2022-06-09T21:03:02+00:00,dschult,4.72,False
5686,networkx/networkx,"When writing pydot graph there is an extra ""\n"" character added",,closed,2022-06-02T20:54:24+00:00,2022-06-10T17:35:20+00:00,MridulS,7.86,False
5681,networkx/networkx,treewidth algos depend on node types,type: Bug fix,open,2022-06-01T20:10:56+00:00,,,,
5676,networkx/networkx,Typo in the reference in greedy_coloring.py,type: Documentation,closed,2022-06-01T06:49:33+00:00,2022-06-01T16:31:45+00:00,MridulS,0.4,False
5665,networkx/networkx,Node attributes of subgraph nodes are not accessible,type: Enhancements;Pydot,open,2022-05-26T17:34:08+00:00,,,,
5662,networkx/networkx,graphviz_layout fails with certain node labels,Pydot,closed,2022-05-25T10:06:02+00:00,2022-05-26T17:51:37+00:00,MridulS,1.32,False
5658,networkx/networkx,arg margins missing from valid_node_kwds in nx_pylab.py,type: Bug fix,closed,2022-05-24T00:43:46+00:00,2022-05-27T06:49:17+00:00,MridulS,3.25,False
5655,networkx/networkx,"DiGraph serialization (get/setstate) triggers an AttributeError for ""_adj""",type: Bug fix,closed,2022-05-19T13:34:46+00:00,2022-05-20T19:46:45+00:00,dschult,1.26,False
5636,networkx/networkx,Unused `root` argument in `has_bridges`,type: Bug fix,closed,2022-05-13T15:56:45+00:00,2022-07-22T15:28:13+00:00,dschult,69.98,False
5628,networkx/networkx,Lowest common ancestor returns incomplete result,type: Bug fix;LCA,closed,2022-05-12T10:07:29+00:00,2022-11-22T15:44:35+00:00,dschult,194.23,False
5627,networkx/networkx,AttributeError When Loading Node Link Data ,,closed,2022-05-12T06:32:14+00:00,2022-05-12T13:13:46+00:00,ibraheemalayan,0.28,True
5626,networkx/networkx,Wrong node colors.,,closed,2022-05-12T05:44:44+00:00,2022-05-12T13:23:54+00:00,MridulS,0.32,False
5621,networkx/networkx,nx.navigable_small_world generates a list of edges with 3 dimensions,Question,closed,2022-05-10T14:07:44+00:00,2022-05-10T17:39:10+00:00,rossbar,0.15,False
5620,networkx/networkx,Bipartite Closeness centrality algorithm does not report nodes with zero value.,type: Bug fix,closed,2022-05-10T11:23:11+00:00,2022-06-21T13:09:55+00:00,rossbar,42.07,False
5618,networkx/networkx,MultiDiGraph loses oppositely directed edges when turned into Multigraph,Question,open,2022-05-09T13:44:43+00:00,,,,
5612,networkx/networkx,Consider options for decorator nodes_or_number,Discussion,open,2022-05-07T04:24:42+00:00,,,,
5610,networkx/networkx,find_negative_cycle() raises Exception when a list is passed as the source argument,type: Documentation,closed,2022-05-06T14:58:41+00:00,2022-05-09T17:40:28+00:00,MridulS,3.11,False
5609,networkx/networkx,drawing multiedges especially with labels does not work,type: Enhancements;Visualization,open,2022-05-06T14:49:20+00:00,,,,
5604,networkx/networkx,bug in documentaiton of read_dot ,type: Documentation,closed,2022-05-05T03:26:58+00:00,2022-05-05T16:24:25+00:00,MridulS,0.54,False
5598,networkx/networkx,What verson of NetworkX added 'louvain_communities'?,Question,closed,2022-05-03T15:22:54+00:00,2022-05-07T13:28:10+00:00,dschult,3.92,False
5597,networkx/networkx,GEXF format restricts attribute lists to be a specific format for temporal graphs. Should it?,type: Enhancements;Needs PR,open,2022-05-03T12:49:09+00:00,,,,
5596,networkx/networkx,TSP methods has different functional prescription and function traveling_salesman_problem doesn't count with that,,open,2022-05-02T18:28:06+00:00,,,,
5595,networkx/networkx,Property graph converted using to_networkx() cannot be saved correctly to gexf file,,closed,2022-05-02T07:48:20+00:00,2022-06-27T08:46:09+00:00,rossbar,56.04,False
5594,networkx/networkx,Inconsistent implementation of Euler algorithms,type: Bug fix,closed,2022-05-01T16:47:01+00:00,2022-05-12T18:26:17+00:00,jarrodmillman,11.07,False
5592,networkx/networkx,```G.edges(data = True)``` not giving attributes of self loops,,closed,2022-04-30T07:00:15+00:00,2022-05-07T13:53:35+00:00,dschult,7.29,False
5591,networkx/networkx,Install Networkx 2.8 in colab,,closed,2022-04-29T14:52:32+00:00,2022-04-29T15:24:28+00:00,MridulS,0.02,False
5590,networkx/networkx,networkx-2.8-py3-none-any.whl wheel is NOT compatible with all python 3,Question,closed,2022-04-29T14:08:18+00:00,2022-05-07T13:58:23+00:00,dschult,7.99,False
5587,networkx/networkx,Label propagation documentation mistake,type: Documentation;Needs PR,closed,2022-04-27T14:22:18+00:00,2022-04-27T20:36:40+00:00,rossbar,0.26,False
5584,networkx/networkx,Policy for docstring consistency among graph classes,Discussion,closed,2022-04-26T18:24:07+00:00,2025-11-07T15:19:41+00:00,rossbar,1290.87,False
5582,networkx/networkx,Unexpected behavior when using np.int64 instead of int when creating a graph,type: Bug fix,closed,2022-04-26T09:24:10+00:00,2022-05-13T15:25:48+00:00,rossbar,17.25,False
5573,networkx/networkx,Missing `f` prefix on f-strings,,closed,2022-04-23T22:14:53+00:00,2022-04-24T19:26:21+00:00,dschult,0.88,False
5568,networkx/networkx,The `maximal_independent_set` function does not always generate a *maximal* independent set for selected node(s).,type: Documentation,closed,2022-04-22T04:20:02+00:00,2026-03-11T08:56:02+00:00,dschult,1419.19,False
5566,networkx/networkx,induced_subgraph docs show unrelated example,type: Documentation,closed,2022-04-21T01:18:22+00:00,2022-04-25T22:59:57+00:00,rossbar,4.9,False
5564,networkx/networkx,Sorting of Connected Components for Directed Graphs,Question,closed,2022-04-20T12:21:01+00:00,2022-04-30T15:26:21+00:00,dschult,10.13,False
5562,networkx/networkx,Properly handle edge cases for greedy_modularity_communities,type: Bug fix,closed,2022-04-20T06:37:19+00:00,2023-11-06T09:16:56+00:00,MridulS,565.11,False
5557,networkx/networkx,parameter nodelist for triadic_census,type: Bug fix,closed,2022-04-19T03:11:34+00:00,2022-05-12T21:24:14+00:00,jarrodmillman,23.76,False
5553,networkx/networkx,Cannot access `branching_weight()`,type: Documentation,closed,2022-04-18T13:13:28+00:00,2022-05-13T11:13:43+00:00,MridulS,24.92,False
5551,networkx/networkx,Wrong output in `hamiltonian_path()`,type: Maintenance,closed,2022-04-18T09:01:09+00:00,2022-06-27T09:17:42+00:00,rossbar,70.01,False
5547,networkx/networkx,Implementation of LCA algorithm does not match with referenced paper,LCA,closed,2022-04-17T14:16:01+00:00,2022-11-22T15:50:50+00:00,dschult,219.07,False
5543,networkx/networkx,`is_tournament` behavior for undirected and multigraphs,Question,closed,2022-04-16T18:42:52+00:00,2022-05-19T06:39:00+00:00,rossbar,32.5,False
5542,networkx/networkx,Export `is_tournament` to main namespace?,type: Enhancements;type: Documentation,closed,2022-04-16T18:34:45+00:00,2023-09-20T21:01:14+00:00,MridulS,522.1,False
5538,networkx/networkx,Duplicate directed edges in `min_edge_cover` set,type: Bug fix,closed,2022-04-15T05:14:50+00:00,2022-06-27T09:29:08+00:00,rossbar,73.18,False
5535,networkx/networkx,Examples for Centrality Algorithms,,closed,2022-04-14T16:56:40+00:00,2022-05-13T15:43:00+00:00,rossbar,28.95,False
5532,networkx/networkx,Update code in similarity.py ,type: Maintenance,closed,2022-04-14T02:44:35+00:00,2023-02-28T17:44:51+00:00,rossbar,320.63,False
5530,networkx/networkx,greedy_modularity_communities raises StopIteration for unconnected (?) graph,type: Bug fix,closed,2022-04-13T12:48:17+00:00,2022-04-20T14:22:24+00:00,dschult,7.07,False
5520,networkx/networkx,Regression: Delayed exceptions for Generators decorated with `not_implemented_for`,type: Bug fix,closed,2022-04-11T17:33:01+00:00,2022-04-19T14:20:45+00:00,dschult,7.87,False
5510,networkx/networkx,Describing what the algorithms are helpful for with a brief visual and textual examples - a GSoC idea,,closed,2022-04-09T11:47:58+00:00,2022-06-27T09:36:14+00:00,rossbar,78.91,False
5508,networkx/networkx,Find all cycles of given length in an undirected graph - documenting the solution,Question,closed,2022-04-09T10:10:56+00:00,2022-06-08T12:18:58+00:00,rossbar,60.09,False
5501,networkx/networkx,Add Examples under distance measures ,,closed,2022-04-08T14:51:23+00:00,2022-05-13T15:45:27+00:00,rossbar,35.04,False
5499,networkx/networkx,write_dot does not properly escape quotes in node attribute values,type: Bug fix,closed,2022-04-08T10:52:10+00:00,2022-06-10T17:19:11+00:00,MridulS,63.27,False
5498,networkx/networkx,Improving Triads Algorithms Documentation,type: Documentation,closed,2022-04-08T09:14:40+00:00,2022-07-05T13:37:40+00:00,rossbar,88.18,False
5495,networkx/networkx,Unable to import louvain_partitions,,closed,2022-04-07T17:48:34+00:00,2022-04-07T18:10:23+00:00,fishbacp,0.02,True
5492,networkx/networkx,Improving Contribution Guidelines,type: Documentation,closed,2022-04-07T03:35:53+00:00,2022-05-13T15:50:38+00:00,rossbar,36.51,False
5487,networkx/networkx,Issues with ```to_numpy_array``` outputs,,closed,2022-04-06T11:56:40+00:00,2022-04-06T18:03:32+00:00,rossbar,0.25,False
5486,networkx/networkx,Defects of Bridges Algorithms,type: Bug fix,closed,2022-04-06T10:48:36+00:00,2022-05-13T15:57:58+00:00,rossbar,37.21,False
5484,networkx/networkx,Adding Example for chain decomposition.,type: Documentation,closed,2022-04-06T10:46:25+00:00,2023-03-17T16:47:13+00:00,dschult,345.25,False
5481,networkx/networkx,greedy_coloring() provides a coloring with fewer colors than maximum degree of graph,,closed,2022-04-06T04:25:40+00:00,2022-04-06T04:46:17+00:00,osamarais,0.01,True
5472,networkx/networkx,Adding examples on functions related to graph covers,type: Documentation,open,2022-04-05T10:00:54+00:00,,,,
5466,networkx/networkx,"Direction of arrows for undirected graphs -nx.draw(G, arrows=True)- misleading",type: Enhancements;Visualization,closed,2022-04-04T18:27:32+00:00,2022-05-13T16:14:16+00:00,rossbar,38.91,False
5463,networkx/networkx,Improve Examples Section of ```set_edge_attributes```,type: Enhancements;type: Documentation,closed,2022-04-03T20:31:13+00:00,2022-08-23T15:35:46+00:00,jarrodmillman,141.79,False
5449,networkx/networkx,Condensation function: mapping and members attributes are hardly accessible.,type: Documentation,closed,2022-03-31T12:00:42+00:00,2022-06-23T20:48:49+00:00,MridulS,84.37,False
5445,networkx/networkx,`graph6.py` module - possible refactor candidate,type: Maintenance,open,2022-03-31T01:05:23+00:00,,,,
5443,networkx/networkx,Exception not raised when `to_graph6_bytes` is used on directed graphs,type: Bug fix,closed,2022-03-30T16:50:07+00:00,2022-04-01T02:09:33+00:00,dschult,1.39,False
5436,networkx/networkx,Investigate `min_weighted_dominating_set` for directed graphs,type: Enhancements;Question,open,2022-03-29T01:28:41+00:00,,,,
5435,networkx/networkx,Question about `maximal_matching` vs. `min_edge_dominating_set`,Question,closed,2022-03-29T00:46:19+00:00,2022-05-13T16:23:45+00:00,rossbar,45.65,False
5434,networkx/networkx,CI: `black` is currently broken,,closed,2022-03-29T00:01:57+00:00,2022-03-29T14:24:55+00:00,jarrodmillman,0.6,False
5433,networkx/networkx,DOC: scipy conf. citation links spin forever,,closed,2022-03-28T20:53:43+00:00,2022-03-29T17:14:27+00:00,MridulS,0.85,False
5426,networkx/networkx,Deprecate or improve `utils.misc.to_tuple`,Question,closed,2022-03-25T23:39:04+00:00,2022-03-27T20:52:23+00:00,MridulS,1.88,False
5423,networkx/networkx,Future Deprecation: replace utils.pairwise with itertools equivalent,type: Maintenance,closed,2022-03-25T04:04:43+00:00,2023-12-14T09:59:02+00:00,MridulS,629.25,False
5421,networkx/networkx,Networkx generates an unusual graph (figure keeps on changing and labels are scattered),Question;Visualization,closed,2022-03-24T22:19:02+00:00,2022-03-25T20:13:35+00:00,MridulS,0.91,False
5418,networkx/networkx,Is it possible to draw networkx edges by attribute?,Question;Visualization,closed,2022-03-24T19:07:29+00:00,2022-05-13T16:25:31+00:00,,49.89,
5415,networkx/networkx,Is `extrema_bounding` intended to be a public function?,Question,closed,2022-03-24T04:54:46+00:00,2022-03-25T18:36:47+00:00,MridulS,1.57,False
5410,networkx/networkx,AttributeError for matrix conversion,,closed,2022-03-23T14:05:54+00:00,2022-05-13T16:26:47+00:00,rossbar,51.1,False
5403,networkx/networkx,Bipartite projection on nodes with duplicates raises ZeroDivisionError,type: Enhancements,closed,2022-03-21T17:20:32+00:00,2022-05-08T14:43:46+00:00,dschult,47.89,False
5402,networkx/networkx,"Getting TypeError upon calling extrema_bounding(G, compute=""eccentricities"") in distance_measures.py",type: Bug fix,closed,2022-03-21T04:23:28+00:00,2022-03-24T21:29:46+00:00,dschult,3.71,False
5400,networkx/networkx,no symmetry in graph_edit_distance,,closed,2022-03-18T16:34:54+00:00,2022-05-13T16:28:11+00:00,rossbar,56.0,False
5388,networkx/networkx,min_weight_matching gives incorrect results,type: Bug fix,closed,2022-03-13T16:39:14+00:00,2022-04-01T19:35:43+00:00,rossbar,19.12,False
5383,networkx/networkx,Weird results in average_neighbor_degree for directed graph,type: Bug fix;type: Documentation,closed,2022-03-09T21:37:34+00:00,2022-03-28T01:05:26+00:00,dschult,18.14,False
5382,networkx/networkx,Avoid black formatting when using git blame,,closed,2022-03-09T15:03:27+00:00,2022-03-25T20:35:07+00:00,rossbar,16.23,False
5377,networkx/networkx,"In docstrings, the parameter type ""container"" has ambiguous meaning",type: Bug fix;type: Documentation,open,2022-03-08T18:47:23+00:00,,,,
5374,networkx/networkx,Filter* views input checks for NODE_OK look for .nodes attributes (?),type: Maintenance,closed,2022-03-04T12:39:20+00:00,2022-05-26T19:54:43+00:00,MridulS,83.3,False
5367,networkx/networkx,"Error when importing networkx: ""module 'importlib' has no attribute 'machinery'""",type: Bug fix,closed,2022-03-01T04:10:18+00:00,2022-03-03T20:55:12+00:00,jarrodmillman,2.7,False
5366,networkx/networkx,sequential figures are not created: first figure is shown but second not - only white window for second figure ,Question;Visualization,closed,2022-02-28T23:36:00+00:00,2022-05-13T17:43:33+00:00,rossbar,73.76,False
5363,networkx/networkx,Error in MultiDiGraph.edges(nbunch),,closed,2022-02-27T11:01:22+00:00,2022-02-27T16:09:35+00:00,dschult,0.21,False
5358,networkx/networkx,Urgent GSoC revisions are needed.,,closed,2022-02-25T05:41:30+00:00,2022-02-25T16:46:27+00:00,MridulS,0.46,False
5355,networkx/networkx,Error in running requirements/test.txt,,closed,2022-02-22T17:29:08+00:00,2022-02-22T18:26:24+00:00,Ku6er,0.04,True
5353,networkx/networkx,networkx.drawing.nx_pydot.read_dot parses dot files incorrectly,,closed,2022-02-21T19:03:42+00:00,2022-02-21T19:31:42+00:00,nico5300,0.02,True
5340,networkx/networkx,Speed up max_weight_matching,type: Enhancements;type: Maintenance,open,2022-02-18T19:48:04+00:00,,,,
5333,networkx/networkx,[graphviz_layout] OSError: Error: <stdin>: syntax error in line ,,closed,2022-02-17T05:13:51+00:00,2022-02-22T05:08:54+00:00,tkmamidi,5.0,True
5329,networkx/networkx,Line graph raises an error when nodes are not ordered.,type: Bug fix,closed,2022-02-13T20:27:46+00:00,2022-03-20T01:47:11+00:00,dschult,34.22,False
5326,networkx/networkx,`nx.info()` no longer informative,,closed,2022-02-12T18:47:15+00:00,2025-11-14T17:56:06+00:00,rossbar,1370.96,False
5325,networkx/networkx,size() and degree() returning unexpected result when using a subgraph view,,closed,2022-02-12T12:14:23+00:00,2022-02-13T09:00:37+00:00,,0.87,
5313,networkx/networkx,No module named 'networkx.algorithms.approximation.traveling_salesman' (networkx-2.6.3),Question,closed,2022-02-09T10:54:13+00:00,2022-05-13T17:48:58+00:00,rossbar,93.29,False
5312,networkx/networkx,NULL,,closed,2022-02-09T01:36:57+00:00,2022-02-10T06:46:29+00:00,AnryYang,1.21,True
5309,networkx/networkx,`to_numpy_recarray` throws `KeyError: weight`,type: Documentation,closed,2022-02-07T22:41:55+00:00,2022-02-11T04:03:05+00:00,dschult,3.22,False
5302,networkx/networkx,DOCS: Docs stable version (2.6.2) does not match latest release (2.6.3),type: Bug fix;type: Documentation,closed,2022-02-04T11:10:16+00:00,2022-03-05T17:06:24+00:00,jarrodmillman,29.25,False
5295,networkx/networkx,Make a matching generic_edge_bfs to accompany generic_bfs_edge,type: Enhancements,open,2022-02-02T12:51:28+00:00,,,,
5294,networkx/networkx,draw_networkx_edge_labels examples don't work with MultiDiGraphs,Visualization,closed,2022-02-01T20:17:02+00:00,2022-02-12T20:21:10+00:00,jarrodmillman,11.0,False
5293,networkx/networkx,Write_graphml fails on contracted graphs,,closed,2022-01-31T21:27:40+00:00,2022-01-31T21:28:33+00:00,rossbar,0.0,False
5292,networkx/networkx,Write_graphml doesn't work on contracted graphs,Question,closed,2022-01-31T21:23:44+00:00,2022-02-03T20:28:30+00:00,rossbar,2.96,False
5286,networkx/networkx,`json_graph.tree_data` can cause maximum recursion depth error.,type: Bug fix,closed,2022-01-28T09:37:45+00:00,2022-01-29T03:01:53+00:00,dschult,0.73,False
5281,networkx/networkx,`network_simplex()` function gives overflow warning with integers for weights and demand,,closed,2022-01-26T22:13:59+00:00,2022-01-27T16:12:55+00:00,oakca,0.75,True
5277,networkx/networkx, Using `networkx.readwrite.json_graph.tree_data` does not preserve Graph attributes,type: Enhancements,open,2022-01-25T01:41:42+00:00,,,,
5266,networkx/networkx,Deprecate `make_small_graph` and `make_small_undirected_graph` from `small` submodule?,type: Maintenance,closed,2022-01-18T06:32:56+00:00,2022-02-12T17:16:41+00:00,MridulS,25.45,False
5261,networkx/networkx,Edge contraction misses multi-edges,,closed,2022-01-14T17:22:39+00:00,2022-01-16T20:14:11+00:00,lucasmccabe,2.12,True
5257,networkx/networkx,Distance_measures.py functions should work for weighted graphs too.,type: Enhancements,closed,2022-01-13T20:03:51+00:00,2022-07-28T16:27:57+00:00,rossbar,195.85,False
5255,networkx/networkx,Examples section of `to_numpy_array` could be improved,type: Documentation,closed,2022-01-13T06:48:57+00:00,2023-09-20T21:05:18+00:00,MridulS,615.59,False
5248,networkx/networkx,from_pandas_edgelist does not create weighted graphs despite providing weight column in edge_attrs,Question,closed,2022-01-07T13:04:16+00:00,2022-02-03T20:45:23+00:00,rossbar,27.32,False
5246,networkx/networkx,Improving the performance of triangles,type: Enhancements;Needs PR,open,2022-01-03T01:58:26+00:00,,,,
5239,networkx/networkx,"minimum_cut returns correct value, valid partition, but different from what it claims to return",type: Enhancements;type: Documentation,open,2021-12-22T11:15:05+00:00,,,,
5235,networkx/networkx,G.add_nodes_from() Unexpected Behavior,Question,closed,2021-12-17T19:32:41+00:00,2021-12-17T19:57:42+00:00,cjmaria,0.02,True
5215,networkx/networkx,Documentation for `draw_shell` does not explain all arguments,type: Documentation,closed,2021-12-05T07:25:26+00:00,2022-02-12T17:17:27+00:00,jarrodmillman,69.41,False
5213,networkx/networkx,Graph generators in the `small` module need docstrings,type: Documentation,closed,2021-12-04T21:11:43+00:00,2022-01-18T16:29:38+00:00,MridulS,44.8,False
5212,networkx/networkx,`spiral_layout` needs more documentation/context,type: Enhancements;type: Documentation,closed,2021-12-03T23:05:45+00:00,2022-04-07T19:25:35+00:00,MridulS,124.85,False
5211,networkx/networkx,Problem with spiral layout with `equidistant=True`,type: Bug fix;Visualization,closed,2021-12-03T22:50:52+00:00,2022-02-28T04:56:03+00:00,rossbar,86.25,False
5209,networkx/networkx,lowest_common_ancestor for multigraph,type: Enhancements;LCA,closed,2021-12-03T22:16:49+00:00,2022-12-11T00:43:26+00:00,dschult,372.1,False
5206,networkx/networkx,Self loop drawing not working with custom layout,Visualization,open,2021-11-30T16:07:57+00:00,,,,
5204,networkx/networkx,TypeError: unhashable type: 'list' when adding custom Python objects containing list attributes as nodes into a graph,,closed,2021-11-26T18:05:58+00:00,2021-11-26T18:24:10+00:00,hidayatrzayev,0.01,True
5203,networkx/networkx,"nx.drawing.nx_pydot.to_pydot() does not handle correctly nodes with "":""",type: Enhancements,closed,2021-11-25T15:37:11+00:00,2022-06-10T17:01:27+00:00,MridulS,197.06,False
5202,networkx/networkx,failure when testing prereleases of dependencies,,closed,2021-11-25T15:04:56+00:00,2021-12-03T22:26:11+00:00,jarrodmillman,8.31,False
5201,networkx/networkx,bug of greedy_modularity_communities,Question,closed,2021-11-25T11:45:41+00:00,2022-02-03T20:55:25+00:00,rossbar,70.38,False
5195,networkx/networkx,Sparse implementation for attr_matrix,type: Enhancements;Question,open,2021-11-20T07:35:43+00:00,,,,
5192,networkx/networkx,Improve bethe_hessian_matrix,type: Enhancements,closed,2021-11-19T20:22:25+00:00,2022-04-09T06:59:01+00:00,rossbar,140.44,False
5189,networkx/networkx,Replace custom solvers in algebraicconnectivity with scipy.sparse.linalg equivalents,type: Maintenance,open,2021-11-19T05:53:30+00:00,,,,
5175,networkx/networkx,louvain for large directed graph cannot stop,type: Bug fix;Question,closed,2021-11-09T13:51:30+00:00,2022-07-13T17:06:40+00:00,rossbar,246.14,False
5168,networkx/networkx,ImportError: cannot import name 'independent_set' from 'networkx.algorithms.approximation' ,Question,closed,2021-11-02T16:05:03+00:00,2021-11-02T18:10:49+00:00,rossbar,0.09,False
5167,networkx/networkx,possible compatibility problem with Matplotlib-3.5.0 ?,type: Bug fix;Visualization,closed,2021-11-01T21:46:09+00:00,2021-11-07T00:55:33+00:00,dschult,5.13,False
5161,networkx/networkx,Increase the usage of augmented assignment statements,,closed,2021-10-30T16:23:49+00:00,2021-10-30T18:54:59+00:00,rossbar,0.1,False
5158,networkx/networkx,`networkx.MultiDiGraph.remove_edges_from` has inconsistent documentation (v2.6.2),type: Bug fix;type: Documentation,closed,2021-10-28T16:12:28+00:00,2022-06-27T10:21:35+00:00,rossbar,241.76,False
5157,networkx/networkx,"MAINT, CI: Revert #5156 when pydot/pyparsing issue is resolved.",type: Maintenance,closed,2021-10-28T00:00:48+00:00,2021-11-16T23:13:02+00:00,rossbar,19.97,False
5155,networkx/networkx,MAINT: Test suite failing on pydot tests,type: Bug fix,closed,2021-10-27T20:37:39+00:00,2021-10-27T23:58:41+00:00,rossbar,0.14,False
5152,networkx/networkx,MAINT: TODO's for 3.10 support,type: Maintenance,closed,2021-10-25T18:37:50+00:00,2022-02-12T18:44:23+00:00,rossbar,110.0,False
5141,networkx/networkx,Replace internal `_n_choose_k` with `math.comb`,type: Maintenance,closed,2021-10-21T05:39:52+00:00,2021-10-23T22:37:49+00:00,jarrodmillman,2.71,False
5135,networkx/networkx,Undefined variable in Exception message,,closed,2021-10-19T17:16:14+00:00,2021-10-20T05:03:54+00:00,Aksem,0.49,True
5133,networkx/networkx,eigenvector_centrality,type: Documentation;Question,closed,2021-10-17T11:30:11+00:00,2021-10-17T15:37:14+00:00,rossbar,0.17,False
5128,networkx/networkx,Refactor _AntiGraph to `nx.classes`?,Question,closed,2021-10-12T05:03:32+00:00,2022-06-27T10:23:22+00:00,rossbar,258.22,False
5124,networkx/networkx,Add a figure to every example of layout,type: Documentation;Visualization,closed,2021-10-10T19:32:27+00:00,2022-06-24T15:39:52+00:00,rossbar,256.84,False
5123,networkx/networkx,multipartite_layout() fails when some node labels are not float,type: Bug fix,closed,2021-10-10T12:31:50+00:00,2021-11-04T02:30:15+00:00,dschult,24.58,False
5118,networkx/networkx,Documentation deploy is flaky when generating documentation for osmnx example,,closed,2021-10-06T11:24:14+00:00,2021-10-14T16:50:39+00:00,rossbar,8.23,False
5112,networkx/networkx,Inconsistent results of Dijkstra algorithm,,closed,2021-10-04T10:38:27+00:00,2021-10-06T09:56:47+00:00,veager,1.97,True
5106,networkx/networkx,`draw_networkx_edges` does not adhere to `g.edges()` order when self-loops are present,type: Bug fix;Visualization,closed,2021-09-28T02:27:04+00:00,2022-06-08T10:41:25+00:00,rossbar,253.34,False
5103,networkx/networkx,Why do networkx's approximations for vertex cover not include self-loop nodes?,Question,closed,2021-09-26T14:35:54+00:00,2021-10-07T19:12:40+00:00,rossbar,11.19,False
5092,networkx/networkx,Improve test suite for random graphs,type: Maintenance,closed,2021-09-20T16:47:15+00:00,2023-05-13T13:54:05+00:00,MridulS,599.88,False
5090,networkx/networkx,Update documentation for planar embedding,type: Documentation;Needs PR,closed,2021-09-20T00:36:26+00:00,2022-04-18T00:35:16+00:00,dschult,210.0,False
5088,networkx/networkx,Y,,closed,2021-09-17T00:36:41+00:00,2021-09-17T06:38:37+00:00,MridulS,0.25,False
5076,networkx/networkx,Documentation: Left vs right eigenvector for eigenvector centrality,Question,open,2021-09-10T09:55:15+00:00,,,,
5071,networkx/networkx,write_graphml - key error on non-existent key type,,closed,2021-09-08T18:24:15+00:00,2021-09-08T21:10:38+00:00,MikeB2019x,0.12,True
5070,networkx/networkx,Using networkx in Azure Databrick results in extremely slow writing to blob storage,Question,closed,2021-09-08T16:40:38+00:00,2021-10-14T16:53:01+00:00,rossbar,36.01,False
5067,networkx/networkx,Documentation seems to imply that subgraph monomorphism is not supported,type: Documentation;Question,open,2021-09-07T13:45:43+00:00,,,,
5064,networkx/networkx,"`omega` gives values that are not within [-1,1] bounds",type: Bug fix,closed,2021-09-05T02:38:32+00:00,2022-02-13T02:34:38+00:00,dschult,161.0,False
5060,networkx/networkx,Issue with attribute names in `greedy_modularity_communities`,,closed,2021-09-04T00:50:55+00:00,2021-09-04T01:14:10+00:00,rossbar,0.02,False
5050,networkx/networkx,Deprecate `adjacency_matrix` alias of `to_scipy_sparse_matrix`?,Question,closed,2021-08-30T01:47:06+00:00,2022-05-15T06:26:26+00:00,rossbar,258.19,False
5047,networkx/networkx,Add default distance metric to `geometric_edges`,type: Enhancements,closed,2021-08-29T20:13:39+00:00,2022-06-07T15:17:19+00:00,MridulS,281.79,False
5046,networkx/networkx,"Should `geometric_edges` raise a specific exception if nodes don't have ""pos"" attribute?",type: Maintenance,closed,2021-08-29T16:02:27+00:00,2022-06-24T12:00:41+00:00,jarrodmillman,298.83,False
5043,networkx/networkx,Refactor `transitive_closure` to support multigraphs,type: Enhancements,closed,2021-08-28T14:03:01+00:00,2021-09-17T14:32:49+00:00,rossbar,20.02,False
5034,networkx/networkx,`descendants` and `ancestors` functions are misplaced,type: Maintenance,open,2021-08-26T14:05:59+00:00,,,,
5030,networkx/networkx,generate LFR benchmark graph and the use of configuration model,Question,open,2021-08-24T02:43:25+00:00,,,,
5026,networkx/networkx,'NoneType' object has no attribute 'get' from greedy_modularity_communities() in v2.6.2,,closed,2021-08-19T04:27:03+00:00,2021-09-09T00:54:22+00:00,dschult,20.85,False
5025,networkx/networkx,`geometric_edges` should be accessible,type: Maintenance,closed,2021-08-17T11:26:48+00:00,2021-09-15T03:41:33+00:00,dschult,28.68,False
5024,networkx/networkx,Failed to save graph generated using stochastic_block_model,type: Maintenance,closed,2021-08-16T08:10:46+00:00,2021-09-15T03:40:11+00:00,dschult,29.81,False
5023,networkx/networkx,corner-case bug in single_source_dijkstra,type: Bug fix;Needs PR;Sprint,closed,2021-08-15T12:58:46+00:00,2021-09-12T23:41:57+00:00,rossbar,28.45,False
5016,networkx/networkx,transitive_closure in dag.py works on non-dags,type: Maintenance,open,2021-08-12T08:23:51+00:00,,,,
5014,networkx/networkx,Cannot import networkx.algorithms.lowest_common_ancestors,,closed,2021-08-10T16:24:22+00:00,2021-08-10T20:17:11+00:00,kevinmyers,0.16,True
5013,networkx/networkx,Read pajek file with multiple arcs field,type: Enhancements,open,2021-08-10T05:03:34+00:00,,,,
5012,networkx/networkx,Implementation of newman_watts_strogatz_graph inconsistent with model,,open,2021-08-09T23:55:32+00:00,,,,
5009,networkx/networkx,Feature request: 'to_pandas_adjacency' option on 'nodelist' behaviour,,closed,2021-08-06T16:02:31+00:00,2022-06-28T14:14:53+00:00,MikeB2019x,325.93,False
5006,networkx/networkx,greedy_modularity_communities doesn't handle networks with string as node names,,closed,2021-08-04T10:22:32+00:00,2021-08-04T10:30:52+00:00,rossbar,0.01,False
5005,networkx/networkx,greedy_modularity_communities handling of ties,,closed,2021-08-03T17:21:10+00:00,2022-05-15T06:56:13+00:00,rossbar,284.57,False
5001,networkx/networkx,Replacing xml with defusedxml to prevent XML External Entity injection attacks (XXE),type: Maintenance,closed,2021-08-03T15:36:30+00:00,2022-06-27T10:46:11+00:00,rossbar,327.8,False
4998,networkx/networkx,Wrong degree_assortativity_coefficient for directed graphs,type: Bug fix,closed,2021-07-31T11:28:03+00:00,2021-08-04T11:50:32+00:00,dschult,4.02,False
4995,networkx/networkx,barabasi_albert_graph with m=1 throws IndexError,,closed,2021-07-29T17:35:26+00:00,2021-07-29T21:16:55+00:00,antonio-rojas,0.15,True
4994,networkx/networkx,`edgelist` is ignored when drawing selfloops,type: Bug fix;Visualization,closed,2021-07-29T16:28:43+00:00,2021-08-30T15:50:17+00:00,MridulS,31.97,False
4993,networkx/networkx,directed_laplacian_matrix has a confusing name,type: Bug fix,open,2021-07-29T14:59:31+00:00,,,,
4992,networkx/networkx,KeyError in greedy_modularity_communities() when dQ approaches zero,type: Bug fix;floating-point,closed,2021-07-29T14:23:16+00:00,2021-09-07T15:31:40+00:00,dschult,40.05,False
4991,networkx/networkx,Weird primal/dual graph conversions from networkx 2.6.2,Visualization,closed,2021-07-29T09:52:34+00:00,2021-07-29T12:52:08+00:00,vishalmhjn,0.12,True
4990,networkx/networkx,nx.simple_cycles counts more cycles than exist. ,Question,closed,2021-07-29T08:43:42+00:00,2021-07-31T09:03:23+00:00,rossbar,2.01,False
4989,networkx/networkx,read_edgelist not reading all lines of write_edgelist file,Question,closed,2021-07-28T14:37:25+00:00,2021-09-10T06:30:44+00:00,MridulS,43.66,False
4986,networkx/networkx,Typo: `networx.readwrite`,,closed,2021-07-27T12:29:08+00:00,2021-07-27T13:25:01+00:00,dschult,0.04,False
4985,networkx/networkx,Inconsistent documentation nbunch parameter in DiGraph.edges(),type: Documentation,closed,2021-07-27T09:21:04+00:00,2021-12-13T04:18:20+00:00,dschult,138.79,False
4980,networkx/networkx,Shortest path doesn't work properly with multigraph,type: Documentation,open,2021-07-23T16:29:28+00:00,,,,
4978,networkx/networkx,Isomorphism for edge matching doesn't seem to work the way I think it should,Question,closed,2021-07-20T00:14:59+00:00,2022-06-27T10:54:50+00:00,rossbar,342.44,False
4975,networkx/networkx,definition of transitivity is misleading,type: Documentation;Question,closed,2021-07-15T16:18:12+00:00,2022-05-15T07:02:46+00:00,rossbar,303.61,False
4974,networkx/networkx,single_source_dijkstra sometimes returns paths that don't match up with distances,,closed,2021-07-15T03:56:04+00:00,2021-07-15T17:13:40+00:00,boothby,0.55,True
4973,networkx/networkx,Request for adding more centrality algorithms,type: Enhancements;Sprint,open,2021-07-14T08:11:41+00:00,,,,
4972,networkx/networkx,minimum_cut returns correct value (flow) but wrong partition for some graphs,type: Bug fix;floating-point,closed,2021-07-12T17:25:14+00:00,2025-10-26T14:05:40+00:00,MridulS,1566.86,False
4968,networkx/networkx," 2.6 installs numpy, pandas and scipy by default",Question,closed,2021-07-09T15:11:45+00:00,2021-07-09T19:45:13+00:00,jarrodmillman,0.19,False
4966,networkx/networkx,greedy_modularity_communities crashes if nodes have been relabeled,type: Bug fix,closed,2021-07-09T14:35:01+00:00,2021-08-03T16:09:22+00:00,dschult,25.07,False
4964,networkx/networkx,Support for Python 3.6,Question,closed,2021-07-09T13:43:22+00:00,2021-07-12T11:24:35+00:00,rossbar,2.9,False
4963,networkx/networkx,Get TypeError when use not_implemented_for decorator,,closed,2021-07-09T09:02:25+00:00,2021-07-09T09:16:10+00:00,acezen,0.01,True
4962,networkx/networkx,Can't retrieve all edges for pair of nodes in Multi(Di)Graph,type: Documentation,closed,2021-07-09T08:46:31+00:00,2022-06-09T22:09:59+00:00,jarrodmillman,335.56,False
4961,networkx/networkx,Can't retrieve all edges for pair of nodes in Multi(Di)Graph,,closed,2021-07-09T08:45:45+00:00,2021-07-09T10:38:54+00:00,rossbar,0.08,False
4959,networkx/networkx,Unable to build from source using source archive from PyPI,,closed,2021-07-08T19:45:51+00:00,2021-07-08T20:26:35+00:00,nandahkrishna,0.03,True
4957,networkx/networkx,descendants_at_distance appears to be untested,type: Maintenance,closed,2021-07-08T08:12:42+00:00,2021-08-23T06:36:01+00:00,rossbar,45.93,False
4956,networkx/networkx,common_neighbor_centrality throws KeyError in presence of multiple connected components,type: Bug fix,closed,2021-07-07T22:56:01+00:00,2021-08-28T00:45:19+00:00,rossbar,51.08,False
4953,networkx/networkx,write_gml does not allow for empty lists as attributes,type: Documentation;Question,closed,2021-07-07T01:46:03+00:00,2021-09-10T11:06:40+00:00,MridulS,65.39,False
4951,networkx/networkx,Edmonds implementation is biased towards placing low-index nodes higher in the tree,,open,2021-07-03T11:13:04+00:00,,,,
4943,networkx/networkx,doctest inside doc rst files,type: Documentation,closed,2021-06-30T14:21:59+00:00,2021-06-30T18:42:35+00:00,dschult,0.18,False
4942,networkx/networkx,nx.lowest_common_ancestor incorrectly returns None for this DAG,type: Bug fix;LCA,closed,2021-06-30T11:36:09+00:00,2022-11-15T18:38:09+00:00,MridulS,503.29,False
4936,networkx/networkx,refactor assortativity subpackage,type: Maintenance,open,2021-06-28T17:02:20+00:00,,,,
4935,networkx/networkx,quotient_graph seems particularly slow,type: Maintenance,open,2021-06-28T16:52:20+00:00,,,,
4915,networkx/networkx,ISMAGS trips AssertionError for specific symmetry patterns,type: Bug fix,closed,2021-06-21T11:15:05+00:00,2025-05-26T21:58:45+00:00,dschult,1435.45,False
4914,networkx/networkx,an issue with the clique number,,closed,2021-06-21T01:09:02+00:00,2021-06-21T01:53:01+00:00,babimi,0.03,True
4910,networkx/networkx,Setting per-node attributes with `add_nodes_from` does not set attributes,Question,closed,2021-06-19T20:28:03+00:00,2021-06-21T10:32:34+00:00,c-bg,1.59,True
4905,networkx/networkx,Getting 403 Forbidden errors when running plot_custom_node_icons example,type: Maintenance;type: Documentation,closed,2021-06-16T09:42:59+00:00,2021-06-16T16:38:13+00:00,dschult,0.29,False
4899,networkx/networkx,dfs_edges can miss edges when no source provided,type: Documentation,closed,2021-06-15T04:57:08+00:00,2021-06-15T08:54:57+00:00,corey-biarri,0.17,True
4898,networkx/networkx,https://networkx.org/documentation/stable/tutorial.html doesn't work,,closed,2021-06-13T22:19:17+00:00,2021-06-14T09:53:27+00:00,rossbar,0.48,False
4895,networkx/networkx,Speedup in code close to core classes,type: Maintenance,open,2021-06-11T22:17:52+00:00,,,,
4894,networkx/networkx,Looks like igraph example is failing in the CI,type: Documentation,closed,2021-06-11T21:47:33+00:00,2021-06-12T15:09:11+00:00,dschult,0.72,False
4891,networkx/networkx,Update random number generators to use numpy.random.Generator  ,type: Enhancements,closed,2021-06-10T20:11:10+00:00,2022-03-24T19:10:19+00:00,rossbar,286.96,False
4885,networkx/networkx,The implementation of `_fruchterman_reingold` significantly deviates from the original algorithm with adverse effects for every graph that is not fully symmetric,Visualization,open,2021-06-09T21:04:33+00:00,,,,
4882,networkx/networkx,attribute assortativity returns nan,Question,closed,2021-06-08T12:15:16+00:00,2022-05-15T07:09:17+00:00,rossbar,340.79,False
4877,networkx/networkx,Add destringizer example to read_gml docstring,type: Documentation,closed,2021-06-07T14:26:17+00:00,2021-06-28T10:19:13+00:00,rossbar,20.83,False
4876,networkx/networkx,from_numpy_array() is ambiguous,type: Enhancements,closed,2021-06-07T09:44:16+00:00,2026-04-16T09:30:46+00:00,dschult,1773.99,False
4870,networkx/networkx,Documentation for conda based dev environment setup fails,type: Documentation;Sprint,closed,2021-06-04T15:07:51+00:00,2021-06-09T14:44:48+00:00,MridulS,4.98,False
4865,networkx/networkx,Self-loop does not show up when drawing the graph,,closed,2021-06-01T21:44:29+00:00,2021-06-02T09:01:20+00:00,rossbar,0.47,False
4857,networkx/networkx,Just importing networkx makes python process commit 4GB of memory,,closed,2021-05-31T21:27:46+00:00,2021-06-03T10:26:37+00:00,rossbar,2.54,False
4855,networkx/networkx,Remove full path from functions in the docs sidebars,type: Documentation,closed,2021-05-31T09:57:06+00:00,2022-05-15T07:15:35+00:00,rossbar,348.89,False
4853,networkx/networkx,Conflict With flask_cors,,closed,2021-05-31T07:07:28+00:00,2021-06-07T14:43:54+00:00,rossbar,7.32,False
4852,networkx/networkx,A table in the documentation is broken.,type: Documentation,closed,2021-05-31T04:09:31+00:00,2021-06-06T19:16:47+00:00,jarrodmillman,6.63,False
4846,networkx/networkx,Approximation TSP - Bug when custom weight is not correctly add in input,type: Bug fix,closed,2021-05-27T15:06:26+00:00,2021-06-30T18:22:09+00:00,dschult,34.14,False
4845,networkx/networkx,show_edges() based on show_nodes() fails,type: Maintenance,closed,2021-05-27T09:02:22+00:00,2023-09-12T05:56:40+00:00,rossbar,837.87,False
4836,networkx/networkx,algorithms.tree.branchings breaks for all minimum_branching() calls,type: Bug fix;Needs PR,closed,2021-05-25T17:21:58+00:00,2023-07-03T17:26:16+00:00,dschult,769.0,False
4834,networkx/networkx,Exporting graph with empty node name to pygraphviz causes error,,closed,2021-05-25T07:45:36+00:00,2022-05-15T07:29:44+00:00,rossbar,354.99,False
4824,networkx/networkx,MultiGraph initialization with dict-of-dict-of-dict-of-dict doesn't work properly,type: Bug fix,closed,2021-05-20T08:10:02+00:00,2021-05-27T20:54:53+00:00,dschult,7.53,False
4819,networkx/networkx,docs for spring_layout do not include `source` link,type: Documentation,closed,2021-05-20T02:28:10+00:00,2021-05-20T05:31:41+00:00,jarrodmillman,0.13,False
4816,networkx/networkx,pygeos 0.10,,closed,2021-05-18T20:24:32+00:00,2021-05-19T18:37:56+00:00,jarrodmillman,0.93,False
4813,networkx/networkx,Unable to Iterate over Iterator returned by bfs_edges,,closed,2021-05-18T16:58:28+00:00,2021-05-18T23:14:29+00:00,alvaradoo,0.26,False
4806,networkx/networkx,Performance & display regressions in matplotlib plotting,Visualization,closed,2021-05-15T18:09:14+00:00,2021-05-26T21:51:36+00:00,rossbar,11.15,False
4792,networkx/networkx,PageRank algo convergence condition,type: Documentation,closed,2021-05-12T00:19:03+00:00,2025-05-20T16:38:45+00:00,rossbar,1469.68,False
4783,networkx/networkx,Fix signatures in json_graph.tree module: use explicit kwargs instead of dicts,type: Bug fix,closed,2021-05-06T16:27:42+00:00,2021-05-18T22:56:56+00:00,dschult,12.27,False
4781,networkx/networkx,in/out_degree interpret strings as collections,type: Bug fix,closed,2021-05-04T17:55:37+00:00,2022-06-09T13:16:50+00:00,dschult,400.81,False
4780,networkx/networkx,deprecation warning message,,closed,2021-05-04T15:46:25+00:00,2021-05-04T15:56:48+00:00,rossbar,0.01,False
4778,networkx/networkx,Deserializing custom default properties from yEd graphML files,type: Bug fix;Needs PR,closed,2021-05-04T11:40:05+00:00,2021-06-07T09:36:23+00:00,rossbar,33.91,False
4776,networkx/networkx,numeric assortativity coefficient only works for nonnegative numeric attributes,,closed,2021-05-04T07:16:57+00:00,2021-06-30T09:57:31+00:00,rossbar,57.11,False
4775,networkx/networkx,Remove function utils.preserve_random_state,type: Maintenance,closed,2021-05-03T21:11:37+00:00,2021-05-20T18:16:09+00:00,rossbar,16.88,False
4774,networkx/networkx,Review ISMAGS methods,type: Maintenance;type: Documentation,closed,2021-05-03T18:12:35+00:00,2022-06-07T15:06:26+00:00,dschult,399.87,False
4770,networkx/networkx,Key value error when iterating through edges,,closed,2021-05-01T09:25:55+00:00,2021-05-01T12:07:11+00:00,MridulS,0.11,False
4767,networkx/networkx,Unable to get the same network from `soft_random_geometric_graph` on different machines,type: Bug fix,closed,2021-04-29T10:47:50+00:00,2021-05-04T08:51:03+00:00,MridulS,4.92,False
4766,networkx/networkx,common_neighbor_centrality,,closed,2021-04-28T07:44:02+00:00,2021-04-28T10:54:07+00:00,antahia,0.13,True
4765,networkx/networkx,Improve documentation for the View classes,type: Documentation,open,2021-04-28T02:34:19+00:00,,,,
4764,networkx/networkx,module 'matplotlib.cbook' has no attribute 'is_numlike',,closed,2021-04-27T18:36:05+00:00,2021-05-06T16:21:08+00:00,rossbar,8.91,False
4762,networkx/networkx,sping_layout crashs when called,,closed,2021-04-27T02:32:37+00:00,2021-04-27T10:36:30+00:00,Michael1015198808,0.34,True
4760,networkx/networkx,`eulerian_circuit` returns walk that uses the same edge twice when it should not.,,closed,2021-04-26T17:30:17+00:00,2021-04-27T04:03:56+00:00,dyc3,0.44,True
4759,networkx/networkx,Networkx and Matplotlib do not allow to plot self-loop,,closed,2021-04-26T13:42:44+00:00,2021-04-28T02:29:49+00:00,dschult,1.53,False
4752,networkx/networkx,`networkx.utils.misc` missing `__all__`,type: Bug fix,closed,2021-04-23T17:41:06+00:00,2021-04-25T17:26:50+00:00,dschult,1.99,False
4750,networkx/networkx,find_cycle() does not find re-find a cycle if a component edge is removed and re-added,,closed,2021-04-22T21:43:29+00:00,2021-04-22T22:33:40+00:00,dmargul,0.03,True
4745,networkx/networkx,DiGraph in_edges returns wrong view when using nbunch,,closed,2021-04-20T10:46:23+00:00,2021-04-28T02:35:19+00:00,dschult,7.66,False
4737,networkx/networkx,Export to GraphML does not work as defined in the tutorial,type: Maintenance,open,2021-04-09T15:20:50+00:00,,,,
4734,networkx/networkx,average_clustering() got an unexpected keyword argument 'trials',type: Documentation;Needs PR,closed,2021-04-09T09:38:19+00:00,2021-04-09T16:56:55+00:00,dschult,0.3,False
4732,networkx/networkx,Review decorator dependency,type: Maintenance,closed,2021-04-08T21:43:58+00:00,2021-07-08T17:50:32+00:00,jarrodmillman,90.84,False
4729,networkx/networkx,Graph instance modified in place by `scale_free_graph`,type: Maintenance,closed,2021-04-07T03:06:34+00:00,2022-06-07T15:03:23+00:00,dschult,426.5,False
4728,networkx/networkx,Snyk-High Vulnerability-Deserialization of Untrusted Data,,closed,2021-04-06T17:01:43+00:00,2021-04-06T17:23:04+00:00,rossbar,0.01,False
4726,networkx/networkx,Wrong output from Steiner Tree ,Question,closed,2021-04-05T14:22:25+00:00,2021-05-18T16:20:59+00:00,rossbar,43.08,False
4722,networkx/networkx,decorator 5.0.3 breaks nodes_or_number decorator,,closed,2021-04-03T13:55:34+00:00,2021-04-04T17:06:45+00:00,dschult,1.13,False
4720,networkx/networkx,MultiDiGraph initialised via dict_of_dicts does not maintain class,type: Bug fix,closed,2021-04-02T17:58:17+00:00,2021-05-27T20:54:53+00:00,dschult,55.12,False
4719,networkx/networkx,Patch for outdated releases (2.2)?,,closed,2021-04-02T12:22:10+00:00,2021-04-03T23:10:35+00:00,jarrodmillman,1.45,False
4718,networkx/networkx,Error in `random_state` decorator with decorator 5.0.0 version,,closed,2021-04-02T09:23:46+00:00,2021-05-19T16:33:59+00:00,rossbar,47.3,False
4717,networkx/networkx,mismatch in the order of colours and edge widths ,,closed,2021-04-02T08:42:08+00:00,2021-04-17T21:31:41+00:00,DPcute,15.53,True
4712,networkx/networkx,Update documentation for geographical_threshold_graph,type: Documentation,closed,2021-03-30T18:19:50+00:00,2021-08-14T11:59:49+00:00,dschult,136.74,False
4707,networkx/networkx,Bad TypeHint for degree,,closed,2021-03-29T17:05:18+00:00,2021-03-29T18:46:51+00:00,MridulS,0.07,False
4704,networkx/networkx,Intersphinx mappings to NetworkX,,closed,2021-03-26T08:39:17+00:00,2021-03-26T17:01:42+00:00,rossbar,0.35,False
4701,networkx/networkx,Pypi badge for Windows testing still flags a broken Appveyor test ,type: Maintenance,closed,2021-03-25T14:41:00+00:00,2021-07-08T17:50:43+00:00,jarrodmillman,105.13,False
4693,networkx/networkx,Getting shape types from GraphML written by yEd,,closed,2021-03-23T12:43:38+00:00,2021-06-14T14:21:06+00:00,rossbar,83.07,False
4687,networkx/networkx,Edge attributes not present: spanner,,closed,2021-03-22T04:10:43+00:00,2021-04-28T02:49:01+00:00,dschult,36.94,False
4663,networkx/networkx,Error in to_pydot if I use gradient color as fillcolor,External,closed,2021-03-08T19:28:28+00:00,2022-05-27T06:48:32+00:00,MridulS,444.47,False
4660,networkx/networkx,network_simplex is untested,type: Maintenance,closed,2021-03-07T19:33:24+00:00,2021-05-19T21:14:58+00:00,dschult,73.07,False
4657,networkx/networkx,negative_edge_cycle calling bellman_ford with mismatched argument,type: Bug fix,closed,2021-03-06T01:08:34+00:00,2021-03-07T17:55:01+00:00,rossbar,1.7,False
4652,networkx/networkx,Some PRs closed when default branch changed,type: Maintenance,closed,2021-03-05T03:10:32+00:00,2022-01-28T01:33:26+00:00,dschult,328.93,False
4650,networkx/networkx,eigenvector_centrality() questions,,closed,2021-03-04T18:13:46+00:00,2021-03-05T18:20:06+00:00,MridulS,1.0,False
4648,networkx/networkx,Incorrect link to the paper in katz_centrality documentation,type: Documentation;Needs PR,closed,2021-03-03T17:07:53+00:00,2021-03-05T18:18:57+00:00,rossbar,2.05,False
4645,networkx/networkx,AttributeError: 'Graph' object has no attribute 'pred',,closed,2021-03-02T03:32:41+00:00,2021-05-18T16:29:08+00:00,rossbar,77.54,False
4644,networkx/networkx,Matching routines use sets to represent edges. Should they?,type: Maintenance,open,2021-03-01T17:04:17+00:00,,,,
4641,networkx/networkx,"network_simplex hangs, likely due to floating point precision",floating-point;close ?,closed,2021-02-26T16:13:23+00:00,2023-08-24T16:51:41+00:00,rossbar,909.03,False
4630,networkx/networkx,Strange behaviour with setting edge_attributes in nx.from_pandas_edgelist,Question,closed,2021-02-21T15:59:00+00:00,2021-05-18T16:32:51+00:00,rossbar,86.02,False
4626,networkx/networkx,Test suite failing due to change in default dtype when creating sparse matrices,type: Bug fix,closed,2021-02-18T16:51:05+00:00,2021-03-25T02:22:28+00:00,rossbar,34.4,False
4623,networkx/networkx,Add gallery example of using mpl to annotate a graph drawn with nx.draw,type: Documentation;Sprint,closed,2021-02-16T15:57:54+00:00,2023-02-02T22:30:29+00:00,MridulS,716.27,False
4621,networkx/networkx,`clique.graph_clique_number` should return earlier when the graph has no nodes,type: Maintenance,closed,2021-02-15T10:36:24+00:00,2021-02-15T13:52:29+00:00,dschult,0.14,False
4618,networkx/networkx,recommended virtual env name should be in .gitignore,,closed,2021-02-15T04:17:40+00:00,2021-02-17T19:12:08+00:00,rossbar,2.62,False
4616,networkx/networkx,Networkx not working after updating nbconvert (export to PDF),,closed,2021-02-14T05:35:42+00:00,2021-02-15T05:37:07+00:00,dschult,1.0,False
4614,networkx/networkx,Deprecate `Ordered` graph classes,type: Maintenance,closed,2021-02-12T19:57:30+00:00,2021-03-04T17:55:49+00:00,dschult,19.92,False
4611,networkx/networkx,k_components erroring without a clear reason,,closed,2021-02-10T17:28:01+00:00,2021-02-10T19:03:13+00:00,hcars,0.07,True
4609,networkx/networkx,Compatibility of Reading GraphML and Writing GML,,closed,2021-02-08T18:27:22+00:00,2021-02-10T18:18:53+00:00,hcars,1.99,False
4608,networkx/networkx,Erroneous Tag Added To YAML,,closed,2021-02-08T14:32:41+00:00,2021-02-08T14:51:32+00:00,MridulS,0.01,False
4601,networkx/networkx,"When drawing directed edges, account for node boundary width",Visualization,open,2021-02-05T11:27:03+00:00,,,,
4592,networkx/networkx,Issue in minimum_cut,floating-point;close ?,closed,2021-02-03T19:42:24+00:00,2023-08-24T16:52:38+00:00,rossbar,931.88,False
4587,networkx/networkx,Documentation and code in `floyd_warshall_numpy` are inconsistent,type: Bug fix,closed,2021-02-01T12:29:43+00:00,2021-02-02T20:24:18+00:00,stefanv,1.33,True
4584,networkx/networkx,Incomplete result concerning degree_mixing_matrix and degree_mixing_dict,,closed,2021-02-01T00:46:42+00:00,2021-02-02T15:45:17+00:00,tinynahran,1.62,True
4578,networkx/networkx,AttributeError: module 'networkx' has no attribute 'is_path',,closed,2021-01-28T22:51:00+00:00,2021-01-29T05:29:23+00:00,fluviotect,0.28,True
4574,networkx/networkx,Bug in networkx.algorithms.lowest_common_ancestor(),,closed,2021-01-27T09:57:27+00:00,2021-01-27T11:44:06+00:00,luozhouyang,0.07,True
4569,networkx/networkx,PyYAML 5.4/5.4.1 breaks YAML loader,,closed,2021-01-25T22:19:56+00:00,2021-01-26T17:08:10+00:00,MridulS,0.78,False
4564,networkx/networkx,Review tempfile usage in TestAGraph class,type: Maintenance,closed,2021-01-24T04:42:20+00:00,2021-02-08T21:36:59+00:00,dschult,15.7,False
4562,networkx/networkx,PyGEOS 0.9 breaks gallery examples,,closed,2021-01-24T02:19:47+00:00,2021-01-26T19:59:23+00:00,jarrodmillman,2.74,False
4555,networkx/networkx,Random sampling from set has been deprecated in Python 3.9,type: Maintenance,closed,2021-01-22T18:34:46+00:00,2021-03-25T20:49:02+00:00,MridulS,62.09,False
4552,networkx/networkx,Anaconda version of pygraphviz is broken,External;Question,closed,2021-01-21T19:17:51+00:00,2021-05-18T16:47:03+00:00,rossbar,116.9,False
4544,networkx/networkx,A star not find the same path when switch the start and the end point in an undirected graph,,closed,2021-01-17T23:34:23+00:00,2021-01-23T00:37:28+00:00,dschult,5.04,False
4543,networkx/networkx,networkx.readwrite.edgelist.read_weighted_edgelist seems to scramble edge start and end nodes,,closed,2021-01-17T07:38:15+00:00,2021-01-17T11:00:41+00:00,TobiasScheuer,0.14,True
4542,networkx/networkx,traverse_face returning incorrect result?,,closed,2021-01-15T20:27:10+00:00,2021-01-15T21:36:19+00:00,nickponline,0.05,True
4539,networkx/networkx,error when running next(communities_generator) on girvan_newman algorithm: module 'networkx' has no attribute 'selfloop_edges',,closed,2021-01-13T09:42:34+00:00,2021-05-18T16:48:31+00:00,rossbar,125.3,False
4535,networkx/networkx,view_pygraphviz doesn't escape labels,Visualization,open,2021-01-12T12:46:46+00:00,,,,
4527,networkx/networkx,weight in sparsifiers.spanner,,closed,2021-01-06T13:30:10+00:00,2021-09-09T01:10:42+00:00,dschult,245.49,False
4526,networkx/networkx,Attributes deleted in sparsifiers.spanner,,closed,2021-01-06T12:42:01+00:00,2021-04-28T02:48:51+00:00,dschult,111.59,False
4525,networkx/networkx,transform keyword for `draw_networkx`,Question;Visualization,open,2021-01-05T11:20:48+00:00,,,,
4523,networkx/networkx,Review core view object documentation,type: Documentation,open,2021-01-05T03:28:33+00:00,,,,
4521,networkx/networkx,Naming of drawing routines,,closed,2021-01-05T03:01:12+00:00,2021-01-06T07:26:09+00:00,stefanv,1.18,False
4520,networkx/networkx,`from_nested_tuple` does not allow edge attributes,,open,2021-01-05T02:41:47+00:00,,,,
4518,networkx/networkx,Why doesn't all_simple_paths check that a path exists?,type: Documentation;Question,closed,2021-01-04T21:10:24+00:00,2021-10-18T16:14:06+00:00,dschult,286.79,False
4517,networkx/networkx,Watts-Strogatts with variable neighbours.,Question,closed,2021-01-04T06:03:08+00:00,2022-06-27T12:03:20+00:00,rossbar,539.25,False
4516,networkx/networkx,Add edge ID attribute to nx.readwrite.json_graph.cytoscape_data(G),Question,open,2021-01-03T19:16:59+00:00,,,,
4515,networkx/networkx,Consider reverting default dependencies back to optional,,closed,2021-01-03T12:31:07+00:00,2021-01-22T00:20:55+00:00,TomekTrzeciak,18.49,True
4514,networkx/networkx,simple_cycles() got 9000 cycles in a simple graph,,closed,2021-01-03T11:06:24+00:00,2021-01-03T15:11:19+00:00,adidasnike90,0.17,True
4511,networkx/networkx,Edges from adjacency numpy array/matrix,,closed,2021-01-03T02:51:04+00:00,2021-01-04T19:37:02+00:00,vsocrates,1.7,True
4503,networkx/networkx,Networkx fails to be installed with Python 3.9 and PIP 20.2.1,,closed,2020-12-31T14:36:31+00:00,2020-12-31T18:43:49+00:00,dschult,0.17,False
4500,networkx/networkx,Max Clique in Directed Graph,,closed,2020-12-30T17:48:36+00:00,2021-01-12T22:03:07+00:00,dschult,13.18,False
4498,networkx/networkx,Import EROOR,,closed,2020-12-29T09:03:05+00:00,2021-06-14T13:52:00+00:00,rossbar,167.2,False
4493,networkx/networkx,Does read_adjlist have a list version?,,closed,2020-12-26T07:46:21+00:00,2021-01-05T02:36:37+00:00,empty-id,9.78,True
4490,networkx/networkx,gml writing and customized label text,,closed,2020-12-25T11:27:32+00:00,2021-05-14T19:55:01+00:00,dschult,140.35,False
4485,networkx/networkx,Have `compose` offer an option to sum attributes.,type: Documentation,closed,2020-12-23T02:14:10+00:00,2022-04-27T19:48:08+00:00,dschult,490.73,False
4484,networkx/networkx,Problem with read/write_gml with nan/inf attributes,type: Bug fix;Question,closed,2020-12-23T01:12:35+00:00,2021-05-20T20:06:10+00:00,dschult,148.79,False
4483,networkx/networkx,Line graph with attributes,type: Documentation,closed,2020-12-21T21:25:52+00:00,2022-06-07T15:04:30+00:00,dschult,532.74,False
4478,networkx/networkx,Remove specific edge from MultiDiGraph,Question,closed,2020-12-20T21:16:57+00:00,2022-06-08T10:23:01+00:00,rossbar,534.55,False
4475,networkx/networkx,Approximated Metrics - Diameter,type: Enhancements,closed,2020-12-20T11:56:12+00:00,2021-01-12T22:15:44+00:00,dschult,23.43,False
4472,networkx/networkx,Loading graph from sparse matrix creates unwanted edges if matrix antires are 0.,Question,closed,2020-12-18T18:02:00+00:00,2022-06-27T12:15:49+00:00,rossbar,555.76,False
4470,networkx/networkx,How large network can be created in networkx?,Question,closed,2020-12-18T16:20:25+00:00,2020-12-21T18:40:30+00:00,arman-zhumakhan,3.1,True
4465,networkx/networkx,Graph.remove_node raises NetworkXError while networkx.relabel_nodes raises KeyError,,closed,2020-12-16T00:42:12+00:00,2020-12-20T01:10:59+00:00,rossbar,4.02,False
4460,networkx/networkx,Allow binomial_tree() to create directed graphs (via create_using parameter),,closed,2020-12-14T02:49:37+00:00,2020-12-15T17:08:24+00:00,dschult,1.6,False
4459,networkx/networkx,line.py needs to be updated to use NX2.0 features,type: Maintenance,closed,2020-12-14T00:14:22+00:00,2022-02-14T02:51:09+00:00,jarrodmillman,427.11,False
4458,networkx/networkx,Wrong output for all_pairs_lowest_common_ancestor,type: Bug fix;LCA,closed,2020-12-13T22:07:46+00:00,2022-11-16T12:16:31+00:00,MridulS,702.59,False
4457,networkx/networkx,Accessing node attribute from update Graph,Question,closed,2020-12-13T22:04:01+00:00,2020-12-14T01:48:10+00:00,ntntnlstdnt,0.16,True
